season,week,game_id,home_team,away_team,home_win_prob,away_win_prob,home_implied_prob,away_implied_prob,home_implied_prob_novig,away_implied_prob_novig,home_moneyline,away_moneyline,model_home_pick,vegas_home_pick,favorite_agreement,model_pick,vegas_pick,actual_winner,model_correct,vegas_correct,model_pick_prob,vegas_pick_prob,vegas_model_side_prob,prob_edge_model_side,model_side_moneyline,model_side_profit,vegas_side_moneyline,vegas_side_profit,pred_home_margin,market_home_margin,spread_edge_points,home_margin,spread_result_points
2018,1,2018_01_ATL_PHI,PHI,ATL,0.4969178258191939,0.503082174180806,0.5145631067961165,0.5098039215686274,0.5023229882921391,0.497677011707861,-106.0,-104.0,False,True,False,ATL,PHI,PHI,0.0,1.0,0.503082174180806,0.5023229882921391,0.497677011707861,0.005405162472945035,-104.0,-1.0,-106.0,0.9433962264150944,-0.5640303905820746,1.0,-1.5640303905820745,6.0,5.0
2018,1,2018_01_BUF_BAL,BAL,BUF,0.6335810325725773,0.36641896742742275,0.7802197802197802,0.24449877750611246,0.7613990927921551,0.238600907207845,-355.0,309.0,True,True,True,BAL,BAL,BAL,1.0,1.0,0.6335810325725773,0.7613990927921551,0.7613990927921551,-0.12781806021957787,-355.0,0.2816901408450705,-355.0,0.2816901408450705,5.289441715208966,7.5,-2.210558284791034,44.0,36.5
2018,1,2018_01_CHI_GB,GB,CHI,0.5756046470293608,0.42439535297063924,0.7304582210242587,0.29411764705882354,0.7129371711544413,0.28706282884555867,-271.0,240.0,True,True,True,GB,GB,GB,1.0,1.0,0.5756046470293608,0.7129371711544413,0.7129371711544413,-0.13733252412508057,-271.0,0.36900369003690026,-271.0,0.36900369003690026,3.576401710519197,6.5,-2.923598289480803,1.0,-5.5
2018,1,2018_01_CIN_IND,IND,CIN,0.4559199415628058,0.5440800584371942,0.5121951219512195,0.5121951219512195,0.5,0.5,-105.0,-105.0,False,True,False,CIN,IND,CIN,1.0,0.0,0.5440800584371942,0.5,0.5,0.0440800584371942,-105.0,0.9523809523809523,-105.0,-1.0,-1.91967955519614,-1.0,-0.9196795551961401,-11.0,-10.0
2018,1,2018_01_DAL_CAR,CAR,DAL,0.4779962653018486,0.5220037346981514,0.5983935742971888,0.42735042735042733,0.5833751631362314,0.4166248368637687,-149.0,134.0,False,True,False,DAL,CAR,CAR,0.0,1.0,0.5220037346981514,0.5833751631362314,0.4166248368637687,0.1053788978343827,134.0,-1.0,-149.0,0.6711409395973154,-2.8198560617410737,2.5,-5.319856061741074,8.0,5.5
2018,1,2018_01_HOU_NE,NE,HOU,0.6295842311206374,0.37041576887936256,0.7058823529411765,0.3184713375796178,0.6891002194586686,0.3108997805413313,-240.0,214.0,True,True,True,NE,NE,NE,1.0,1.0,0.6295842311206374,0.6891002194586686,0.6891002194586686,-0.05951598833803118,-240.0,0.41666666666666674,-240.0,0.41666666666666674,3.2414692847782067,6.0,-2.7585307152217933,7.0,1.0
2018,1,2018_01_JAX_NYG,NYG,JAX,0.4022223187034749,0.5977776812965251,0.44052863436123346,0.5850622406639004,0.4295364214803857,0.5704635785196144,127.0,-141.0,False,False,True,JAX,JAX,JAX,1.0,1.0,0.5977776812965251,0.5704635785196144,0.5704635785196144,0.02731410277691071,-141.0,0.7092198581560285,-141.0,0.7092198581560285,-1.395033358798311,-2.5,1.104966641201689,-5.0,-2.5
2018,1,2018_01_KC_LAC,LAC,KC,0.5866087009878529,0.4133912990121471,0.6491228070175439,0.37593984962406013,0.6332518337408314,0.36674816625916873,-185.0,166.0,True,True,True,LAC,LAC,KC,0.0,0.0,0.5866087009878529,0.6332518337408314,0.6332518337408314,-0.04664313275297849,-185.0,-1.0,-185.0,-1.0,5.5053557490237575,3.5,2.0053557490237575,-10.0,-13.5
2018,1,2018_01_LA_OAK,LV,LA,0.350685081438415,0.649314918561585,0.32051282051282054,0.7041420118343196,0.3128007699711261,0.687199230028874,212.0,-238.0,False,False,True,LA,LA,LA,1.0,1.0,0.649314918561585,0.687199230028874,0.687199230028874,-0.03788431146728899,-238.0,0.4201680672268908,-238.0,0.4201680672268908,-5.186896947669582,-6.0,0.8131030523304181,-20.0,-14.0
2018,1,2018_01_NYJ_DET,DET,NYJ,0.6738297554737278,0.3261702445262722,0.7722095671981777,0.2518891687657431,0.7540381997164995,0.24596180028350037,-339.0,297.0,True,True,True,DET,DET,NYJ,0.0,0.0,0.6738297554737278,0.7540381997164995,0.7540381997164995,-0.08020844424277174,-339.0,-1.0,-339.0,-1.0,5.153741369058884,7.0,-1.846258630941116,-31.0,-38.0
2018,1,2018_01_SEA_DEN,DEN,SEA,0.5998313313373763,0.4001686686626237,0.6363636363636364,0.38910505836575876,0.6205588133839255,0.3794411866160745,-175.0,157.0,True,True,True,DEN,DEN,DEN,1.0,1.0,0.5998313313373763,0.6205588133839255,0.6205588133839255,-0.020727482046549173,-175.0,0.5714285714285714,-175.0,0.5714285714285714,4.021151425725356,3.0,1.021151425725356,3.0,0.0
2018,1,2018_01_SF_MIN,MIN,SF,0.5954233880497013,0.4045766119502987,0.7282608695652174,0.2958579881656805,0.711109715505872,0.28889028449412796,-268.0,238.0,True,True,True,MIN,MIN,MIN,1.0,1.0,0.5954233880497013,0.711109715505872,0.711109715505872,-0.11568632745617069,-268.0,0.3731343283582089,-268.0,0.3731343283582089,5.987191760043296,6.0,-0.012808239956703993,8.0,2.0
2018,1,2018_01_TB_NO,NO,TB,0.6337963142008213,0.3662036857991787,0.8181818181818182,0.20618556701030927,0.7987191216834401,0.20128087831655989,-450.0,385.0,True,True,True,NO,NO,TB,0.0,0.0,0.6337963142008213,0.7987191216834401,0.7987191216834401,-0.16492280748261878,-450.0,-1.0,-450.0,-1.0,3.79278876194536,10.0,-6.20721123805464,-8.0,-18.0
2018,1,2018_01_TEN_MIA,MIA,TEN,0.4720121079203013,0.5279878920796988,0.49019607843137253,0.5348837209302325,0.478202846975089,0.521797153024911,104.0,-115.0,False,False,True,TEN,TEN,MIA,0.0,0.0,0.5279878920796988,0.521797153024911,0.521797153024911,0.006190739054787731,-115.0,-1.0,-115.0,-1.0,-1.8760082736873969,-1.0,-0.8760082736873969,7.0,8.0
2018,1,2018_01_WAS_ARI,ARI,WAS,0.4668475682928938,0.5331524317071061,0.5633187772925764,0.4608294930875576,0.5500363507751557,0.4499636492248442,-129.0,117.0,False,True,False,WAS,ARI,WAS,1.0,0.0,0.5331524317071061,0.5500363507751557,0.4499636492248442,0.08318878248226191,117.0,1.17,-129.0,-1.0,1.8801010784610983,2.0,-0.11989892153890169,-18.0,-20.0
2018,2,2018_02_ARI_LA,LA,ARI,0.7056077454206724,0.2943922545793276,0.8857142857142857,0.13869625520110956,0.8646087191984837,0.13539128080151638,-775.0,621.0,True,True,True,LA,LA,LA,1.0,1.0,0.7056077454206724,0.8646087191984837,0.8646087191984837,-0.1590009737778113,-775.0,0.12903225806451601,-775.0,0.12903225806451601,6.188081286702474,13.5,-7.311918713297526,34.0,20.5
2018,2,2018_02_BAL_CIN,CIN,BAL,0.4971938535681684,0.5028061464318316,0.5348837209302325,0.49019607843137253,0.521797153024911,0.478202846975089,-115.0,104.0,False,True,False,BAL,CIN,CIN,0.0,1.0,0.5028061464318316,0.521797153024911,0.478202846975089,0.02460329945674261,104.0,-1.0,-115.0,0.8695652173913042,0.766405452249945,1.0,-0.23359454775005495,11.0,10.0
2018,2,2018_02_CAR_ATL,ATL,CAR,0.657159831070387,0.342840168929613,0.7058823529411765,0.3184713375796178,0.6891002194586686,0.3108997805413313,-240.0,214.0,True,True,True,ATL,ATL,ATL,1.0,1.0,0.657159831070387,0.6891002194586686,0.6891002194586686,-0.031940388388281615,-240.0,0.41666666666666674,-240.0,0.41666666666666674,4.351920558814176,5.5,-1.148079441185824,7.0,1.5
2018,2,2018_02_CLE_NO,NO,CLE,0.7215162105031512,0.2784837894968488,0.8027613412228797,0.22172949002217296,0.7835710352305374,0.2164289647694626,-407.0,351.0,True,True,True,NO,NO,NO,1.0,1.0,0.7215162105031512,0.7835710352305374,0.7835710352305374,-0.062054824727386215,-407.0,0.24570024570024573,-407.0,0.24570024570024573,7.283551769522452,10.0,-2.716448230477548,3.0,-7.0
2018,2,2018_02_DET_SF,SF,DET,0.6241307320818275,0.37586926791817254,0.7014925373134329,0.3225806451612903,0.685002350728726,0.3149976492712741,-235.0,210.0,True,True,True,SF,SF,SF,1.0,1.0,0.6241307320818275,0.685002350728726,0.685002350728726,-0.060871618646898495,-235.0,0.42553191489361697,-235.0,0.42553191489361697,3.1949551059585097,6.0,-2.8050448940414903,3.0,-3.0
2018,2,2018_02_HOU_TEN,TEN,HOU,0.5203048626272211,0.4796951373727789,0.3861003861003861,0.6376811594202898,0.37713161346742463,0.6228683865325755,159.0,-176.0,True,False,False,TEN,HOU,TEN,1.0,0.0,0.5203048626272211,0.6228683865325755,0.37713161346742463,0.14317324915979646,159.0,1.5899999999999999,-176.0,-1.0,-1.240389067923506,-3.5,2.259610932076494,3.0,6.5
2018,2,2018_02_IND_WAS,WAS,IND,0.6430463289126858,0.35695367108731424,0.7050147492625368,0.3194888178913738,0.6881525568730624,0.3118474431269375,-239.0,213.0,True,True,True,WAS,WAS,IND,0.0,0.0,0.6430463289126858,0.6881525568730624,0.6881525568730624,-0.045106227960376666,-239.0,-1.0,-239.0,-1.0,3.344526729577596,6.0,-2.655473270422404,-12.0,-18.0
2018,2,2018_02_KC_PIT,PIT,KC,0.622096392098839,0.37790360790116095,0.6655518394648829,0.35842293906810035,0.6499689771835965,0.3500310228164034,-199.0,179.0,True,True,True,PIT,PIT,KC,0.0,0.0,0.622096392098839,0.6499689771835965,0.6499689771835965,-0.02787258508475743,-199.0,-1.0,-199.0,-1.0,2.286389039706374,4.5,-2.213610960293626,-5.0,-9.5
2018,2,2018_02_LAC_BUF,BUF,LAC,0.346829535537169,0.653170464462831,0.2770083102493075,0.7474747474747475,0.2703883760310264,0.7296116239689737,261.0,-296.0,False,False,True,LAC,LAC,LAC,1.0,1.0,0.653170464462831,0.7296116239689737,0.7296116239689737,-0.07644115950614272,-296.0,0.3378378378378377,-296.0,0.3378378378378377,-4.590005856798856,-7.5,2.9099941432011436,-11.0,-3.5
2018,2,2018_02_MIA_NYJ,NYJ,MIA,0.5390223292109598,0.4609776707890402,0.6296296296296297,0.3952569169960474,0.6143408084559349,0.3856591915440651,-170.0,153.0,True,True,True,NYJ,NYJ,MIA,0.0,0.0,0.5390223292109598,0.6143408084559349,0.6143408084559349,-0.07531847924497503,-170.0,-1.0,-170.0,-1.0,-0.8677277879309304,3.0,-3.8677277879309306,-8.0,-11.0
2018,2,2018_02_NE_JAX,JAX,NE,0.5154139972694903,0.48458600273050967,0.45454545454545453,0.5708154506437768,0.4433028919330289,0.556697108066971,120.0,-133.0,True,False,False,JAX,NE,JAX,1.0,0.0,0.5154139972694903,0.556697108066971,0.4433028919330289,0.07211110533646142,120.0,1.2000000000000002,-133.0,-1.0,-0.9337238541617188,-2.0,1.0662761458382812,11.0,13.0
2018,2,2018_02_NYG_DAL,DAL,NYG,0.626062584356282,0.37393741564371796,0.6031746031746031,0.42016806722689076,0.5894160583941606,0.41058394160583944,-152.0,138.0,True,True,True,DAL,DAL,DAL,1.0,1.0,0.626062584356282,0.5894160583941606,0.5894160583941606,0.03664652596212148,-152.0,0.6578947368421053,-152.0,0.6578947368421053,2.377621459573424,3.0,-0.6223785404265758,7.0,4.0
2018,2,2018_02_OAK_DEN,DEN,LV,0.7127885794083743,0.28721142059162574,0.6978851963746223,0.3257328990228013,0.6817827855062153,0.31821721449378465,-231.0,207.0,True,True,True,DEN,DEN,DEN,1.0,1.0,0.7127885794083743,0.6817827855062153,0.6817827855062153,0.031005793902158962,-231.0,0.4329004329004329,-231.0,0.4329004329004329,3.78963904424322,5.5,-1.71036095575678,1.0,-4.5
2018,2,2018_02_PHI_TB,TB,PHI,0.423629811908441,0.576370188091559,0.4366812227074236,0.5867768595041323,0.42667230861454913,0.5733276913854508,129.0,-142.0,False,False,True,PHI,PHI,TB,0.0,0.0,0.576370188091559,0.5733276913854508,0.5733276913854508,0.003042496706108233,-142.0,-1.0,-142.0,-1.0,-0.0619757889287764,-3.0,2.9380242110712236,6.0,9.0
2018,2,2018_02_SEA_CHI,CHI,SEA,0.6047360724298589,0.39526392757014106,0.6978851963746223,0.32679738562091504,0.6810745187212147,0.3189254812787852,-231.0,206.0,True,True,True,CHI,CHI,CHI,1.0,1.0,0.6047360724298589,0.6810745187212147,0.6810745187212147,-0.07633844629135578,-231.0,0.4329004329004329,-231.0,0.4329004329004329,2.5863318429673883,5.0,-2.4136681570326117,7.0,2.0
2018,3,2018_03_BUF_MIN,MIN,BUF,0.7301228736000409,0.2698771263999591,0.9230769230769231,0.11074197120708748,0.8928806855636124,0.1071193144363876,-1200.0,803.0,True,True,True,MIN,MIN,BUF,0.0,0.0,0.7301228736000409,0.8928806855636124,0.8928806855636124,-0.16275781196357153,-1200.0,-1.0,-1200.0,-1.0,8.378669698410079,16.5,-8.121330301589921,-21.0,-37.5
2018,3,2018_03_CHI_ARI,ARI,CHI,0.3995785464551544,0.6004214535448456,0.30864197530864196,0.7159090909090909,0.3012460632616733,0.6987539367383268,224.0,-252.0,False,False,True,CHI,CHI,CHI,1.0,1.0,0.6004214535448456,0.6987539367383268,0.6987539367383268,-0.0983324831934812,-252.0,0.39682539682539675,-252.0,0.39682539682539675,-3.792883909930578,-6.0,2.207116090069422,-2.0,4.0
2018,3,2018_03_CIN_CAR,CAR,CIN,0.5793869505553353,0.4206130494446647,0.5867768595041323,0.43859649122807015,0.5722567873303167,0.4277432126696832,-142.0,128.0,True,True,True,CAR,CAR,CAR,1.0,1.0,0.5793869505553353,0.5722567873303167,0.5722567873303167,0.007130163225018582,-142.0,0.704225352112676,-142.0,0.704225352112676,-0.3737094905464088,2.5,-2.8737094905464087,10.0,7.5
2018,3,2018_03_DAL_SEA,SEA,DAL,0.4189117187276191,0.5810882812723809,0.5391705069124424,0.4854368932038835,0.5262215623771888,0.47377843762281124,-117.0,106.0,False,True,False,DAL,SEA,SEA,0.0,1.0,0.5810882812723809,0.5262215623771888,0.47377843762281124,0.10730984364956964,106.0,-1.0,-117.0,0.8547008547008548,-0.8353696860586307,1.0,-1.8353696860586308,11.0,10.0
2018,3,2018_03_DEN_BAL,BAL,DEN,0.6484661225073239,0.35153387749267606,0.6923076923076923,0.33222591362126247,0.6757296083811425,0.3242703916188576,-225.0,201.0,True,True,True,BAL,BAL,BAL,1.0,1.0,0.6484661225073239,0.6757296083811425,0.6757296083811425,-0.02726348587381855,-225.0,0.4444444444444444,-225.0,0.4444444444444444,6.415695163958667,5.5,0.9156951639586666,13.0,7.5
2018,3,2018_03_GB_WAS,WAS,GB,0.5069353761122712,0.49306462388772876,0.45045045045045046,0.574468085106383,0.43949878436506445,0.5605012156349355,122.0,-135.0,True,False,False,WAS,GB,WAS,1.0,0.0,0.5069353761122712,0.5605012156349355,0.43949878436506445,0.06743659174720679,122.0,1.2199999999999998,-135.0,-1.0,-2.1692562081890707,-2.5,0.3307437918109293,14.0,16.5
2018,3,2018_03_IND_PHI,PHI,IND,0.736429084287946,0.26357091571205404,0.732620320855615,0.2915451895043732,0.7153339117991809,0.28466608820081896,-274.0,243.0,True,True,True,PHI,PHI,PHI,1.0,1.0,0.736429084287946,0.7153339117991809,0.7153339117991809,0.021095172488765024,-274.0,0.36496350364963503,-274.0,0.36496350364963503,4.22641998758429,6.5,-2.27358001241571,4.0,-2.5
2018,3,2018_03_LAC_LA,LA,LAC,0.6501553902619496,0.3498446097380504,0.7422680412371134,0.2824858757062147,0.7243378424462885,0.2756621575537115,-288.0,254.0,True,True,True,LA,LA,LA,1.0,1.0,0.6501553902619496,0.7243378424462885,0.7243378424462885,-0.07418245218433894,-288.0,0.3472222222222223,-288.0,0.3472222222222223,5.853637546629272,7.5,-1.6463624533707284,12.0,4.5
2018,3,2018_03_NE_DET,DET,NE,0.3448337636306817,0.6551662363693183,0.27100271002710025,0.7536945812807881,0.2644709928736141,0.7355290071263858,269.0,-306.0,False,False,True,NE,NE,DET,0.0,0.0,0.6551662363693183,0.7355290071263858,0.7355290071263858,-0.08036277075706755,-306.0,-1.0,-306.0,-1.0,-5.92991601639718,-7.0,1.07008398360282,16.0,23.0
2018,3,2018_03_NO_ATL,ATL,NO,0.4730255691335567,0.5269744308664432,0.5555555555555556,0.4694835680751174,0.5419847328244275,0.45801526717557256,-125.0,113.0,False,True,False,NO,ATL,NO,1.0,0.0,0.5269744308664432,0.5419847328244275,0.45801526717557256,0.06895916369087068,113.0,1.13,-125.0,-1.0,0.99842541590372,1.5,-0.50157458409628,-6.0,-7.5
2018,3,2018_03_NYG_HOU,HOU,NYG,0.6939836841543602,0.3060163158456398,0.7214484679665738,0.30303030303030304,0.7042102661283678,0.2957897338716322,-259.0,230.0,True,True,True,HOU,HOU,NYG,0.0,0.0,0.6939836841543602,0.7042102661283678,0.7042102661283678,-0.01022658197400761,-259.0,-1.0,-259.0,-1.0,3.877345870919783,6.5,-2.622654129080217,-5.0,-11.5
2018,3,2018_03_NYJ_CLE,CLE,NYJ,0.5389673216982787,0.46103267830172134,0.6296296296296297,0.3952569169960474,0.6143408084559349,0.3856591915440651,-170.0,153.0,True,True,True,CLE,CLE,CLE,1.0,1.0,0.5389673216982787,0.6143408084559349,0.6143408084559349,-0.0753734867576562,-170.0,0.5882352941176472,-170.0,0.5882352941176472,0.3998526450889164,3.0,-2.6001473549110834,4.0,1.0
2018,3,2018_03_OAK_MIA,MIA,LV,0.6003398909620428,0.39966010903795723,0.5798319327731093,0.4444444444444444,0.5660893345487694,0.43391066545123064,-138.0,125.0,True,True,True,MIA,MIA,MIA,1.0,1.0,0.6003398909620428,0.5660893345487694,0.5660893345487694,0.03425055641327335,-138.0,0.7246376811594204,-138.0,0.7246376811594204,1.4726353162912067,3.0,-1.5273646837087933,8.0,5.0
2018,3,2018_03_PIT_TB,TB,PIT,0.4543754488678401,0.5456245511321599,0.5391705069124424,0.4854368932038835,0.5262215623771888,0.47377843762281124,-117.0,106.0,False,True,False,PIT,TB,PIT,1.0,0.0,0.5456245511321599,0.5262215623771888,0.47377843762281124,0.07184611350934866,106.0,1.06,-117.0,-1.0,-1.0695722418668734,1.0,-2.069572241866873,-3.0,-4.0
2018,3,2018_03_SF_KC,KC,SF,0.654081142215224,0.34591885778477605,0.7142857142857143,0.3105590062111801,0.6969696969696969,0.303030303030303,-250.0,222.0,True,True,True,KC,KC,KC,1.0,1.0,0.654081142215224,0.6969696969696969,0.6969696969696969,-0.04288855475447295,-250.0,0.3999999999999999,-250.0,0.3999999999999999,3.4336412964055687,6.0,-2.5663587035944313,11.0,5.0
2018,3,2018_03_TEN_JAX,JAX,TEN,0.6890794268207936,0.3109205731792064,0.8058252427184466,0.2188183807439825,0.7864444029773383,0.2135555970226618,-415.0,357.0,True,True,True,JAX,JAX,TEN,0.0,0.0,0.6890794268207936,0.7864444029773383,0.7864444029773383,-0.09736497615654471,-415.0,-1.0,-415.0,-1.0,3.770028306885053,10.0,-6.229971693114948,-3.0,-13.0
2018,4,2018_04_BAL_PIT,PIT,BAL,0.6373968382661737,0.36260316173382634,0.6296296296296297,0.3952569169960474,0.6143408084559349,0.3856591915440651,-170.0,153.0,True,True,True,PIT,PIT,BAL,0.0,0.0,0.6373968382661737,0.6143408084559349,0.6143408084559349,0.0230560298102388,-170.0,-1.0,-170.0,-1.0,3.792705518831156,3.0,0.792705518831156,-12.0,-15.0
2018,4,2018_04_BUF_GB,GB,BUF,0.7080189044801797,0.2919810955198203,0.7849462365591398,0.23980815347721823,0.7659847512644372,0.23401524873556276,-365.0,317.0,True,True,True,GB,GB,GB,1.0,1.0,0.7080189044801797,0.7659847512644372,0.7659847512644372,-0.057965846784257535,-365.0,0.273972602739726,-365.0,0.273972602739726,6.514725344403871,8.5,-1.985274655596129,22.0,13.5
2018,4,2018_04_CIN_ATL,ATL,CIN,0.624115523228524,0.37588447677147596,0.6415770609318996,0.3831417624521073,0.6261005910022917,0.3738994089977084,-179.0,161.0,True,True,True,ATL,ATL,CIN,0.0,0.0,0.624115523228524,0.6261005910022917,0.6261005910022917,-0.0019850677737676126,-179.0,-1.0,-179.0,-1.0,1.693079004437847,3.5,-1.806920995562153,-1.0,-4.5
2018,4,2018_04_CLE_OAK,LV,CLE,0.5799714886715985,0.42002851132840147,0.574468085106383,0.45045045045045046,0.5605012156349355,0.43949878436506445,-135.0,122.0,True,True,True,LV,LV,LV,1.0,1.0,0.5799714886715985,0.5605012156349355,0.5605012156349355,0.019470273036663044,-135.0,0.7407407407407407,-135.0,0.7407407407407407,1.7279024084089811,2.5,-0.7720975915910189,3.0,0.5
2018,4,2018_04_DET_DAL,DAL,DET,0.5956993449457426,0.4043006550542574,0.5833333333333334,0.44052863436123346,0.5697382574399427,0.43026174256005734,-140.0,127.0,True,True,True,DAL,DAL,DAL,1.0,1.0,0.5956993449457426,0.5697382574399427,0.5697382574399427,0.02596108750579995,-140.0,0.7142857142857144,-140.0,0.7142857142857144,1.067616462321157,2.5,-1.432383537678843,2.0,-0.5
2018,4,2018_04_HOU_IND,IND,HOU,0.4824927814951796,0.5175072185048204,0.49019607843137253,0.5348837209302325,0.478202846975089,0.521797153024911,104.0,-115.0,False,False,True,HOU,HOU,HOU,1.0,1.0,0.5175072185048204,0.521797153024911,0.521797153024911,-0.0042899345200906325,-115.0,0.8695652173913042,-115.0,0.8695652173913042,-1.434974488476231,-1.0,-0.434974488476231,-3.0,-2.0
2018,4,2018_04_KC_DEN,DEN,KC,0.4052311147664904,0.5947688852335096,0.3861003861003861,0.6376811594202898,0.37713161346742463,0.6228683865325755,159.0,-176.0,False,False,True,KC,KC,KC,1.0,1.0,0.5947688852335096,0.6228683865325755,0.6228683865325755,-0.02809950129906591,-176.0,0.5681818181818183,-176.0,0.5681818181818183,0.2097336779479551,-3.5,3.709733677947955,-4.0,-0.5
2018,4,2018_04_MIA_NE,NE,MIA,0.6141930563577628,0.3858069436422372,0.7361477572559367,0.2881844380403458,0.7186611537119655,0.28133884628803457,-279.0,247.0,True,True,True,NE,NE,NE,1.0,1.0,0.6141930563577628,0.7186611537119655,0.7186611537119655,-0.1044680973542027,-279.0,0.3584229390681004,-279.0,0.3584229390681004,0.9371649809916898,6.5,-5.56283501900831,31.0,24.5
2018,4,2018_04_MIN_LA,LA,MIN,0.7211697535818183,0.27883024641818166,0.7624703087885986,0.2617801047120419,0.7444178676800912,0.2555821323199087,-321.0,282.0,True,True,True,LA,LA,LA,1.0,1.0,0.7211697535818183,0.7444178676800912,0.7444178676800912,-0.023248114098272876,-321.0,0.31152647975077885,-321.0,0.31152647975077885,7.4390573121986545,7.5,-0.060942687801345485,7.0,-0.5
2018,4,2018_04_NO_NYG,NYG,NO,0.3690830129223436,0.6309169870776564,0.3952569169960474,0.6296296296296297,0.3856591915440651,0.6143408084559349,153.0,-170.0,False,False,True,NO,NO,NO,1.0,1.0,0.6309169870776564,0.6143408084559349,0.6143408084559349,0.01657617862172156,-170.0,0.5882352941176472,-170.0,0.5882352941176472,-5.644631485268738,-3.5,-2.1446314852687376,-15.0,-11.5
2018,4,2018_04_NYJ_JAX,JAX,NYJ,0.7133320119492628,0.28666798805073723,0.7701149425287356,0.2544529262086514,0.7516485398646913,0.24835146013530876,-335.0,293.0,True,True,True,JAX,JAX,JAX,1.0,1.0,0.7133320119492628,0.7516485398646913,0.7516485398646913,-0.0383165279154285,-335.0,0.29850746268656714,-335.0,0.29850746268656714,5.137579062055825,7.5,-2.362420937944175,19.0,11.5
2018,4,2018_04_PHI_TEN,TEN,PHI,0.4036939543439241,0.5963060456560759,0.43103448275862066,0.5934959349593496,0.4207141879874127,0.5792858120125872,132.0,-146.0,False,False,True,PHI,PHI,TEN,0.0,0.0,0.5963060456560759,0.5792858120125872,0.5792858120125872,0.017020233643488702,-146.0,-1.0,-146.0,-1.0,-2.971450705060472,-3.0,0.028549294939527847,3.0,6.0
2018,4,2018_04_SEA_ARI,ARI,SEA,0.391170724549123,0.6088292754508771,0.3663003663003663,0.6575342465753424,0.35777298568908056,0.6422270143109194,173.0,-192.0,False,False,True,SEA,SEA,SEA,1.0,1.0,0.6088292754508771,0.6422270143109194,0.6422270143109194,-0.03339773886004238,-192.0,0.5208333333333335,-192.0,0.5208333333333335,1.2080226168443675,-3.5,4.708022616844367,-3.0,0.5
2018,4,2018_04_SF_LAC,LAC,SF,0.676828620403275,0.32317137959672504,0.8106060606060606,0.21367521367521367,0.7913901005120425,0.20860989948795755,-428.0,368.0,True,True,True,LAC,LAC,LAC,1.0,1.0,0.676828620403275,0.7913901005120425,0.7913901005120425,-0.11456148010876754,-428.0,0.23364485981308403,-428.0,0.23364485981308403,2.9667858716289937,10.0,-7.033214128371006,2.0,-8.0
2018,4,2018_04_TB_CHI,CHI,TB,0.5531446006713542,0.4468553993286458,0.5833333333333334,0.4424778761061947,0.5686556434219986,0.43134435657800146,-140.0,126.0,True,True,True,CHI,CHI,CHI,1.0,1.0,0.5531446006713542,0.5686556434219986,0.5686556434219986,-0.01551104275064441,-140.0,0.7142857142857144,-140.0,0.7142857142857144,0.9985849321718224,3.0,-2.0014150678281775,38.0,35.0
2018,5,2018_05_ARI_SF,SF,ARI,0.6192382257975708,0.3807617742024292,0.6168582375478927,0.4065040650406504,0.6027760021915806,0.39722399780841927,-161.0,146.0,True,True,True,SF,SF,ARI,0.0,0.0,0.6192382257975708,0.6027760021915806,0.6027760021915806,0.016462223605990256,-161.0,-1.0,-161.0,-1.0,5.016179346044061,3.0,2.016179346044061,-10.0,-13.0
2018,5,2018_05_ATL_PIT,PIT,ATL,0.5899107288251382,0.4100892711748618,0.6428571428571429,0.3816793893129771,0.6274614156466205,0.37253858435337944,-180.0,162.0,True,True,True,PIT,PIT,PIT,1.0,1.0,0.5899107288251382,0.6274614156466205,0.6274614156466205,-0.037550686821482326,-180.0,0.5555555555555556,-180.0,0.5555555555555556,3.712839774959914,3.5,0.2128397749599138,24.0,20.5
2018,5,2018_05_BAL_CLE,CLE,BAL,0.3966981183977246,0.6033018816022754,0.3937007874015748,0.6309963099630996,0.38421186945302976,0.6157881305469702,154.0,-171.0,False,False,True,BAL,BAL,CLE,0.0,0.0,0.6033018816022754,0.6157881305469702,0.6157881305469702,-0.012486248944694855,-171.0,-1.0,-171.0,-1.0,1.0432005737072114,-3.0,4.043200573707211,3.0,6.0
2018,5,2018_05_DAL_HOU,HOU,DAL,0.636805341366053,0.36319465863394695,0.6336996336996337,0.390625,0.6186511705872493,0.3813488294127508,-173.0,156.0,True,True,True,HOU,HOU,HOU,1.0,1.0,0.636805341366053,0.6186511705872493,0.6186511705872493,0.01815417077880377,-173.0,0.5780346820809248,-173.0,0.5780346820809248,5.802016092364754,3.5,2.302016092364754,3.0,-0.5
2018,5,2018_05_DEN_NYJ,NYJ,DEN,0.4664989841323599,0.5335010158676401,0.5098039215686274,0.5145631067961165,0.497677011707861,0.5023229882921391,-104.0,-106.0,False,False,True,DEN,DEN,NYJ,0.0,0.0,0.5335010158676401,0.5023229882921391,0.5023229882921391,0.031178027575501033,-106.0,-1.0,-106.0,-1.0,1.1292109017221992,-1.0,2.129210901722199,18.0,19.0
2018,5,2018_05_GB_DET,DET,GB,0.4976910330036314,0.5023089669963686,0.5555555555555556,0.4672897196261682,0.5431472081218274,0.45685279187817257,-125.0,114.0,False,True,False,GB,DET,DET,0.0,1.0,0.5023089669963686,0.5431472081218274,0.45685279187817257,0.04545617511819605,114.0,-1.0,-125.0,0.8,0.1346877436168675,1.0,-0.8653122563831325,8.0,7.0
2018,5,2018_05_IND_NE,NE,IND,0.6434063447942904,0.3565936552057096,0.8430141287284144,0.18115942028985507,0.8231164821006097,0.17688351789939022,-537.0,452.0,True,True,True,NE,NE,NE,1.0,1.0,0.6434063447942904,0.8231164821006097,0.8231164821006097,-0.17971013730631935,-537.0,0.18621973929236502,-537.0,0.18621973929236502,5.971890746108375,10.5,-4.528109253891625,14.0,3.5
2018,5,2018_05_JAX_KC,KC,JAX,0.6121532796935865,0.38784672030641354,0.5901639344262295,0.4329004329004329,0.5768590455049944,0.42314095449500555,-144.0,131.0,True,True,True,KC,KC,KC,1.0,1.0,0.6121532796935865,0.5768590455049944,0.5768590455049944,0.03529423418859201,-144.0,0.6944444444444444,-144.0,0.6944444444444444,3.942451587148652,3.0,0.9424515871486521,16.0,13.0
2018,5,2018_05_LA_SEA,SEA,LA,0.4545901383990858,0.5454098616009142,0.26525198938992045,0.7590361445783133,0.25896227886805406,0.741037721131946,277.0,-315.0,False,False,True,LA,LA,LA,1.0,1.0,0.5454098616009142,0.741037721131946,0.741037721131946,-0.1956278595310318,-315.0,0.31746031746031744,-315.0,0.31746031746031744,-3.492270109792372,-7.5,4.007729890207628,-2.0,5.5
2018,5,2018_05_MIA_CIN,CIN,MIA,0.6815032946587759,0.3184967053412241,0.7183098591549296,0.3058103975535168,0.7013921016108003,0.2986078983891996,-255.0,227.0,True,True,True,CIN,CIN,CIN,1.0,1.0,0.6815032946587759,0.7013921016108003,0.7013921016108003,-0.01988880695202444,-255.0,0.392156862745098,-255.0,0.392156862745098,4.259084796987677,6.0,-1.7409152030123227,10.0,4.0
2018,5,2018_05_MIN_PHI,PHI,MIN,0.691914080769412,0.30808591923058803,0.6428571428571429,0.3816793893129771,0.6274614156466205,0.37253858435337944,-180.0,162.0,True,True,True,PHI,PHI,MIN,0.0,0.0,0.691914080769412,0.6274614156466205,0.6274614156466205,0.06445266512279146,-180.0,-1.0,-180.0,-1.0,4.803542659760499,3.5,1.3035426597604989,-2.0,-5.5
2018,5,2018_05_NYG_CAR,CAR,NYG,0.692181751880722,0.30781824811927805,0.7252747252747253,0.2994011976047904,0.7078088877472386,0.29219111225276134,-264.0,234.0,True,True,True,CAR,CAR,CAR,1.0,1.0,0.692181751880722,0.7078088877472386,0.7078088877472386,-0.01562713586651665,-264.0,0.3787878787878789,-264.0,0.3787878787878789,4.377475025427405,7.0,-2.6225249745725954,2.0,-5.0
2018,5,2018_05_OAK_LAC,LAC,LV,0.6295814246405331,0.3704185753594669,0.696969696969697,0.32786885245901637,0.6800775569558896,0.3199224430441105,-230.0,205.0,True,True,True,LAC,LAC,LAC,1.0,1.0,0.6295814246405331,0.6800775569558896,0.6800775569558896,-0.050496132315356435,-230.0,0.4347826086956521,-230.0,0.4347826086956521,3.4961442563166782,5.5,-2.0038557436833218,16.0,10.5
2018,5,2018_05_TEN_BUF,BUF,TEN,0.3612887302316078,0.6387112697683922,0.2958579881656805,0.7289972899728997,0.2886826993788237,0.7113173006211763,238.0,-269.0,False,False,True,TEN,TEN,BUF,0.0,0.0,0.6387112697683922,0.7113173006211763,0.7113173006211763,-0.07260603085278405,-269.0,-1.0,-269.0,-1.0,-2.000971545037394,-6.0,3.999028454962606,1.0,7.0
2018,5,2018_05_WAS_NO,NO,WAS,0.6828274216838452,0.31717257831615475,0.7142857142857143,0.3105590062111801,0.6969696969696969,0.303030303030303,-250.0,222.0,True,True,True,NO,NO,NO,1.0,1.0,0.6828274216838452,0.6969696969696969,0.6969696969696969,-0.014142275285851658,-250.0,0.3999999999999999,-250.0,0.3999999999999999,4.389236887770216,5.5,-1.110763112229784,24.0,18.5
2018,6,2018_06_ARI_MIN,MIN,ARI,0.7001061863732899,0.2998938136267101,0.801980198019802,0.2222222222222222,0.783029001074114,0.21697099892588614,-405.0,350.0,True,True,True,MIN,MIN,MIN,1.0,1.0,0.7001061863732899,0.783029001074114,0.783029001074114,-0.08292281470082408,-405.0,0.24691358024691357,-405.0,0.24691358024691357,4.732992575096209,10.0,-5.267007424903791,10.0,0.0
2018,6,2018_06_BAL_TEN,TEN,BAL,0.405504709167628,0.594495290832372,0.44642857142857145,0.5780590717299579,0.4357578877693609,0.5642421122306391,124.0,-137.0,False,False,True,BAL,BAL,BAL,1.0,1.0,0.594495290832372,0.5642421122306391,0.5642421122306391,0.030253178601732822,-137.0,0.7299270072992701,-137.0,0.7299270072992701,-2.553701893247409,-2.5,-0.05370189324740915,-21.0,-18.5
2018,6,2018_06_BUF_HOU,HOU,BUF,0.7137199862012977,0.28628001379870227,0.8144712430426716,0.21008403361344538,0.7949510012782275,0.20504899872177249,-439.0,376.0,True,True,True,HOU,HOU,HOU,1.0,1.0,0.7137199862012977,0.7949510012782275,0.7949510012782275,-0.08123101507692976,-439.0,0.22779043280182232,-439.0,0.22779043280182232,5.3339771404427205,10.5,-5.1660228595572795,7.0,-3.5
2018,6,2018_06_CAR_WAS,WAS,CAR,0.5018473444920766,0.4981526555079234,0.49019607843137253,0.5348837209302325,0.478202846975089,0.521797153024911,104.0,-115.0,True,False,False,WAS,CAR,WAS,1.0,0.0,0.5018473444920766,0.521797153024911,0.478202846975089,0.02364449751698755,104.0,1.04,-115.0,-1.0,0.9160830903717302,-1.0,1.91608309037173,6.0,7.0
2018,6,2018_06_CHI_MIA,MIA,CHI,0.3727846172214512,0.6272153827785488,0.2824858757062147,0.7416020671834626,0.2758414232562118,0.7241585767437883,254.0,-287.0,False,False,True,CHI,CHI,MIA,0.0,0.0,0.6272153827785488,0.7241585767437883,0.7241585767437883,-0.09694319396523943,-287.0,-1.0,-287.0,-1.0,-6.239074730294264,-7.5,1.2609252697057363,3.0,10.5
2018,6,2018_06_IND_NYJ,NYJ,IND,0.6578943824096695,0.34210561759033054,0.5918367346938775,0.4329004329004329,0.5775497887748944,0.4224502112251056,-145.0,131.0,True,True,True,NYJ,NYJ,NYJ,1.0,1.0,0.6578943824096695,0.5775497887748944,0.5775497887748944,0.08034459363477509,-145.0,0.6896551724137931,-145.0,0.6896551724137931,2.874933727353244,2.5,0.3749337273532438,8.0,5.5
2018,6,2018_06_JAX_DAL,DAL,JAX,0.4101638343854731,0.5898361656145269,0.390625,0.6336996336996337,0.3813488294127508,0.6186511705872493,156.0,-173.0,False,False,True,JAX,JAX,DAL,0.0,0.0,0.5898361656145269,0.6186511705872493,0.6186511705872493,-0.02881500497272238,-173.0,-1.0,-173.0,-1.0,-2.830614329769563,-3.0,0.16938567023043705,33.0,36.0
2018,6,2018_06_KC_NE,NE,KC,0.620823774872188,0.379176225127812,0.6551724137931034,0.36900369003690037,0.6397067958752639,0.360293204124736,-190.0,171.0,True,True,True,NE,NE,NE,1.0,1.0,0.620823774872188,0.6397067958752639,0.6397067958752639,-0.018883021003075928,-190.0,0.5263157894736841,-190.0,0.5263157894736841,3.303768398030191,4.0,-0.6962316019698092,3.0,-1.0
2018,6,2018_06_LAC_CLE,CLE,LAC,0.4959167304012107,0.5040832695987894,0.5121951219512195,0.5121951219512195,0.5,0.5,-105.0,-105.0,False,True,False,LAC,CLE,LAC,1.0,0.0,0.5040832695987894,0.5,0.5,0.004083269598789352,-105.0,0.9523809523809523,-105.0,-1.0,2.9838791082021623,1.0,1.9838791082021623,-24.0,-25.0
2018,6,2018_06_LA_DEN,DEN,LA,0.3583654707329847,0.6416345292670154,0.27472527472527475,0.75,0.2680965147453084,0.7319034852546917,264.0,-300.0,False,False,True,LA,LA,LA,1.0,1.0,0.6416345292670154,0.7319034852546917,0.7319034852546917,-0.09026895598767637,-300.0,0.33333333333333326,-300.0,0.33333333333333326,-5.767389644020507,-7.0,1.2326103559794932,-3.0,4.0
2018,6,2018_06_PHI_NYG,NYG,PHI,0.4818827819341992,0.5181172180658008,0.4672897196261682,0.5575221238938053,0.4559761116939714,0.5440238883060285,114.0,-126.0,False,False,True,PHI,PHI,PHI,1.0,1.0,0.5181172180658008,0.5440238883060285,0.5440238883060285,-0.025906670240227747,-126.0,0.7936507936507935,-126.0,0.7936507936507935,-1.845263149499128,-1.5,-0.34526314949912806,-21.0,-19.5
2018,6,2018_06_PIT_CIN,CIN,PIT,0.4119794801654951,0.5880205198345049,0.5305164319248826,0.49261083743842365,0.5185243789416578,0.48147562105834224,-113.0,103.0,False,True,False,PIT,CIN,PIT,1.0,0.0,0.5880205198345049,0.5185243789416578,0.48147562105834224,0.10654489877616263,103.0,1.0300000000000002,-113.0,-1.0,-1.2521931856391586,1.0,-2.2521931856391584,-7.0,-8.0
2018,6,2018_06_SEA_OAK,LV,SEA,0.4587213125819722,0.5412786874180278,0.4219409282700422,0.6031746031746031,0.4116032928263426,0.5883967071736573,137.0,-152.0,False,False,True,SEA,SEA,SEA,1.0,1.0,0.5412786874180278,0.5883967071736573,0.5883967071736573,-0.04711801975562957,-152.0,0.6578947368421053,-152.0,0.6578947368421053,0.3566461697905145,-3.0,3.3566461697905146,-24.0,-21.0
2018,6,2018_06_SF_GB,GB,SF,0.6961842647005468,0.30381573529945316,0.8076923076923077,0.21691973969631237,0.7882908557935022,0.21170914420649786,-420.0,361.0,True,True,True,GB,GB,GB,1.0,1.0,0.6961842647005468,0.7882908557935022,0.7882908557935022,-0.09210659109295538,-420.0,0.23809523809523814,-420.0,0.23809523809523814,3.0764039203657294,9.0,-5.923596079634271,3.0,-6.0
2018,6,2018_06_TB_ATL,ATL,TB,0.6314724123283224,0.3685275876716776,0.6138996138996139,0.4098360655737705,0.5996661308272535,0.4003338691727463,-159.0,144.0,True,True,True,ATL,ATL,ATL,1.0,1.0,0.6314724123283224,0.5996661308272535,0.5996661308272535,0.0318062815010689,-159.0,0.6289308176100628,-159.0,0.6289308176100628,2.844474190615689,3.0,-0.15552580938431104,5.0,2.0
2018,7,2018_07_BUF_IND,IND,BUF,0.7301364682288973,0.26986353177110267,0.7455470737913485,0.27932960893854747,0.7274505180520687,0.27254948194793127,-293.0,258.0,True,True,True,IND,IND,IND,1.0,1.0,0.7301364682288973,0.7274505180520687,0.7274505180520687,0.0026859501768286,-293.0,0.341296928327645,-293.0,0.341296928327645,6.387816596901421,7.0,-0.6121834030985793,32.0,25.0
2018,7,2018_07_CAR_PHI,PHI,CAR,0.6599332277455503,0.3400667722544497,0.6932515337423313,0.33112582781456956,0.6767540554475866,0.3232459445524135,-226.0,202.0,True,True,True,PHI,PHI,CAR,0.0,0.0,0.6599332277455503,0.6767540554475866,0.6767540554475866,-0.0168208277020363,-226.0,-1.0,-226.0,-1.0,2.0648420142504285,5.0,-2.9351579857495715,-4.0,-9.0
2018,7,2018_07_CIN_KC,KC,CIN,0.6638850901121474,0.33611490988785264,0.7304582210242587,0.29411764705882354,0.7129371711544413,0.28706282884555867,-271.0,240.0,True,True,True,KC,KC,KC,1.0,1.0,0.6638850901121474,0.7129371711544413,0.7129371711544413,-0.04905208104229397,-271.0,0.36900369003690026,-271.0,0.36900369003690026,3.9323827566987006,6.5,-2.5676172433012994,35.0,28.5
2018,7,2018_07_CLE_TB,TB,CLE,0.6845634924965133,0.31543650750348673,0.6441281138790036,0.38022813688212925,0.6288125965945868,0.37118740340541323,-181.0,163.0,True,True,True,TB,TB,TB,1.0,1.0,0.6845634924965133,0.6288125965945868,0.6288125965945868,0.0557508959019265,-181.0,0.5524861878453038,-181.0,0.5524861878453038,4.73166362115219,3.5,1.2316636211521903,3.0,-0.5
2018,7,2018_07_DAL_WAS,WAS,DAL,0.4630475522381465,0.5369524477618535,0.4672897196261682,0.5575221238938053,0.4559761116939714,0.5440238883060285,114.0,-126.0,False,False,True,DAL,DAL,WAS,0.0,0.0,0.5369524477618535,0.5440238883060285,0.5440238883060285,-0.007071440544175078,-126.0,-1.0,-126.0,-1.0,-1.1473923196691642,-1.5,0.3526076803308358,3.0,4.5
2018,7,2018_07_DEN_ARI,ARI,DEN,0.3941744030084259,0.6058255969915741,0.5024875621890548,0.5238095238095238,0.489612188365651,0.5103878116343491,-101.0,-110.0,False,False,True,DEN,DEN,DEN,1.0,1.0,0.6058255969915741,0.5103878116343491,0.5103878116343491,0.09543778535722502,-110.0,0.9090909090909092,-110.0,0.9090909090909092,-0.1479310871228457,-1.0,0.8520689128771544,-35.0,-34.0
2018,7,2018_07_DET_MIA,MIA,DET,0.3337555261627937,0.6662444738372063,0.3861003861003861,0.6389891696750902,0.37665039500700276,0.6233496049929973,159.0,-177.0,False,False,True,DET,DET,DET,1.0,1.0,0.6662444738372063,0.6233496049929973,0.6233496049929973,0.04289486884420901,-177.0,0.5649717514124295,-177.0,0.5649717514124295,-2.4227327008673467,-3.0,0.5772672991326533,-11.0,-8.0
2018,7,2018_07_HOU_JAX,JAX,HOU,0.5949516876011669,0.4050483123988331,0.6774193548387096,0.3472222222222222,0.6611281154350678,0.3388718845649322,-210.0,188.0,True,True,True,JAX,JAX,HOU,0.0,0.0,0.5949516876011669,0.6611281154350678,0.6611281154350678,-0.06617642783390087,-210.0,-1.0,-210.0,-1.0,0.5067744958321364,4.0,-3.4932255041678637,-13.0,-17.0
2018,7,2018_07_LA_SF,SF,LA,0.371579317384577,0.628420682615423,0.228310502283105,0.7959183673469388,0.22290965335274313,0.7770903466472567,338.0,-390.0,False,False,True,LA,LA,LA,1.0,1.0,0.628420682615423,0.7770903466472567,0.7770903466472567,-0.14866966403183368,-390.0,0.2564102564102564,-390.0,0.2564102564102564,-4.129592437813208,-8.0,3.8704075621867924,-29.0,-21.0
2018,7,2018_07_MIN_NYJ,NYJ,MIN,0.4620332572656616,0.5379667427343384,0.38910505836575876,0.6363636363636364,0.3794411866160745,0.6205588133839255,157.0,-175.0,False,False,True,MIN,MIN,MIN,1.0,1.0,0.5379667427343384,0.6205588133839255,0.6205588133839255,-0.08259207064958707,-175.0,0.5714285714285714,-175.0,0.5714285714285714,2.172963268429257,-3.5,5.672963268429257,-20.0,-16.5
2018,7,2018_07_NE_CHI,CHI,NE,0.543744982356162,0.456255017643838,0.46296296296296297,0.5614035087719298,0.4519505233111322,0.5480494766888677,116.0,-128.0,True,False,False,CHI,NE,NE,0.0,1.0,0.543744982356162,0.5480494766888677,0.4519505233111322,0.09179445904502975,116.0,-1.0,-128.0,0.78125,-2.8538433047414573,-1.0,-1.8538433047414573,-7.0,-6.0
2018,7,2018_07_NO_BAL,BAL,NO,0.5417734811577251,0.45822651884227494,0.588477366255144,0.4366812227074236,0.5740354444580784,0.4259645555419216,-143.0,129.0,True,True,True,BAL,BAL,NO,0.0,0.0,0.5417734811577251,0.5740354444580784,0.5740354444580784,-0.03226196330035336,-143.0,-1.0,-143.0,-1.0,2.973054890842871,2.5,0.4730548908428709,-1.0,-3.5
2018,7,2018_07_NYG_ATL,ATL,NYG,0.7037130153514242,0.29628698464857584,0.6763754045307443,0.34843205574912894,0.6600024206947392,0.3399975793052606,-209.0,187.0,True,True,True,ATL,ATL,ATL,1.0,1.0,0.7037130153514242,0.6600024206947392,0.6600024206947392,0.04371059465668492,-209.0,0.47846889952153115,-209.0,0.47846889952153115,2.5571983554687634,4.5,-1.9428016445312366,3.0,-1.5
2018,7,2018_07_TEN_LAC,LAC,TEN,0.7049438305856338,0.2950561694143662,0.7347480106100795,0.2898550724637681,0.7171050163208644,0.28289498367913557,-277.0,245.0,True,True,True,LAC,LAC,LAC,1.0,1.0,0.7049438305856338,0.7171050163208644,0.7171050163208644,-0.012161185735230617,-277.0,0.36101083032490977,-277.0,0.36101083032490977,4.453874658165482,6.5,-2.046125341834518,1.0,-5.5
2018,8,2018_08_BAL_CAR,CAR,BAL,0.4679788785037654,0.5320211214962346,0.4366812227074236,0.588477366255144,0.4259645555419216,0.5740354444580784,129.0,-143.0,False,False,True,BAL,BAL,CAR,0.0,0.0,0.5320211214962346,0.5740354444580784,0.5740354444580784,-0.04201432296184382,-143.0,-1.0,-143.0,-1.0,-1.6029873167878257,-2.5,0.8970126832121743,15.0,17.5
2018,8,2018_08_CLE_PIT,PIT,CLE,0.7209956081839265,0.2790043918160735,0.7907949790794979,0.2336448598130841,0.7719291548973205,0.2280708451026796,-378.0,328.0,True,True,True,PIT,PIT,PIT,1.0,1.0,0.7209956081839265,0.7719291548973205,0.7719291548973205,-0.05093354671339401,-378.0,0.26455026455026465,-378.0,0.26455026455026465,2.528502369250901,8.5,-5.971497630749099,15.0,6.5
2018,8,2018_08_DEN_KC,KC,DEN,0.737189541871458,0.262810458128542,0.7955010224948875,0.2288329519450801,0.7766031805494009,0.2233968194505992,-389.0,337.0,True,True,True,KC,KC,KC,1.0,1.0,0.737189541871458,0.7766031805494009,0.7766031805494009,-0.0394136386779429,-389.0,0.2570694087403598,-389.0,0.2570694087403598,5.045187247194209,8.5,-3.4548127528057906,7.0,-1.5
2018,8,2018_08_GB_LA,LA,GB,0.6590294346782687,0.3409705653217313,0.7727272727272727,0.2518891687657431,0.75416247625433,0.2458375237456699,-340.0,297.0,True,True,True,LA,LA,LA,1.0,1.0,0.6590294346782687,0.75416247625433,0.75416247625433,-0.09513304157606128,-340.0,0.2941176470588236,-340.0,0.2941176470588236,6.718062654486641,7.5,-0.7819373455133594,2.0,-5.5
2018,8,2018_08_IND_OAK,LV,IND,0.4964556247243616,0.5035443752756383,0.37735849056603776,0.6466431095406361,0.36851357510254573,0.6314864248974542,165.0,-183.0,False,False,True,IND,IND,IND,1.0,1.0,0.5035443752756383,0.6314864248974542,0.6314864248974542,-0.12794204962181588,-183.0,0.5464480874316942,-183.0,0.5464480874316942,3.262707781761862,-3.5,6.762707781761862,-14.0,-10.5
2018,8,2018_08_MIA_HOU,HOU,MIA,0.6253549283558341,0.37464507164416594,0.7711670480549199,0.25316455696202533,0.752849022990131,0.24715097700986913,-337.0,295.0,True,True,True,HOU,HOU,HOU,1.0,1.0,0.6253549283558341,0.752849022990131,0.752849022990131,-0.12749409463429695,-337.0,0.2967359050445104,-337.0,0.2967359050445104,4.309475011475746,7.5,-3.1905249885242544,19.0,11.5
2018,8,2018_08_NE_BUF,BUF,NE,0.3493718473787214,0.6506281526212786,0.11848341232227488,0.9105545617173524,0.1151399805559675,0.8848600194440324,744.0,-1018.0,False,False,True,NE,NE,NE,1.0,1.0,0.6506281526212786,0.8848600194440324,0.8848600194440324,-0.23423186682275376,-1018.0,0.0982318271119842,-1018.0,0.0982318271119842,-4.751871641117861,-13.5,8.748128358882138,-19.0,-5.5
2018,8,2018_08_NO_MIN,MIN,NO,0.3799177342063466,0.6200822657936533,0.45871559633027525,0.5652173913043478,0.4479937670432412,0.5520062329567589,118.0,-130.0,False,False,True,NO,NO,NO,1.0,1.0,0.6200822657936533,0.5520062329567589,0.5520062329567589,0.06807603283689445,-130.0,0.7692307692307692,-130.0,0.7692307692307692,2.661875441468559,-2.5,5.161875441468559,-10.0,-7.5
2018,8,2018_08_NYJ_CHI,CHI,NYJ,0.6966651436782988,0.3033348563217012,0.7777777777777778,0.24691358024691357,0.7590361445783131,0.24096385542168672,-350.0,305.0,True,True,True,CHI,CHI,CHI,1.0,1.0,0.6966651436782988,0.7590361445783131,0.7590361445783131,-0.06237100090001435,-350.0,0.2857142857142856,-350.0,0.2857142857142856,3.4829545879787527,8.5,-5.017045412021247,14.0,5.5
2018,8,2018_08_PHI_JAX,JAX,PHI,0.3929033102290393,0.6070966897709607,0.34965034965034963,0.6753246753246753,0.341130604288499,0.658869395711501,186.0,-208.0,False,False,True,PHI,PHI,PHI,1.0,1.0,0.6070966897709607,0.658869395711501,0.658869395711501,-0.0517727059405404,-208.0,0.48076923076923084,-208.0,0.48076923076923084,-4.951009671240023,-4.0,-0.9510096712400227,-6.0,-2.0
2018,8,2018_08_SEA_DET,DET,SEA,0.6686061766160548,0.3313938233839452,0.6183206106870229,0.4065040650406504,0.6033428208078484,0.3966571791921516,-162.0,146.0,True,True,True,DET,DET,SEA,0.0,0.0,0.6686061766160548,0.6033428208078484,0.6033428208078484,0.06526335580820641,-162.0,-1.0,-162.0,-1.0,2.6992622748772384,3.0,-0.30073772512276165,-14.0,-17.0
2018,8,2018_08_SF_ARI,ARI,SF,0.4450551573298195,0.5549448426701805,0.4444444444444444,0.5798319327731093,0.43391066545123064,0.5660893345487694,125.0,-138.0,False,False,True,SF,SF,ARI,0.0,0.0,0.5549448426701805,0.5660893345487694,0.5660893345487694,-0.011144491878588902,-138.0,-1.0,-138.0,-1.0,0.5441222915222522,-2.5,3.0441222915222523,3.0,5.5
2018,8,2018_08_TB_CIN,CIN,TB,0.6047632944648765,0.39523670553512347,0.6575342465753424,0.3663003663003663,0.6422270143109194,0.35777298568908056,-192.0,173.0,True,True,True,CIN,CIN,CIN,1.0,1.0,0.6047632944648765,0.6422270143109194,0.6422270143109194,-0.03746371984604291,-192.0,0.5208333333333335,-192.0,0.5208333333333335,2.065373395576082,3.5,-1.4346266044239182,3.0,-0.5
2018,8,2018_08_WAS_NYG,NYG,WAS,0.5343661251564318,0.4656338748435682,0.504950495049505,0.5192307692307693,0.4930284439486894,0.5069715560513107,-102.0,-108.0,True,False,False,NYG,WAS,WAS,0.0,1.0,0.5343661251564318,0.5069715560513107,0.4930284439486894,0.041337681207742394,-102.0,-1.0,-108.0,0.925925925925926,2.212078529439519,-1.0,3.212078529439519,-7.0,-6.0
2018,9,2018_09_ATL_WAS,WAS,ATL,0.5721010850091935,0.42789891499080646,0.5614035087719298,0.46296296296296297,0.5480494766888677,0.4519505233111322,-128.0,116.0,True,True,True,WAS,WAS,ATL,0.0,0.0,0.5721010850091935,0.5480494766888677,0.5480494766888677,0.024051608320325824,-128.0,-1.0,-128.0,-1.0,4.617361899703579,1.5,3.117361899703579,-24.0,-25.5
2018,9,2018_09_CHI_BUF,BUF,CHI,0.334547240540272,0.6654527594597279,0.2242152466367713,0.8,0.21891418563922943,0.7810858143607706,346.0,-400.0,False,False,True,CHI,CHI,CHI,1.0,1.0,0.6654527594597279,0.7810858143607706,0.7810858143607706,-0.1156330549010427,-400.0,0.25,-400.0,0.25,-4.393227458619717,-10.5,6.106772541380283,-32.0,-21.5
2018,9,2018_09_DET_MIN,MIN,DET,0.5624917348046057,0.4375082651953943,0.6855345911949685,0.3389830508474576,0.6691291228800332,0.33087087711996666,-218.0,195.0,True,True,True,MIN,MIN,MIN,1.0,1.0,0.5624917348046057,0.6691291228800332,0.6691291228800332,-0.10663738807542755,-218.0,0.45871559633027514,-218.0,0.45871559633027514,3.071761973691872,4.5,-1.428238026308128,15.0,10.5
2018,9,2018_09_GB_NE,NE,GB,0.5905813449997176,0.4094186550002824,0.6884735202492211,0.33557046979865773,0.6723085403948631,0.32769145960513696,-221.0,198.0,True,True,True,NE,NE,NE,1.0,1.0,0.5905813449997176,0.6723085403948631,0.6723085403948631,-0.0817271953951455,-221.0,0.4524886877828054,-221.0,0.4524886877828054,1.220321301887242,5.0,-3.779678698112758,14.0,9.0
2018,9,2018_09_HOU_DEN,DEN,HOU,0.5106010274387234,0.4893989725612766,0.54337899543379,0.4807692307692308,0.5305667495498585,0.46943325045014145,-119.0,108.0,True,True,True,DEN,DEN,HOU,0.0,0.0,0.5106010274387234,0.5305667495498585,0.5305667495498585,-0.01996572211113512,-119.0,-1.0,-119.0,-1.0,2.13553059689357,1.0,1.1355305968935698,-2.0,-3.0
2018,9,2018_09_KC_CLE,CLE,KC,0.3475129517678662,0.6524870482321339,0.23255813953488372,0.7916666666666666,0.2270577105014191,0.7729422894985808,330.0,-380.0,False,False,True,KC,KC,KC,1.0,1.0,0.6524870482321339,0.7729422894985808,0.7729422894985808,-0.12045524126644691,-380.0,0.26315789473684204,-380.0,0.26315789473684204,-5.574722052834928,-7.5,1.925277947165072,-16.0,-8.5
2018,9,2018_09_LAC_SEA,SEA,LAC,0.4925654836271614,0.5074345163728387,0.5098039215686274,0.5145631067961165,0.497677011707861,0.5023229882921391,-104.0,-106.0,False,False,True,LAC,LAC,LAC,1.0,1.0,0.5074345163728387,0.5023229882921391,0.5023229882921391,0.00511152808069959,-106.0,0.9433962264150944,-106.0,0.9433962264150944,-2.8751457535061715,1.0,-3.8751457535061715,-8.0,-9.0
2018,9,2018_09_LA_NO,NO,LA,0.4781475779340073,0.5218524220659927,0.45454545454545453,0.5708154506437768,0.4433028919330289,0.556697108066971,120.0,-133.0,False,False,True,LA,LA,NO,0.0,0.0,0.5218524220659927,0.556697108066971,0.556697108066971,-0.03484468600097834,-133.0,-1.0,-133.0,-1.0,-2.2262259875332187,-2.5,0.27377401246678135,10.0,12.5
2018,9,2018_09_NYJ_MIA,MIA,NYJ,0.5745906053572205,0.4254093946427795,0.6078431372549019,0.4166666666666667,0.5933014354066986,0.4066985645933015,-155.0,140.0,True,True,True,MIA,MIA,MIA,1.0,1.0,0.5745906053572205,0.5933014354066986,0.5933014354066986,-0.018710830049478044,-155.0,0.6451612903225805,-155.0,0.6451612903225805,0.7075822810864973,3.0,-2.2924177189135024,7.0,4.0
2018,9,2018_09_OAK_SF,SF,LV,0.486452743736562,0.513547256263438,0.4854368932038835,0.5391705069124424,0.47377843762281124,0.5262215623771888,106.0,-117.0,False,False,True,LV,LV,SF,0.0,0.0,0.513547256263438,0.5262215623771888,0.5262215623771888,-0.012674306113750755,-117.0,-1.0,-117.0,-1.0,0.1192059510178182,-1.5,1.6192059510178183,31.0,32.5
2018,9,2018_09_PIT_BAL,BAL,PIT,0.5867788890771388,0.4132211109228612,0.5633187772925764,0.4608294930875576,0.5500363507751557,0.4499636492248442,-129.0,117.0,True,True,True,BAL,BAL,PIT,0.0,0.0,0.5867788890771388,0.5500363507751557,0.5500363507751557,0.03674253830198315,-129.0,-1.0,-129.0,-1.0,1.174931353797095,1.5,-0.3250686462029051,-7.0,-8.5
2018,9,2018_09_TB_CAR,CAR,TB,0.6628594393547182,0.33714056064528175,0.7409326424870466,0.28328611898017,0.7234124879978217,0.2765875120021783,-286.0,253.0,True,True,True,CAR,CAR,CAR,1.0,1.0,0.6628594393547182,0.7234124879978217,0.7234124879978217,-0.0605530486431034,-286.0,0.3496503496503496,-286.0,0.3496503496503496,3.8687005037850377,6.0,-2.1312994962149623,14.0,8.0
2018,9,2018_09_TEN_DAL,DAL,TEN,0.700206914359387,0.299793085640613,0.6951219512195121,0.33003300330033003,0.6780652506772408,0.32193474932275923,-228.0,203.0,True,True,True,DAL,DAL,TEN,0.0,0.0,0.700206914359387,0.6780652506772408,0.6780652506772408,0.022141663682146207,-228.0,-1.0,-228.0,-1.0,3.950201035719904,4.5,-0.5497989642800958,-14.0,-18.5
2018,10,2018_10_ARI_KC,KC,ARI,0.6973971274346044,0.30260287256539564,0.9268471104608632,0.10695187165775401,0.896544808509511,0.10345519149048885,-1267.0,835.0,True,True,True,KC,KC,KC,1.0,1.0,0.6973971274346044,0.896544808509511,0.896544808509511,-0.19914768107490666,-1267.0,0.07892659826361492,-1267.0,0.07892659826361492,4.856292842718406,16.5,-11.643707157281593,12.0,-4.5
2018,10,2018_10_ATL_CLE,CLE,ATL,0.3262434683978081,0.6737565316021918,0.32051282051282054,0.7041420118343196,0.3128007699711261,0.687199230028874,212.0,-238.0,False,False,True,ATL,ATL,CLE,0.0,0.0,0.6737565316021918,0.687199230028874,0.687199230028874,-0.01344269842668211,-238.0,-1.0,-238.0,-1.0,-4.133352648297692,-5.5,1.3666473517023077,12.0,17.5
2018,10,2018_10_BUF_NYJ,NYJ,BUF,0.7481288795805827,0.2518711204194173,0.726027397260274,0.29850746268656714,0.7086409898223908,0.29135901017760923,-265.0,235.0,True,True,True,NYJ,NYJ,BUF,0.0,0.0,0.7481288795805827,0.7086409898223908,0.7086409898223908,0.03948788975819195,-265.0,-1.0,-265.0,-1.0,8.059054374521292,6.5,1.559054374521292,-31.0,-37.5
2018,10,2018_10_CAR_PIT,PIT,CAR,0.6393635590307443,0.36063644096925573,0.6539792387543253,0.37037037037037035,0.6384336294257477,0.3615663705742525,-189.0,170.0,True,True,True,PIT,PIT,PIT,1.0,1.0,0.6393635590307443,0.6384336294257477,0.6384336294257477,0.0009299296049966044,-189.0,0.5291005291005291,-189.0,0.5291005291005291,3.711254836302827,3.5,0.21125483630282682,31.0,27.5
2018,10,2018_10_DAL_PHI,PHI,DAL,0.729751748954859,0.27024825104514105,0.7802197802197802,0.24390243902439024,0.7618424496205181,0.23815755037948177,-355.0,310.0,True,True,True,PHI,PHI,DAL,0.0,0.0,0.729751748954859,0.7618424496205181,0.7618424496205181,-0.03209070066565911,-355.0,-1.0,-355.0,-1.0,5.288626877142919,7.5,-2.211373122857081,-7.0,-14.5
2018,10,2018_10_DET_CHI,CHI,DET,0.6601672574783206,0.3398327425216794,0.7619047619047619,0.26246719160104987,0.7437774524158125,0.2562225475841874,-320.0,281.0,True,True,True,CHI,CHI,CHI,1.0,1.0,0.6601672574783206,0.7437774524158125,0.7437774524158125,-0.08361019493749189,-320.0,0.3125,-320.0,0.3125,5.856931107918865,7.5,-1.6430688920811347,12.0,4.5
2018,10,2018_10_JAX_IND,IND,JAX,0.6426426629666913,0.35735733703330874,0.609375,0.4149377593360996,0.5949110703209063,0.4050889296790936,-156.0,141.0,True,True,True,IND,IND,IND,1.0,1.0,0.6426426629666913,0.5949110703209063,0.5949110703209063,0.04773159264578497,-156.0,0.641025641025641,-156.0,0.641025641025641,4.318477053782264,3.0,1.3184770537822637,3.0,0.0
2018,10,2018_10_LAC_OAK,LV,LAC,0.3629284843919734,0.6370715156080267,0.20366598778004075,0.8207885304659498,0.19880432381590293,0.801195676184097,391.0,-458.0,False,False,True,LAC,LAC,LAC,1.0,1.0,0.6370715156080267,0.801195676184097,0.801195676184097,-0.16412416057607038,-458.0,0.21834061135371186,-458.0,0.21834061135371186,-4.220543762196736,-10.5,6.279456237803264,-14.0,-3.5
2018,10,2018_10_MIA_GB,GB,MIA,0.6759519071457583,0.32404809285424174,0.8540145985401459,0.17035775127768313,0.8336954806443391,0.16630451935566104,-585.0,487.0,True,True,True,GB,GB,GB,1.0,1.0,0.6759519071457583,0.8336954806443391,0.8336954806443391,-0.1577435734985808,-585.0,0.170940170940171,-585.0,0.170940170940171,4.304591740669048,13.0,-8.695408259330952,19.0,6.0
2018,10,2018_10_NE_TEN,TEN,NE,0.4971674089132092,0.5028325910867908,0.31545741324921134,0.7093023255813954,0.30783548698858143,0.6921645130114186,217.0,-244.0,False,False,True,NE,NE,TEN,0.0,0.0,0.5028325910867908,0.6921645130114186,0.6921645130114186,-0.18933192192462778,-244.0,-1.0,-244.0,-1.0,-2.357294725709337,-6.0,3.642705274290663,24.0,30.0
2018,10,2018_10_NO_CIN,CIN,NO,0.3943737829494988,0.6056262170505011,0.3076923076923077,0.71671388101983,0.3003616251861306,0.6996383748138693,225.0,-253.0,False,False,True,NO,NO,NO,1.0,1.0,0.6056262170505011,0.6996383748138693,0.6996383748138693,-0.09401215776336813,-253.0,0.39525691699604737,-253.0,0.39525691699604737,-4.414379386985907,-5.5,1.0856206130140933,-37.0,-31.5
2018,10,2018_10_NYG_SF,SF,NYG,0.5791193354029384,0.42088066459706164,0.6415770609318996,0.3831417624521073,0.6261005910022917,0.3738994089977084,-179.0,161.0,True,True,True,SF,SF,NYG,0.0,0.0,0.5791193354029384,0.6261005910022917,0.6261005910022917,-0.04698125559935329,-179.0,-1.0,-179.0,-1.0,1.6743655904205403,3.0,-1.3256344095794597,-4.0,-7.0
2018,10,2018_10_SEA_LA,LA,SEA,0.6990334264509077,0.3009665735490923,0.8076923076923077,0.21691973969631237,0.7882908557935022,0.21170914420649786,-420.0,361.0,True,True,True,LA,LA,LA,1.0,1.0,0.6990334264509077,0.7882908557935022,0.7882908557935022,-0.08925742934259451,-420.0,0.23809523809523814,-420.0,0.23809523809523814,4.161786646487798,10.0,-5.838213353512202,5.0,-5.0
2018,10,2018_10_WAS_TB,TB,WAS,0.6456386923793529,0.3543613076206471,0.6466431095406361,0.37735849056603776,0.6314864248974542,0.36851357510254573,-183.0,165.0,True,True,True,TB,TB,WAS,0.0,0.0,0.6456386923793529,0.6314864248974542,0.6314864248974542,0.014152267481898684,-183.0,-1.0,-183.0,-1.0,2.559108552765148,3.5,-0.940891447234852,-13.0,-16.5
2018,11,2018_11_CAR_DET,DET,CAR,0.3665390549984422,0.6334609450015578,0.3663003663003663,0.6575342465753424,0.35777298568908056,0.6422270143109194,173.0,-192.0,False,False,True,CAR,CAR,DET,0.0,0.0,0.6334609450015578,0.6422270143109194,0.6422270143109194,-0.008766069309361635,-192.0,-1.0,-192.0,-1.0,-3.277508737138304,-4.0,0.7224912628616962,1.0,5.0
2018,11,2018_11_CIN_BAL,BAL,CIN,0.6886982022502478,0.3113017977497522,0.7222222222222222,0.3021148036253776,0.7050630837293135,0.2949369162706865,-260.0,231.0,True,True,True,BAL,BAL,BAL,1.0,1.0,0.6886982022502478,0.7050630837293135,0.7050630837293135,-0.016364881479065674,-260.0,0.3846153846153846,-260.0,0.3846153846153846,4.771838780301354,6.5,-1.728161219698646,3.0,-3.5
2018,11,2018_11_DAL_ATL,ATL,DAL,0.7114695385884888,0.2885304614115112,0.6503496503496503,0.373134328358209,0.635427289414644,0.3645727105853559,-186.0,168.0,True,True,True,ATL,ATL,DAL,0.0,0.0,0.7114695385884888,0.635427289414644,0.635427289414644,0.07604224917384483,-186.0,-1.0,-186.0,-1.0,4.680802683857123,3.5,1.1808026838571228,-3.0,-6.5
2018,11,2018_11_DEN_LAC,LAC,DEN,0.6500413434689747,0.3499586565310253,0.7668997668997669,0.25773195876288657,0.7484638116234346,0.2515361883765655,-329.0,288.0,True,True,True,LAC,LAC,DEN,0.0,0.0,0.6500413434689747,0.7484638116234346,0.7484638116234346,-0.09842246815445987,-329.0,-1.0,-329.0,-1.0,6.422323720776545,7.5,-1.0776762792234553,-1.0,-8.5
2018,11,2018_11_GB_SEA,SEA,GB,0.6214448509915257,0.3785551490084743,0.6183206106870229,0.4065040650406504,0.6033428208078484,0.3966571791921516,-162.0,146.0,True,True,True,SEA,SEA,SEA,1.0,1.0,0.6214448509915257,0.6033428208078484,0.6033428208078484,0.018102030183677287,-162.0,0.617283950617284,-162.0,0.617283950617284,4.514926186056848,3.0,1.5149261860568481,3.0,0.0
2018,11,2018_11_HOU_WAS,WAS,HOU,0.4704465454736539,0.5295534545263461,0.4098360655737705,0.6153846153846154,0.39975399753997537,0.6002460024600246,144.0,-160.0,False,False,True,HOU,HOU,HOU,1.0,1.0,0.5295534545263461,0.6002460024600246,0.6002460024600246,-0.07069254793367852,-160.0,0.625,-160.0,0.625,-0.1248570798550718,-3.0,2.875142920144928,-2.0,1.0
2018,11,2018_11_KC_LA,LA,KC,0.595013393151452,0.40498660684854804,0.6296296296296297,0.3952569169960474,0.6143408084559349,0.3856591915440651,-170.0,153.0,True,True,True,LA,LA,LA,1.0,1.0,0.595013393151452,0.6143408084559349,0.6143408084559349,-0.019327415304482898,-170.0,0.5882352941176472,-170.0,0.5882352941176472,5.9838339487915055,3.0,2.9838339487915055,3.0,0.0
2018,11,2018_11_MIN_CHI,CHI,MIN,0.6088667857217176,0.3911332142782824,0.5780590717299579,0.44642857142857145,0.5642421122306391,0.4357578877693609,-137.0,124.0,True,True,True,CHI,CHI,CHI,1.0,1.0,0.6088667857217176,0.5642421122306391,0.5642421122306391,0.04462467349107846,-137.0,0.7299270072992701,-137.0,0.7299270072992701,2.371857204441672,2.5,-0.12814279555832808,5.0,2.5
2018,11,2018_11_OAK_ARI,ARI,LV,0.6011043809868238,0.39889561901317616,0.6784565916398714,0.3460207612456747,0.6622465491588744,0.3377534508411255,-211.0,189.0,True,True,True,ARI,ARI,LV,0.0,0.0,0.6011043809868238,0.6622465491588744,0.6622465491588744,-0.06114216817205054,-211.0,-1.0,-211.0,-1.0,3.205699253726966,4.5,-1.2943007462730338,-2.0,-6.5
2018,11,2018_11_PHI_NO,NO,PHI,0.7017459320281807,0.2982540679718193,0.7679814385150812,0.2564102564102564,0.7496951042453104,0.25030489575468956,-331.0,290.0,True,True,True,NO,NO,NO,1.0,1.0,0.7017459320281807,0.7496951042453104,0.7496951042453104,-0.04794917221712969,-331.0,0.30211480362537757,-331.0,0.30211480362537757,7.093325158842713,7.0,0.09332515884271331,41.0,34.0
2018,11,2018_11_PIT_JAX,JAX,PIT,0.4597493453334042,0.5402506546665957,0.35587188612099646,0.6688741721854304,0.34727812147834686,0.6527218785216531,181.0,-202.0,False,False,True,PIT,PIT,PIT,1.0,1.0,0.5402506546665957,0.6527218785216531,0.6527218785216531,-0.11247122385505737,-202.0,0.49504950495049505,-202.0,0.49504950495049505,0.411588516707675,-4.0,4.411588516707675,-4.0,0.0
2018,11,2018_11_TB_NYG,NYG,TB,0.7049181584436378,0.2950818415563622,0.6183206106870229,0.4065040650406504,0.6033428208078484,0.3966571791921516,-162.0,146.0,True,True,True,NYG,NYG,NYG,1.0,1.0,0.7049181584436378,0.6033428208078484,0.6033428208078484,0.10157533763578941,-162.0,0.617283950617284,-162.0,0.617283950617284,6.739121335261504,3.0,3.739121335261504,3.0,0.0
2018,11,2018_11_TEN_IND,IND,TEN,0.6102122625976435,0.3897877374023565,0.5633187772925764,0.4608294930875576,0.5500363507751557,0.4499636492248442,-129.0,117.0,True,True,True,IND,IND,IND,1.0,1.0,0.6102122625976435,0.5500363507751557,0.5500363507751557,0.060175911822487826,-129.0,0.7751937984496124,-129.0,0.7751937984496124,2.591279961071584,2.0,0.5912799610715842,28.0,26.0
2018,12,2018_12_ARI_LAC,LAC,ARI,0.711327229102878,0.28867277089712196,0.8932764140875133,0.1404494382022472,0.864132798951343,0.135867201048657,-837.0,612.0,True,True,True,LAC,LAC,LAC,1.0,1.0,0.711327229102878,0.864132798951343,0.864132798951343,-0.15280556984846494,-837.0,0.11947431302270006,-837.0,0.11947431302270006,6.52785125081795,14.0,-7.47214874918205,35.0,21.0
2018,12,2018_12_ATL_NO,NO,ATL,0.6593872733255317,0.3406127266744683,0.8461538461538461,0.18761726078799248,0.8185117967332123,0.18148820326678763,-550.0,433.0,True,True,True,NO,NO,NO,1.0,1.0,0.6593872733255317,0.8185117967332123,0.8185117967332123,-0.15912452340768057,-550.0,0.18181818181818188,-550.0,0.18181818181818188,6.224652094395201,11.5,-5.275347905604799,14.0,2.5
2018,12,2018_12_CHI_DET,DET,CHI,0.4444957057288972,0.5555042942711028,0.4065040650406504,0.6168582375478927,0.39722399780841927,0.6027760021915806,146.0,-161.0,False,False,True,CHI,CHI,CHI,1.0,1.0,0.5555042942711028,0.6027760021915806,0.6027760021915806,-0.047271707920477746,-161.0,0.6211180124223601,-161.0,0.6211180124223601,-1.7443991439465576,-3.0,1.2556008560534424,-7.0,-4.0
2018,12,2018_12_CLE_CIN,CIN,CLE,0.5216868307328274,0.4783131692671726,0.49504950495049505,0.5305164319248826,0.4827086071703758,0.5172913928296243,102.0,-113.0,True,False,False,CIN,CLE,CLE,0.0,1.0,0.5216868307328274,0.5172913928296243,0.4827086071703758,0.03897822356245162,102.0,-1.0,-113.0,0.8849557522123894,0.2685145490664679,-1.0,1.268514549066468,-15.0,-14.0
2018,12,2018_12_GB_MIN,MIN,GB,0.6695248573994588,0.3304751426005412,0.6721311475409836,0.352112676056338,0.6562218214607755,0.3437781785392245,-205.0,184.0,True,True,True,MIN,MIN,MIN,1.0,1.0,0.6695248573994588,0.6562218214607755,0.6562218214607755,0.013303035938683316,-205.0,0.4878048780487805,-205.0,0.4878048780487805,5.97205973483202,4.0,1.97205973483202,7.0,3.0
2018,12,2018_12_JAX_BUF,BUF,JAX,0.4358722549475565,0.5641277450524436,0.4166666666666667,0.6078431372549019,0.4066985645933015,0.5933014354066986,140.0,-155.0,False,False,True,JAX,JAX,BUF,0.0,0.0,0.5641277450524436,0.5933014354066986,0.5933014354066986,-0.02917369035425499,-155.0,-1.0,-155.0,-1.0,-4.220220450477559,-3.0,-1.2202204504775587,3.0,6.0
2018,12,2018_12_MIA_IND,IND,MIA,0.7245898573980813,0.27541014260191865,0.7975708502024291,0.22675736961451248,0.7786282119074719,0.22137178809252803,-394.0,341.0,True,True,True,IND,IND,IND,1.0,1.0,0.7245898573980813,0.7786282119074719,0.7786282119074719,-0.05403835450939054,-394.0,0.25380710659898487,-394.0,0.25380710659898487,5.653880982984814,9.0,-3.3461190170151864,3.0,-6.0
2018,12,2018_12_NE_NYJ,NYJ,NE,0.4201320217781306,0.5798679782218694,0.17035775127768313,0.8540145985401459,0.16630451935566104,0.8336954806443391,487.0,-585.0,False,False,True,NE,NE,NE,1.0,1.0,0.5798679782218694,0.8336954806443391,0.8336954806443391,-0.25382750242246965,-585.0,0.170940170940171,-585.0,0.170940170940171,-4.384350993762611,-13.0,8.615649006237389,-14.0,-1.0
2018,12,2018_12_NYG_PHI,PHI,NYG,0.5955125724332425,0.4044874275667575,0.6825396825396826,0.3424657534246575,0.6658888417479847,0.33411115825201526,-215.0,192.0,True,True,True,PHI,PHI,PHI,1.0,1.0,0.5955125724332425,0.6658888417479847,0.6658888417479847,-0.07037626931474217,-215.0,0.4651162790697674,-215.0,0.4651162790697674,3.444911365833024,4.5,-1.0550886341669758,3.0,-1.5
2018,12,2018_12_OAK_BAL,BAL,LV,0.7174442416426896,0.2825557583573104,0.8735777496839444,0.16025641025641027,0.8449882810356586,0.15501171896434143,-691.0,524.0,True,True,True,BAL,BAL,BAL,1.0,1.0,0.7174442416426896,0.8449882810356586,0.8449882810356586,-0.127544039392969,-691.0,0.1447178002894356,-691.0,0.1447178002894356,4.518052742177443,13.0,-8.481947257822558,17.0,4.0
2018,12,2018_12_PIT_DEN,DEN,PIT,0.3575874052982633,0.6424125947017367,0.4032258064516129,0.6212121212121212,0.39360687022900764,0.6063931297709924,148.0,-164.0,False,False,True,PIT,PIT,DEN,0.0,0.0,0.6424125947017367,0.6063931297709924,0.6063931297709924,0.03601946493074437,-164.0,-1.0,-164.0,-1.0,-4.163106197867418,-3.0,-1.1631061978674184,7.0,10.0
2018,12,2018_12_SEA_CAR,CAR,SEA,0.6236102489724124,0.37638975102758765,0.6183206106870229,0.4065040650406504,0.6033428208078484,0.3966571791921516,-162.0,146.0,True,True,True,CAR,CAR,SEA,0.0,0.0,0.6236102489724124,0.6033428208078484,0.6033428208078484,0.02026742816456395,-162.0,-1.0,-162.0,-1.0,4.397522977731239,3.0,1.3975229777312386,-3.0,-6.0
2018,12,2018_12_SF_TB,TB,SF,0.4858386352912178,0.5141613647087822,0.5594713656387665,0.46511627906976744,0.5460453954604539,0.453954604539546,-127.0,115.0,False,True,False,SF,TB,TB,0.0,1.0,0.5141613647087822,0.5460453954604539,0.453954604539546,0.06020676016923615,115.0,-1.0,-127.0,0.7874015748031495,-0.1267308659492167,1.5,-1.6267308659492168,18.0,16.5
2018,12,2018_12_TEN_HOU,HOU,TEN,0.6297883080439884,0.37021169195601156,0.6551724137931034,0.36900369003690037,0.6397067958752639,0.360293204124736,-190.0,171.0,True,True,True,HOU,HOU,HOU,1.0,1.0,0.6297883080439884,0.6397067958752639,0.6397067958752639,-0.009918487831275469,-190.0,0.5263157894736841,-190.0,0.5263157894736841,3.205986061638605,3.5,-0.2940139383613949,17.0,13.5
2018,12,2018_12_WAS_DAL,DAL,WAS,0.6383589547525924,0.3616410452474076,0.7601918465227818,0.2638522427440633,0.7423428878604573,0.2576571121395426,-317.0,279.0,True,True,True,DAL,DAL,DAL,1.0,1.0,0.6383589547525924,0.7423428878604573,0.7423428878604573,-0.10398393310786491,-317.0,0.3154574132492114,-317.0,0.3154574132492114,4.619673047137089,7.0,-2.3803269528629114,8.0,1.0
2018,13,2018_13_ARI_GB,GB,ARI,0.7133879574166414,0.2866120425833586,0.879372738238842,0.15432098765432098,0.8507091764333,0.14929082356670004,-729.0,548.0,True,True,True,GB,GB,ARI,0.0,0.0,0.7133879574166414,0.8507091764333,0.8507091764333,-0.1373212190166586,-729.0,-1.0,-729.0,-1.0,6.320523244066717,13.5,-7.179476755933283,-3.0,-16.5
2018,13,2018_13_BAL_ATL,ATL,BAL,0.5851801330260415,0.41481986697395845,0.5951417004048583,0.4291845493562232,0.5810079557598683,0.41899204424013164,-147.0,133.0,True,True,True,ATL,ATL,BAL,0.0,0.0,0.5851801330260415,0.5810079557598683,0.5810079557598683,0.004172177266173249,-147.0,-1.0,-147.0,-1.0,2.4575619707966627,2.5,-0.04243802920333728,-10.0,-12.5
2018,13,2018_13_BUF_MIA,MIA,BUF,0.5754588692345657,0.4245411307654343,0.6428571428571429,0.3816793893129771,0.6274614156466205,0.37253858435337944,-180.0,162.0,True,True,True,MIA,MIA,MIA,1.0,1.0,0.5754588692345657,0.6274614156466205,0.6274614156466205,-0.05200254641205482,-180.0,0.5555555555555556,-180.0,0.5555555555555556,4.87492469209477,3.5,1.37492469209477,4.0,0.5
2018,13,2018_13_CAR_TB,TB,CAR,0.4428631223208496,0.5571368776791503,0.37593984962406013,0.6491228070175439,0.36674816625916873,0.6332518337408314,166.0,-185.0,False,False,True,CAR,CAR,TB,0.0,0.0,0.5571368776791503,0.6332518337408314,0.6332518337408314,-0.07611495606168106,-185.0,-1.0,-185.0,-1.0,-2.5600284053518574,-3.5,0.9399715946481426,7.0,10.5
2018,13,2018_13_CHI_NYG,NYG,CHI,0.4434325921936689,0.5565674078063312,0.37593984962406013,0.6491228070175439,0.36674816625916873,0.6332518337408314,166.0,-185.0,False,False,True,CHI,CHI,NYG,0.0,0.0,0.5565674078063312,0.6332518337408314,0.6332518337408314,-0.0766844259345002,-185.0,-1.0,-185.0,-1.0,-1.909849125500831,-3.5,1.590150874499169,3.0,6.5
2018,13,2018_13_CLE_HOU,HOU,CLE,0.6279784705886551,0.3720215294113449,0.7109826589595376,0.31347962382445144,0.6940056953853229,0.3059943046146771,-246.0,219.0,True,True,True,HOU,HOU,HOU,1.0,1.0,0.6279784705886551,0.6940056953853229,0.6940056953853229,-0.06602722479666778,-246.0,0.4065040650406504,-246.0,0.4065040650406504,1.864821876157184,5.0,-3.135178123842816,16.0,11.0
2018,13,2018_13_DEN_CIN,CIN,DEN,0.437608029889521,0.5623919701104789,0.38461538461538464,0.6402877697841727,0.3752699784017279,0.6247300215982722,160.0,-178.0,False,False,True,DEN,DEN,DEN,1.0,1.0,0.5623919701104789,0.6247300215982722,0.6247300215982722,-0.062338051487793256,-178.0,0.5617977528089888,-178.0,0.5617977528089888,0.4329077660466575,-3.5,3.9329077660466574,-14.0,-10.5
2018,13,2018_13_IND_JAX,JAX,IND,0.3637692241479439,0.6362307758520561,0.35842293906810035,0.6655518394648829,0.3500310228164034,0.6499689771835965,179.0,-199.0,False,False,True,IND,IND,JAX,0.0,0.0,0.6362307758520561,0.6499689771835965,0.6499689771835965,-0.013738201331540356,-199.0,-1.0,-199.0,-1.0,-5.005707142000893,-4.0,-1.005707142000893,6.0,10.0
2018,13,2018_13_KC_OAK,LV,KC,0.3120185328217156,0.6879814671782845,0.1443001443001443,0.8849252013808976,0.14020267272436865,0.8597973272756314,593.0,-769.0,False,False,True,KC,KC,KC,1.0,1.0,0.6879814671782845,0.8597973272756314,0.8597973272756314,-0.17181586009734695,-769.0,0.13003901170351106,-769.0,0.13003901170351106,-7.168893950758565,-14.0,6.831106049241435,-7.0,7.0
2018,13,2018_13_LAC_PIT,PIT,LAC,0.6033093181580058,0.3966906818419942,0.6491228070175439,0.37593984962406013,0.6332518337408314,0.36674816625916873,-185.0,166.0,True,True,True,PIT,PIT,LAC,0.0,0.0,0.6033093181580058,0.6332518337408314,0.6332518337408314,-0.02994251558282557,-185.0,-1.0,-185.0,-1.0,2.578390913677565,3.5,-0.9216090863224351,-3.0,-6.5
2018,13,2018_13_LA_DET,DET,LA,0.3254336770581467,0.6745663229418533,0.20618556701030927,0.8181818181818182,0.20128087831655989,0.7987191216834401,385.0,-450.0,False,False,True,LA,LA,LA,1.0,1.0,0.6745663229418533,0.7987191216834401,0.7987191216834401,-0.1241527987415868,-450.0,0.22222222222222232,-450.0,0.22222222222222232,-7.148086788579293,-10.5,3.3519132114207073,-14.0,-3.5
2018,13,2018_13_MIN_NE,NE,MIN,0.6927616046441741,0.30723839535582587,0.7093023255813954,0.31545741324921134,0.6921645130114186,0.30783548698858143,-244.0,217.0,True,True,True,NE,NE,NE,1.0,1.0,0.6927616046441741,0.6921645130114186,0.6921645130114186,0.0005970916327555642,-244.0,0.4098360655737705,-244.0,0.4098360655737705,5.750104803689636,6.0,-0.24989519631036394,14.0,8.0
2018,13,2018_13_NO_DAL,DAL,NO,0.3300238170751007,0.6699761829248994,0.26666666666666666,0.7578692493946732,0.2602804474554908,0.7397195525445092,275.0,-313.0,False,False,True,NO,NO,DAL,0.0,0.0,0.6699761829248994,0.7397195525445092,0.7397195525445092,-0.06974336961960981,-313.0,-1.0,-313.0,-1.0,-6.079501814732508,-7.0,0.9204981852674923,3.0,10.0
2018,13,2018_13_NYJ_TEN,TEN,NYJ,0.6907783929615363,0.3092216070384637,0.8116760828625236,0.2127659574468085,0.7923104001251613,0.20768959987483865,-431.0,370.0,True,True,True,TEN,TEN,TEN,1.0,1.0,0.6907783929615363,0.7923104001251613,0.7923104001251613,-0.10153200716362498,-431.0,0.23201856148491884,-431.0,0.23201856148491884,5.756867570119686,10.5,-4.743132429880314,4.0,-6.5
2018,13,2018_13_SF_SEA,SEA,SF,0.6471403203909873,0.35285967960901266,0.8333333333333334,0.19569471624266144,0.809825673534073,0.1901743264659271,-500.0,411.0,True,True,True,SEA,SEA,SEA,1.0,1.0,0.6471403203909873,0.809825673534073,0.809825673534073,-0.16268535314308563,-500.0,0.19999999999999996,-500.0,0.19999999999999996,1.2860978548438031,10.0,-8.713902145156197,27.0,17.0
2018,13,2018_13_WAS_PHI,PHI,WAS,0.6790530876792006,0.3209469123207994,0.7050147492625368,0.3194888178913738,0.6881525568730624,0.3118474431269375,-239.0,213.0,True,True,True,PHI,PHI,PHI,1.0,1.0,0.6790530876792006,0.6881525568730624,0.6881525568730624,-0.009099469193861842,-239.0,0.41841004184100417,-239.0,0.41841004184100417,4.222606985679071,5.5,-1.2773930143209293,15.0,9.5
2018,14,2018_14_ATL_GB,GB,ATL,0.6119842850220985,0.38801571497790155,0.6491228070175439,0.37593984962406013,0.6332518337408314,0.36674816625916873,-185.0,166.0,True,True,True,GB,GB,GB,1.0,1.0,0.6119842850220985,0.6332518337408314,0.6332518337408314,-0.02126754871873293,-185.0,0.5405405405405406,-185.0,0.5405405405405406,5.143909335570864,4.0,1.1439093355708643,14.0,10.0
2018,14,2018_14_BAL_KC,KC,BAL,0.7131158955901966,0.2868841044098034,0.7289972899728997,0.2949852507374631,0.7119235543480806,0.2880764456519193,-269.0,239.0,True,True,True,KC,KC,KC,1.0,1.0,0.7131158955901966,0.7119235543480806,0.7119235543480806,0.0011923412421159796,-269.0,0.37174721189591065,-269.0,0.37174721189591065,4.719414354153986,6.5,-1.7805856458460143,3.0,-3.5
2018,14,2018_14_CAR_CLE,CLE,CAR,0.4115248162391027,0.5884751837608972,0.4854368932038835,0.5391705069124424,0.47377843762281124,0.5262215623771888,106.0,-117.0,False,False,True,CAR,CAR,CLE,0.0,0.0,0.5884751837608972,0.5262215623771888,0.5262215623771888,0.06225362138370849,-117.0,-1.0,-117.0,-1.0,-4.326616248375389,-1.0,-3.326616248375389,6.0,7.0
2018,14,2018_14_CIN_LAC,LAC,CIN,0.7143091491245103,0.28569085087548973,0.9281609195402298,0.10559662090813093,0.8978516559479396,0.10214834405206043,-1292.0,847.0,True,True,True,LAC,LAC,LAC,1.0,1.0,0.7143091491245103,0.8978516559479396,0.8978516559479396,-0.18354250682342932,-1292.0,0.07739938080495357,-1292.0,0.07739938080495357,7.638850513972497,17.0,-9.361149486027504,5.0,-12.0
2018,14,2018_14_DEN_SF,SF,DEN,0.4384929985246782,0.5615070014753218,0.4032258064516129,0.6212121212121212,0.39360687022900764,0.6063931297709924,148.0,-164.0,False,False,True,DEN,DEN,SF,0.0,0.0,0.5615070014753218,0.6063931297709924,0.6063931297709924,-0.04488612829567051,-164.0,-1.0,-164.0,-1.0,-0.6491671884052126,-3.0,2.3508328115947874,6.0,9.0
2018,14,2018_14_DET_ARI,ARI,DET,0.4823302672541508,0.5176697327458493,0.4424778761061947,0.5815899581589958,0.4320786780923455,0.5679213219076544,126.0,-139.0,False,False,True,DET,DET,DET,1.0,1.0,0.5176697327458493,0.5679213219076544,0.5679213219076544,-0.050251589161805166,-139.0,0.7194244604316546,-139.0,0.7194244604316546,-3.2155897352025,-2.5,-0.7155897352024998,-14.0,-11.5
2018,14,2018_14_IND_HOU,HOU,IND,0.6670636988742795,0.3329363011257205,0.6621621621621622,0.36231884057971014,0.6463391320971134,0.35366086790288664,-196.0,176.0,True,True,True,HOU,HOU,IND,0.0,0.0,0.6670636988742795,0.6463391320971134,0.6463391320971134,0.020724566777166165,-196.0,-1.0,-196.0,-1.0,5.300928834724966,4.0,1.3009288347249663,-3.0,-7.0
2018,14,2018_14_JAX_TEN,TEN,JAX,0.6247296465044447,0.37527035349555526,0.7126436781609196,0.3115264797507788,0.6958254667505769,0.30417453324942306,-248.0,221.0,True,True,True,TEN,TEN,TEN,1.0,1.0,0.6247296465044447,0.6958254667505769,0.6958254667505769,-0.07109582024613215,-248.0,0.403225806451613,-248.0,0.403225806451613,2.7323165935304705,5.5,-2.7676834064695295,21.0,15.5
2018,14,2018_14_LA_CHI,CHI,LA,0.4312178604494266,0.5687821395505734,0.4424778761061947,0.5815899581589958,0.4320786780923455,0.5679213219076544,126.0,-139.0,False,False,True,LA,LA,CHI,0.0,0.0,0.5687821395505734,0.5679213219076544,0.5679213219076544,0.0008608176429190095,-139.0,-1.0,-139.0,-1.0,0.5933769634882016,-3.0,3.5933769634882013,9.0,12.0
2018,14,2018_14_MIN_SEA,SEA,MIN,0.6145562156828461,0.38544378431715387,0.6309963099630996,0.398406374501992,0.6129732508818783,0.3870267491181217,-171.0,151.0,True,True,True,SEA,SEA,SEA,1.0,1.0,0.6145562156828461,0.6129732508818783,0.6129732508818783,0.0015829648009678676,-171.0,0.5847953216374269,-171.0,0.5847953216374269,4.080465623060235,3.0,1.0804656230602347,14.0,11.0
2018,14,2018_14_NE_MIA,MIA,NE,0.3273427894227545,0.6726572105772455,0.2386634844868735,0.7858672376873662,0.23294907543659243,0.7670509245634076,319.0,-367.0,False,False,True,NE,NE,MIA,0.0,0.0,0.6726572105772455,0.7670509245634076,0.7670509245634076,-0.09439371398616214,-367.0,-1.0,-367.0,-1.0,-3.0329251627538505,-8.5,5.46707483724615,1.0,9.5
2018,14,2018_14_NO_TB,TB,NO,0.3766532167751361,0.6233467832248639,0.23255813953488372,0.7916666666666666,0.2270577105014191,0.7729422894985808,330.0,-380.0,False,False,True,NO,NO,NO,1.0,1.0,0.6233467832248639,0.7729422894985808,0.7729422894985808,-0.14959550627371687,-380.0,0.26315789473684204,-380.0,0.26315789473684204,-3.9488204255864288,-8.5,4.551179574413571,-14.0,-5.5
2018,14,2018_14_NYG_WAS,WAS,NYG,0.4367186985651905,0.5632813014348095,0.398406374501992,0.6254681647940075,0.38911639972601536,0.6108836002739845,151.0,-167.0,False,False,True,NYG,NYG,NYG,1.0,1.0,0.5632813014348095,0.6108836002739845,0.6108836002739845,-0.047602298839174995,-167.0,0.5988023952095807,-167.0,0.5988023952095807,2.2749447593552805,-3.0,5.2749447593552805,-24.0,-21.0
2018,14,2018_14_NYJ_BUF,BUF,NYJ,0.6635405799045927,0.3364594200954073,0.6784565916398714,0.3460207612456747,0.6622465491588744,0.3377534508411255,-211.0,189.0,True,True,True,BUF,BUF,NYJ,0.0,0.0,0.6635405799045927,0.6622465491588744,0.6622465491588744,0.001294030745718322,-211.0,-1.0,-211.0,-1.0,1.8761510623317377,4.5,-2.6238489376682623,-4.0,-8.5
2018,14,2018_14_PHI_DAL,DAL,PHI,0.6139709079885491,0.38602909201145086,0.6491228070175439,0.37593984962406013,0.6332518337408314,0.36674816625916873,-185.0,166.0,True,True,True,DAL,DAL,DAL,1.0,1.0,0.6139709079885491,0.6332518337408314,0.6332518337408314,-0.01928092575228224,-185.0,0.5405405405405406,-185.0,0.5405405405405406,2.496463466381987,3.5,-1.0035365336180129,6.0,2.5
2018,14,2018_14_PIT_OAK,LV,PIT,0.3238762630913662,0.6761237369086338,0.2066115702479339,0.8178506375227687,0.2016780791724219,0.798321920827578,384.0,-449.0,False,False,True,PIT,PIT,LV,0.0,0.0,0.6761237369086338,0.798321920827578,0.798321920827578,-0.12219818391894421,-449.0,-1.0,-449.0,-1.0,-2.7144786356520663,-10.5,7.785521364347934,3.0,13.5
2018,15,2018_15_ARI_ATL,ATL,ARI,0.7059511257520538,0.29404887424794623,0.7925311203319502,0.23148148148148148,0.7739466476569241,0.22605335234307583,-382.0,332.0,True,True,True,ATL,ATL,ATL,1.0,1.0,0.7059511257520538,0.7739466476569241,0.7739466476569241,-0.06799552190487035,-382.0,0.26178010471204183,-382.0,0.26178010471204183,6.0725737874797,10.0,-3.9274262125202997,26.0,16.0
2018,15,2018_15_CLE_DEN,DEN,CLE,0.4877435724072591,0.5122564275927409,0.5614035087719298,0.46296296296296297,0.5480494766888677,0.4519505233111322,-128.0,116.0,False,True,False,CLE,DEN,CLE,1.0,0.0,0.5122564275927409,0.5480494766888677,0.4519505233111322,0.0603059042816087,116.0,1.1600000000000001,-128.0,-1.0,1.4959371813556634,1.0,0.49593718135566345,-1.0,-2.0
2018,15,2018_15_DAL_IND,IND,DAL,0.6000722499330421,0.3999277500669579,0.6323529411764706,0.39215686274509803,0.6172248803827751,0.38277511961722493,-172.0,155.0,True,True,True,IND,IND,IND,1.0,1.0,0.6000722499330421,0.6172248803827751,0.6172248803827751,-0.01715263044973303,-172.0,0.5813953488372094,-172.0,0.5813953488372094,3.004020542024734,3.0,0.0040205420247341195,23.0,20.0
2018,15,2018_15_DET_BUF,BUF,DET,0.6420023829423376,0.3579976170576624,0.5934959349593496,0.43103448275862066,0.5792858120125872,0.4207141879874127,-146.0,132.0,True,True,True,BUF,BUF,BUF,1.0,1.0,0.6420023829423376,0.5792858120125872,0.5792858120125872,0.06271657092975036,-146.0,0.6849315068493151,-146.0,0.6849315068493151,-0.0103731848540928,2.5,-2.510373184854093,1.0,-1.5
2018,15,2018_15_GB_CHI,CHI,GB,0.6225674424694128,0.37743255753058724,0.7126436781609196,0.3115264797507788,0.6958254667505769,0.30417453324942306,-248.0,221.0,True,True,True,CHI,CHI,CHI,1.0,1.0,0.6225674424694128,0.6958254667505769,0.6958254667505769,-0.07325802428116412,-248.0,0.403225806451613,-248.0,0.403225806451613,3.6441552217539135,6.0,-2.3558447782460865,7.0,1.0
2018,15,2018_15_HOU_NYJ,NYJ,HOU,0.3273857534694012,0.6726142465305989,0.28328611898017,0.7409326424870466,0.2765875120021783,0.7234124879978217,253.0,-286.0,False,False,True,HOU,HOU,HOU,1.0,1.0,0.6726142465305989,0.7234124879978217,0.7234124879978217,-0.05079824146722278,-286.0,0.3496503496503496,-286.0,0.3496503496503496,-9.8882419458231,-7.0,-2.8882419458231006,-7.0,0.0
2018,15,2018_15_LAC_KC,KC,LAC,0.609485411906944,0.39051458809305595,0.6598639455782312,0.36496350364963503,0.6438780948689375,0.3561219051310626,-194.0,174.0,True,True,True,KC,KC,LAC,0.0,0.0,0.609485411906944,0.6438780948689375,0.6438780948689375,-0.03439268296199349,-194.0,-1.0,-194.0,-1.0,3.545849152705484,3.5,0.04584915270548384,-1.0,-4.5
2018,15,2018_15_MIA_MIN,MIN,MIA,0.6652328304675778,0.33476716953242225,0.7807017543859649,0.24330900243309003,0.7623960482711186,0.2376039517288814,-356.0,311.0,True,True,True,MIN,MIN,MIN,1.0,1.0,0.6652328304675778,0.7623960482711186,0.7623960482711186,-0.09716321780354087,-356.0,0.2808988764044944,-356.0,0.2808988764044944,6.184624247713653,7.5,-1.3153757522863474,24.0,16.5
2018,15,2018_15_NE_PIT,PIT,NE,0.4766258191108581,0.5233741808891419,0.4608294930875576,0.5633187772925764,0.4499636492248442,0.5500363507751557,117.0,-129.0,False,False,True,NE,NE,PIT,0.0,0.0,0.5233741808891419,0.5500363507751557,0.5500363507751557,-0.026662169886013776,-129.0,-1.0,-129.0,-1.0,0.3612318018329457,-2.5,2.861231801832946,7.0,9.5
2018,15,2018_15_NO_CAR,CAR,NO,0.3496403802293027,0.6503596197706973,0.3115264797507788,0.7126436781609196,0.30417453324942306,0.6958254667505769,221.0,-248.0,False,False,True,NO,NO,NO,1.0,1.0,0.6503596197706973,0.6958254667505769,0.6958254667505769,-0.04546584697987954,-248.0,0.403225806451613,-248.0,0.403225806451613,-4.968111113261138,-6.0,1.0318888867388623,-3.0,3.0
2018,15,2018_15_OAK_CIN,CIN,LV,0.5397224600702413,0.46027753992975873,0.6078431372549019,0.4166666666666667,0.5933014354066986,0.4066985645933015,-155.0,140.0,True,True,True,CIN,CIN,CIN,1.0,1.0,0.5397224600702413,0.5933014354066986,0.5933014354066986,-0.05357897533645728,-155.0,0.6451612903225805,-155.0,0.6451612903225805,3.773929820932621,3.0,0.7739298209326209,14.0,11.0
2018,15,2018_15_PHI_LA,LA,PHI,0.680280459581363,0.31971954041863704,0.8888888888888888,0.14492753623188406,0.8598130841121495,0.14018691588785048,-800.0,590.0,True,True,True,LA,LA,PHI,0.0,0.0,0.680280459581363,0.8598130841121495,0.8598130841121495,-0.17953262453078656,-800.0,-1.0,-800.0,-1.0,4.918084710494941,13.5,-8.581915289505059,-7.0,-20.5
2018,15,2018_15_SEA_SF,SF,SEA,0.3775279647191963,0.6224720352808037,0.34965034965034963,0.6742671009771987,0.3414829480990412,0.6585170519009588,186.0,-207.0,False,False,True,SEA,SEA,SF,0.0,0.0,0.6224720352808037,0.6585170519009588,0.6585170519009588,-0.036045016620155024,-207.0,-1.0,-207.0,-1.0,-4.53865789286054,-3.5,-1.0386578928605399,3.0,6.5
2018,15,2018_15_TB_BAL,BAL,TB,0.6467046309349155,0.3532953690650845,0.7907949790794979,0.2336448598130841,0.7719291548973205,0.2280708451026796,-378.0,328.0,True,True,True,BAL,BAL,BAL,1.0,1.0,0.6467046309349155,0.7719291548973205,0.7719291548973205,-0.12522452396240502,-378.0,0.26455026455026465,-378.0,0.26455026455026465,4.634258857268703,8.5,-3.865741142731297,8.0,-0.5
2018,15,2018_15_TEN_NYG,NYG,TEN,0.5081390617233147,0.4918609382766853,0.4716981132075472,0.5515695067264574,0.46097238299983456,0.5390276170001653,112.0,-123.0,True,False,False,NYG,TEN,TEN,0.0,1.0,0.5081390617233147,0.5390276170001653,0.46097238299983456,0.04716667872348013,112.0,-1.0,-123.0,0.8130081300813008,0.3443163413963508,-2.5,2.844316341396351,-17.0,-14.5
2018,15,2018_15_WAS_JAX,JAX,WAS,0.6865021560482256,0.3134978439517744,0.771689497716895,0.25252525252525254,0.7534450148608485,0.2465549851391516,-338.0,296.0,True,True,True,JAX,JAX,WAS,0.0,0.0,0.6865021560482256,0.7534450148608485,0.7534450148608485,-0.06694285881262285,-338.0,-1.0,-338.0,-1.0,7.348708873978659,7.5,-0.15129112602134143,-3.0,-10.5
2018,16,2018_16_ATL_CAR,CAR,ATL,0.4222193469898432,0.5777806530101568,0.4291845493562232,0.5951417004048583,0.41899204424013164,0.5810079557598683,133.0,-147.0,False,False,True,ATL,ATL,ATL,1.0,1.0,0.5777806530101568,0.5810079557598683,0.5810079557598683,-0.0032273027497115025,-147.0,0.6802721088435373,-147.0,0.6802721088435373,-0.3661530871355296,-2.5,2.1338469128644704,-14.0,-11.5
2018,16,2018_16_BAL_LAC,LAC,BAL,0.6688720416065452,0.33112795839345477,0.6644295302013423,0.3597122302158273,0.6487671491207393,0.35123285087926076,-198.0,178.0,True,True,True,LAC,LAC,BAL,0.0,0.0,0.6688720416065452,0.6487671491207393,0.6487671491207393,0.020104892485805936,-198.0,-1.0,-198.0,-1.0,3.5446372782469493,4.0,-0.4553627217530507,-12.0,-16.0
2018,16,2018_16_BUF_NE,NE,BUF,0.6918496274813354,0.3081503725186646,0.8823529411764706,0.15151515151515152,0.8534482758620688,0.14655172413793102,-750.0,560.0,True,True,True,NE,NE,NE,1.0,1.0,0.6918496274813354,0.8534482758620688,0.8534482758620688,-0.16159864838073346,-750.0,0.1333333333333333,-750.0,0.1333333333333333,6.287748790176354,14.0,-7.712251209823646,12.0,-2.0
2018,16,2018_16_CHI_SF,SF,CHI,0.3820423963358911,0.6179576036641089,0.36900369003690037,0.6551724137931034,0.360293204124736,0.6397067958752639,171.0,-190.0,False,False,True,CHI,CHI,CHI,1.0,1.0,0.6179576036641089,0.6397067958752639,0.6397067958752639,-0.02174919221115501,-190.0,0.5263157894736841,-190.0,0.5263157894736841,1.5655437358712687,-3.5,5.065543735871269,-5.0,-1.5
2018,16,2018_16_CIN_CLE,CLE,CIN,0.6663277509474622,0.3336722490525378,0.7938144329896907,0.2304147465437788,0.7750359478640011,0.2249640521359989,-385.0,334.0,True,True,True,CLE,CLE,CLE,1.0,1.0,0.6663277509474622,0.7750359478640011,0.7750359478640011,-0.10870819691653888,-385.0,0.2597402597402598,-385.0,0.2597402597402598,2.9225193321405216,10.0,-7.077480667859478,8.0,-2.0
2018,16,2018_16_DEN_OAK,LV,DEN,0.4344802719399051,0.5655197280600949,0.45871559633027525,0.5652173913043478,0.4479937670432412,0.5520062329567589,118.0,-130.0,False,False,True,DEN,DEN,LV,0.0,0.0,0.5655197280600949,0.5520062329567589,0.5520062329567589,0.013513495103335993,-130.0,-1.0,-130.0,-1.0,2.9702049023363823,-2.5,5.470204902336382,13.0,15.5
2018,16,2018_16_GB_NYJ,NYJ,GB,0.3702098275664095,0.6297901724335905,0.43859649122807015,0.5850622406639004,0.42845967856634903,0.5715403214336511,128.0,-141.0,False,False,True,GB,GB,GB,1.0,1.0,0.6297901724335905,0.5715403214336511,0.5715403214336511,0.0582498509999394,-141.0,0.7092198581560285,-141.0,0.7092198581560285,0.6595095556221101,-3.0,3.65950955562211,-6.0,-3.0
2018,16,2018_16_HOU_PHI,PHI,HOU,0.4856183638787702,0.5143816361212298,0.5515695067264574,0.47393364928909953,0.537852568752202,0.46214743124779806,-123.0,111.0,False,True,False,HOU,PHI,PHI,0.0,1.0,0.5143816361212298,0.537852568752202,0.46214743124779806,0.05223420487343172,111.0,-1.0,-123.0,0.8130081300813008,1.3290713021326677,1.0,0.32907130213266766,2.0,1.0
2018,16,2018_16_JAX_MIA,MIA,JAX,0.5699105615477265,0.43008943845227354,0.6047430830039525,0.41841004184100417,0.5910582378327702,0.40894176216722966,-153.0,139.0,True,True,True,MIA,MIA,JAX,0.0,0.0,0.5699105615477265,0.5910582378327702,0.5910582378327702,-0.02114767628504377,-153.0,-1.0,-153.0,-1.0,1.505113685297956,3.0,-1.494886314702044,-10.0,-13.0
2018,16,2018_16_KC_SEA,SEA,KC,0.435650885023234,0.564349114976766,0.4878048780487805,0.5391705069124424,0.47499179161650434,0.5250082083834957,105.0,-117.0,False,False,True,KC,KC,SEA,0.0,0.0,0.564349114976766,0.5250082083834957,0.5250082083834957,0.039340906593270275,-117.0,-1.0,-117.0,-1.0,-3.4593701664679,-1.0,-2.4593701664679,7.0,8.0
2018,16,2018_16_LA_ARI,ARI,LA,0.3488793088138316,0.6511206911861684,0.16233766233766234,0.8716302952503209,0.15700453882184118,0.8429954611781588,516.0,-679.0,False,False,True,LA,LA,LA,1.0,1.0,0.6511206911861684,0.8429954611781588,0.8429954611781588,-0.19187476999199038,-679.0,0.1472754050073637,-679.0,0.1472754050073637,-2.9664306364064497,-14.5,11.53356936359355,-22.0,-7.5
2018,16,2018_16_MIN_DET,DET,MIN,0.3821157657427719,0.6178842342572282,0.2976190476190476,0.726775956284153,0.2905315298152029,0.7094684701847972,236.0,-266.0,False,False,True,MIN,MIN,MIN,1.0,1.0,0.6178842342572282,0.7094684701847972,0.7094684701847972,-0.09158423592756904,-266.0,0.37593984962406024,-266.0,0.37593984962406024,-3.5143040899843943,-6.5,2.9856959100156057,-18.0,-11.5
2018,16,2018_16_NYG_IND,IND,NYG,0.7034425557588715,0.2965574442411285,0.8,0.2242152466367713,0.7810858143607706,0.21891418563922943,-400.0,346.0,True,True,True,IND,IND,IND,1.0,1.0,0.7034425557588715,0.7810858143607706,0.7810858143607706,-0.07764325860189913,-400.0,0.25,-400.0,0.25,4.758332714378425,10.0,-5.241667285621575,1.0,-9.0
2018,16,2018_16_PIT_NO,NO,PIT,0.6572247970984074,0.3427752029015926,0.7289972899728997,0.2958579881656805,0.7113173006211763,0.2886826993788237,-269.0,238.0,True,True,True,NO,NO,NO,1.0,1.0,0.6572247970984074,0.7113173006211763,0.7113173006211763,-0.05409250352276884,-269.0,0.37174721189591065,-269.0,0.37174721189591065,7.255212123087368,6.5,0.7552121230873681,3.0,-3.5
2018,16,2018_16_TB_DAL,DAL,TB,0.6446219774067783,0.3553780225932217,0.7590361445783133,0.26525198938992045,0.741037721131946,0.25896227886805406,-315.0,277.0,True,True,True,DAL,DAL,DAL,1.0,1.0,0.6446219774067783,0.741037721131946,0.741037721131946,-0.0964157437251677,-315.0,0.31746031746031744,-315.0,0.31746031746031744,4.953643883802562,7.0,-2.0463561161974377,7.0,0.0
2018,16,2018_16_WAS_TEN,TEN,WAS,0.7075269812911738,0.29247301870882625,0.8569384835479256,0.1721170395869191,0.8327427085152865,0.16725729148471355,-599.0,481.0,True,True,True,TEN,TEN,TEN,1.0,1.0,0.7075269812911738,0.8327427085152865,0.8327427085152865,-0.12521572722411278,-599.0,0.1669449081803005,-599.0,0.1669449081803005,7.587982140497157,12.5,-4.912017859502843,9.0,-3.5
2018,17,2018_17_ARI_SEA,SEA,ARI,0.7063070510189301,0.2936929489810699,0.8915401301518439,0.1422475106685633,0.8624016141693505,0.1375983858306495,-822.0,603.0,True,True,True,SEA,SEA,SEA,1.0,1.0,0.7063070510189301,0.8624016141693505,0.8624016141693505,-0.15609456315042036,-822.0,0.12165450121654509,-822.0,0.12165450121654509,5.245268045522843,15.5,-10.254731954477158,3.0,-12.5
2018,17,2018_17_ATL_TB,TB,ATL,0.4163421047282285,0.5836578952717715,0.4366812227074236,0.5867768595041323,0.42667230861454913,0.5733276913854508,129.0,-142.0,False,False,True,ATL,ATL,ATL,1.0,1.0,0.5836578952717715,0.5733276913854508,0.5733276913854508,0.010330203886320666,-142.0,0.704225352112676,-142.0,0.704225352112676,-0.9388286894520694,-2.5,1.5611713105479306,-2.0,0.5
2018,17,2018_17_CAR_NO,NO,CAR,0.7133592314877137,0.28664076851228626,0.7584541062801933,0.26595744680851063,0.7403802739176241,0.25961972608237593,-314.0,276.0,True,True,True,NO,NO,CAR,0.0,0.0,0.7133592314877137,0.7403802739176241,0.7403802739176241,-0.027021042429910325,-314.0,-1.0,-314.0,-1.0,5.834801891334836,8.0,-2.165198108665164,-19.0,-27.0
2018,17,2018_17_CHI_MIN,MIN,CHI,0.5377314349137285,0.46226856508627145,0.696969696969697,0.32786885245901637,0.6800775569558896,0.3199224430441105,-230.0,205.0,True,True,True,MIN,MIN,CHI,0.0,0.0,0.5377314349137285,0.6800775569558896,0.6800775569558896,-0.14234612204216102,-230.0,-1.0,-230.0,-1.0,1.8655980184720904,6.0,-4.13440198152791,-14.0,-20.0
2018,17,2018_17_CIN_PIT,PIT,CIN,0.6965467072095519,0.3034532927904481,0.8704663212435233,0.16339869281045752,0.841953552360051,0.1580464476399489,-672.0,512.0,True,True,True,PIT,PIT,PIT,1.0,1.0,0.6965467072095519,0.841953552360051,0.841953552360051,-0.14540684515049906,-672.0,0.14880952380952372,-672.0,0.14880952380952372,5.350025752677136,14.0,-8.649974247322863,3.0,-11.0
2018,17,2018_17_CLE_BAL,BAL,CLE,0.5628748409043289,0.43712515909567107,0.7647058823529411,0.2597402597402597,0.7464578672632363,0.25354213273676357,-325.0,285.0,True,True,True,BAL,BAL,BAL,1.0,1.0,0.5628748409043289,0.7464578672632363,0.7464578672632363,-0.18358302635890733,-325.0,0.3076923076923077,-325.0,0.3076923076923077,4.460148923412323,7.0,-2.539851076587677,2.0,-5.0
2018,17,2018_17_DAL_NYG,NYG,DAL,0.6157626774811763,0.3842373225188237,0.771689497716895,0.25316455696202533,0.7529750155095595,0.24702498449044044,-338.0,295.0,True,True,True,NYG,NYG,DAL,0.0,0.0,0.6157626774811763,0.7529750155095595,0.7529750155095595,-0.13721233802838317,-338.0,-1.0,-338.0,-1.0,3.3955710957061283,7.5,-4.104428904293872,-1.0,-8.5
2018,17,2018_17_DET_GB,GB,DET,0.7124637079613272,0.2875362920386728,0.7641509433962265,0.2604166666666667,0.7458277383464417,0.25417226165355844,-324.0,284.0,True,True,True,GB,GB,DET,0.0,0.0,0.7124637079613272,0.7458277383464417,0.7458277383464417,-0.033364030385114485,-324.0,-1.0,-324.0,-1.0,4.1652084078489855,7.5,-3.3347915921510145,-31.0,-38.5
2018,17,2018_17_IND_TEN,TEN,IND,0.3746412187205405,0.6253587812794594,0.3448275862068966,0.6794871794871795,0.3366422097539922,0.6633577902460077,190.0,-212.0,False,False,True,IND,IND,IND,1.0,1.0,0.6253587812794594,0.6633577902460077,0.6633577902460077,-0.03799900896654829,-212.0,0.4716981132075473,-212.0,0.4716981132075473,-3.4664447538345664,-5.0,1.5335552461654336,-16.0,-11.0
2018,17,2018_17_JAX_HOU,HOU,JAX,0.7327026918538662,0.26729730814613384,0.7566909975669099,0.26737967914438504,0.7389050529177836,0.2610949470822163,-311.0,274.0,True,True,True,HOU,HOU,HOU,1.0,1.0,0.7327026918538662,0.7389050529177836,0.7389050529177836,-0.006202361063917472,-311.0,0.3215434083601285,-311.0,0.3215434083601285,4.896853657468491,7.0,-2.1031463425315087,17.0,10.0
2018,17,2018_17_LAC_DEN,DEN,LAC,0.4216069179739536,0.5783930820260463,0.2949852507374631,0.7297297297297297,0.28787053606161983,0.7121294639383801,239.0,-270.0,False,False,True,LAC,LAC,LAC,1.0,1.0,0.5783930820260463,0.7121294639383801,0.7121294639383801,-0.13373638191233372,-270.0,0.37037037037037024,-270.0,0.37037037037037024,-7.358683497596861,-7.0,-0.3586834975968607,-14.0,-7.0
2018,17,2018_17_MIA_BUF,BUF,MIA,0.6389858140564776,0.3610141859435224,0.7142857142857143,0.3105590062111801,0.6969696969696969,0.303030303030303,-250.0,222.0,True,True,True,BUF,BUF,BUF,1.0,1.0,0.6389858140564776,0.6969696969696969,0.6969696969696969,-0.05798388291321932,-250.0,0.3999999999999999,-250.0,0.3999999999999999,1.3106157416486794,5.5,-4.18938425835132,25.0,19.5
2018,17,2018_17_NYJ_NE,NE,NYJ,0.5775873414907096,0.42241265850929044,0.8945147679324894,0.1392757660167131,0.865276609290798,0.13472339070920214,-848.0,618.0,True,True,True,NE,NE,NE,1.0,1.0,0.5775873414907096,0.865276609290798,0.865276609290798,-0.2876892678000884,-848.0,0.11792452830188682,-848.0,0.11792452830188682,4.88246415216858,14.0,-9.11753584783142,35.0,21.0
2018,17,2018_17_OAK_KC,KC,LV,0.7336781429590064,0.26632185704099365,0.8881431767337807,0.1457725947521866,0.859009216444509,0.14099078355549108,-794.0,586.0,True,True,True,KC,KC,KC,1.0,1.0,0.7336781429590064,0.859009216444509,0.859009216444509,-0.12533107348550265,-794.0,0.12594458438287148,-794.0,0.12594458438287148,6.219105104171969,14.5,-8.28089489582803,32.0,17.5
2018,17,2018_17_PHI_WAS,WAS,PHI,0.3665372520333938,0.6334627479666062,0.31446540880503143,0.7101449275362319,0.3069121964238057,0.6930878035761944,218.0,-245.0,False,False,True,PHI,PHI,PHI,1.0,1.0,0.6334627479666062,0.6930878035761944,0.6930878035761944,-0.059625055609588196,-245.0,0.40816326530612246,-245.0,0.40816326530612246,-4.754109950003103,-6.0,1.2458900499968966,-24.0,-18.0
2018,17,2018_17_SF_LA,LA,SF,0.6860830509616886,0.31391694903831135,0.8181818181818182,0.20618556701030927,0.7987191216834401,0.20128087831655989,-450.0,385.0,True,True,True,LA,LA,LA,1.0,1.0,0.6860830509616886,0.7987191216834401,0.7987191216834401,-0.11263607072175141,-450.0,0.22222222222222232,-450.0,0.22222222222222232,7.381900217374918,10.5,-3.118099782625082,16.0,5.5
2018,18,2018_18_IND_HOU,HOU,IND,0.5436973180357869,0.4563026819642131,0.5535714285714286,0.4716981132075472,0.5399277029247453,0.4600722970752547,-124.0,112.0,True,True,True,HOU,HOU,IND,0.0,0.0,0.5436973180357869,0.5399277029247453,0.5399277029247453,0.0037696151110415688,-124.0,-1.0,-124.0,-1.0,2.7591019741302025,2.0,0.7591019741302025,-14.0,-16.0
2018,18,2018_18_LAC_BAL,BAL,LAC,0.5689681517872484,0.43103184821275164,0.6078431372549019,0.4166666666666667,0.5933014354066986,0.4066985645933015,-155.0,140.0,True,True,True,BAL,BAL,LAC,0.0,0.0,0.5689681517872484,0.5933014354066986,0.5933014354066986,-0.024333283619450197,-155.0,-1.0,-155.0,-1.0,1.6233101692171723,3.0,-1.3766898307828277,-6.0,-9.0
2018,18,2018_18_PHI_CHI,CHI,PHI,0.6729600189801204,0.32703998101987963,0.726027397260274,0.29850746268656714,0.7086409898223908,0.29135901017760923,-265.0,235.0,True,True,True,CHI,CHI,PHI,0.0,0.0,0.6729600189801204,0.7086409898223908,0.7086409898223908,-0.0356809708422704,-265.0,-1.0,-265.0,-1.0,5.507820263352058,6.5,-0.9921797366479419,-1.0,-7.5
2018,18,2018_18_SEA_DAL,DAL,SEA,0.4261756038245414,0.5738243961754586,0.5983935742971888,0.425531914893617,0.5844112492697988,0.4155887507302011,-149.0,135.0,False,True,False,SEA,DAL,DAL,0.0,1.0,0.5738243961754586,0.5844112492697988,0.4155887507302011,0.15823564544525748,135.0,-1.0,-149.0,0.6711409395973154,1.5030586411585238,2.5,-0.9969413588414762,2.0,-0.5
2018,19,2018_19_DAL_LA,LA,DAL,0.6751559177396107,0.3248440822603893,0.771689497716895,0.25252525252525254,0.7534450148608485,0.2465549851391516,-338.0,296.0,True,True,True,LA,LA,LA,1.0,1.0,0.6751559177396107,0.7534450148608485,0.7534450148608485,-0.07828909712123777,-338.0,0.29585798816568043,-338.0,0.29585798816568043,4.573338033582993,7.5,-2.926661966417007,8.0,0.5
2018,19,2018_19_IND_KC,KC,IND,0.5995250161245531,0.4004749838754469,0.66996699669967,0.3546099290780142,0.6538962374066205,0.3461037625933795,-203.0,182.0,True,True,True,KC,KC,KC,1.0,1.0,0.5995250161245531,0.6538962374066205,0.6538962374066205,-0.054371221282067395,-203.0,0.4926108374384237,-203.0,0.4926108374384237,4.416868187499311,4.0,0.4168681874993112,18.0,14.0
2018,19,2018_19_LAC_NE,NE,LAC,0.6488568065004601,0.35114319349953993,0.6539792387543253,0.37037037037037035,0.6384336294257477,0.3615663705742525,-189.0,170.0,True,True,True,NE,NE,NE,1.0,1.0,0.6488568065004601,0.6384336294257477,0.6384336294257477,0.010423177074712409,-189.0,0.5291005291005291,-189.0,0.5291005291005291,3.135260597882725,4.0,-0.8647394021172752,13.0,9.0
2018,19,2018_19_PHI_NO,NO,PHI,0.681961955203249,0.318038044796751,0.7885835095137421,0.2358490566037736,0.7697759087280727,0.23022409127192725,-373.0,324.0,True,True,True,NO,NO,NO,1.0,1.0,0.681961955203249,0.7697759087280727,0.7697759087280727,-0.08781395352482368,-373.0,0.26809651474530827,-373.0,0.26809651474530827,6.783021689665939,8.5,-1.7169783103340608,6.0,-2.5
2018,20,2018_20_LA_NO,NO,LA,0.592225613332835,0.40777438666716503,0.6108949416342413,0.4132231404958678,0.5965083053348824,0.4034916946651176,-157.0,142.0,True,True,True,NO,NO,LA,0.0,0.0,0.592225613332835,0.5965083053348824,0.5965083053348824,-0.00428269200204745,-157.0,-1.0,-157.0,-1.0,5.535033721819275,3.0,2.535033721819275,-3.0,-6.0
2018,20,2018_20_NE_KC,KC,NE,0.6669654593978569,0.3330345406021431,0.6336996336996337,0.390625,0.6186511705872493,0.3813488294127508,-173.0,156.0,True,True,True,KC,KC,NE,0.0,0.0,0.6669654593978569,0.6186511705872493,0.6186511705872493,0.04831428881060762,-173.0,-1.0,-173.0,-1.0,3.848588604798352,3.0,0.8485886047983522,-6.0,-9.0
2018,21,2018_21_NE_LA,LA,NE,0.4882852446994187,0.5117147553005813,0.47393364928909953,0.5515695067264574,0.46214743124779806,0.537852568752202,111.0,-123.0,False,False,True,NE,NE,NE,1.0,1.0,0.5117147553005813,0.537852568752202,0.537852568752202,-0.026137813451620695,-123.0,0.8130081300813008,-123.0,0.8130081300813008,-0.7837659079973095,-2.0,1.2162340920026904,-10.0,-8.0
2019,1,2019_01_ATL_MIN,MIN,ATL,0.4625657531675614,0.5374342468324387,0.6376811594202898,0.3861003861003861,0.6228683865325755,0.37713161346742463,-176.0,159.0,False,True,False,ATL,MIN,MIN,0.0,1.0,0.5374342468324387,0.6228683865325755,0.37713161346742463,0.16030263336501405,159.0,-1.0,-176.0,0.5681818181818183,1.5264266675898772,3.5,-1.9735733324101228,16.0,12.5
2019,1,2019_01_BAL_MIA,MIA,BAL,0.3324556257438884,0.6675443742561116,0.27548209366391185,0.7487437185929648,0.2689661697325205,0.7310338302674794,263.0,-298.0,False,False,True,BAL,BAL,BAL,1.0,1.0,0.6675443742561116,0.7310338302674794,0.7310338302674794,-0.0634894560113678,-298.0,0.3355704697986577,-298.0,0.3355704697986577,-4.184470065966753,-7.0,2.815529934033247,-49.0,-42.0
2019,1,2019_01_BUF_NYJ,NYJ,BUF,0.4958941657271808,0.5041058342728192,0.5983935742971888,0.425531914893617,0.5844112492697988,0.4155887507302011,-149.0,135.0,False,True,False,BUF,NYJ,BUF,1.0,0.0,0.5041058342728192,0.5844112492697988,0.4155887507302011,0.08851708354261811,135.0,1.35,-149.0,-1.0,0.5891751266844072,2.5,-1.9108248733155928,-1.0,-3.5
2019,1,2019_01_CIN_SEA,SEA,CIN,0.6089211500454932,0.3910788499545068,0.7991967871485943,0.22522522522522523,0.7801440983259166,0.21985590167408353,-398.0,344.0,True,True,True,SEA,SEA,SEA,1.0,1.0,0.6089211500454932,0.7801440983259166,0.7801440983259166,-0.1712229482804234,-398.0,0.25125628140703515,-398.0,0.25125628140703515,1.8557268880001536,9.5,-7.644273111999846,1.0,-8.5
2019,1,2019_01_DEN_OAK,LV,DEN,0.4280683602430584,0.5719316397569416,0.425531914893617,0.5983935742971888,0.4155887507302011,0.5844112492697988,135.0,-149.0,False,False,True,DEN,DEN,LV,0.0,0.0,0.5719316397569416,0.5844112492697988,0.5844112492697988,-0.012479609512857204,-149.0,-1.0,-149.0,-1.0,-2.088895381201108,-3.0,0.911104618798892,8.0,11.0
2019,1,2019_01_GB_CHI,CHI,GB,0.5186347425612822,0.48136525743871783,0.6402877697841727,0.38461538461538464,0.6247300215982722,0.3752699784017279,-178.0,160.0,True,True,True,CHI,CHI,GB,0.0,0.0,0.5186347425612822,0.6247300215982722,0.6247300215982722,-0.10609527903699001,-178.0,-1.0,-178.0,-1.0,-1.3590417771358043,3.5,-4.859041777135804,-7.0,-10.5
2019,1,2019_01_HOU_NO,NO,HOU,0.5860970327559022,0.4139029672440978,0.7560975609756098,0.2680965147453083,0.7382366085679627,0.2617633914320373,-310.0,273.0,True,True,True,NO,NO,NO,1.0,1.0,0.5860970327559022,0.7382366085679627,0.7382366085679627,-0.1521395758120605,-310.0,0.32258064516129026,-310.0,0.32258064516129026,2.1785174656424693,6.5,-4.32148253435753,2.0,-4.5
2019,1,2019_01_IND_LAC,LAC,IND,0.5749601390779044,0.42503986092209556,0.726027397260274,0.29850746268656714,0.7086409898223908,0.29135901017760923,-265.0,235.0,True,True,True,LAC,LAC,LAC,1.0,1.0,0.5749601390779044,0.7086409898223908,0.7086409898223908,-0.13368085074448632,-265.0,0.37735849056603765,-265.0,0.37735849056603765,2.993015381256927,6.0,-3.006984618743073,6.0,0.0
2019,1,2019_01_KC_JAX,JAX,KC,0.3582164445738977,0.6417835554261023,0.38022813688212925,0.6441281138790036,0.37118740340541323,0.6288125965945868,163.0,-181.0,False,False,True,KC,KC,KC,1.0,1.0,0.6417835554261023,0.6288125965945868,0.6288125965945868,0.012970958831515556,-181.0,0.5524861878453038,-181.0,0.5524861878453038,-0.9427812067821756,-3.5,2.5572187932178245,-14.0,-10.5
2019,1,2019_01_LA_CAR,CAR,LA,0.3896013533076046,0.6103986466923954,0.47393364928909953,0.5495495495495496,0.4630595302657377,0.5369404697342622,111.0,-122.0,False,False,True,LA,LA,LA,1.0,1.0,0.6103986466923954,0.5369404697342622,0.5369404697342622,0.07345817695813317,-122.0,0.819672131147541,-122.0,0.819672131147541,-1.9689654397347165,-1.5,-0.4689654397347165,-3.0,-1.5
2019,1,2019_01_NYG_DAL,DAL,NYG,0.6452264704129316,0.3547735295870684,0.7549019607843137,0.2695417789757412,0.7368896226171744,0.26311037738282556,-308.0,271.0,True,True,True,DAL,DAL,DAL,1.0,1.0,0.6452264704129316,0.7368896226171744,0.7368896226171744,-0.09166315220424281,-308.0,0.3246753246753247,-308.0,0.3246753246753247,4.212926087230724,7.0,-2.7870739127692756,18.0,11.0
2019,1,2019_01_PIT_NE,NE,PIT,0.583679363077732,0.41632063692226795,0.6951219512195121,0.33003300330033003,0.6780652506772408,0.32193474932275923,-228.0,203.0,True,True,True,NE,NE,NE,1.0,1.0,0.583679363077732,0.6780652506772408,0.6780652506772408,-0.09438588759950872,-228.0,0.4385964912280702,-228.0,0.4385964912280702,0.7411845139073211,5.5,-4.758815486092679,30.0,24.5
2019,1,2019_01_SF_TB,TB,SF,0.5034816486700243,0.4965183513299757,0.5192307692307693,0.504950495049505,0.5069715560513107,0.4930284439486894,-108.0,-102.0,True,True,True,TB,TB,SF,0.0,0.0,0.5034816486700243,0.5069715560513107,0.5069715560513107,-0.0034899073812864057,-108.0,-1.0,-108.0,-1.0,1.4839540500623536,1.0,0.4839540500623536,-14.0,-15.0
2019,1,2019_01_TEN_CLE,CLE,TEN,0.6296464651819544,0.37035353481804556,0.696969696969697,0.32679738562091504,0.6807893209518282,0.3192106790481718,-230.0,206.0,True,True,True,CLE,CLE,TEN,0.0,0.0,0.6296464651819544,0.6807893209518282,0.6807893209518282,-0.05114285576987376,-230.0,-1.0,-230.0,-1.0,2.290055499368918,5.5,-3.209944500631082,-30.0,-35.5
2019,1,2019_01_WAS_PHI,PHI,WAS,0.6672482053261174,0.3327517946738826,0.822380106571936,0.20202020202020202,0.8027917403716482,0.19720825962835176,-463.0,395.0,True,True,True,PHI,PHI,PHI,1.0,1.0,0.6672482053261174,0.8027917403716482,0.8027917403716482,-0.13554353504553085,-463.0,0.21598272138228936,-463.0,0.21598272138228936,4.43901616844392,10.5,-6.06098383155608,5.0,-5.5
2019,2,2019_02_ARI_BAL,BAL,ARI,0.7353485445837742,0.2646514554162258,0.869281045751634,0.1631321370309951,0.8419894866207438,0.15801051337925623,-665.0,513.0,True,True,True,BAL,BAL,BAL,1.0,1.0,0.7353485445837742,0.8419894866207438,0.8419894866207438,-0.10664094203696961,-665.0,0.15037593984962405,-665.0,0.15037593984962405,6.3875768870433065,13.0,-6.6124231129566935,6.0,-7.0
2019,2,2019_02_BUF_NYG,NYG,BUF,0.6262454388024885,0.3737545611975115,0.49504950495049505,0.5305164319248826,0.4827086071703758,0.5172913928296243,102.0,-113.0,True,False,False,NYG,BUF,BUF,0.0,1.0,0.6262454388024885,0.5172913928296243,0.4827086071703758,0.14353683163211273,102.0,-1.0,-113.0,0.8849557522123894,-0.4693844997391181,-1.0,0.5306155002608819,-14.0,-13.0
2019,2,2019_02_CHI_DEN,DEN,CHI,0.5242695995685381,0.47573040043146186,0.43103448275862066,0.5951417004048583,0.42003945309842866,0.5799605469015713,132.0,-147.0,True,False,False,DEN,CHI,CHI,0.0,1.0,0.5242695995685381,0.5799605469015713,0.42003945309842866,0.10423014647010947,132.0,-1.0,-147.0,0.6802721088435373,-2.2016621667518645,-3.0,0.7983378332481355,-2.0,1.0
2019,2,2019_02_CLE_NYJ,NYJ,CLE,0.431120633673254,0.568879366326746,0.2932551319648094,0.7354497354497355,0.28507217303428406,0.7149278269657159,241.0,-278.0,False,False,True,CLE,CLE,CLE,1.0,1.0,0.568879366326746,0.7149278269657159,0.7149278269657159,-0.14604846063896992,-278.0,0.3597122302158273,-278.0,0.3597122302158273,-3.179520973657291,-6.5,3.320479026342709,-20.0,-13.5
2019,2,2019_02_DAL_WAS,WAS,DAL,0.3763207342279978,0.6236792657720023,0.3003003003003003,0.7282608695652174,0.29196153724096346,0.7080384627590365,233.0,-268.0,False,False,True,DAL,DAL,DAL,1.0,1.0,0.6236792657720023,0.7080384627590365,0.7080384627590365,-0.0843591969870342,-268.0,0.3731343283582089,-268.0,0.3731343283582089,-4.2833639366921386,-6.0,1.7166360633078614,-10.0,-4.0
2019,2,2019_02_IND_TEN,TEN,IND,0.5888601726267246,0.41113982737327537,0.6402877697841727,0.38461538461538464,0.6247300215982722,0.3752699784017279,-178.0,160.0,True,True,True,TEN,TEN,IND,0.0,0.0,0.5888601726267246,0.6247300215982722,0.6247300215982722,-0.03586984897154755,-178.0,-1.0,-178.0,-1.0,0.6256701682906518,3.0,-2.374329831709348,-2.0,-5.0
2019,2,2019_02_JAX_HOU,HOU,JAX,0.6994117417180948,0.30058825828190516,0.7706422018348624,0.25906735751295334,0.7484073492752285,0.25159265072477144,-336.0,286.0,True,True,True,HOU,HOU,HOU,1.0,1.0,0.6994117417180948,0.7484073492752285,0.7484073492752285,-0.048995607557133614,-336.0,0.29761904761904767,-336.0,0.29761904761904767,4.735582007192127,7.5,-2.764417992807873,1.0,-6.5
2019,2,2019_02_KC_OAK,LV,KC,0.337094337224083,0.662905662775917,0.2840909090909091,0.7455470737913485,0.27591339268162546,0.7240866073183745,252.0,-293.0,False,False,True,KC,KC,KC,1.0,1.0,0.662905662775917,0.7240866073183745,0.7240866073183745,-0.06118094454245748,-293.0,0.341296928327645,-293.0,0.341296928327645,-5.395610185407409,-7.0,1.604389814592591,-18.0,-11.0
2019,2,2019_02_LAC_DET,DET,LAC,0.5146251434715828,0.48537485652841716,0.5073891625615764,0.5169082125603864,0.4953533757725013,0.5046466242274987,-103.0,-107.0,True,False,False,DET,LAC,DET,1.0,0.0,0.5146251434715828,0.5046466242274987,0.4953533757725013,0.01927176769908151,-103.0,0.970873786407767,-107.0,-1.0,-1.805049276361636,-1.0,-0.8050492763616359,3.0,4.0
2019,2,2019_02_MIN_GB,GB,MIN,0.6081662164740619,0.3918337835259381,0.6226415094339622,0.4032258064516129,0.6069415603678434,0.39305843963215664,-165.0,148.0,True,True,True,GB,GB,GB,1.0,1.0,0.6081662164740619,0.6069415603678434,0.6069415603678434,0.001224656106218469,-165.0,0.606060606060606,-165.0,0.606060606060606,0.3277205738741497,3.0,-2.6722794261258502,5.0,2.0
2019,2,2019_02_NE_MIA,MIA,NE,0.3728251907191559,0.6271748092808441,0.10204081632653061,0.9285714285714286,0.099009900990099,0.9009900990099009,880.0,-1300.0,False,False,True,NE,NE,NE,1.0,1.0,0.6271748092808441,0.9009900990099009,0.9009900990099009,-0.2738152897290568,-1300.0,0.07692307692307687,-1300.0,0.07692307692307687,-4.936374989501632,-18.0,13.063625010498368,-43.0,-25.0
2019,2,2019_02_NO_LA,LA,NO,0.5951819982828259,0.4048180017171741,0.5412844036697247,0.4830917874396135,0.5284039285250725,0.4715960714749275,-118.0,107.0,True,True,True,LA,LA,LA,1.0,1.0,0.5951819982828259,0.5284039285250725,0.5284039285250725,0.06677806975775347,-118.0,0.847457627118644,-118.0,0.847457627118644,1.3838031967192674,2.0,-0.6161968032807326,18.0,16.0
2019,2,2019_02_PHI_ATL,ATL,PHI,0.5348319101127995,0.4651680898872005,0.5121951219512195,0.5121951219512195,0.5,0.5,-105.0,-105.0,True,True,True,ATL,ATL,ATL,1.0,1.0,0.5348319101127995,0.5,0.5,0.03483191011279951,-105.0,0.9523809523809523,-105.0,0.9523809523809523,-0.7062828840883167,-1.0,0.29371711591168326,4.0,5.0
2019,2,2019_02_SEA_PIT,PIT,SEA,0.6436147914514716,0.3563852085485284,0.6632996632996633,0.36363636363636365,0.6459016393442624,0.35409836065573774,-197.0,175.0,True,True,True,PIT,PIT,SEA,0.0,0.0,0.6436147914514716,0.6459016393442624,0.6459016393442624,-0.0022868478927907665,-197.0,-1.0,-197.0,-1.0,2.22907380564846,4.0,-1.77092619435154,-2.0,-6.0
2019,2,2019_02_SF_CIN,CIN,SF,0.4854794003871471,0.5145205996128529,0.5169082125603864,0.5073891625615764,0.5046466242274987,0.4953533757725013,-107.0,-103.0,False,True,False,SF,CIN,SF,1.0,0.0,0.5145205996128529,0.5046466242274987,0.4953533757725013,0.019167223840351577,-103.0,0.970873786407767,-107.0,-1.0,-0.4965323816533743,1.0,-1.4965323816533744,-24.0,-25.0
2019,2,2019_02_TB_CAR,CAR,TB,0.6569102979362044,0.34308970206379563,0.7347480106100795,0.29411764705882354,0.7141340612678193,0.2858659387321808,-277.0,240.0,True,True,True,CAR,CAR,TB,0.0,0.0,0.6569102979362044,0.7141340612678193,0.7141340612678193,-0.05722376333161494,-277.0,-1.0,-277.0,-1.0,2.256704585886585,6.5,-4.243295414113415,-6.0,-12.5
2019,3,2019_03_ATL_IND,IND,ATL,0.391635190442806,0.6083648095571941,0.5370370370370371,0.4878048780487805,0.5240193918025562,0.4759806081974437,-116.0,105.0,False,True,False,ATL,IND,IND,0.0,1.0,0.6083648095571941,0.5240193918025562,0.4759806081974437,0.13238420135975038,105.0,-1.0,-116.0,0.8620689655172413,-1.280888960496794,1.0,-2.280888960496794,3.0,2.0
2019,3,2019_03_BAL_KC,KC,BAL,0.5795772076537098,0.4204227923462902,0.6835443037974683,0.3436426116838488,0.6654526975522995,0.33454730244770053,-216.0,191.0,True,True,True,KC,KC,KC,1.0,1.0,0.5795772076537098,0.6654526975522995,0.6654526975522995,-0.08587548989858973,-216.0,0.462962962962963,-216.0,0.462962962962963,1.7176987448296788,4.5,-2.7823012551703212,5.0,0.5
2019,3,2019_03_CAR_ARI,ARI,CAR,0.5629833083959322,0.43701669160406775,0.5670995670995671,0.45871559633027525,0.5528282163459678,0.4471717836540324,-131.0,118.0,True,True,True,ARI,ARI,CAR,0.0,0.0,0.5629833083959322,0.5528282163459678,0.5528282163459678,0.010155092049964454,-131.0,-1.0,-131.0,-1.0,1.0228721463510555,2.5,-1.4771278536489445,-18.0,-20.5
2019,3,2019_03_CHI_WAS,WAS,CHI,0.4836797048591369,0.5163202951408631,0.32894736842105265,0.6987951807228916,0.320067869813358,0.679932130186642,204.0,-232.0,False,False,True,CHI,CHI,CHI,1.0,1.0,0.5163202951408631,0.679932130186642,0.679932130186642,-0.16361183504577892,-232.0,0.43103448275862055,-232.0,0.43103448275862055,-1.1905221480659829,-5.0,3.809477851934017,-16.0,-11.0
2019,3,2019_03_CIN_BUF,BUF,CIN,0.7238020046171328,0.27619799538286716,0.7159090909090909,0.3125,0.696132596685083,0.30386740331491713,-252.0,220.0,True,True,True,BUF,BUF,BUF,1.0,1.0,0.7238020046171328,0.696132596685083,0.696132596685083,0.02766940793204986,-252.0,0.39682539682539675,-252.0,0.39682539682539675,4.196234936865433,5.5,-1.3037650631345672,4.0,-1.5
2019,3,2019_03_DEN_GB,GB,DEN,0.6407294912678265,0.3592705087321735,0.765807962529274,0.26455026455026454,0.7432443808401381,0.25675561915986195,-327.0,278.0,True,True,True,GB,GB,GB,1.0,1.0,0.6407294912678265,0.7432443808401381,0.7432443808401381,-0.10251488957231158,-327.0,0.3058103975535169,-327.0,0.3058103975535169,3.361370823016004,7.0,-3.638629176983996,11.0,4.0
2019,3,2019_03_DET_PHI,PHI,DET,0.6528024584657177,0.3471975415342823,0.6794871794871795,0.3472222222222222,0.6618106139438086,0.3381893860561915,-212.0,188.0,True,True,True,PHI,PHI,DET,0.0,0.0,0.6528024584657177,0.6618106139438086,0.6618106139438086,-0.009008155478090862,-212.0,-1.0,-212.0,-1.0,2.083277290495336,4.0,-1.916722709504664,-3.0,-7.0
2019,3,2019_03_HOU_LAC,LAC,HOU,0.6261141997689118,0.3738858002310882,0.6268656716417911,0.398406374501992,0.6114139890963924,0.3885860109036074,-168.0,151.0,True,True,True,LAC,LAC,HOU,0.0,0.0,0.6261141997689118,0.6114139890963924,0.6114139890963924,0.014700210672519365,-168.0,-1.0,-168.0,-1.0,2.4397902935011992,3.0,-0.5602097064988008,-7.0,-10.0
2019,3,2019_03_LA_CLE,CLE,LA,0.4739378071844704,0.5260621928155296,0.3448275862068966,0.6825396825396826,0.33564198188598826,0.6643580181140117,190.0,-215.0,False,False,True,LA,LA,LA,1.0,1.0,0.5260621928155296,0.6643580181140117,0.6643580181140117,-0.13829582529848217,-215.0,0.4651162790697674,-215.0,0.4651162790697674,-2.5770599422781224,-4.0,1.4229400577218776,-7.0,-3.0
2019,3,2019_03_MIA_DAL,DAL,MIA,0.7279617287606956,0.27203827123930435,0.9621212121212122,0.06435006435006435,0.937309434930043,0.06269056506995697,-2540.0,1454.0,True,True,True,DAL,DAL,DAL,1.0,1.0,0.7279617287606956,0.937309434930043,0.937309434930043,-0.2093477061693474,-2540.0,0.03937007874015741,-2540.0,0.03937007874015741,5.184925001168204,22.0,-16.815074998831797,25.0,3.0
2019,3,2019_03_NO_SEA,SEA,NO,0.5700978216633653,0.4299021783366347,0.6923076923076923,0.33444816053511706,0.6742671009771987,0.3257328990228013,-225.0,199.0,True,True,True,SEA,SEA,NO,0.0,0.0,0.5700978216633653,0.6742671009771987,0.6742671009771987,-0.10416927931383335,-225.0,-1.0,-225.0,-1.0,-0.3410364163236105,5.0,-5.34103641632361,-6.0,-11.0
2019,3,2019_03_NYG_TB,TB,NYG,0.6483952710954118,0.35160472890458816,0.696969696969697,0.33112582781456956,0.6779230919383173,0.3220769080616826,-230.0,202.0,True,True,True,TB,TB,NYG,0.0,0.0,0.6483952710954118,0.6779230919383173,0.6779230919383173,-0.029527820842905506,-230.0,-1.0,-230.0,-1.0,2.859993953650645,5.0,-2.140006046349355,-1.0,-6.0
2019,3,2019_03_NYJ_NE,NE,NYJ,0.7612189016213913,0.23878109837860872,0.9515033947623667,0.07674597083653108,0.9253624914304412,0.07463750856955874,-1962.0,1203.0,True,True,True,NE,NE,NE,1.0,1.0,0.7612189016213913,0.9253624914304412,0.9253624914304412,-0.16414358980904997,-1962.0,0.050968399592252744,-1962.0,0.050968399592252744,8.946146767605546,20.5,-11.553853232394454,16.0,-4.5
2019,3,2019_03_OAK_MIN,MIN,LV,0.6926582512713891,0.30734174872861086,0.801980198019802,0.2288329519450801,0.7780073411433721,0.22199265885662792,-405.0,337.0,True,True,True,MIN,MIN,MIN,1.0,1.0,0.6926582512713891,0.7780073411433721,0.7780073411433721,-0.08534908987198297,-405.0,0.24691358024691357,-405.0,0.24691358024691357,5.011341544640813,8.5,-3.488658455359187,20.0,11.5
2019,3,2019_03_PIT_SF,SF,PIT,0.6857806967632536,0.3142193032367464,0.7340425531914894,0.2949852507374631,0.71333597633497,0.2866640236650301,-276.0,239.0,True,True,True,SF,SF,SF,1.0,1.0,0.6857806967632536,0.71333597633497,0.71333597633497,-0.02755527957171644,-276.0,0.3623188405797102,-276.0,0.3623188405797102,3.2695421371518414,6.0,-2.7304578628481586,4.0,-2.0
2019,3,2019_03_TEN_JAX,JAX,TEN,0.4194923300454743,0.5805076699545257,0.4694835680751174,0.5555555555555556,0.45801526717557256,0.5419847328244275,113.0,-125.0,False,False,True,TEN,TEN,JAX,0.0,0.0,0.5805076699545257,0.5419847328244275,0.5419847328244275,0.038522937130098245,-125.0,-1.0,-125.0,-1.0,-0.7956818165365175,-1.5,0.7043181834634825,13.0,14.5
2019,4,2019_04_CAR_HOU,HOU,CAR,0.6184734786920935,0.38152652130790654,0.7198879551820728,0.30864197530864196,0.6999193060318741,0.30008069396812587,-257.0,224.0,True,True,True,HOU,HOU,CAR,0.0,0.0,0.6184734786920935,0.6999193060318741,0.6999193060318741,-0.08144582733978067,-257.0,-1.0,-257.0,-1.0,1.470039814366649,5.5,-4.029960185633351,-6.0,-11.5
2019,4,2019_04_CIN_PIT,PIT,CIN,0.5413406634975249,0.45865933650247515,0.6415770609318996,0.38461538461538464,0.6252015045674368,0.3747984954325632,-179.0,160.0,True,True,True,PIT,PIT,PIT,1.0,1.0,0.5413406634975249,0.6252015045674368,0.6252015045674368,-0.08386084106991198,-179.0,0.558659217877095,-179.0,0.558659217877095,1.4360312144762757,3.5,-2.0639687855237243,24.0,20.5
2019,4,2019_04_CLE_BAL,BAL,CLE,0.7291450381720699,0.2708549618279301,0.765807962529274,0.2638522427440633,0.7437482371439031,0.25625176285609697,-327.0,279.0,True,True,True,BAL,BAL,CLE,0.0,0.0,0.7291450381720699,0.7437482371439031,0.7437482371439031,-0.014603198971833264,-327.0,-1.0,-327.0,-1.0,4.659984579383647,7.5,-2.8400154206163526,-15.0,-22.5
2019,4,2019_04_DAL_NO,NO,DAL,0.4811974448243002,0.5188025551756998,0.44052863436123346,0.5833333333333334,0.43026174256005734,0.5697382574399427,127.0,-140.0,False,False,True,DAL,DAL,NO,0.0,0.0,0.5188025551756998,0.5697382574399427,0.5697382574399427,-0.05093570226424282,-140.0,-1.0,-140.0,-1.0,4.147765395535144,-2.5,6.647765395535144,2.0,4.5
2019,4,2019_04_JAX_DEN,DEN,JAX,0.6434703468327336,0.35652965316726637,0.5780590717299579,0.44642857142857145,0.5642421122306391,0.4357578877693609,-137.0,124.0,True,True,True,DEN,DEN,JAX,0.0,0.0,0.6434703468327336,0.5642421122306391,0.5642421122306391,0.0792282346020945,-137.0,-1.0,-137.0,-1.0,1.7745432834248485,2.5,-0.7254567165751515,-2.0,-4.5
2019,4,2019_04_KC_DET,DET,KC,0.3233447048730055,0.6766552951269945,0.2457002457002457,0.7844827586206896,0.23850155231613795,0.7614984476838621,307.0,-364.0,False,False,True,KC,KC,KC,1.0,1.0,0.6766552951269945,0.7614984476838621,0.7614984476838621,-0.08484315255686758,-364.0,0.27472527472527464,-364.0,0.27472527472527464,-6.418522475292638,-7.5,1.0814775247073616,-4.0,3.5
2019,4,2019_04_LAC_MIA,MIA,LAC,0.3630871065967866,0.6369128934032133,0.14245014245014245,0.8896247240618101,0.13802307087621798,0.861976929123782,602.0,-806.0,False,False,True,LAC,LAC,LAC,1.0,1.0,0.6369128934032133,0.861976929123782,0.861976929123782,-0.22506403572056866,-806.0,0.12406947890818865,-806.0,0.12406947890818865,-4.934835658281197,-15.0,10.065164341718802,-20.0,-5.0
2019,4,2019_04_MIN_CHI,CHI,MIN,0.3941602492410594,0.6058397507589406,0.504950495049505,0.5192307692307693,0.4930284439486894,0.5069715560513107,-102.0,-108.0,False,False,True,MIN,MIN,CHI,0.0,0.0,0.6058397507589406,0.5069715560513107,0.5069715560513107,0.09886819470762986,-108.0,-1.0,-108.0,-1.0,-3.13534769988928,-1.0,-2.13534769988928,10.0,11.0
2019,4,2019_04_NE_BUF,BUF,NE,0.3674161816507025,0.6325838183492976,0.26737967914438504,0.7624703087885986,0.2596297346966464,0.7403702653033536,274.0,-321.0,False,False,True,NE,NE,NE,1.0,1.0,0.6325838183492976,0.7403702653033536,0.7403702653033536,-0.10778644695405604,-321.0,0.31152647975077885,-321.0,0.31152647975077885,-2.4485594106670705,-7.0,4.5514405893329295,-6.0,1.0
2019,4,2019_04_OAK_IND,IND,LV,0.6846186090917733,0.3153813909082267,0.7076023391812866,0.32051282051282054,0.688252023627215,0.31174797637278495,-242.0,212.0,True,True,True,IND,IND,LV,0.0,0.0,0.6846186090917733,0.688252023627215,0.688252023627215,-0.003633414535441748,-242.0,-1.0,-242.0,-1.0,4.312847366103795,5.5,-1.187152633896205,-7.0,-12.5
2019,4,2019_04_PHI_GB,GB,PHI,0.4818979026019476,0.5181020973980524,0.6551724137931034,0.37174721189591076,0.6379977530895019,0.36200224691049804,-190.0,169.0,False,True,False,PHI,GB,PHI,1.0,0.0,0.5181020973980524,0.6379977530895019,0.36200224691049804,0.15609985048755431,169.0,1.69,-190.0,-1.0,-3.621204173335802,3.5,-7.121204173335801,-7.0,-10.5
2019,4,2019_04_SEA_ARI,ARI,SEA,0.3578619107513432,0.6421380892486568,0.32362459546925565,0.7041420118343196,0.31488140709135287,0.6851185929086472,209.0,-238.0,False,False,True,SEA,SEA,SEA,1.0,1.0,0.6421380892486568,0.6851185929086472,0.6851185929086472,-0.0429805036599904,-238.0,0.4201680672268908,-238.0,0.4201680672268908,-2.8167981122061403,-5.5,2.6832018877938597,-17.0,-11.5
2019,4,2019_04_TB_LA,LA,TB,0.6905756376389915,0.30942436236100845,0.8254799301919721,0.20618556701030927,0.8001430041331682,0.19985699586683175,-473.0,385.0,True,True,True,LA,LA,TB,0.0,0.0,0.6905756376389915,0.8001430041331682,0.8001430041331682,-0.10956736649417664,-473.0,-1.0,-473.0,-1.0,6.892419305657159,9.0,-2.1075806943428406,-15.0,-24.0
2019,4,2019_04_TEN_ATL,ATL,TEN,0.6742677093566664,0.32573229064333364,0.635036496350365,0.390625,0.6191482263983098,0.3808517736016902,-174.0,156.0,True,True,True,ATL,ATL,TEN,0.0,0.0,0.6742677093566664,0.6191482263983098,0.6191482263983098,0.05511948295835656,-174.0,-1.0,-174.0,-1.0,3.4577090565395245,3.5,-0.04229094346047546,-14.0,-17.5
2019,4,2019_04_WAS_NYG,NYG,WAS,0.5647117767892704,0.4352882232107296,0.6197718631178707,0.4065040650406504,0.6039037320401216,0.3960962679598783,-163.0,146.0,True,True,True,NYG,NYG,NYG,1.0,1.0,0.5647117767892704,0.6039037320401216,0.6039037320401216,-0.039191955250851174,-163.0,0.6134969325153374,-163.0,0.6134969325153374,4.61279284341175,3.0,1.61279284341175,21.0,18.0
2019,5,2019_05_ARI_CIN,CIN,ARI,0.5613480800045553,0.43865191999544473,0.6062992125984252,0.41841004184100417,0.5916792592354435,0.40832074076455643,-154.0,139.0,True,True,True,CIN,CIN,ARI,0.0,0.0,0.5613480800045553,0.5916792592354435,0.5916792592354435,-0.03033117923088824,-154.0,-1.0,-154.0,-1.0,2.294857107825772,3.0,-0.7051428921742282,-3.0,-6.0
2019,5,2019_05_ATL_HOU,HOU,ATL,0.547590183629767,0.45240981637023303,0.6742671009771987,0.352112676056338,0.6569372429822994,0.3430627570177007,-207.0,184.0,True,True,True,HOU,HOU,HOU,1.0,1.0,0.547590183629767,0.6569372429822994,0.6569372429822994,-0.10934705935253242,-207.0,0.48309178743961345,-207.0,0.48309178743961345,0.3965982215573728,4.0,-3.603401778442627,21.0,17.0
2019,5,2019_05_BAL_PIT,PIT,BAL,0.3982782758206493,0.6017217241793507,0.38461538461538464,0.6415770609318996,0.3747984954325632,0.6252015045674368,160.0,-179.0,False,False,True,BAL,BAL,BAL,1.0,1.0,0.6017217241793507,0.6252015045674368,0.6252015045674368,-0.02347978038808618,-179.0,0.558659217877095,-179.0,0.558659217877095,-1.4456052025794424,-3.5,2.0543947974205574,-3.0,0.5
2019,5,2019_05_BUF_TEN,TEN,BUF,0.6205821387997541,0.3794178612002459,0.6453900709219859,0.3816793893129771,0.6283801591903431,0.3716198408096568,-182.0,162.0,True,True,True,TEN,TEN,BUF,0.0,0.0,0.6205821387997541,0.6283801591903431,0.6283801591903431,-0.007798020390588967,-182.0,-1.0,-182.0,-1.0,4.830062295040689,3.5,1.3300622950406886,-7.0,-10.5
2019,5,2019_05_CHI_OAK,LV,CHI,0.4293464574615641,0.5706535425384359,0.30120481927710846,0.726775956284153,0.29300627641859867,0.7069937235814012,232.0,-266.0,False,False,True,CHI,CHI,LV,0.0,0.0,0.5706535425384359,0.7069937235814012,0.7069937235814012,-0.1363401810429653,-266.0,-1.0,-266.0,-1.0,-1.4516645619653803,-6.5,5.04833543803462,3.0,9.5
2019,5,2019_05_CLE_SF,SF,CLE,0.6324253326875672,0.3675746673124328,0.6932515337423313,0.33444816053511706,0.6745662547167928,0.32543374528320723,-226.0,199.0,True,True,True,SF,SF,SF,1.0,1.0,0.6324253326875672,0.6745662547167928,0.6745662547167928,-0.04214092202922559,-226.0,0.4424778761061947,-226.0,0.4424778761061947,5.056399623238755,5.0,0.05639962323875469,28.0,23.0
2019,5,2019_05_DEN_LAC,LAC,DEN,0.6500855625039078,0.3499144374960922,0.6932515337423313,0.33444816053511706,0.6745662547167928,0.32543374528320723,-226.0,199.0,True,True,True,LAC,LAC,DEN,0.0,0.0,0.6500855625039078,0.6745662547167928,0.6745662547167928,-0.024480692212884958,-226.0,-1.0,-226.0,-1.0,5.921011863361235,4.0,1.921011863361235,-7.0,-11.0
2019,5,2019_05_GB_DAL,DAL,GB,0.6883636359910522,0.3116363640089478,0.6441281138790036,0.3816793893129771,0.6279229893276131,0.37207701067238685,-181.0,162.0,True,True,True,DAL,DAL,GB,0.0,0.0,0.6883636359910522,0.6279229893276131,0.6279229893276131,0.06044064666343907,-181.0,-1.0,-181.0,-1.0,3.757233622534926,3.5,0.2572336225349261,-10.0,-13.5
2019,5,2019_05_IND_KC,KC,IND,0.7350223496441672,0.26497765035583276,0.8344370860927153,0.19723865877712032,0.8088171988554355,0.1911828011445646,-504.0,407.0,True,True,True,KC,KC,IND,0.0,0.0,0.7350223496441672,0.8088171988554355,0.8088171988554355,-0.07379484921126822,-504.0,-1.0,-504.0,-1.0,7.658026042625218,10.5,-2.8419739573747824,-6.0,-16.5
2019,5,2019_05_JAX_CAR,CAR,JAX,0.5516427827896384,0.4483572172103616,0.6539792387543253,0.37174721189591076,0.6375766544186806,0.36242334558131956,-189.0,169.0,True,True,True,CAR,CAR,CAR,1.0,1.0,0.5516427827896384,0.6375766544186806,0.6375766544186806,-0.0859338716290422,-189.0,0.5291005291005291,-189.0,0.5291005291005291,1.2284251058203035,3.0,-1.7715748941796965,7.0,4.0
2019,5,2019_05_LA_SEA,SEA,LA,0.4907945124019753,0.5092054875980248,0.5495495495495496,0.47393364928909953,0.5369404697342622,0.4630595302657377,-122.0,111.0,False,True,False,LA,SEA,SEA,0.0,1.0,0.5092054875980248,0.5369404697342622,0.4630595302657377,0.046145957332287046,111.0,-1.0,-122.0,0.819672131147541,-1.213004665597156,1.5,-2.713004665597156,1.0,-0.5
2019,5,2019_05_MIN_NYG,NYG,MIN,0.4546807675449613,0.5453192324550387,0.3194888178913738,0.7084548104956269,0.3108038311329388,0.6891961688670611,213.0,-243.0,False,False,True,MIN,MIN,MIN,1.0,1.0,0.5453192324550387,0.6891961688670611,0.6891961688670611,-0.14387693641202248,-243.0,0.41152263374485587,-243.0,0.41152263374485587,-3.532142655212914,-5.5,1.967857344787086,-18.0,-12.5
2019,5,2019_05_NE_WAS,WAS,NE,0.4236929385082042,0.5763070614917958,0.12578616352201258,0.9059266227657573,0.12191974859069715,0.8780802514093028,695.0,-963.0,False,False,True,NE,NE,NE,1.0,1.0,0.5763070614917958,0.8780802514093028,0.8780802514093028,-0.301773189917507,-963.0,0.10384215991692636,-963.0,0.10384215991692636,-2.0600706788447933,-15.5,13.439929321155207,-26.0,-10.5
2019,5,2019_05_NYJ_PHI,PHI,NYJ,0.7645128600827482,0.2354871399172518,0.8866213151927438,0.14556040756914118,0.8589779257283742,0.14102207427162577,-782.0,587.0,True,True,True,PHI,PHI,PHI,1.0,1.0,0.7645128600827482,0.8589779257283742,0.8589779257283742,-0.09446506564562596,-782.0,0.12787723785166238,-782.0,0.12787723785166238,5.241751346321724,14.0,-8.758248653678276,25.0,11.0
2019,5,2019_05_TB_NO,NO,TB,0.5940411974831742,0.4059588025168258,0.5967741935483871,0.4291845493562232,0.5816746508332771,0.41832534916672287,-148.0,133.0,True,True,True,NO,NO,NO,1.0,1.0,0.5940411974831742,0.5816746508332771,0.5816746508332771,0.012366546649897114,-148.0,0.6756756756756757,-148.0,0.6756756756756757,2.882133273777776,3.0,-0.11786672622222394,7.0,4.0
2019,6,2019_06_ATL_ARI,ARI,ATL,0.4176416230752467,0.5823583769247533,0.40816326530612246,0.6168582375478927,0.39819971012281646,0.6018002898771837,145.0,-161.0,False,False,True,ATL,ATL,ARI,0.0,0.0,0.5823583769247533,0.6018002898771837,0.6018002898771837,-0.019441912952430362,-161.0,-1.0,-161.0,-1.0,-1.8977644860932,-3.0,1.1022355139068,1.0,4.0
2019,6,2019_06_CAR_TB,TB,CAR,0.4423466809122461,0.557653319087754,0.4694835680751174,0.5555555555555556,0.45801526717557256,0.5419847328244275,113.0,-125.0,False,False,True,CAR,CAR,CAR,1.0,1.0,0.557653319087754,0.5419847328244275,0.5419847328244275,0.015668586263326456,-125.0,0.8,-125.0,0.8,-0.5422275724399088,-2.0,1.4577724275600912,-11.0,-9.0
2019,6,2019_06_CIN_BAL,BAL,CIN,0.7168249143164211,0.28317508568357885,0.8415213946117274,0.19047619047619047,0.8154296160877514,0.18457038391224864,-531.0,425.0,True,True,True,BAL,BAL,BAL,1.0,1.0,0.7168249143164211,0.8154296160877514,0.8154296160877514,-0.0986047017713303,-531.0,0.18832391713747643,-531.0,0.18832391713747643,6.805597861764856,10.5,-3.6944021382351444,6.0,-4.5
2019,6,2019_06_DAL_NYJ,NYJ,DAL,0.4109612465953832,0.5890387534046169,0.2702702702702703,0.7596153846153846,0.26242745394902856,0.7375725460509716,270.0,-316.0,False,False,True,DAL,DAL,NYJ,0.0,0.0,0.5890387534046169,0.7375725460509716,0.7375725460509716,-0.1485337926463547,-316.0,-1.0,-316.0,-1.0,-2.0552031007717693,-7.0,4.944796899228231,2.0,9.0
2019,6,2019_06_DET_GB,GB,DET,0.6435381906730286,0.35646180932697136,0.6644295302013423,0.36231884057971014,0.6471201212580523,0.35287987874194765,-198.0,176.0,True,True,True,GB,GB,GB,1.0,1.0,0.6435381906730286,0.6471201212580523,0.6471201212580523,-0.0035819305850236516,-198.0,0.5050505050505052,-198.0,0.5050505050505052,0.2614845802643334,3.5,-3.2385154197356667,1.0,-2.5
2019,6,2019_06_HOU_KC,KC,HOU,0.6785900629800845,0.3214099370199155,0.6503496503496503,0.37593984962406013,0.6336902505251294,0.36630974947487066,-186.0,166.0,True,True,True,KC,KC,HOU,0.0,0.0,0.6785900629800845,0.6336902505251294,0.6336902505251294,0.04489981245495511,-186.0,-1.0,-186.0,-1.0,2.5284267153510576,3.5,-0.9715732846489424,-7.0,-10.5
2019,6,2019_06_NO_JAX,JAX,NO,0.4596497012208461,0.540350298779154,0.5815899581589958,0.4424778761061947,0.5679213219076544,0.4320786780923455,-139.0,126.0,False,True,False,NO,JAX,NO,1.0,0.0,0.540350298779154,0.5679213219076544,0.4320786780923455,0.10827162068680846,126.0,1.2599999999999998,-139.0,-1.0,0.5113239623014091,2.5,-1.9886760376985908,-7.0,-9.5
2019,6,2019_06_NYG_NE,NE,NYG,0.7204502254731417,0.27954977452685825,0.9146029035012809,0.11682242990654206,0.8867369007501867,0.11326309924981333,-1071.0,756.0,True,True,True,NE,NE,NE,1.0,1.0,0.7204502254731417,0.8867369007501867,0.8867369007501867,-0.166286675277045,-1071.0,0.09337068160597584,-1071.0,0.09337068160597584,8.179447399628842,16.5,-8.320552600371158,21.0,4.5
2019,6,2019_06_PHI_MIN,MIN,PHI,0.541736906584134,0.458263093415866,0.6376811594202898,0.38910505836575876,0.6210456942003515,0.37895430579964856,-176.0,157.0,True,True,True,MIN,MIN,MIN,1.0,1.0,0.541736906584134,0.6210456942003515,0.6210456942003515,-0.07930878761621751,-176.0,0.5681818181818183,-176.0,0.5681818181818183,1.6542836653636366,3.5,-1.8457163346363634,18.0,14.5
2019,6,2019_06_PIT_LAC,LAC,PIT,0.71076848164142,0.28923151835857996,0.7159090909090909,0.3125,0.696132596685083,0.30386740331491713,-252.0,220.0,True,True,True,LAC,LAC,PIT,0.0,0.0,0.71076848164142,0.696132596685083,0.696132596685083,0.014635884956337053,-252.0,-1.0,-252.0,-1.0,3.276294673572298,6.0,-2.723705326427702,-7.0,-13.0
2019,6,2019_06_SEA_CLE,CLE,SEA,0.46906941252166,0.53093058747834,0.5305164319248826,0.49504950495049505,0.5172913928296243,0.4827086071703758,-113.0,102.0,False,True,False,SEA,CLE,SEA,1.0,0.0,0.53093058747834,0.5172913928296243,0.4827086071703758,0.04822198030796421,102.0,1.02,-113.0,-1.0,1.1510657980486043,1.0,0.15106579804860432,-4.0,-5.0
2019,6,2019_06_SF_LA,LA,SF,0.6087399809649722,0.39126001903502783,0.5967741935483871,0.4291845493562232,0.5816746508332771,0.41832534916672287,-148.0,133.0,True,True,True,LA,LA,SF,0.0,0.0,0.6087399809649722,0.5816746508332771,0.5816746508332771,0.027065330131695098,-148.0,-1.0,-148.0,-1.0,6.632138268429109,3.0,3.6321382684291086,-13.0,-16.0
2019,6,2019_06_TEN_DEN,DEN,TEN,0.5480239744833028,0.45197602551669724,0.5475113122171946,0.4784688995215311,0.533647048893203,0.46635295110679686,-121.0,109.0,True,True,True,DEN,DEN,DEN,1.0,1.0,0.5480239744833028,0.533647048893203,0.533647048893203,0.014376925590099732,-121.0,0.8264462809917354,-121.0,0.8264462809917354,1.0696665719906449,1.0,0.06966657199064485,16.0,15.0
2019,6,2019_06_WAS_MIA,MIA,WAS,0.4211758567417742,0.5788241432582257,0.3225806451612903,0.7058823529411765,0.3136531365313653,0.6863468634686347,210.0,-240.0,False,False,True,WAS,WAS,WAS,1.0,1.0,0.5788241432582257,0.6863468634686347,0.6863468634686347,-0.10752272021040898,-240.0,0.41666666666666674,-240.0,0.41666666666666674,-2.85949571435219,-6.0,3.14050428564781,-1.0,5.0
2019,7,2019_07_ARI_NYG,NYG,ARI,0.5604825154118639,0.4395174845881361,0.6527777777777778,0.373134328358209,0.6362901596282077,0.36370984037179227,-188.0,168.0,True,True,True,NYG,NYG,ARI,0.0,0.0,0.5604825154118639,0.6362901596282077,0.6362901596282077,-0.07580764421634378,-188.0,-1.0,-188.0,-1.0,6.371868820484445,3.5,2.871868820484445,-6.0,-9.5
2019,7,2019_07_BAL_SEA,SEA,BAL,0.5910738813839973,0.4089261186160027,0.6108949416342413,0.4149377593360996,0.5955112768937784,0.4044887231062215,-157.0,141.0,True,True,True,SEA,SEA,BAL,0.0,0.0,0.5910738813839973,0.5955112768937784,0.5955112768937784,-0.004437395509781061,-157.0,-1.0,-157.0,-1.0,3.655105216066692,3.0,0.6551052160666919,-14.0,-17.0
2019,7,2019_07_HOU_IND,IND,HOU,0.5140992109879694,0.4859007890120306,0.5454545454545454,0.4784688995215311,0.5327102803738317,0.4672897196261682,-120.0,109.0,True,True,True,IND,IND,IND,1.0,1.0,0.5140992109879694,0.5327102803738317,0.5327102803738317,-0.018611069385862322,-120.0,0.8333333333333335,-120.0,0.8333333333333335,1.148333094620043,1.5,-0.35166690537995704,7.0,5.5
2019,7,2019_07_JAX_CIN,CIN,JAX,0.4495308585525731,0.550469141447427,0.3460207612456747,0.6815286624203821,0.3367436672886772,0.6632563327113227,189.0,-214.0,False,False,True,JAX,JAX,JAX,1.0,1.0,0.550469141447427,0.6632563327113227,0.6632563327113227,-0.11278719126389569,-214.0,0.4672897196261683,-214.0,0.4672897196261683,-3.9457041649102425,-4.0,0.05429583508975755,-10.0,-6.0
2019,7,2019_07_KC_DEN,DEN,KC,0.4409487133072364,0.5590512866927636,0.42735042735042733,0.5983935742971888,0.4166248368637687,0.5833751631362314,134.0,-149.0,False,False,True,KC,KC,KC,1.0,1.0,0.5590512866927636,0.5833751631362314,0.5833751631362314,-0.024323876443467785,-149.0,0.6711409395973154,-149.0,0.6711409395973154,-2.4103010538196084,-3.0,0.5896989461803916,-24.0,-21.0
2019,7,2019_07_LAC_TEN,TEN,LAC,0.5166459437435039,0.4833540562564961,0.6108949416342413,0.4149377593360996,0.5955112768937784,0.4044887231062215,-157.0,141.0,True,True,True,TEN,TEN,TEN,1.0,1.0,0.5166459437435039,0.5955112768937784,0.5955112768937784,-0.07886533315027444,-157.0,0.6369426751592355,-157.0,0.6369426751592355,2.758661731502168,3.0,-0.2413382684978318,3.0,0.0
2019,7,2019_07_LA_ATL,ATL,LA,0.4427908813441515,0.5572091186558485,0.41841004184100417,0.6062992125984252,0.40832074076455643,0.5916792592354435,139.0,-154.0,False,False,True,LA,LA,LA,1.0,1.0,0.5572091186558485,0.5916792592354435,0.5916792592354435,-0.034470140579594966,-154.0,0.6493506493506493,-154.0,0.6493506493506493,-2.990232194358313,-3.0,0.009767805641687222,-27.0,-24.0
2019,7,2019_07_MIA_BUF,BUF,MIA,0.7239060514284994,0.2760939485715006,0.9191592562651576,0.11198208286674133,0.8913998705928935,0.10860012940710652,-1137.0,793.0,True,True,True,BUF,BUF,BUF,1.0,1.0,0.7239060514284994,0.8913998705928935,0.8913998705928935,-0.1674938191643941,-1137.0,0.08795074758135435,-1137.0,0.08795074758135435,6.962059374842683,17.0,-10.037940625157317,10.0,-7.0
2019,7,2019_07_MIN_DET,DET,MIN,0.5610160335144632,0.43898396648553684,0.44642857142857145,0.5780590717299579,0.4357578877693609,0.5642421122306391,124.0,-137.0,True,False,False,DET,MIN,MIN,0.0,1.0,0.5610160335144632,0.5642421122306391,0.4357578877693609,0.12525814574510225,124.0,-1.0,-137.0,0.7299270072992701,-1.4218826751282627,-2.5,1.0781173248717373,-12.0,-9.5
2019,7,2019_07_NE_NYJ,NYJ,NE,0.4238778588092011,0.5761221411907989,0.24330900243309003,0.7876857749469215,0.23599440828535784,0.7640055917146422,311.0,-371.0,False,False,True,NE,NE,NE,1.0,1.0,0.5761221411907989,0.7640055917146422,0.7640055917146422,-0.18788345052384336,-371.0,0.2695417789757413,-371.0,0.2695417789757413,-0.4906614587308035,-9.5,9.009338541269196,-33.0,-23.5
2019,7,2019_07_NO_CHI,CHI,NO,0.7034178595831645,0.2965821404168355,0.6805111821086262,0.3472222222222222,0.6621475756659903,0.33785242433400975,-213.0,188.0,True,True,True,CHI,CHI,NO,0.0,0.0,0.7034178595831645,0.6621475756659903,0.6621475756659903,0.041270283917174244,-213.0,-1.0,-213.0,-1.0,3.656435998208356,4.0,-0.3435640017916439,-11.0,-15.0
2019,7,2019_07_OAK_GB,GB,LV,0.693331833005419,0.306668166994581,0.7067448680351907,0.3215434083601286,0.6873022714142923,0.31269772858570755,-241.0,211.0,True,True,True,GB,GB,GB,1.0,1.0,0.693331833005419,0.6873022714142923,0.6873022714142923,0.006029561591126664,-241.0,0.41493775933609967,-241.0,0.41493775933609967,2.945763128822234,5.5,-2.554236871177766,18.0,12.5
2019,7,2019_07_PHI_DAL,DAL,PHI,0.6239097721674582,0.37609022783254176,0.6226415094339622,0.4032258064516129,0.6069415603678434,0.39305843963215664,-165.0,148.0,True,True,True,DAL,DAL,DAL,1.0,1.0,0.6239097721674582,0.6069415603678434,0.6069415603678434,0.01696821179961483,-165.0,0.606060606060606,-165.0,0.606060606060606,3.902912233420389,3.0,0.902912233420389,27.0,24.0
2019,7,2019_07_SF_WAS,WAS,SF,0.3822065842015418,0.6177934157984581,0.2222222222222222,0.8091603053435115,0.2154605263157895,0.7845394736842106,350.0,-424.0,False,False,True,SF,SF,SF,1.0,1.0,0.6177934157984581,0.7845394736842106,0.7845394736842106,-0.16674605788575247,-424.0,0.23584905660377364,-424.0,0.23584905660377364,-0.1771325312898852,-10.0,9.822867468710115,-9.0,1.0
2019,8,2019_08_ARI_NO,NO,ARI,0.6137780648082695,0.38622193519173054,0.8620689655172413,0.1763668430335097,0.8301610541727672,0.1698389458272328,-625.0,467.0,True,True,True,NO,NO,NO,1.0,1.0,0.6137780648082695,0.8301610541727672,0.8301610541727672,-0.21638298936449774,-625.0,0.15999999999999992,-625.0,0.15999999999999992,4.268019441194289,12.5,-8.231980558805711,22.0,9.5
2019,8,2019_08_CAR_SF,SF,CAR,0.6446201643301617,0.35537983566983833,0.6753246753246753,0.352112676056338,0.6572903685241233,0.3427096314758768,-208.0,184.0,True,True,True,SF,SF,SF,1.0,1.0,0.6446201643301617,0.6572903685241233,0.6572903685241233,-0.012670204193961587,-208.0,0.48076923076923084,-208.0,0.48076923076923084,3.816868979533423,4.5,-0.6831310204665768,38.0,33.5
2019,8,2019_08_CIN_LA,LA,CIN,0.7132706056270448,0.2867293943729552,0.8559077809798271,0.1763668430335097,0.8291473616315197,0.17085263836848041,-594.0,467.0,True,True,True,LA,LA,LA,1.0,1.0,0.7132706056270448,0.8291473616315197,0.8291473616315197,-0.11587675600447489,-594.0,0.16835016835016825,-594.0,0.16835016835016825,6.671056074599805,12.0,-5.328943925400195,14.0,2.0
2019,8,2019_08_CLE_NE,NE,CLE,0.7204329921348094,0.2795670078651906,0.7858672376873662,0.24449877750611246,0.7627068693058542,0.23729313069414593,-367.0,309.0,True,True,True,NE,NE,NE,1.0,1.0,0.7204329921348094,0.7627068693058542,0.7627068693058542,-0.042273877171044805,-367.0,0.2724795640326976,-367.0,0.2724795640326976,7.88057942498452,9.5,-1.6194205750154804,14.0,4.5
2019,8,2019_08_DEN_IND,IND,DEN,0.6911291310710184,0.30887086892898163,0.7041420118343196,0.32362459546925565,0.6851185929086472,0.31488140709135287,-238.0,209.0,True,True,True,IND,IND,IND,1.0,1.0,0.6911291310710184,0.6851185929086472,0.6851185929086472,0.006010538162371182,-238.0,0.4201680672268908,-238.0,0.4201680672268908,4.965825688133982,6.0,-1.0341743118660176,2.0,-4.0
2019,8,2019_08_GB_KC,KC,GB,0.4470182839074554,0.5529817160925445,0.33112582781456956,0.696969696969697,0.3220769080616826,0.6779230919383173,202.0,-230.0,False,False,True,GB,GB,GB,1.0,1.0,0.5529817160925445,0.6779230919383173,0.6779230919383173,-0.1249413758457728,-230.0,0.4347826086956521,-230.0,0.4347826086956521,-5.454484988337373,-5.0,-0.4544849883373727,-7.0,-2.0
2019,8,2019_08_LAC_CHI,CHI,LAC,0.5229866469769952,0.47701335302300485,0.6453900709219859,0.38022813688212925,0.629269318749507,0.37073068125049297,-182.0,163.0,True,True,True,CHI,CHI,LAC,0.0,0.0,0.5229866469769952,0.629269318749507,0.629269318749507,-0.10628267177251183,-182.0,-1.0,-182.0,-1.0,-0.1784289142061223,3.5,-3.678428914206122,-1.0,-4.5
2019,8,2019_08_MIA_PIT,PIT,MIA,0.7344754207888196,0.26552457921118044,0.863013698630137,0.1692047377326565,0.8360766173399501,0.16392338266004985,-630.0,491.0,True,True,True,PIT,PIT,PIT,1.0,1.0,0.7344754207888196,0.8360766173399501,0.8360766173399501,-0.10160119655113053,-630.0,0.1587301587301586,-630.0,0.1587301587301586,5.816232996571904,14.0,-8.183767003428095,13.0,-1.0
2019,8,2019_08_NYG_DET,DET,NYG,0.6923173922922222,0.3076826077077778,0.7275204359673024,0.30120481927710846,0.7072057697217258,0.2927942302782742,-267.0,232.0,True,True,True,DET,DET,DET,1.0,1.0,0.6923173922922222,0.7072057697217258,0.7072057697217258,-0.014888377429503552,-267.0,0.37453183520599254,-267.0,0.37453183520599254,5.152855628130421,6.5,-1.3471443718695788,5.0,-1.5
2019,8,2019_08_NYJ_JAX,JAX,NYJ,0.7405709420039921,0.2594290579960079,0.7468354430379747,0.2824858757062147,0.7255610366150211,0.2744389633849788,-295.0,254.0,True,True,True,JAX,JAX,JAX,1.0,1.0,0.7405709420039921,0.7255610366150211,0.7255610366150211,0.015009905388970957,-295.0,0.3389830508474576,-295.0,0.3389830508474576,7.085385099059897,7.0,0.08538509905989677,14.0,7.0
2019,8,2019_08_OAK_HOU,HOU,LV,0.6533367746251517,0.3466632253748483,0.7023809523809523,0.3257328990228013,0.683174291856825,0.31682570814317507,-236.0,207.0,True,True,True,HOU,HOU,HOU,1.0,1.0,0.6533367746251517,0.683174291856825,0.683174291856825,-0.029837517231673272,-236.0,0.423728813559322,-236.0,0.423728813559322,3.798092199520816,5.0,-1.201907800479184,3.0,-2.0
2019,8,2019_08_PHI_BUF,BUF,PHI,0.5792745849466218,0.42072541505337824,0.5495495495495496,0.47393364928909953,0.5369404697342622,0.4630595302657377,-122.0,111.0,True,True,True,BUF,BUF,PHI,0.0,0.0,0.5792745849466218,0.5369404697342622,0.5369404697342622,0.042334115212359524,-122.0,-1.0,-122.0,-1.0,1.9357921226135983,1.0,0.9357921226135983,-18.0,-19.0
2019,8,2019_08_SEA_ATL,ATL,SEA,0.4177715423114417,0.5822284576885584,0.26666666666666666,0.7635933806146572,0.2588343276732446,0.7411656723267553,275.0,-323.0,False,False,True,SEA,SEA,SEA,1.0,1.0,0.5822284576885584,0.7411656723267553,0.7411656723267553,-0.158937214638197,-323.0,0.30959752321981426,-323.0,0.30959752321981426,-4.020352872536445,-7.5,3.479647127463555,-7.0,0.5
2019,8,2019_08_TB_TEN,TEN,TB,0.4765365677110993,0.5234634322889007,0.5495495495495496,0.47619047619047616,0.5357590966122961,0.46424090338770385,-122.0,110.0,False,True,False,TB,TEN,TEN,0.0,1.0,0.5234634322889007,0.5357590966122961,0.46424090338770385,0.059222528901196836,110.0,-1.0,-122.0,0.819672131147541,0.3844212622821767,2.0,-1.6155787377178232,4.0,2.0
2019,8,2019_08_WAS_MIN,MIN,WAS,0.7675617956029201,0.23243820439707985,0.9109528049866429,0.12062726176115803,0.883065536404312,0.11693446359568789,-1023.0,729.0,True,True,True,MIN,MIN,MIN,1.0,1.0,0.7675617956029201,0.883065536404312,0.883065536404312,-0.11550374080139181,-1023.0,0.09775171065493637,-1023.0,0.09775171065493637,6.656707625683962,16.5,-9.843292374316038,10.0,-6.5
2019,9,2019_09_CHI_PHI,PHI,CHI,0.582335798581182,0.417664201418818,0.6932515337423313,0.33444816053511706,0.6745662547167928,0.32543374528320723,-226.0,199.0,True,True,True,PHI,PHI,PHI,1.0,1.0,0.582335798581182,0.6745662547167928,0.6745662547167928,-0.09223045613561076,-226.0,0.4424778761061947,-226.0,0.4424778761061947,4.142462922020183,5.0,-0.857537077979817,8.0,3.0
2019,9,2019_09_CLE_DEN,DEN,CLE,0.4226611670643354,0.5773388329356646,0.3663003663003663,0.6598639455782312,0.3569607343192249,0.6430392656807752,173.0,-194.0,False,False,True,CLE,CLE,DEN,0.0,0.0,0.5773388329356646,0.6430392656807752,0.6430392656807752,-0.06570043274511062,-194.0,-1.0,-194.0,-1.0,-1.714550112079564,-4.0,2.2854498879204357,5.0,9.0
2019,9,2019_09_DAL_NYG,NYG,DAL,0.3641161869399934,0.6358838130600066,0.28169014084507044,0.7481108312342569,0.2735384297378303,0.7264615702621697,255.0,-297.0,False,False,True,DAL,DAL,DAL,1.0,1.0,0.6358838130600066,0.7264615702621697,0.7264615702621697,-0.0905777572021631,-297.0,0.3367003367003367,-297.0,0.3367003367003367,-5.601007359989874,-6.5,0.8989926400101256,-19.0,-12.5
2019,9,2019_09_DET_OAK,LV,DET,0.4238730074203624,0.5761269925796376,0.588477366255144,0.4366812227074236,0.5740354444580784,0.4259645555419216,-143.0,129.0,False,True,False,DET,LV,LV,0.0,1.0,0.5761269925796376,0.5740354444580784,0.4259645555419216,0.15016243703771603,129.0,-1.0,-143.0,0.6993006993006992,0.8712026219601712,2.5,-1.6287973780398288,7.0,4.5
2019,9,2019_09_GB_LAC,LAC,GB,0.3143419788543495,0.6856580211456504,0.352112676056338,0.6753246753246753,0.3427096314758768,0.6572903685241233,184.0,-208.0,False,False,True,GB,GB,LAC,0.0,0.0,0.6856580211456504,0.6572903685241233,0.6572903685241233,0.028367652621527184,-208.0,-1.0,-208.0,-1.0,-4.510390777106375,-4.0,-0.5103907771063749,15.0,19.0
2019,9,2019_09_HOU_JAX,JAX,HOU,0.4203052797357278,0.5796947202642722,0.5305164319248826,0.49261083743842365,0.5185243789416578,0.48147562105834224,-113.0,103.0,False,True,False,HOU,JAX,HOU,1.0,0.0,0.5796947202642722,0.5185243789416578,0.48147562105834224,0.09821909920592992,103.0,1.0300000000000002,-113.0,-1.0,-0.7690111307358669,1.0,-1.769011130735867,-23.0,-24.0
2019,9,2019_09_IND_PIT,PIT,IND,0.5426420229357113,0.4573579770642887,0.5391705069124424,0.4830917874396135,0.5274287332041203,0.47257126679587974,-117.0,107.0,True,True,True,PIT,PIT,PIT,1.0,1.0,0.5426420229357113,0.5274287332041203,0.5274287332041203,0.015213289731590973,-117.0,0.8547008547008548,-117.0,0.8547008547008548,3.520209149088912,1.0,2.520209149088912,2.0,1.0
2019,9,2019_09_MIN_KC,KC,MIN,0.4079753026570784,0.5920246973429216,0.33557046979865773,0.6923076923076923,0.32646911099949777,0.6735308890005023,198.0,-225.0,False,False,True,MIN,MIN,KC,0.0,0.0,0.5920246973429216,0.6735308890005023,0.6735308890005023,-0.08150619165758066,-225.0,-1.0,-225.0,-1.0,-4.424925348019366,-5.5,1.0750746519806338,3.0,8.5
2019,9,2019_09_NE_BAL,BAL,NE,0.5583422200819538,0.4416577799180462,0.425531914893617,0.6,0.41493775933609955,0.5850622406639003,135.0,-150.0,True,False,False,BAL,NE,BAL,1.0,0.0,0.5583422200819538,0.5850622406639003,0.41493775933609955,0.14340446074585422,135.0,1.35,-150.0,-1.0,2.592831012905113,-3.0,5.592831012905113,17.0,20.0
2019,9,2019_09_NYJ_MIA,MIA,NYJ,0.5377309778890171,0.46226902211098286,0.37453183520599254,0.6515679442508711,0.3650052779508833,0.6349947220491167,167.0,-187.0,True,False,False,MIA,NYJ,MIA,1.0,0.0,0.5377309778890171,0.6349947220491167,0.3650052779508833,0.17272569993813386,167.0,1.67,-187.0,-1.0,-3.964014233288061,-3.5,-0.464014233288061,8.0,11.5
2019,9,2019_09_SF_ARI,ARI,SF,0.4108893736486286,0.5891106263513715,0.21505376344086022,0.8165137614678899,0.20847279334417138,0.7915272066558287,365.0,-445.0,False,False,True,SF,SF,SF,1.0,1.0,0.5891106263513715,0.7915272066558287,0.7915272066558287,-0.2024165803044572,-445.0,0.2247191011235956,-445.0,0.2247191011235956,-4.0261295065828255,-10.5,6.4738704934171745,-3.0,7.5
2019,9,2019_09_TB_SEA,SEA,TB,0.6654515208015375,0.33454847919846253,0.6763754045307443,0.3508771929824561,0.6584314375725417,0.3415685624274581,-209.0,185.0,True,True,True,SEA,SEA,SEA,1.0,1.0,0.6654515208015375,0.6584314375725417,0.6584314375725417,0.007020083228995722,-209.0,0.47846889952153115,-209.0,0.47846889952153115,3.8294510545771407,4.0,-0.17054894542285925,6.0,2.0
2019,9,2019_09_TEN_CAR,CAR,TEN,0.527752654517155,0.47224734548284497,0.6415770609318996,0.38461538461538464,0.6252015045674368,0.3747984954325632,-179.0,160.0,True,True,True,CAR,CAR,CAR,1.0,1.0,0.527752654517155,0.6252015045674368,0.6252015045674368,-0.09744885005028181,-179.0,0.558659217877095,-179.0,0.558659217877095,4.364018884346758,3.5,0.8640188843467582,10.0,6.5
2019,9,2019_09_WAS_BUF,BUF,WAS,0.751707935954188,0.24829206404581206,0.8178506375227687,0.21367521367521367,0.7928552023906547,0.2071447976093453,-449.0,368.0,True,True,True,BUF,BUF,BUF,1.0,1.0,0.751707935954188,0.7928552023906547,0.7928552023906547,-0.04114726643646671,-449.0,0.22271714922049002,-449.0,0.22271714922049002,5.285655769595788,10.5,-5.214344230404212,15.0,4.5
2019,10,2019_10_ARI_TB,TB,ARI,0.6615772800165809,0.3384227199834191,0.7014925373134329,0.3257328990228013,0.6829002792370676,0.31709972076293247,-235.0,207.0,True,True,True,TB,TB,TB,1.0,1.0,0.6615772800165809,0.6829002792370676,0.6829002792370676,-0.02132299922048675,-235.0,0.42553191489361697,-235.0,0.42553191489361697,3.5440052852962034,5.5,-1.9559947147037966,3.0,-2.5
2019,10,2019_10_ATL_NO,NO,ATL,0.7385961928325437,0.26140380716745626,0.8664886515353805,0.16583747927031509,0.8393555347273013,0.16064446527269882,-649.0,503.0,True,True,True,NO,NO,ATL,0.0,0.0,0.7385961928325437,0.8393555347273013,0.8393555347273013,-0.10075934189475755,-649.0,-1.0,-649.0,-1.0,6.322622406613956,14.0,-7.677377593386044,-17.0,-31.0
2019,10,2019_10_BAL_CIN,CIN,BAL,0.3368300695789139,0.6631699304210861,0.2183406113537118,0.8130841121495327,0.2116883630752186,0.7883116369247813,358.0,-435.0,False,False,True,BAL,BAL,BAL,1.0,1.0,0.6631699304210861,0.7883116369247813,0.7883116369247813,-0.12514170650369527,-435.0,0.2298850574712643,-435.0,0.2298850574712643,-5.795275178268349,-10.5,4.704724821731651,-36.0,-25.5
2019,10,2019_10_BUF_CLE,CLE,BUF,0.5349247465949338,0.46507525340506617,0.601593625498008,0.423728813559322,0.586736037934668,0.4132639620653319,-151.0,136.0,True,True,True,CLE,CLE,CLE,1.0,1.0,0.5349247465949338,0.586736037934668,0.586736037934668,-0.05181129133973417,-151.0,0.6622516556291391,-151.0,0.6622516556291391,1.7609429698199852,3.0,-1.2390570301800148,3.0,0.0
2019,10,2019_10_CAR_GB,GB,CAR,0.7056515470316035,0.2943484529683965,0.6941896024464832,0.3333333333333333,0.675595238095238,0.32440476190476186,-227.0,200.0,True,True,True,GB,GB,GB,1.0,1.0,0.7056515470316035,0.675595238095238,0.675595238095238,0.03005630893636546,-227.0,0.44052863436123335,-227.0,0.44052863436123335,2.459584099089047,5.0,-2.540415900910953,8.0,3.0
2019,10,2019_10_DET_CHI,CHI,DET,0.6475616808700405,0.3524383191299595,0.7297297297297297,0.29850746268656714,0.7096900745390349,0.290309925460965,-270.0,235.0,True,True,True,CHI,CHI,CHI,1.0,1.0,0.6475616808700405,0.7096900745390349,0.7096900745390349,-0.062128393668994364,-270.0,0.37037037037037024,-270.0,0.37037037037037024,4.352183040093166,6.0,-1.6478169599068337,7.0,1.0
2019,10,2019_10_KC_TEN,TEN,KC,0.4709699227705122,0.5290300772294878,0.32786885245901637,0.6996996996996997,0.3190724859866813,0.6809275140133186,205.0,-233.0,False,False,True,KC,KC,TEN,0.0,0.0,0.5290300772294878,0.6809275140133186,0.6809275140133186,-0.15189743678383083,-233.0,-1.0,-233.0,-1.0,-3.4247352940733773,-5.0,1.5752647059266227,3.0,8.0
2019,10,2019_10_LAC_OAK,LV,LAC,0.5755998724974875,0.42440012750251255,0.4854368932038835,0.5391705069124424,0.47377843762281124,0.5262215623771888,106.0,-117.0,True,False,False,LV,LAC,LV,1.0,0.0,0.5755998724974875,0.5262215623771888,0.47377843762281124,0.10182143487467621,106.0,1.06,-117.0,-1.0,0.2060943320016418,-1.0,1.2060943320016417,2.0,3.0
2019,10,2019_10_LA_PIT,PIT,LA,0.3783459150865383,0.6216540849134617,0.3460207612456747,0.6815286624203821,0.3367436672886772,0.6632563327113227,189.0,-214.0,False,False,True,LA,LA,PIT,0.0,0.0,0.6216540849134617,0.6632563327113227,0.6632563327113227,-0.041602247797860925,-214.0,-1.0,-214.0,-1.0,-6.07798455327074,-4.0,-2.07798455327074,5.0,9.0
2019,10,2019_10_MIA_IND,IND,MIA,0.717877738511952,0.282122261488048,0.8278829604130808,0.20408163265306123,0.8022396950202525,0.19776030497974745,-481.0,390.0,True,True,True,IND,IND,MIA,0.0,0.0,0.717877738511952,0.8022396950202525,0.8022396950202525,-0.08436195650830047,-481.0,-1.0,-481.0,-1.0,7.916702277641258,11.0,-3.0832977223587417,-4.0,-15.0
2019,10,2019_10_MIN_DAL,DAL,MIN,0.5976192636821118,0.4023807363178882,0.6415770609318996,0.38461538461538464,0.6252015045674368,0.3747984954325632,-179.0,160.0,True,True,True,DAL,DAL,MIN,0.0,0.0,0.5976192636821118,0.6252015045674368,0.6252015045674368,-0.027582240885325016,-179.0,-1.0,-179.0,-1.0,3.1224308380055485,3.5,-0.37756916199445145,-4.0,-7.5
2019,10,2019_10_NYG_NYJ,NYJ,NYG,0.4662581201340984,0.5337418798659016,0.4291845493562232,0.5951417004048583,0.41899204424013164,0.5810079557598683,133.0,-147.0,False,False,True,NYG,NYG,NYJ,0.0,0.0,0.5337418798659016,0.5810079557598683,0.5810079557598683,-0.0472660758939667,-147.0,-1.0,-147.0,-1.0,-3.2858319300296546,-3.0,-0.28583193002965457,7.0,10.0
2019,10,2019_10_SEA_SF,SF,SEA,0.6288996987727363,0.3711003012272637,0.7282608695652174,0.3003003003003003,0.7080384627590365,0.29196153724096346,-268.0,233.0,True,True,True,SF,SF,SEA,0.0,0.0,0.6288996987727363,0.7080384627590365,0.7080384627590365,-0.07913876398630015,-268.0,-1.0,-268.0,-1.0,4.369269730730839,6.5,-2.1307302692691614,-3.0,-9.5
2019,11,2019_11_ARI_SF,SF,ARI,0.6843019937153779,0.3156980062846221,0.8109640831758034,0.22075055187637968,0.786035261712446,0.21396473828755405,-429.0,353.0,True,True,True,SF,SF,SF,1.0,1.0,0.6843019937153779,0.786035261712446,0.786035261712446,-0.10173326799706806,-429.0,0.2331002331002332,-429.0,0.2331002331002332,5.317296560424552,10.0,-4.682703439575448,10.0,0.0
2019,11,2019_11_ATL_CAR,CAR,ATL,0.5980404085403107,0.4019595914596893,0.6655518394648829,0.36101083032490977,0.648330451760112,0.35166954823988805,-199.0,177.0,True,True,True,CAR,CAR,ATL,0.0,0.0,0.5980404085403107,0.648330451760112,0.648330451760112,-0.05029004321980124,-199.0,-1.0,-199.0,-1.0,0.301678736076048,3.5,-3.198321263923952,-26.0,-29.5
2019,11,2019_11_BUF_MIA,MIA,BUF,0.4408701045135367,0.5591298954864633,0.27548209366391185,0.7542997542997543,0.26751500253054733,0.7324849974694526,263.0,-307.0,False,False,True,BUF,BUF,BUF,1.0,1.0,0.5591298954864633,0.7324849974694526,0.7324849974694526,-0.1733551019829893,-307.0,0.3257328990228012,-307.0,0.3257328990228012,-0.9583573921308371,-7.0,6.0416426078691625,-17.0,-10.0
2019,11,2019_11_CHI_LA,LA,CHI,0.7154813220062692,0.28451867799373076,0.6996996996996997,0.32894736842105265,0.6802135750777858,0.3197864249222141,-233.0,204.0,True,True,True,LA,LA,LA,1.0,1.0,0.7154813220062692,0.6802135750777858,0.6802135750777858,0.035267746928483446,-233.0,0.4291845493562232,-233.0,0.4291845493562232,3.281022513228044,5.0,-1.7189774867719558,10.0,5.0
2019,11,2019_11_CIN_OAK,LV,CIN,0.7477074870604,0.2522925129396,0.8581560283687943,0.17421602787456447,0.8312468583191708,0.16875314168082917,-605.0,474.0,True,True,True,LV,LV,LV,1.0,1.0,0.7477074870604,0.8312468583191708,0.8312468583191708,-0.08353937125877076,-605.0,0.165289256198347,-605.0,0.165289256198347,7.151158529353577,13.0,-5.848841470646423,7.0,-6.0
2019,11,2019_11_DAL_DET,DET,DAL,0.3397168292031559,0.6602831707968442,0.24390243902439024,0.7867803837953091,0.2366416065391796,0.7633583934608205,310.0,-369.0,False,False,True,DAL,DAL,DAL,1.0,1.0,0.6602831707968442,0.7633583934608205,0.7633583934608205,-0.10307522266397628,-369.0,0.2710027100271002,-369.0,0.2710027100271002,-3.387089190851304,-7.5,4.112910809148696,-8.0,-0.5
2019,11,2019_11_DEN_MIN,MIN,DEN,0.7373798054835636,0.26262019451643637,0.8046875,0.22675736961451248,0.780155608608282,0.21984439139171807,-412.0,341.0,True,True,True,MIN,MIN,MIN,1.0,1.0,0.7373798054835636,0.780155608608282,0.780155608608282,-0.0427758031247184,-412.0,0.24271844660194164,-412.0,0.24271844660194164,4.003177590870537,10.0,-5.996822409129463,4.0,-6.0
2019,11,2019_11_HOU_BAL,BAL,HOU,0.6190404262869942,0.3809595737130058,0.6845425867507886,0.3424657534246575,0.666540435916856,0.333459564083144,-217.0,192.0,True,True,True,BAL,BAL,BAL,1.0,1.0,0.6190404262869942,0.666540435916856,0.666540435916856,-0.047500009629861784,-217.0,0.4608294930875576,-217.0,0.4608294930875576,2.642214768307223,4.0,-1.3577852316927772,34.0,30.0
2019,11,2019_11_JAX_IND,IND,JAX,0.5718910220866515,0.42810897791334845,0.5726495726495726,0.45248868778280543,0.5586071603727317,0.44139283962726833,-134.0,121.0,True,True,True,IND,IND,IND,1.0,1.0,0.5718910220866515,0.5586071603727317,0.5586071603727317,0.01328386171391982,-134.0,0.7462686567164178,-134.0,0.7462686567164178,2.744314166223828,2.5,0.24431416622382818,20.0,17.5
2019,11,2019_11_KC_LAC,LAC,KC,0.3857419711941429,0.6142580288058571,0.3194888178913738,0.7084548104956269,0.3108038311329388,0.6891961688670611,213.0,-243.0,False,False,True,KC,KC,KC,1.0,1.0,0.6142580288058571,0.6891961688670611,0.6891961688670611,-0.07493814006120403,-243.0,0.41152263374485587,-243.0,0.41152263374485587,-4.471301561518721,-5.5,1.0286984384812792,-7.0,-1.5
2019,11,2019_11_NE_PHI,PHI,NE,0.3596811882832501,0.64031881171675,0.34965034965034963,0.6774193548387096,0.34043487810235007,0.6595651218976498,186.0,-210.0,False,False,True,NE,NE,NE,1.0,1.0,0.64031881171675,0.6595651218976498,0.6595651218976498,-0.01924631018089984,-210.0,0.4761904761904763,-210.0,0.4761904761904763,-2.7264837630830456,-4.5,1.7735162369169544,-7.0,-2.5
2019,11,2019_11_NO_TB,TB,NO,0.4220614168972776,0.5779385831027224,0.33112582781456956,0.696969696969697,0.3220769080616826,0.6779230919383173,202.0,-230.0,False,False,True,NO,NO,NO,1.0,1.0,0.5779385831027224,0.6779230919383173,0.6779230919383173,-0.09998450883559495,-230.0,0.4347826086956521,-230.0,0.4347826086956521,-0.800148208770475,-5.0,4.199851791229525,-17.0,-12.0
2019,11,2019_11_NYJ_WAS,WAS,NYJ,0.5391585700654116,0.46084142993458843,0.5495495495495496,0.47393364928909953,0.5369404697342622,0.4630595302657377,-122.0,111.0,True,True,True,WAS,WAS,NYJ,0.0,0.0,0.5391585700654116,0.5369404697342622,0.5369404697342622,0.002218100331149331,-122.0,-1.0,-122.0,-1.0,3.6022843318943982,1.0,2.6022843318943982,-17.0,-18.0
2019,11,2019_11_PIT_CLE,CLE,PIT,0.465216556355814,0.5347834436441861,0.6197718631178707,0.4065040650406504,0.6039037320401216,0.3960962679598783,-163.0,146.0,False,True,False,PIT,CLE,CLE,0.0,1.0,0.5347834436441861,0.6039037320401216,0.3960962679598783,0.13868717568430777,146.0,-1.0,-163.0,0.6134969325153374,1.7787208363029987,3.0,-1.2212791636970013,14.0,11.0
2019,12,2019_12_BAL_LA,LA,BAL,0.3608635385605089,0.6391364614394911,0.40816326530612246,0.6183206106870229,0.39763241766580665,0.6023675823341934,145.0,-162.0,False,False,True,BAL,BAL,BAL,1.0,1.0,0.6391364614394911,0.6023675823341934,0.6023675823341934,0.03676887910529769,-162.0,0.617283950617284,-162.0,0.617283950617284,-1.715577154586322,-3.5,1.784422845413678,-39.0,-35.5
2019,12,2019_12_CAR_NO,NO,CAR,0.6907480941201478,0.3092519058798522,0.8204667863554758,0.2109704641350211,0.7954597198863094,0.2045402801136906,-457.0,374.0,True,True,True,NO,NO,NO,1.0,1.0,0.6907480941201478,0.7954597198863094,0.7954597198863094,-0.10471162576616155,-457.0,0.21881838074398252,-457.0,0.21881838074398252,4.814961849488993,10.0,-5.185038150511007,3.0,-7.0
2019,12,2019_12_DAL_NE,NE,DAL,0.5747472175401331,0.42525278245986686,0.6978851963746223,0.33003300330033003,0.6789306742455842,0.32106932575441594,-231.0,203.0,True,True,True,NE,NE,NE,1.0,1.0,0.5747472175401331,0.6789306742455842,0.6789306742455842,-0.10418345670545104,-231.0,0.4329004329004329,-231.0,0.4329004329004329,1.6018225232211407,5.5,-3.8981774767788595,4.0,-1.5
2019,12,2019_12_DEN_BUF,BUF,DEN,0.7130913663698335,0.2869086336301665,0.6551724137931034,0.37037037037037035,0.6388542963885429,0.361145703611457,-190.0,170.0,True,True,True,BUF,BUF,BUF,1.0,1.0,0.7130913663698335,0.6388542963885429,0.6388542963885429,0.07423706998129065,-190.0,0.5263157894736841,-190.0,0.5263157894736841,6.5676841204943335,3.5,3.0676841204943335,17.0,13.5
2019,12,2019_12_DET_WAS,WAS,DET,0.5172782656927379,0.48272173430726206,0.37174721189591076,0.6551724137931034,0.36200224691049804,0.6379977530895019,169.0,-190.0,True,False,False,WAS,DET,WAS,1.0,0.0,0.5172782656927379,0.6379977530895019,0.36200224691049804,0.1552760187822399,169.0,1.69,-190.0,-1.0,-0.3326370351114793,-4.0,3.667362964888521,3.0,7.0
2019,12,2019_12_GB_SF,SF,GB,0.5535462208100143,0.44645377918998574,0.6363636363636364,0.390625,0.6196403872752421,0.380359612724758,-175.0,156.0,True,True,True,SF,SF,SF,1.0,1.0,0.5535462208100143,0.6196403872752421,0.6196403872752421,-0.06609416646522781,-175.0,0.5714285714285714,-175.0,0.5714285714285714,2.634418421767197,3.0,-0.36558157823280313,29.0,26.0
2019,12,2019_12_IND_HOU,HOU,IND,0.645393616030734,0.354606383969266,0.6466431095406361,0.3787878787878788,0.6306061713569676,0.3693938286430324,-183.0,164.0,True,True,True,HOU,HOU,HOU,1.0,1.0,0.645393616030734,0.6306061713569676,0.6306061713569676,0.014787444673766359,-183.0,0.5464480874316942,-183.0,0.5464480874316942,3.785334701215824,3.5,0.2853347012158238,3.0,-0.5
2019,12,2019_12_JAX_TEN,TEN,JAX,0.6077214600906101,0.3922785399093899,0.6923076923076923,0.33557046979865773,0.6735308890005023,0.32646911099949777,-225.0,198.0,True,True,True,TEN,TEN,TEN,1.0,1.0,0.6077214600906101,0.6735308890005023,0.6735308890005023,-0.06580942890989216,-225.0,0.4444444444444444,-225.0,0.4444444444444444,3.08969586604521,4.5,-1.41030413395479,22.0,17.5
2019,12,2019_12_MIA_CLE,CLE,MIA,0.6863257553274722,0.3136742446725278,0.8168498168498168,0.21505376344086022,0.791595099049582,0.20840490095041794,-446.0,365.0,True,True,True,CLE,CLE,CLE,1.0,1.0,0.6863257553274722,0.791595099049582,0.791595099049582,-0.10526934372210983,-446.0,0.22421524663677128,-446.0,0.22421524663677128,5.302703327522578,11.0,-5.697296672477422,17.0,6.0
2019,12,2019_12_NYG_CHI,CHI,NYG,0.6698671476920044,0.3301328523079956,0.7159090909090909,0.3125,0.696132596685083,0.30386740331491713,-252.0,220.0,True,True,True,CHI,CHI,CHI,1.0,1.0,0.6698671476920044,0.696132596685083,0.696132596685083,-0.02626544899307859,-252.0,0.39682539682539675,-252.0,0.39682539682539675,2.254006387607801,6.0,-3.745993612392199,5.0,-1.0
2019,12,2019_12_OAK_NYJ,NYJ,LV,0.3811884329048083,0.6188115670951917,0.3875968992248062,0.6389891696750902,0.3775590873156503,0.6224409126843496,158.0,-177.0,False,False,True,LV,LV,NYJ,0.0,0.0,0.6188115670951917,0.6224409126843496,0.6224409126843496,-0.0036293455891579507,-177.0,-1.0,-177.0,-1.0,-3.5665942298032047,-3.5,-0.06659422980320473,31.0,34.5
2019,12,2019_12_PIT_CIN,CIN,PIT,0.4384441514265856,0.5615558485734145,0.33444816053511706,0.6923076923076923,0.3257328990228013,0.6742671009771987,199.0,-225.0,False,False,True,PIT,PIT,PIT,1.0,1.0,0.5615558485734145,0.6742671009771987,0.6742671009771987,-0.11271125240378421,-225.0,0.4444444444444444,-225.0,0.4444444444444444,-0.9547536265631148,-5.5,4.5452463734368855,-6.0,-0.5
2019,12,2019_12_SEA_PHI,PHI,SEA,0.4667194599228853,0.5332805400771147,0.5121951219512195,0.5121951219512195,0.5,0.5,-105.0,-105.0,False,True,False,SEA,PHI,SEA,1.0,0.0,0.5332805400771147,0.5,0.5,0.03328054007711467,-105.0,0.9523809523809523,-105.0,-1.0,-3.0340657122142822,-1.0,-2.0340657122142822,-8.0,-7.0
2019,12,2019_12_TB_ATL,ATL,TB,0.5195059225857959,0.48049407741420413,0.6466431095406361,0.38022813688212925,0.6297217024951262,0.37027829750487373,-183.0,163.0,True,True,True,ATL,ATL,TB,0.0,0.0,0.5195059225857959,0.6297217024951262,0.6297217024951262,-0.11021577990933029,-183.0,-1.0,-183.0,-1.0,1.336281609005341,3.5,-2.163718390994659,-13.0,-16.5
2019,13,2019_13_BUF_DAL,DAL,BUF,0.6829866424475879,0.3170133575524121,0.7487437185929648,0.2808988764044944,0.7271879798201359,0.272812020179864,-298.0,256.0,True,True,True,DAL,DAL,BUF,0.0,0.0,0.6829866424475879,0.7271879798201359,0.7271879798201359,-0.044201337372548055,-298.0,-1.0,-298.0,-1.0,4.743690576741729,6.5,-1.756309423258271,-11.0,-17.5
2019,13,2019_13_CHI_DET,DET,CHI,0.4308557622064961,0.5691442377935039,0.33003300330033003,0.696969696969697,0.32135553607946243,0.6786444639205376,203.0,-230.0,False,False,True,CHI,CHI,CHI,1.0,1.0,0.5691442377935039,0.6786444639205376,0.6786444639205376,-0.1095002261270337,-230.0,0.4347826086956521,-230.0,0.4347826086956521,-2.014860356665028,-5.5,3.485139643334972,-4.0,1.5
2019,13,2019_13_CLE_PIT,PIT,CLE,0.4738495328138308,0.5261504671861692,0.49261083743842365,0.5305164319248826,0.48147562105834224,0.5185243789416578,103.0,-113.0,False,False,True,CLE,CLE,PIT,0.0,0.0,0.5261504671861692,0.5185243789416578,0.5185243789416578,0.0076260882445113864,-113.0,-1.0,-113.0,-1.0,0.5506877812559784,-1.0,1.5506877812559785,7.0,8.0
2019,13,2019_13_GB_NYG,NYG,GB,0.3742869483755149,0.6257130516244851,0.30959752321981426,0.7191011235955056,0.30096036791559583,0.6990396320844041,223.0,-256.0,False,False,True,GB,GB,GB,1.0,1.0,0.6257130516244851,0.6990396320844041,0.6990396320844041,-0.07332658045991902,-256.0,0.390625,-256.0,0.390625,-5.451607384422799,-6.5,1.0483926155772014,-18.0,-11.5
2019,13,2019_13_LAC_DEN,DEN,LAC,0.2914742932789882,0.7085257067210118,0.35335689045936397,0.6742671009771987,0.34385815571062156,0.6561418442893785,183.0,-207.0,False,False,True,LAC,LAC,DEN,0.0,0.0,0.7085257067210118,0.6561418442893785,0.6561418442893785,0.05238386243163329,-207.0,-1.0,-207.0,-1.0,-6.464993045434117,-4.5,-1.9649930454341167,3.0,7.5
2019,13,2019_13_LA_ARI,ARI,LA,0.4277814187285146,0.5722185812714854,0.4444444444444444,0.5815899581589958,0.43316719528772085,0.5668328047122791,125.0,-139.0,False,False,True,LA,LA,LA,1.0,1.0,0.5722185812714854,0.5668328047122791,0.5668328047122791,0.005385776559206246,-139.0,0.7194244604316546,-139.0,0.7194244604316546,-0.7508914011942259,-2.5,1.749108598805774,-27.0,-24.5
2019,13,2019_13_MIN_SEA,SEA,MIN,0.5259122967128582,0.4740877032871418,0.6062992125984252,0.42016806722689076,0.5906658931218978,0.4093341068781022,-154.0,138.0,True,True,True,SEA,SEA,SEA,1.0,1.0,0.5259122967128582,0.5906658931218978,0.5906658931218978,-0.06475359640903955,-154.0,0.6493506493506493,-154.0,0.6493506493506493,0.0936350445730596,2.5,-2.40636495542694,7.0,4.5
2019,13,2019_13_NE_HOU,HOU,NE,0.4633110186156297,0.5366889813843703,0.3937007874015748,0.6323529411764706,0.3837038708949329,0.6162961291050671,154.0,-172.0,False,False,True,NE,NE,HOU,0.0,0.0,0.5366889813843703,0.6162961291050671,0.6162961291050671,-0.07960714772069688,-172.0,-1.0,-172.0,-1.0,-1.2088359058570606,-3.5,2.2911640941429394,6.0,9.5
2019,13,2019_13_NO_ATL,ATL,NO,0.4486442711493765,0.5513557288506234,0.26881720430107525,0.7613365155131265,0.2609486323551392,0.7390513676448607,272.0,-319.0,False,False,True,NO,NO,NO,1.0,1.0,0.5513557288506234,0.7390513676448607,0.7390513676448607,-0.18769563879423723,-319.0,0.3134796238244515,-319.0,0.3134796238244515,-1.8312929534545,-7.0,5.1687070465455,-8.0,-1.0
2019,13,2019_13_NYJ_CIN,CIN,NYJ,0.524458268711402,0.475541731288598,0.47393364928909953,0.5515695067264574,0.46214743124779806,0.537852568752202,111.0,-123.0,True,False,False,CIN,NYJ,CIN,1.0,0.0,0.524458268711402,0.537852568752202,0.46214743124779806,0.06231083746360394,111.0,1.1100000000000003,-123.0,-1.0,1.6408356225305394,-2.5,4.140835622530539,16.0,18.5
2019,13,2019_13_OAK_KC,KC,LV,0.677169154792707,0.322830845207293,0.8185117967332124,0.21321961620469082,0.7933380591780781,0.2066619408219219,-451.0,369.0,True,True,True,KC,KC,KC,1.0,1.0,0.677169154792707,0.7933380591780781,0.7933380591780781,-0.11616890438537109,-451.0,0.2217294900221729,-451.0,0.2217294900221729,5.027956352181169,11.5,-6.472043647818831,31.0,19.5
2019,13,2019_13_PHI_MIA,MIA,PHI,0.4752299609019992,0.5247700390980008,0.2074688796680498,0.8242530755711776,0.20108991440425786,0.7989100855957421,382.0,-469.0,False,False,True,PHI,PHI,MIA,0.0,0.0,0.5247700390980008,0.7989100855957421,0.7989100855957421,-0.27414004649774126,-469.0,-1.0,-469.0,-1.0,-2.5222050331787025,-10.5,7.977794966821298,6.0,16.5
2019,13,2019_13_SF_BAL,BAL,SF,0.6640632310697273,0.3359367689302727,0.7076023391812866,0.32051282051282054,0.688252023627215,0.31174797637278495,-242.0,212.0,True,True,True,BAL,BAL,BAL,1.0,1.0,0.6640632310697273,0.688252023627215,0.688252023627215,-0.024188792557487737,-242.0,0.4132231404958677,-242.0,0.4132231404958677,5.270830379085102,5.5,-0.2291696209148979,3.0,-2.5
2019,13,2019_13_TB_JAX,JAX,TB,0.346597881235398,0.653402118764602,0.4166666666666667,0.6078431372549019,0.4066985645933015,0.5933014354066986,140.0,-155.0,False,False,True,TB,TB,TB,1.0,1.0,0.653402118764602,0.5933014354066986,0.5933014354066986,0.06010068335790342,-155.0,0.6451612903225805,-155.0,0.6451612903225805,-4.236583377759769,-3.0,-1.2365833777597688,-17.0,-14.0
2019,13,2019_13_TEN_IND,IND,TEN,0.5647224413941273,0.4352775586058727,0.5024875621890548,0.5215311004784688,0.49070156678599663,0.5092984332140034,-101.0,-109.0,True,False,False,IND,TEN,TEN,0.0,1.0,0.5647224413941273,0.5092984332140034,0.49070156678599663,0.07402087460813067,-101.0,-1.0,-109.0,0.9174311926605505,1.7747875482859703,-1.0,2.7747875482859703,-14.0,-13.0
2019,13,2019_13_WAS_CAR,CAR,WAS,0.7183122327946233,0.2816877672053767,0.8281786941580757,0.20366598778004075,0.8026195304922302,0.19738046950776975,-482.0,391.0,True,True,True,CAR,CAR,WAS,0.0,0.0,0.7183122327946233,0.8026195304922302,0.8026195304922302,-0.08430729769760692,-482.0,-1.0,-482.0,-1.0,8.59608094018807,10.5,-1.9039190598119298,-8.0,-18.5
2019,14,2019_14_BAL_BUF,BUF,BAL,0.345547935331806,0.654452064668194,0.30303030303030304,0.7252747252747253,0.29468911917098445,0.7053108808290155,230.0,-264.0,False,False,True,BAL,BAL,BAL,1.0,1.0,0.654452064668194,0.7053108808290155,0.7053108808290155,-0.05085881616082155,-264.0,0.3787878787878789,-264.0,0.3787878787878789,-8.003924302574827,-6.5,-1.503924302574827,-7.0,-0.5
2019,14,2019_14_CAR_ATL,ATL,CAR,0.5836690709926833,0.4163309290073167,0.6428571428571429,0.3831417624521073,0.6265670845558816,0.37343291544411844,-180.0,161.0,True,True,True,ATL,ATL,ATL,1.0,1.0,0.5836690709926833,0.6265670845558816,0.6265670845558816,-0.042898013563198334,-180.0,0.5555555555555556,-180.0,0.5555555555555556,0.8246614112224517,3.5,-2.6753385887775485,20.0,16.5
2019,14,2019_14_CIN_CLE,CLE,CIN,0.7005827078494588,0.29941729215054125,0.7289972899728997,0.2994011976047904,0.7088665520016411,0.2911334479983589,-269.0,234.0,True,True,True,CLE,CLE,CLE,1.0,1.0,0.7005827078494588,0.7088665520016411,0.7088665520016411,-0.008283844152182307,-269.0,0.37174721189591065,-269.0,0.37174721189591065,4.876488370091619,6.5,-1.6235116299083812,8.0,1.5
2019,14,2019_14_DAL_CHI,CHI,DAL,0.439034991803769,0.560965008196231,0.4,0.6254681647940075,0.3900657414170928,0.6099342585829073,150.0,-167.0,False,False,True,DAL,DAL,CHI,0.0,0.0,0.560965008196231,0.6099342585829073,0.6099342585829073,-0.04896925038667632,-167.0,-1.0,-167.0,-1.0,-2.082650944749965,-3.0,0.917349055250035,7.0,10.0
2019,14,2019_14_DEN_HOU,HOU,DEN,0.7304578722288511,0.26954212777114894,0.7955010224948875,0.23529411764705882,0.7717353250087524,0.2282646749912475,-389.0,325.0,True,True,True,HOU,HOU,DEN,0.0,0.0,0.7304578722288511,0.7717353250087524,0.7717353250087524,-0.04127745277990136,-389.0,-1.0,-389.0,-1.0,5.963056598904219,8.0,-2.0369434010957814,-14.0,-22.0
2019,14,2019_14_DET_MIN,MIN,DET,0.7227893496553891,0.2772106503446109,0.8544395924308588,0.17761989342806395,0.8278976203777234,0.17210237962227662,-587.0,463.0,True,True,True,MIN,MIN,MIN,1.0,1.0,0.7227893496553891,0.8278976203777234,0.8278976203777234,-0.10510827072233431,-587.0,0.17035775127768304,-587.0,0.17035775127768304,6.499058305147723,12.0,-5.500941694852277,13.0,1.0
2019,14,2019_14_IND_TB,TB,IND,0.5654733226618577,0.4345266773381423,0.6240601503759399,0.40160642570281124,0.6084434892689964,0.3915565107310036,-166.0,149.0,True,True,True,TB,TB,TB,1.0,1.0,0.5654733226618577,0.6084434892689964,0.6084434892689964,-0.042970166607138705,-166.0,0.6024096385542168,-166.0,0.6024096385542168,2.062886466812796,3.0,-0.9371135331872038,3.0,0.0
2019,14,2019_14_KC_NE,NE,KC,0.531942752368349,0.468057247631651,0.6,0.425531914893617,0.5850622406639003,0.41493775933609955,-150.0,135.0,True,True,True,NE,NE,KC,0.0,0.0,0.531942752368349,0.5850622406639003,0.5850622406639003,-0.053119488295551354,-150.0,-1.0,-150.0,-1.0,1.8951572418629967,3.0,-1.1048427581370033,-7.0,-10.0
2019,14,2019_14_LAC_JAX,JAX,LAC,0.3610464802225072,0.6389535197774928,0.38461538461538464,0.6415770609318996,0.3747984954325632,0.6252015045674368,160.0,-179.0,False,False,True,LAC,LAC,LAC,1.0,1.0,0.6389535197774928,0.6252015045674368,0.6252015045674368,0.013752015210055979,-179.0,0.558659217877095,-179.0,0.558659217877095,-2.088149278634061,-3.5,1.4118507213659388,-35.0,-31.5
2019,14,2019_14_MIA_NYJ,NYJ,MIA,0.6881633462208813,0.31183665377911873,0.6805111821086262,0.3460207612456747,0.6629225583423975,0.33707744165760256,-213.0,189.0,True,True,True,NYJ,NYJ,NYJ,1.0,1.0,0.6881633462208813,0.6629225583423975,0.6629225583423975,0.025240787878483717,-213.0,0.4694835680751175,-213.0,0.4694835680751175,3.821984659605473,5.0,-1.178015340394527,1.0,-4.0
2019,14,2019_14_NYG_PHI,PHI,NYG,0.7218358430012017,0.27816415699879826,0.8043052837573386,0.22675736961451248,0.7800741120115687,0.21992588798843132,-411.0,341.0,True,True,True,PHI,PHI,PHI,1.0,1.0,0.7218358430012017,0.7800741120115687,0.7800741120115687,-0.058238269010366994,-411.0,0.24330900243308995,-411.0,0.24330900243308995,4.8403981916262415,9.5,-4.6596018083737585,6.0,-3.5
2019,14,2019_14_PIT_ARI,ARI,PIT,0.5694882165821507,0.43051178341784935,0.4608294930875576,0.5652173913043478,0.4491310290958797,0.5508689709041202,117.0,-130.0,True,False,False,ARI,PIT,PIT,0.0,1.0,0.5694882165821507,0.5508689709041202,0.4491310290958797,0.12035718748627094,117.0,-1.0,-130.0,0.7692307692307692,0.478047639224348,-2.5,2.9780476392243482,-6.0,-3.5
2019,14,2019_14_SEA_LA,LA,SEA,0.542277988948728,0.45772201105127197,0.5454545454545454,0.4784688995215311,0.5327102803738317,0.4672897196261682,-120.0,109.0,True,True,True,LA,LA,LA,1.0,1.0,0.542277988948728,0.5327102803738317,0.5327102803738317,0.009567708574896305,-120.0,0.8333333333333335,-120.0,0.8333333333333335,1.469779350397886,1.0,0.469779350397886,16.0,15.0
2019,14,2019_14_SF_NO,NO,SF,0.5058483586014921,0.49415164139850787,0.5370370370370371,0.4878048780487805,0.5240193918025562,0.4759806081974437,-116.0,105.0,True,True,True,NO,NO,SF,0.0,0.0,0.5058483586014921,0.5240193918025562,0.5240193918025562,-0.018171033201064057,-116.0,-1.0,-116.0,-1.0,0.1973821943626237,1.0,-0.8026178056373763,-2.0,-3.0
2019,14,2019_14_TEN_OAK,LV,TEN,0.538241393784287,0.46175860621571296,0.4219409282700422,0.6031746031746031,0.4116032928263426,0.5883967071736573,137.0,-152.0,True,False,False,LV,TEN,TEN,0.0,1.0,0.538241393784287,0.5883967071736573,0.4116032928263426,0.12663810095794442,137.0,-1.0,-152.0,0.6578947368421053,-1.071526229812927,-3.0,1.928473770187073,-21.0,-18.0
2019,14,2019_14_WAS_GB,GB,WAS,0.7398542387105065,0.2601457612894935,0.8826291079812206,0.1497005988023952,0.8549876092699,0.14501239073009992,-752.0,568.0,True,True,True,GB,GB,GB,1.0,1.0,0.7398542387105065,0.8549876092699,0.8549876092699,-0.11513337055939354,-752.0,0.1329787234042552,-752.0,0.1329787234042552,3.936279046211357,13.0,-9.063720953788643,5.0,-8.0
2019,15,2019_15_ATL_SF,SF,ATL,0.6116587764208108,0.3883412235791892,0.8214285714285714,0.21008403361344538,0.7963340122199594,0.20366598778004075,-460.0,376.0,True,True,True,SF,SF,ATL,0.0,0.0,0.6116587764208108,0.7963340122199594,0.7963340122199594,-0.18467523579914857,-460.0,-1.0,-460.0,-1.0,4.733981321631676,10.5,-5.766018678368324,-7.0,-17.5
2019,15,2019_15_BUF_PIT,PIT,BUF,0.5403275807947077,0.45967241920529234,0.5283018867924528,0.4975124378109453,0.5150073206442166,0.4849926793557833,-112.0,101.0,True,True,True,PIT,PIT,BUF,0.0,0.0,0.5403275807947077,0.5150073206442166,0.5150073206442166,0.025320260150491047,-112.0,-1.0,-112.0,-1.0,1.657072269397997,1.0,0.6570722693979969,-7.0,-8.0
2019,15,2019_15_CHI_GB,GB,CHI,0.6536678202285162,0.3463321797714838,0.6855345911949685,0.3424657534246575,0.6668622192423734,0.33313778075762657,-218.0,192.0,True,True,True,GB,GB,GB,1.0,1.0,0.6536678202285162,0.6668622192423734,0.6668622192423734,-0.013194399013857216,-218.0,0.45871559633027514,-218.0,0.45871559633027514,3.794162819488233,4.0,-0.20583718051176714,8.0,4.0
2019,15,2019_15_CLE_ARI,ARI,CLE,0.4545408358361784,0.5454591641638216,0.4166666666666667,0.609375,0.40609137055837563,0.5939086294416244,140.0,-156.0,False,False,True,CLE,CLE,ARI,0.0,0.0,0.5454591641638216,0.5939086294416244,0.5939086294416244,-0.048449465277802806,-156.0,-1.0,-156.0,-1.0,0.1543347454719254,-3.0,3.1543347454719255,14.0,17.0
2019,15,2019_15_DEN_KC,KC,DEN,0.7559897707617871,0.24401022923821292,0.8098859315589354,0.22123893805309736,0.7854392376974285,0.21456076230257146,-426.0,352.0,True,True,True,KC,KC,KC,1.0,1.0,0.7559897707617871,0.7854392376974285,0.7854392376974285,-0.029449466935641433,-426.0,0.23474178403755874,-426.0,0.23474178403755874,6.154936511600188,10.0,-3.845063488399812,20.0,10.0
2019,15,2019_15_HOU_TEN,TEN,HOU,0.583933538556577,0.41606646144342296,0.6226415094339622,0.4032258064516129,0.6069415603678434,0.39305843963215664,-165.0,148.0,True,True,True,TEN,TEN,HOU,0.0,0.0,0.583933538556577,0.6069415603678434,0.6069415603678434,-0.023008021811266377,-165.0,-1.0,-165.0,-1.0,2.686071170966487,3.0,-0.31392882903351316,-3.0,-6.0
2019,15,2019_15_IND_NO,NO,IND,0.725554174424657,0.274445825575343,0.7899159663865546,0.24096385542168675,0.7662541740326065,0.23374582596739343,-376.0,315.0,True,True,True,NO,NO,NO,1.0,1.0,0.725554174424657,0.7662541740326065,0.7662541740326065,-0.040699999607949566,-376.0,0.26595744680851063,-376.0,0.26595744680851063,5.136188912480368,8.0,-2.8638110875196316,27.0,19.0
2019,15,2019_15_JAX_OAK,LV,JAX,0.7140773633031491,0.2859226366968509,0.7481108312342569,0.28169014084507044,0.7264615702621697,0.2735384297378303,-297.0,255.0,True,True,True,LV,LV,JAX,0.0,0.0,0.7140773633031491,0.7264615702621697,0.7264615702621697,-0.01238420695902065,-297.0,-1.0,-297.0,-1.0,4.176427706424085,7.0,-2.823572293575915,-4.0,-11.0
2019,15,2019_15_LA_DAL,DAL,LA,0.5726337804496052,0.4273662195503948,0.49019607843137253,0.5348837209302325,0.478202846975089,0.521797153024911,104.0,-115.0,True,False,False,DAL,LA,DAL,1.0,0.0,0.5726337804496052,0.521797153024911,0.478202846975089,0.0944309334745162,104.0,1.04,-115.0,-1.0,-1.3864776478463798,-1.0,-0.38647764784637983,23.0,24.0
2019,15,2019_15_MIA_NYG,NYG,MIA,0.5636065973522204,0.4363934026477796,0.6491228070175439,0.37735849056603776,0.6323766526926797,0.3676233473073202,-185.0,165.0,True,True,True,NYG,NYG,NYG,1.0,1.0,0.5636065973522204,0.6323766526926797,0.6323766526926797,-0.06877005534045932,-185.0,0.5405405405405406,-185.0,0.5405405405405406,3.135559459252368,3.5,-0.3644405407476321,16.0,12.5
2019,15,2019_15_MIN_LAC,LAC,MIN,0.5344976380823572,0.4655023619176428,0.4830917874396135,0.5412844036697247,0.4715960714749275,0.5284039285250725,107.0,-118.0,True,False,False,LAC,MIN,MIN,0.0,1.0,0.5344976380823572,0.5284039285250725,0.4715960714749275,0.06290156660742968,107.0,-1.0,-118.0,0.847457627118644,1.4339996411559848,-1.0,2.4339996411559848,-29.0,-28.0
2019,15,2019_15_NE_CIN,CIN,NE,0.3389711498979387,0.6610288501020614,0.2079002079002079,0.823943661971831,0.20148417214126596,0.7985158278587341,381.0,-468.0,False,False,True,NE,NE,NE,1.0,1.0,0.6610288501020614,0.7985158278587341,0.7985158278587341,-0.13748697775667273,-468.0,0.21367521367521358,-468.0,0.21367521367521358,-3.83096784511425,-10.5,6.66903215488575,-21.0,-10.5
2019,15,2019_15_NYJ_BAL,BAL,NYJ,0.7024841543332165,0.29751584566678346,0.91701244813278,0.11428571428571428,0.8891826646741006,0.11081733532589953,-1105.0,775.0,True,True,True,BAL,BAL,BAL,1.0,1.0,0.7024841543332165,0.8891826646741006,0.8891826646741006,-0.18669851034088403,-1105.0,0.09049773755656099,-1105.0,0.09049773755656099,6.783483297750146,17.0,-10.216516702249855,21.0,4.0
2019,15,2019_15_PHI_WAS,WAS,PHI,0.3091658575538042,0.6908341424461958,0.2881844380403458,0.7409326424870466,0.28003075985548675,0.7199692401445134,247.0,-286.0,False,False,True,PHI,PHI,PHI,1.0,1.0,0.6908341424461958,0.7199692401445134,0.7199692401445134,-0.02913509769831757,-286.0,0.3496503496503496,-286.0,0.3496503496503496,-4.550873354329818,-7.0,2.449126645670182,-10.0,-3.0
2019,15,2019_15_SEA_CAR,CAR,SEA,0.4680908855447842,0.5319091144552158,0.31446540880503143,0.7142857142857143,0.3056768558951965,0.6943231441048034,218.0,-250.0,False,False,True,SEA,SEA,SEA,1.0,1.0,0.5319091144552158,0.6943231441048034,0.6943231441048034,-0.16241402964958762,-250.0,0.3999999999999999,-250.0,0.3999999999999999,-1.5782908363479748,-6.0,4.421709163652025,-6.0,0.0
2019,15,2019_15_TB_DET,DET,TB,0.3592230083376631,0.6407769916623369,0.3225806451612903,0.7050147492625368,0.3139179553662376,0.6860820446337623,210.0,-239.0,False,False,True,TB,TB,TB,1.0,1.0,0.6407769916623369,0.6860820446337623,0.6860820446337623,-0.0453050529714254,-239.0,0.41841004184100417,-239.0,0.41841004184100417,-3.011990175959685,-5.5,2.488009824040315,-21.0,-15.5
2019,16,2019_16_ARI_SEA,SEA,ARI,0.711644827666588,0.288355172333412,0.7938144329896907,0.23696682464454977,0.7701094942408874,0.2298905057591127,-385.0,322.0,True,True,True,SEA,SEA,ARI,0.0,0.0,0.711644827666588,0.7701094942408874,0.7701094942408874,-0.058464666574299384,-385.0,-1.0,-385.0,-1.0,5.394764924345338,8.0,-2.6052350756546616,-14.0,-22.0
2019,16,2019_16_BAL_CLE,CLE,BAL,0.4647253221234772,0.5352746778765227,0.24330900243309003,0.7872340425531915,0.2360978550258703,0.7639021449741297,311.0,-370.0,False,False,True,BAL,BAL,BAL,1.0,1.0,0.5352746778765227,0.7639021449741297,0.7639021449741297,-0.22862746709760695,-370.0,0.2702702702702702,-370.0,0.2702702702702702,-3.500539624918781,-9.5,5.9994603750812185,-16.0,-6.5
2019,16,2019_16_BUF_NE,NE,BUF,0.7311362166216769,0.26886378337832306,0.7429305912596401,0.2857142857142857,0.7222420564084255,0.2777579435915744,-289.0,250.0,True,True,True,NE,NE,NE,1.0,1.0,0.7311362166216769,0.7222420564084255,0.7222420564084255,0.0088941602132514,-289.0,0.3460207612456747,-289.0,0.3460207612456747,6.385240684988182,7.0,-0.6147593150118178,7.0,0.0
2019,16,2019_16_CAR_IND,IND,CAR,0.6032205324952927,0.3967794675047073,0.7549019607843137,0.27472527472527475,0.7331798681594643,0.26682013184053577,-308.0,264.0,True,True,True,IND,IND,IND,1.0,1.0,0.6032205324952927,0.7331798681594643,0.7331798681594643,-0.12995933566417162,-308.0,0.3246753246753247,-308.0,0.3246753246753247,4.170347555315345,7.5,-3.3296524446846547,32.0,24.5
2019,16,2019_16_CIN_MIA,MIA,CIN,0.5577842108312254,0.4422157891687746,0.4830917874396135,0.5412844036697247,0.4715960714749275,0.5284039285250725,107.0,-118.0,True,False,False,MIA,CIN,MIA,1.0,0.0,0.5577842108312254,0.5284039285250725,0.4715960714749275,0.08618813935629793,107.0,1.0700000000000003,-118.0,-1.0,1.232402233249667,-1.5,2.732402233249667,3.0,4.5
2019,16,2019_16_DAL_PHI,PHI,DAL,0.4959449721939133,0.5040550278060867,0.4784688995215311,0.5454545454545454,0.4672897196261682,0.5327102803738317,109.0,-120.0,False,False,True,DAL,DAL,PHI,0.0,0.0,0.5040550278060867,0.5327102803738317,0.5327102803738317,-0.028655252567745038,-120.0,-1.0,-120.0,-1.0,-0.9566257960458884,-2.0,1.0433742039541116,8.0,10.0
2019,16,2019_16_DET_DEN,DEN,DET,0.6110021040316532,0.3889978959683468,0.8,0.23094688221709006,0.7759856630824372,0.2240143369175627,-400.0,333.0,True,True,True,DEN,DEN,DEN,1.0,1.0,0.6110021040316532,0.7759856630824372,0.7759856630824372,-0.164983559050784,-400.0,0.25,-400.0,0.25,0.9323775013882248,9.5,-8.567622498611776,10.0,0.5
2019,16,2019_16_GB_MIN,MIN,GB,0.6577641151372768,0.34223588486272316,0.6688741721854304,0.35842293906810035,0.6511009958640449,0.3488990041359551,-202.0,179.0,True,True,True,MIN,MIN,GB,0.0,0.0,0.6577641151372768,0.6511009958640449,0.6511009958640449,0.006663119273231932,-202.0,-1.0,-202.0,-1.0,2.7412298536263044,4.0,-1.2587701463736956,-13.0,-17.0
2019,16,2019_16_HOU_TB,TB,HOU,0.5025163487620266,0.49748365123797345,0.425531914893617,0.6,0.41493775933609955,0.5850622406639003,135.0,-150.0,True,False,False,TB,HOU,HOU,0.0,1.0,0.5025163487620266,0.5850622406639003,0.41493775933609955,0.087578589425927,135.0,-1.0,-150.0,0.6666666666666665,-0.6978920563009938,-3.0,2.3021079436990064,-3.0,0.0
2019,16,2019_16_JAX_ATL,ATL,JAX,0.6915148143218438,0.3084851856781562,0.7578692493946732,0.2717391304347826,0.7360752537000588,0.26392474629994117,-313.0,268.0,True,True,True,ATL,ATL,ATL,1.0,1.0,0.6915148143218438,0.7360752537000588,0.7360752537000588,-0.04456043937821497,-313.0,0.31948881789137373,-313.0,0.31948881789137373,3.981348877186168,7.5,-3.518651122813832,12.0,4.5
2019,16,2019_16_KC_CHI,CHI,KC,0.3893326851225226,0.6106673148774774,0.2824858757062147,0.7468354430379747,0.2744389633849788,0.7255610366150211,254.0,-295.0,False,False,True,KC,KC,KC,1.0,1.0,0.6106673148774774,0.7255610366150211,0.7255610366150211,-0.11489372173754375,-295.0,0.3389830508474576,-295.0,0.3389830508474576,-5.730145701467434,-6.5,0.7698542985325663,-23.0,-16.5
2019,16,2019_16_LA_SF,SF,LA,0.6846152580989181,0.3153847419010819,0.7619047619047619,0.26737967914438504,0.7402276100940128,0.25977238990598717,-320.0,274.0,True,True,True,SF,SF,SF,1.0,1.0,0.6846152580989181,0.7402276100940128,0.7402276100940128,-0.05561235199509473,-320.0,0.3125,-320.0,0.3125,5.03947274378219,7.0,-1.9605272562178104,3.0,-4.0
2019,16,2019_16_NO_TEN,TEN,NO,0.4302820058641856,0.5697179941358144,0.3861003861003861,0.6402877697841727,0.3761738518578658,0.6238261481421341,159.0,-178.0,False,False,True,NO,NO,NO,1.0,1.0,0.5697179941358144,0.6238261481421341,0.6238261481421341,-0.05410815400631974,-178.0,0.5617977528089888,-178.0,0.5617977528089888,-0.4261692818505338,-3.5,3.073830718149466,-10.0,-6.5
2019,16,2019_16_NYG_WAS,WAS,NYG,0.4198194199176758,0.5801805800823242,0.49504950495049505,0.5283018867924528,0.4837531945965681,0.5162468054034319,102.0,-112.0,False,False,True,NYG,NYG,NYG,1.0,1.0,0.5801805800823242,0.5162468054034319,0.5162468054034319,0.06393377467889227,-112.0,0.8928571428571428,-112.0,0.8928571428571428,1.0588170453822816,-1.0,2.0588170453822814,-6.0,-5.0
2019,16,2019_16_OAK_LAC,LAC,LV,0.669703497824184,0.33029650217581596,0.7624703087885986,0.26737967914438504,0.7403702653033536,0.2596297346966464,-321.0,274.0,True,True,True,LAC,LAC,LV,0.0,0.0,0.669703497824184,0.7403702653033536,0.7403702653033536,-0.07066676747916956,-321.0,-1.0,-321.0,-1.0,1.9057312527573225,7.5,-5.594268747242678,-7.0,-14.5
2019,16,2019_16_PIT_NYJ,NYJ,PIT,0.559165804928204,0.440834195071796,0.3952569169960474,0.6309963099630996,0.38514560209200854,0.6148543979079913,153.0,-171.0,True,False,False,NYJ,PIT,NYJ,1.0,0.0,0.559165804928204,0.6148543979079913,0.38514560209200854,0.17402020283619546,153.0,1.5300000000000002,-171.0,-1.0,-0.033960514220788,-3.0,2.966039485779212,6.0,9.0
2019,17,2019_17_ARI_LA,LA,ARI,0.7043616057742977,0.29563839422570226,0.7304582210242587,0.29850746268656714,0.7098956093365133,0.2901043906634867,-271.0,235.0,True,True,True,LA,LA,LA,1.0,1.0,0.7043616057742977,0.7098956093365133,0.7098956093365133,-0.0055340035622155614,-271.0,0.36900369003690026,-271.0,0.36900369003690026,6.068345721498578,7.0,-0.9316542785014219,7.0,0.0
2019,17,2019_17_ATL_TB,TB,ATL,0.5837510300065654,0.41624896999343464,0.5454545454545454,0.4784688995215311,0.5327102803738317,0.4672897196261682,-120.0,109.0,True,True,True,TB,TB,ATL,0.0,0.0,0.5837510300065654,0.5327102803738317,0.5327102803738317,0.05104074963273364,-120.0,-1.0,-120.0,-1.0,1.3604741965473413,1.0,0.36047419654734125,-6.0,-7.0
2019,17,2019_17_CHI_MIN,MIN,CHI,0.4910395579751329,0.5089604420248671,0.33003300330033003,0.696969696969697,0.32135553607946243,0.6786444639205376,203.0,-230.0,False,False,True,CHI,CHI,CHI,1.0,1.0,0.5089604420248671,0.6786444639205376,0.6786444639205376,-0.16968402189567044,-230.0,0.4347826086956521,-230.0,0.4347826086956521,-1.9995591196249287,-5.5,3.5004408803750713,-2.0,3.5
2019,17,2019_17_CLE_CIN,CIN,CLE,0.5185849125111588,0.4814150874888412,0.44642857142857145,0.5780590717299579,0.4357578877693609,0.5642421122306391,124.0,-137.0,True,False,False,CIN,CLE,CIN,1.0,0.0,0.5185849125111588,0.5642421122306391,0.4357578877693609,0.08282702474179787,124.0,1.2400000000000002,-137.0,-1.0,1.415391036749163,-2.5,3.915391036749163,10.0,12.5
2019,17,2019_17_GB_DET,DET,GB,0.3426577285613086,0.6573422714386914,0.16447368421052633,0.8677248677248677,0.15934306815499277,0.8406569318450072,508.0,-656.0,False,False,True,GB,GB,GB,1.0,1.0,0.6573422714386914,0.8406569318450072,0.8406569318450072,-0.18331466040631583,-656.0,0.15243902439024382,-656.0,0.15243902439024382,-5.900049347850039,-13.5,7.599950652149961,-3.0,10.5
2019,17,2019_17_IND_JAX,JAX,IND,0.3605302030210471,0.6394697969789529,0.32894736842105265,0.6987951807228916,0.320067869813358,0.679932130186642,204.0,-232.0,False,False,True,IND,IND,JAX,0.0,0.0,0.6394697969789529,0.679932130186642,0.679932130186642,-0.040462333207689105,-232.0,-1.0,-232.0,-1.0,-3.648722438188451,-5.0,1.351277561811549,18.0,23.0
2019,17,2019_17_LAC_KC,KC,LAC,0.5881410476087018,0.4118589523912982,0.7955010224948875,0.23529411764705882,0.7717353250087524,0.2282646749912475,-389.0,325.0,True,True,True,KC,KC,KC,1.0,1.0,0.5881410476087018,0.7717353250087524,0.7717353250087524,-0.18359427740005063,-389.0,0.2570694087403598,-389.0,0.2570694087403598,4.9493094986231885,10.0,-5.0506905013768115,10.0,0.0
2019,17,2019_17_MIA_NE,NE,MIA,0.6834124949891432,0.31658750501085675,0.9178307313064914,0.11350737797956867,0.889941642844805,0.11005835715519494,-1117.0,781.0,True,True,True,NE,NE,MIA,0.0,0.0,0.6834124949891432,0.889941642844805,0.889941642844805,-0.2065291478556618,-1117.0,-1.0,-1117.0,-1.0,6.207694453435554,17.5,-11.292305546564446,-3.0,-20.5
2019,17,2019_17_NO_CAR,CAR,NO,0.3613442955410429,0.6386557044589571,0.16393442622950818,0.868421052631579,0.15879648976180524,0.8412035102381947,510.0,-660.0,False,False,True,NO,NO,NO,1.0,1.0,0.6386557044589571,0.8412035102381947,0.8412035102381947,-0.2025478057792376,-660.0,0.1515151515151516,-660.0,0.1515151515151516,-3.277779588252624,-13.5,10.222220411747376,-32.0,-18.5
2019,17,2019_17_NYJ_BUF,BUF,NYJ,0.4616984080149678,0.5383015919850322,0.4716981132075472,0.5535714285714286,0.4600722970752547,0.5399277029247453,112.0,-124.0,False,False,True,NYJ,NYJ,NYJ,1.0,1.0,0.5383015919850322,0.5399277029247453,0.5399277029247453,-0.001626110939713099,-124.0,0.8064516129032258,-124.0,0.8064516129032258,-3.4453098923780168,-1.5,-1.9453098923780168,-7.0,-5.5
2019,17,2019_17_OAK_DEN,DEN,LV,0.5413577633085176,0.4586422366914824,0.6884735202492211,0.3389830508474576,0.6700755434503315,0.3299244565496685,-221.0,195.0,True,True,True,DEN,DEN,DEN,1.0,1.0,0.5413577633085176,0.6700755434503315,0.6700755434503315,-0.1287177801418139,-221.0,0.4524886877828054,-221.0,0.4524886877828054,0.618259101218022,5.5,-4.881740898781978,1.0,-4.5
2019,17,2019_17_PHI_NYG,NYG,PHI,0.4174157650563195,0.5825842349436805,0.36231884057971014,0.6644295302013423,0.35287987874194765,0.6471201212580523,176.0,-198.0,False,False,True,PHI,PHI,PHI,1.0,1.0,0.5825842349436805,0.6471201212580523,0.6471201212580523,-0.0645358863143718,-198.0,0.5050505050505052,-198.0,0.5050505050505052,-2.1419740536463223,-4.0,1.8580259463536777,-17.0,-13.0
2019,17,2019_17_PIT_BAL,BAL,PIT,0.7155472003055386,0.28445279969446136,0.45045045045045046,0.574468085106383,0.43949878436506445,0.5605012156349355,122.0,-135.0,True,False,False,BAL,PIT,BAL,1.0,0.0,0.7155472003055386,0.5605012156349355,0.43949878436506445,0.2760484159404742,122.0,1.2199999999999998,-135.0,-1.0,2.03230478594646,-2.0,4.03230478594646,18.0,20.0
2019,17,2019_17_SF_SEA,SEA,SF,0.4199876484417155,0.5800123515582845,0.3861003861003861,0.6389891696750902,0.37665039500700276,0.6233496049929973,159.0,-177.0,False,False,True,SF,SF,SF,1.0,1.0,0.5800123515582845,0.6233496049929973,0.6233496049929973,-0.04333725343471284,-177.0,0.5649717514124295,-177.0,0.5649717514124295,-3.866626497746188,-3.5,-0.36662649774618794,-5.0,-1.5
2019,17,2019_17_TEN_HOU,HOU,TEN,0.4130070045850968,0.5869929954149031,0.24509803921568626,0.7854077253218884,0.23784247274509004,0.76215752725491,308.0,-366.0,False,False,True,TEN,TEN,TEN,1.0,1.0,0.5869929954149031,0.76215752725491,0.76215752725491,-0.1751645318400069,-366.0,0.2732240437158471,-366.0,0.2732240437158471,-2.62407329766658,-10.0,7.37592670233342,-21.0,-11.0
2019,17,2019_17_WAS_DAL,DAL,WAS,0.7303153913648252,0.26968460863517485,0.8613037447988904,0.17094017094017094,0.8343994395764669,0.16560056042353322,-621.0,485.0,True,True,True,DAL,DAL,DAL,1.0,1.0,0.7303153913648252,0.8343994395764669,0.8343994395764669,-0.10408404821164174,-621.0,0.16103059581320456,-621.0,0.16103059581320456,8.843416436342379,13.0,-4.156583563657621,31.0,18.0
2019,18,2019_18_BUF_HOU,HOU,BUF,0.6510314901990579,0.3489685098009421,0.5901639344262295,0.43478260869565216,0.5757997218358832,0.4242002781641169,-144.0,130.0,True,True,True,HOU,HOU,HOU,1.0,1.0,0.6510314901990579,0.5757997218358832,0.5757997218358832,0.07523176836317469,-144.0,0.6944444444444444,-144.0,0.6944444444444444,2.7048451705320784,2.5,0.2048451705320784,3.0,0.5
2019,18,2019_18_MIN_NO,NO,MIN,0.7214822336968628,0.2785177663031372,0.7802197802197802,0.25,0.7573333333333334,0.2426666666666667,-355.0,300.0,True,True,True,NO,NO,MIN,0.0,0.0,0.7214822336968628,0.7573333333333334,0.7573333333333334,-0.035851099636470596,-355.0,-1.0,-355.0,-1.0,5.220865541515152,7.5,-2.2791344584848483,-6.0,-13.5
2019,18,2019_18_SEA_PHI,PHI,SEA,0.5604342740153004,0.43956572598469956,0.54337899543379,0.4807692307692308,0.5305667495498585,0.46943325045014145,-119.0,108.0,True,True,True,PHI,PHI,SEA,0.0,0.0,0.5604342740153004,0.5305667495498585,0.5305667495498585,0.02986752446544194,-119.0,-1.0,-119.0,-1.0,3.4467441164229755,1.0,2.4467441164229755,-8.0,-9.0
2019,18,2019_18_TEN_NE,NE,TEN,0.6545376423029771,0.34546235769702294,0.6815286624203821,0.3448275862068966,0.6640273913973893,0.3359726086026108,-214.0,190.0,True,True,True,NE,NE,TEN,0.0,0.0,0.6545376423029771,0.6640273913973893,0.6640273913973893,-0.009489749094412248,-214.0,-1.0,-214.0,-1.0,4.942799115908395,4.5,0.4427991159083948,-7.0,-11.5
2019,19,2019_19_HOU_KC,KC,HOU,0.7175352862524543,0.28246471374754567,0.82174688057041,0.21008403361344538,0.7963968410661403,0.20360315893385983,-461.0,376.0,True,True,True,KC,KC,KC,1.0,1.0,0.7175352862524543,0.7963968410661403,0.7963968410661403,-0.07886155481368595,-461.0,0.21691973969631229,-461.0,0.21691973969631229,6.0832441828689925,10.0,-3.9167558171310075,20.0,10.0
2019,19,2019_19_MIN_SF,SF,MIN,0.7508682574635751,0.2491317425364249,0.7635933806146572,0.26595744680851063,0.7416762342135478,0.2583237657864524,-323.0,276.0,True,True,True,SF,SF,SF,1.0,1.0,0.7508682574635751,0.7416762342135478,0.7416762342135478,0.009192023250027326,-323.0,0.30959752321981426,-323.0,0.30959752321981426,4.555073880871966,7.0,-2.4449261191280343,17.0,10.0
2019,19,2019_19_SEA_GB,GB,SEA,0.6078871350852257,0.39211286491477426,0.691358024691358,0.3367003367003367,0.6724890829694323,0.3275109170305677,-224.0,197.0,True,True,True,GB,GB,GB,1.0,1.0,0.6078871350852257,0.6724890829694323,0.6724890829694323,-0.06460194788420659,-224.0,0.4464285714285714,-224.0,0.4464285714285714,6.103147149102553,4.5,1.6031471491025533,5.0,0.5
2019,19,2019_19_TEN_BAL,BAL,TEN,0.7133540664568111,0.2866459335431889,0.8144712430426716,0.21691973969631237,0.7896823383890214,0.21031766161097867,-439.0,361.0,True,True,True,BAL,BAL,TEN,0.0,0.0,0.7133540664568111,0.7896823383890214,0.7896823383890214,-0.07632827193221026,-439.0,-1.0,-439.0,-1.0,5.425220457071706,10.0,-4.574779542928294,-16.0,-26.0
2019,20,2019_20_GB_SF,SF,GB,0.6587866842341935,0.3412133157658065,0.7894736842105263,0.24096385542168675,0.7661538461538461,0.23384615384615381,-375.0,315.0,True,True,True,SF,SF,SF,1.0,1.0,0.6587866842341935,0.7661538461538461,0.7661538461538461,-0.10736716191965257,-375.0,0.2666666666666666,-375.0,0.2666666666666666,4.343712451011667,8.0,-3.656287548988333,17.0,9.0
2019,20,2019_20_TEN_KC,KC,TEN,0.7483686904786285,0.25163130952137147,0.7711670480549199,0.25906735751295334,0.748535521515462,0.2514644784845381,-337.0,286.0,True,True,True,KC,KC,KC,1.0,1.0,0.7483686904786285,0.748535521515462,0.748535521515462,-0.00016683103683345912,-337.0,0.2967359050445104,-337.0,0.2967359050445104,5.691879520518796,7.5,-1.8081204794812038,11.0,3.5
2019,21,2019_21_SF_KC,KC,SF,0.5701484994511896,0.4298515005488104,0.5555555555555556,0.4694835680751174,0.5419847328244275,0.45801526717557256,-125.0,113.0,True,True,True,KC,KC,KC,1.0,1.0,0.5701484994511896,0.5419847328244275,0.5419847328244275,0.02816376662676212,-125.0,0.8,-125.0,0.8,2.0528081377017235,1.5,0.5528081377017235,11.0,9.5
2020,1,2020_01_ARI_SF,SF,ARI,0.5714746803936377,0.4285253196063623,0.7368421052631579,0.29239766081871343,0.7159090909090909,0.2840909090909091,-280.0,242.0,True,True,True,SF,SF,ARI,0.0,0.0,0.5714746803936377,0.7159090909090909,0.7159090909090909,-0.14443441051545325,-280.0,-1.0,-280.0,-1.0,2.218586805223804,7.0,-4.781413194776196,-4.0,-11.0
2020,1,2020_01_CHI_DET,DET,CHI,0.4339564783341049,0.5660435216658951,0.5614035087719298,0.46296296296296297,0.5480494766888677,0.4519505233111322,-128.0,116.0,False,True,False,CHI,DET,CHI,1.0,0.0,0.5660435216658951,0.5480494766888677,0.4519505233111322,0.11409299835476289,116.0,1.1600000000000001,-128.0,-1.0,0.877266647869263,2.5,-1.622733352130737,-4.0,-6.5
2020,1,2020_01_CLE_BAL,BAL,CLE,0.6062781519391988,0.39372184806080124,0.7512437810945274,0.2777777777777778,0.7300564061240935,0.26994359387590655,-302.0,260.0,True,True,True,BAL,BAL,BAL,1.0,1.0,0.6062781519391988,0.7300564061240935,0.7300564061240935,-0.12377825418489474,-302.0,0.33112582781456945,-302.0,0.33112582781456945,4.343088081482112,7.0,-2.6569119185178884,32.0,25.0
2020,1,2020_01_DAL_LA,LA,DAL,0.3783357065546929,0.6216642934453072,0.5327102803738317,0.49261083743842365,0.5195545777019441,0.48044542229805576,-114.0,103.0,False,True,False,DAL,LA,LA,0.0,1.0,0.6216642934453072,0.5195545777019441,0.48044542229805576,0.1412188711472514,103.0,-1.0,-114.0,0.8771929824561404,-0.4347735272056649,1.0,-1.434773527205665,3.0,2.0
2020,1,2020_01_GB_MIN,MIN,GB,0.5016359151671311,0.49836408483286887,0.5327102803738317,0.49261083743842365,0.5195545777019441,0.48044542229805576,-114.0,103.0,True,True,True,MIN,MIN,GB,0.0,0.0,0.5016359151671311,0.5195545777019441,0.5195545777019441,-0.017918662534813,-114.0,-1.0,-114.0,-1.0,1.2202227158682977,1.0,0.22022271586829767,-9.0,-10.0
2020,1,2020_01_HOU_KC,KC,HOU,0.7128367414682736,0.2871632585317264,0.8087954110898662,0.22271714922049,0.7840868276451428,0.21591317235485724,-423.0,349.0,True,True,True,KC,KC,KC,1.0,1.0,0.7128367414682736,0.7840868276451428,0.7840868276451428,-0.07125008617686923,-423.0,0.2364066193853427,-423.0,0.2364066193853427,5.238434872934342,9.5,-4.261565127065658,14.0,4.5
2020,1,2020_01_IND_JAX,JAX,IND,0.314895955095466,0.685104044904534,0.273972602739726,0.7555012224938875,0.26612876988645606,0.7338712301135439,265.0,-309.0,False,False,True,IND,IND,JAX,0.0,0.0,0.685104044904534,0.7338712301135439,0.7338712301135439,-0.04876718520900991,-309.0,-1.0,-309.0,-1.0,-6.845359316520744,-7.0,0.15464068347925597,7.0,14.0
2020,1,2020_01_LAC_CIN,CIN,LAC,0.4370769854857983,0.5629230145142017,0.4608294930875576,0.5633187772925764,0.4499636492248442,0.5500363507751557,117.0,-129.0,False,False,True,LAC,LAC,LAC,1.0,1.0,0.5629230145142017,0.5500363507751557,0.5500363507751557,0.012886663739046011,-129.0,0.7751937984496124,-129.0,0.7751937984496124,-0.9784623272418496,-2.5,1.5215376727581504,-3.0,-0.5
2020,1,2020_01_LV_CAR,CAR,LV,0.4665684065475295,0.5334315934524705,0.42735042735042733,0.5535714285714286,0.43566205072351016,0.5643379492764898,134.0,-124.0,False,False,True,LV,LV,LV,1.0,1.0,0.5334315934524705,0.5643379492764898,0.5643379492764898,-0.03090635582401935,-124.0,0.8064516129032258,-124.0,0.8064516129032258,0.2795944395024125,-3.0,3.2795944395024126,-4.0,-1.0
2020,1,2020_01_MIA_NE,NE,MIA,0.6073638729463484,0.3926361270536516,0.765807962529274,0.26455026455026454,0.7432443808401381,0.25675561915986195,-327.0,278.0,True,True,True,NE,NE,NE,1.0,1.0,0.6073638729463484,0.7432443808401381,0.7432443808401381,-0.1358805078937897,-327.0,0.3058103975535169,-327.0,0.3058103975535169,3.0399501271681464,7.5,-4.460049872831854,10.0,2.5
2020,1,2020_01_NYJ_BUF,BUF,NYJ,0.5600335016779046,0.43996649832209545,0.7361477572559367,0.29239766081871343,0.7157173074903613,0.28428269250963856,-279.0,242.0,True,True,True,BUF,BUF,BUF,1.0,1.0,0.5600335016779046,0.7157173074903613,0.7157173074903613,-0.15568380581245678,-279.0,0.3584229390681004,-279.0,0.3584229390681004,1.313610286183988,6.5,-5.186389713816012,10.0,3.5
2020,1,2020_01_PHI_WAS,WAS,PHI,0.3054512966687026,0.6945487033312974,0.3333333333333333,0.6941896024464832,0.32440476190476186,0.675595238095238,200.0,-227.0,False,False,True,PHI,PHI,WAS,0.0,0.0,0.6945487033312974,0.675595238095238,0.675595238095238,0.01895346523605934,-227.0,-1.0,-227.0,-1.0,-4.780093275378202,-5.5,0.719906724621798,10.0,15.5
2020,1,2020_01_PIT_NYG,NYG,PIT,0.3769399591659911,0.6230600408340089,0.3115264797507788,0.71671388101983,0.3029704839803284,0.6970295160196717,221.0,-253.0,False,False,True,PIT,PIT,PIT,1.0,1.0,0.6230600408340089,0.6970295160196717,0.6970295160196717,-0.07396947518566277,-253.0,0.39525691699604737,-253.0,0.39525691699604737,-5.63593933622376,-6.0,0.3640606637762396,-10.0,-4.0
2020,1,2020_01_SEA_ATL,ATL,SEA,0.4562602256301251,0.5437397743698749,0.5283018867924528,0.49504950495049505,0.5162468054034319,0.4837531945965681,-112.0,102.0,False,True,False,SEA,ATL,SEA,1.0,0.0,0.5437397743698749,0.5162468054034319,0.4837531945965681,0.059986579773306736,102.0,1.02,-112.0,-1.0,-0.2657789422834496,1.0,-1.2657789422834496,-13.0,-14.0
2020,1,2020_01_TB_NO,NO,TB,0.4532923453217719,0.5467076546782281,0.6621621621621622,0.36496350364963503,0.644674925573802,0.35532507442619804,-196.0,174.0,False,True,False,TB,NO,NO,0.0,1.0,0.5467076546782281,0.644674925573802,0.35532507442619804,0.1913825802520301,174.0,-1.0,-196.0,0.510204081632653,-0.0142538922020958,4.0,-4.014253892202095,11.0,7.0
2020,1,2020_01_TEN_DEN,DEN,TEN,0.4066852987754586,0.5933147012245414,0.38910505836575876,0.6363636363636364,0.3794411866160745,0.6205588133839255,157.0,-175.0,False,False,True,TEN,TEN,TEN,1.0,1.0,0.5933147012245414,0.6205588133839255,0.6205588133839255,-0.02724411215938405,-175.0,0.5714285714285714,-175.0,0.5714285714285714,-0.7300912290620913,-3.0,2.2699087709379087,-2.0,1.0
2020,2,2020_02_ATL_DAL,DAL,ATL,0.5864578742194811,0.41354212578051885,0.5918367346938775,0.4329004329004329,0.5775497887748944,0.4224502112251056,-145.0,131.0,True,True,True,DAL,DAL,DAL,1.0,1.0,0.5864578742194811,0.5775497887748944,0.5775497887748944,0.008908085444586766,-145.0,0.6896551724137931,-145.0,0.6896551724137931,1.2473658239855372,3.0,-1.7526341760144628,1.0,-2.0
2020,2,2020_02_BAL_HOU,HOU,BAL,0.3263326794469862,0.6736673205530138,0.25510204081632654,0.7747747747747747,0.24770150852450237,0.7522984914754975,292.0,-344.0,False,False,True,BAL,BAL,BAL,1.0,1.0,0.6736673205530138,0.7522984914754975,0.7522984914754975,-0.07863117092248373,-344.0,0.2906976744186047,-344.0,0.2906976744186047,-5.104691265552935,-7.5,2.395308734447065,-17.0,-9.5
2020,2,2020_02_BUF_MIA,MIA,BUF,0.4065773413116453,0.5934226586883546,0.3184713375796178,0.7093023255813954,0.3098652446494199,0.6901347553505801,214.0,-244.0,False,False,True,BUF,BUF,BUF,1.0,1.0,0.5934226586883546,0.6901347553505801,0.6901347553505801,-0.09671209666222547,-244.0,0.4098360655737705,-244.0,0.4098360655737705,-5.00133452190075,-5.5,0.4986654780992499,-3.0,2.5
2020,2,2020_02_CAR_TB,TB,CAR,0.6575445508964238,0.34245544910357617,0.7737556561085973,0.2564102564102564,0.7510980966325037,0.24890190336749635,-342.0,290.0,True,True,True,TB,TB,TB,1.0,1.0,0.6575445508964238,0.7510980966325037,0.7510980966325037,-0.09355354573607988,-342.0,0.2923976608187133,-342.0,0.2923976608187133,4.560055122714164,7.5,-2.9399448772858356,14.0,6.5
2020,2,2020_02_CIN_CLE,CLE,CIN,0.6296265561958542,0.37037344380414583,0.7084548104956269,0.3194888178913738,0.6891961688670611,0.3108038311329388,-243.0,213.0,True,True,True,CLE,CLE,CLE,1.0,1.0,0.6296265561958542,0.6891961688670611,0.6891961688670611,-0.05956961267120697,-243.0,0.41152263374485587,-243.0,0.41152263374485587,2.22623912210162,6.0,-3.77376087789838,5.0,-1.0
2020,2,2020_02_DEN_PIT,PIT,DEN,0.6977875762008513,0.3022124237991487,0.7275204359673024,0.30120481927710846,0.7072057697217258,0.2927942302782742,-267.0,232.0,True,True,True,PIT,PIT,PIT,1.0,1.0,0.6977875762008513,0.7072057697217258,0.7072057697217258,-0.009418193520874474,-267.0,0.37453183520599254,-267.0,0.37453183520599254,3.455604243541136,6.0,-2.544395756458864,5.0,-1.0
2020,2,2020_02_DET_GB,GB,DET,0.694970605237978,0.30502939476202195,0.7395833333333334,0.2898550724637681,0.7184337879454465,0.28156621205455346,-284.0,245.0,True,True,True,GB,GB,GB,1.0,1.0,0.694970605237978,0.7184337879454465,0.7184337879454465,-0.0234631827074685,-284.0,0.352112676056338,-284.0,0.352112676056338,4.277332840817294,7.0,-2.7226671591827056,21.0,14.0
2020,2,2020_02_JAX_TEN,TEN,JAX,0.7338416661525065,0.26615833384749354,0.7468354430379747,0.2824858757062147,0.7255610366150211,0.2744389633849788,-295.0,254.0,True,True,True,TEN,TEN,TEN,1.0,1.0,0.7338416661525065,0.7255610366150211,0.7255610366150211,0.008280629537485318,-295.0,0.3389830508474576,-295.0,0.3389830508474576,5.715984976165146,7.0,-1.2840150238348542,3.0,-4.0
2020,2,2020_02_KC_LAC,LAC,KC,0.3093603491877499,0.6906396508122501,0.24330900243309003,0.7872340425531915,0.2360978550258703,0.7639021449741297,311.0,-370.0,False,False,True,KC,KC,KC,1.0,1.0,0.6906396508122501,0.7639021449741297,0.7639021449741297,-0.07326249416187958,-370.0,0.2702702702702702,-370.0,0.2702702702702702,-7.212213506256726,-8.5,1.2877864937432744,-3.0,5.5
2020,2,2020_02_LA_PHI,PHI,LA,0.5652175748006788,0.4347824251993212,0.5515695067264574,0.47393364928909953,0.537852568752202,0.46214743124779806,-123.0,111.0,True,True,True,PHI,PHI,LA,0.0,0.0,0.5652175748006788,0.537852568752202,0.537852568752202,0.027365006048476803,-123.0,-1.0,-123.0,-1.0,1.2472421094536,2.0,-0.7527578905464001,-18.0,-20.0
2020,2,2020_02_MIN_IND,IND,MIN,0.5667217016197779,0.43327829838022214,0.6376811594202898,0.3875968992248062,0.6219592373438527,0.3780407626561473,-176.0,158.0,True,True,True,IND,IND,IND,1.0,1.0,0.5667217016197779,0.6219592373438527,0.6219592373438527,-0.05523753572407486,-176.0,0.5681818181818183,-176.0,0.5681818181818183,2.142334414797103,3.5,-1.3576655852028972,17.0,13.5
2020,2,2020_02_NE_SEA,SEA,NE,0.6154306224499229,0.38456937755007714,0.6655518394648829,0.36101083032490977,0.648330451760112,0.35166954823988805,-199.0,177.0,True,True,True,SEA,SEA,SEA,1.0,1.0,0.6154306224499229,0.648330451760112,0.648330451760112,-0.03289982931018909,-199.0,0.5025125628140703,-199.0,0.5025125628140703,1.6578894445426946,4.0,-2.3421105554573054,5.0,1.0
2020,2,2020_02_NO_LV,LV,NO,0.5069581127392674,0.4930418872607326,0.35714285714285715,0.6677740863787376,0.3484602917341977,0.6515397082658022,180.0,-201.0,True,False,False,LV,NO,LV,1.0,0.0,0.5069581127392674,0.6515397082658022,0.3484602917341977,0.1584978210050697,180.0,1.7999999999999998,-201.0,-1.0,-1.3790391121271135,-4.0,2.6209608878728865,10.0,14.0
2020,2,2020_02_NYG_CHI,CHI,NYG,0.6796060984840987,0.3203939015159013,0.6894409937888198,0.33783783783783783,0.6711332625214478,0.32886673747855216,-222.0,196.0,True,True,True,CHI,CHI,CHI,1.0,1.0,0.6796060984840987,0.6711332625214478,0.6711332625214478,0.008472835962650915,-222.0,0.4504504504504505,-222.0,0.4504504504504505,2.711852139014038,4.5,-1.788147860985962,4.0,-0.5
2020,2,2020_02_SF_NYJ,NYJ,SF,0.2901088150841708,0.7098911849158291,0.2785515320334262,0.7506234413965087,0.27065517450846727,0.7293448254915327,259.0,-301.0,False,False,True,SF,SF,SF,1.0,1.0,0.7098911849158291,0.7293448254915327,0.7293448254915327,-0.019453640575703535,-301.0,0.3322259136212624,-301.0,0.3322259136212624,-5.58586321883484,-7.0,1.4141367811651602,-18.0,-11.0
2020,2,2020_02_WAS_ARI,ARI,WAS,0.6837982030084059,0.3162017969915941,0.7578692493946732,0.2717391304347826,0.7360752537000588,0.26392474629994117,-313.0,268.0,True,True,True,ARI,ARI,ARI,1.0,1.0,0.6837982030084059,0.7360752537000588,0.7360752537000588,-0.05227705069165289,-313.0,0.31948881789137373,-313.0,0.31948881789137373,1.893440825627024,7.5,-5.6065591743729755,15.0,7.5
2020,3,2020_03_CAR_LAC,LAC,CAR,0.5889574706679838,0.41104252933201624,0.726027397260274,0.30303030303030304,0.7055264219443325,0.29447357805566765,-265.0,230.0,True,True,True,LAC,LAC,CAR,0.0,0.0,0.5889574706679838,0.7055264219443325,0.7055264219443325,-0.1165689512763487,-265.0,-1.0,-265.0,-1.0,2.518526388662832,6.0,-3.481473611337168,-5.0,-11.0
2020,3,2020_03_CHI_ATL,ATL,CHI,0.5585899708049107,0.4414100291950893,0.574468085106383,0.45045045045045046,0.5605012156349355,0.43949878436506445,-135.0,122.0,True,True,True,ATL,ATL,CHI,0.0,0.0,0.5585899708049107,0.5605012156349355,0.5605012156349355,-0.0019112448300248053,-135.0,-1.0,-135.0,-1.0,1.5303307433676197,2.5,-0.9696692566323803,-4.0,-6.5
2020,3,2020_03_DAL_SEA,SEA,DAL,0.6417021632267559,0.3582978367732441,0.7032640949554896,0.3246753246753247,0.6841493589262952,0.31585064107370475,-237.0,208.0,True,True,True,SEA,SEA,SEA,1.0,1.0,0.6417021632267559,0.6841493589262952,0.6841493589262952,-0.042447195699539364,-237.0,0.42194092827004215,-237.0,0.42194092827004215,1.6437123041903985,5.5,-3.8562876958096015,7.0,1.5
2020,3,2020_03_DET_ARI,ARI,DET,0.5885824464948258,0.41141755350517417,0.6855345911949685,0.3412969283276451,0.6676212973221565,0.33237870267784353,-218.0,193.0,True,True,True,ARI,ARI,DET,0.0,0.0,0.5885824464948258,0.6676212973221565,0.6676212973221565,-0.07903885082733064,-218.0,-1.0,-218.0,-1.0,4.539327584817298,4.5,0.03932758481729781,-3.0,-7.5
2020,3,2020_03_GB_NO,NO,GB,0.5388837511361713,0.46111624886382874,0.6323529411764706,0.3937007874015748,0.6162961291050671,0.3837038708949329,-172.0,154.0,True,True,True,NO,NO,GB,0.0,0.0,0.5388837511361713,0.6162961291050671,0.6162961291050671,-0.07741237796889588,-172.0,-1.0,-172.0,-1.0,2.9586132669262684,3.5,-0.5413867330737316,-7.0,-10.5
2020,3,2020_03_HOU_PIT,PIT,HOU,0.6216758920098164,0.37832410799018357,0.6621621621621622,0.36496350364963503,0.644674925573802,0.35532507442619804,-196.0,174.0,True,True,True,PIT,PIT,PIT,1.0,1.0,0.6216758920098164,0.644674925573802,0.644674925573802,-0.022999033563985583,-196.0,0.510204081632653,-196.0,0.510204081632653,3.2440759561325905,4.0,-0.7559240438674095,7.0,3.0
2020,3,2020_03_KC_BAL,BAL,KC,0.5061734031174691,0.49382659688253094,0.635036496350365,0.390625,0.6191482263983098,0.3808517736016902,-174.0,156.0,True,True,True,BAL,BAL,KC,0.0,0.0,0.5061734031174691,0.6191482263983098,0.6191482263983098,-0.11297482328084074,-174.0,-1.0,-174.0,-1.0,1.6507499325453858,3.5,-1.8492500674546142,-14.0,-17.5
2020,3,2020_03_LA_BUF,BUF,LA,0.504514902823154,0.49548509717684597,0.5575221238938053,0.4672897196261682,0.5440238883060285,0.4559761116939714,-126.0,114.0,True,True,True,BUF,BUF,BUF,1.0,1.0,0.504514902823154,0.5440238883060285,0.5440238883060285,-0.039508985482874515,-126.0,0.7936507936507935,-126.0,0.7936507936507935,-0.2847462474694905,1.5,-1.7847462474694904,3.0,1.5
2020,3,2020_03_LV_NE,NE,LV,0.5803737198371958,0.41962628016280423,0.7566909975669099,0.273224043715847,0.7347120560783859,0.26528794392161426,-311.0,266.0,True,True,True,NE,NE,NE,1.0,1.0,0.5803737198371958,0.7347120560783859,0.7347120560783859,-0.1543383362411901,-311.0,0.3215434083601285,-311.0,0.3215434083601285,3.293773971865193,7.0,-3.706226028134807,16.0,9.0
2020,3,2020_03_MIA_JAX,JAX,MIA,0.5158343230376363,0.4841656769623637,0.5798319327731093,0.44642857142857145,0.5649948822927329,0.43500511770726713,-138.0,124.0,True,True,True,JAX,JAX,MIA,0.0,0.0,0.5158343230376363,0.5649948822927329,0.5649948822927329,-0.04916055925509655,-138.0,-1.0,-138.0,-1.0,0.435068660131423,3.0,-2.564931339868577,-18.0,-21.0
2020,3,2020_03_NYJ_IND,IND,NYJ,0.6940590037343239,0.30594099626567606,0.863013698630137,0.1692047377326565,0.8360766173399501,0.16392338266004985,-630.0,491.0,True,True,True,IND,IND,IND,1.0,1.0,0.6940590037343239,0.8360766173399501,0.8360766173399501,-0.14201761360562615,-630.0,0.1587301587301586,-630.0,0.1587301587301586,4.929989366955432,12.5,-7.570010633044568,29.0,16.5
2020,3,2020_03_SF_NYG,NYG,SF,0.5015353619240437,0.4984646380759563,0.42735042735042733,0.5983935742971888,0.4166248368637687,0.5833751631362314,134.0,-149.0,True,False,False,NYG,SF,SF,0.0,1.0,0.5015353619240437,0.5833751631362314,0.4166248368637687,0.08491052506027497,134.0,-1.0,-149.0,0.6711409395973154,0.637613783075589,-3.0,3.6376137830755892,-27.0,-24.0
2020,3,2020_03_TB_DEN,DEN,TB,0.3255387144323111,0.6744612855676889,0.30303030303030304,0.7252747252747253,0.29468911917098445,0.7053108808290155,230.0,-264.0,False,False,True,TB,TB,TB,1.0,1.0,0.6744612855676889,0.7053108808290155,0.7053108808290155,-0.03084959526132658,-264.0,0.3787878787878789,-264.0,0.3787878787878789,-4.396916499021877,-6.0,1.6030835009781228,-18.0,-12.0
2020,3,2020_03_TEN_MIN,MIN,TEN,0.5117740219773504,0.48822597802264955,0.41841004184100417,0.6078431372549019,0.40770645135502437,0.5922935486449755,139.0,-155.0,True,False,False,MIN,TEN,TEN,0.0,1.0,0.5117740219773504,0.5922935486449755,0.40770645135502437,0.10406757062232608,139.0,-1.0,-155.0,0.6451612903225805,0.7037846020383772,-3.0,3.703784602038377,-1.0,2.0
2020,3,2020_03_WAS_CLE,CLE,WAS,0.72943786592752,0.27056213407248,0.7679814385150812,0.2617801047120419,0.745785705017046,0.2542142949829541,-331.0,282.0,True,True,True,CLE,CLE,CLE,1.0,1.0,0.72943786592752,0.745785705017046,0.745785705017046,-0.016347839089525973,-331.0,0.30211480362537757,-331.0,0.30211480362537757,6.977971457127447,7.5,-0.5220285428725528,14.0,6.5
2020,4,2020_04_ARI_CAR,CAR,ARI,0.3927634300243513,0.6072365699756487,0.4149377593360996,0.6108949416342413,0.4044887231062215,0.5955112768937784,141.0,-157.0,False,False,True,ARI,ARI,CAR,0.0,0.0,0.6072365699756487,0.5955112768937784,0.5955112768937784,0.011725293081870314,-157.0,-1.0,-157.0,-1.0,-1.7538499961767382,-3.0,1.2461500038232618,10.0,13.0
2020,4,2020_04_ATL_GB,GB,ATL,0.6288360417420281,0.3711639582579719,0.6884735202492211,0.3389830508474576,0.6700755434503315,0.3299244565496685,-221.0,195.0,True,True,True,GB,GB,GB,1.0,1.0,0.6288360417420281,0.6700755434503315,0.6700755434503315,-0.04123950170830337,-221.0,0.4524886877828054,-221.0,0.4524886877828054,0.7487221936257317,5.0,-4.251277806374269,14.0,9.0
2020,4,2020_04_BAL_WAS,WAS,BAL,0.2840493125495557,0.7159506874504443,0.12626262626262627,0.9054820415879017,0.12237778415242397,0.877622215847576,692.0,-958.0,False,False,True,BAL,BAL,BAL,1.0,1.0,0.7159506874504443,0.877622215847576,0.877622215847576,-0.16167152839713173,-958.0,0.10438413361169108,-958.0,0.10438413361169108,-8.810628864462144,-14.5,5.689371135537856,-14.0,0.5
2020,4,2020_04_BUF_LV,LV,BUF,0.4112765449087232,0.5887234550912768,0.3937007874015748,0.6323529411764706,0.3837038708949329,0.6162961291050671,154.0,-172.0,False,False,True,BUF,BUF,BUF,1.0,1.0,0.5887234550912768,0.6162961291050671,0.6162961291050671,-0.027572674013790377,-172.0,0.5813953488372094,-172.0,0.5813953488372094,-1.6539542054376637,-3.0,1.3460457945623363,-7.0,-4.0
2020,4,2020_04_CLE_DAL,DAL,CLE,0.5586706361875301,0.4413293638124699,0.6363636363636364,0.38910505836575876,0.6205588133839255,0.3794411866160745,-175.0,157.0,True,True,True,DAL,DAL,CLE,0.0,0.0,0.5586706361875301,0.6205588133839255,0.6205588133839255,-0.06188817719639539,-175.0,-1.0,-175.0,-1.0,4.438479402603061,3.5,0.9384794026030612,-11.0,-14.5
2020,4,2020_04_DEN_NYJ,NYJ,DEN,0.4106263755332935,0.5893736244667065,0.5327102803738317,0.49019607843137253,0.5207810820494446,0.4792189179505553,-114.0,104.0,False,True,False,DEN,NYJ,DEN,1.0,0.0,0.5893736244667065,0.5207810820494446,0.4792189179505553,0.11015470651615117,104.0,1.04,-114.0,-1.0,0.9540998467930796,1.0,-0.045900153206920424,-9.0,-10.0
2020,4,2020_04_IND_CHI,CHI,IND,0.5398135062449234,0.4601864937550766,0.390625,0.635036496350365,0.3808517736016902,0.6191482263983098,156.0,-174.0,True,False,False,CHI,IND,IND,0.0,1.0,0.5398135062449234,0.6191482263983098,0.3808517736016902,0.1589617326432332,156.0,-1.0,-174.0,0.5747126436781609,2.2377895610822587,-3.5,5.737789561082259,-8.0,-4.5
2020,4,2020_04_JAX_CIN,CIN,JAX,0.5080516676965512,0.4919483323034488,0.5283018867924528,0.4975124378109453,0.5150073206442166,0.4849926793557833,-112.0,101.0,True,True,True,CIN,CIN,CIN,1.0,1.0,0.5080516676965512,0.5150073206442166,0.5150073206442166,-0.006955652947665425,-112.0,0.8928571428571428,-112.0,0.8928571428571428,0.309986653794383,1.0,-0.690013346205617,8.0,7.0
2020,4,2020_04_LAC_TB,TB,LAC,0.6435389097633526,0.3564610902366474,0.7679814385150812,0.2617801047120419,0.745785705017046,0.2542142949829541,-331.0,282.0,True,True,True,TB,TB,TB,1.0,1.0,0.6435389097633526,0.745785705017046,0.745785705017046,-0.1022467952536934,-331.0,0.30211480362537757,-331.0,0.30211480362537757,2.608455682966877,7.5,-4.891544317033123,7.0,-0.5
2020,4,2020_04_MIN_HOU,HOU,MIN,0.5437351397412474,0.45626486025875257,0.6323529411764706,0.3937007874015748,0.6162961291050671,0.3837038708949329,-172.0,154.0,True,True,True,HOU,HOU,MIN,0.0,0.0,0.5437351397412474,0.6162961291050671,0.6162961291050671,-0.07256098936381972,-172.0,-1.0,-172.0,-1.0,1.0884929014235778,3.5,-2.411507098576422,-8.0,-11.5
2020,4,2020_04_NE_KC,KC,NE,0.6713725954777788,0.32862740452222117,0.7493734335839599,0.2801120448179272,0.7279106401260202,0.27208935987397964,-299.0,257.0,True,True,True,KC,KC,KC,1.0,1.0,0.6713725954777788,0.7279106401260202,0.7279106401260202,-0.056538044648241415,-299.0,0.33444816053511706,-299.0,0.33444816053511706,2.444822388953165,7.0,-4.555177611046835,16.0,9.0
2020,4,2020_04_NO_DET,DET,NO,0.3767250731085836,0.6232749268914164,0.41841004184100417,0.6078431372549019,0.40770645135502437,0.5922935486449755,139.0,-155.0,False,False,True,NO,NO,NO,1.0,1.0,0.6232749268914164,0.5922935486449755,0.5922935486449755,0.03098137824644087,-155.0,0.6451612903225805,-155.0,0.6451612903225805,-2.818852443300466,-3.0,0.1811475566995342,-6.0,-3.0
2020,4,2020_04_NYG_LA,LA,NYG,0.7072398013606255,0.2927601986393745,0.898989898989899,0.13297872340425532,0.8711407299422085,0.1288592700577914,-890.0,652.0,True,True,True,LA,LA,LA,1.0,1.0,0.7072398013606255,0.8711407299422085,0.8711407299422085,-0.163900928581583,-890.0,0.1123595505617978,-890.0,0.1123595505617978,4.545725746600687,13.5,-8.954274253399312,8.0,-5.5
2020,4,2020_04_PHI_SF,SF,PHI,0.6743492216273763,0.3256507783726237,0.7619047619047619,0.2680965147453083,0.7397124442240952,0.26028755577590484,-320.0,273.0,True,True,True,SF,SF,PHI,0.0,0.0,0.6743492216273763,0.7397124442240952,0.7397124442240952,-0.0653632225967189,-320.0,-1.0,-320.0,-1.0,3.401153105943548,8.5,-5.098846894056452,-5.0,-13.5
2020,4,2020_04_SEA_MIA,MIA,SEA,0.3428047877339448,0.6571952122660552,0.33783783783783783,0.6904024767801857,0.3285592220368638,0.6714407779631363,196.0,-223.0,False,False,True,SEA,SEA,SEA,1.0,1.0,0.6571952122660552,0.6714407779631363,0.6714407779631363,-0.01424556569708113,-223.0,0.44843049327354256,-223.0,0.44843049327354256,-3.194909477557509,-4.5,1.305090522442491,-8.0,-3.5
2020,5,2020_05_ARI_NYJ,NYJ,ARI,0.2943262482402685,0.7056737517597316,0.2824858757062147,0.7468354430379747,0.2744389633849788,0.7255610366150211,254.0,-295.0,False,False,True,ARI,ARI,ARI,1.0,1.0,0.7056737517597316,0.7255610366150211,0.7255610366150211,-0.019887284855289566,-295.0,0.3389830508474576,-295.0,0.3389830508474576,-4.229002237072783,-7.0,2.770997762927217,-20.0,-13.0
2020,5,2020_05_BUF_TEN,TEN,BUF,0.4829942793075245,0.5170057206924755,0.4,0.6268656716417911,0.38953488372093026,0.6104651162790699,150.0,-168.0,False,False,True,BUF,BUF,TEN,0.0,0.0,0.5170057206924755,0.6104651162790699,0.6104651162790699,-0.09345939558659433,-168.0,-1.0,-168.0,-1.0,-0.5231298729388807,-3.0,2.4768701270611193,26.0,29.0
2020,5,2020_05_CAR_ATL,ATL,CAR,0.5733647658607844,0.42663523413921556,0.5815899581589958,0.4444444444444444,0.5668328047122791,0.43316719528772085,-139.0,125.0,True,True,True,ATL,ATL,CAR,0.0,0.0,0.5733647658607844,0.5668328047122791,0.5668328047122791,0.006531961148505294,-139.0,-1.0,-139.0,-1.0,1.863060407881863,2.5,-0.6369395921181371,-7.0,-9.5
2020,5,2020_05_CIN_BAL,BAL,CIN,0.693313021250624,0.306686978749376,0.8777506112469438,0.1545595054095827,0.8502780289413667,0.14972197105863316,-718.0,547.0,True,True,True,BAL,BAL,BAL,1.0,1.0,0.693313021250624,0.8502780289413667,0.8502780289413667,-0.15696500769074273,-718.0,0.1392757660167132,-718.0,0.1392757660167132,9.020714395214526,12.5,-3.479285604785474,24.0,11.5
2020,5,2020_05_IND_CLE,CLE,IND,0.4947617267461531,0.505238273253847,0.5238095238095238,0.5024875621890548,0.5103878116343491,0.489612188365651,-110.0,-101.0,False,True,False,IND,CLE,CLE,0.0,1.0,0.505238273253847,0.5103878116343491,0.489612188365651,0.015626084888195946,-101.0,-1.0,-110.0,0.9090909090909092,-0.603262015600017,1.0,-1.603262015600017,9.0,8.0
2020,5,2020_05_JAX_HOU,HOU,JAX,0.6083035286235356,0.39169647137646435,0.7375328083989501,0.2915451895043732,0.7166928161923811,0.2833071838076188,-281.0,243.0,True,True,True,HOU,HOU,HOU,1.0,1.0,0.6083035286235356,0.7166928161923811,0.7166928161923811,-0.10838928756884547,-281.0,0.3558718861209964,-281.0,0.3558718861209964,3.4860983632720304,6.5,-3.0139016367279696,16.0,9.5
2020,5,2020_05_LAC_NO,NO,LAC,0.721031618801729,0.27896838119827105,0.7722095671981777,0.25773195876288657,0.7497605909982216,0.25023940900177843,-339.0,288.0,True,True,True,NO,NO,NO,1.0,1.0,0.721031618801729,0.7497605909982216,0.7497605909982216,-0.02872897219649262,-339.0,0.29498525073746307,-339.0,0.29498525073746307,4.727329012382628,7.0,-2.2726709876173716,3.0,-4.0
2020,5,2020_05_LA_WAS,WAS,LA,0.3111149353184425,0.6888850646815575,0.27624309392265195,0.7530864197530864,0.2683718772778477,0.7316281227221523,262.0,-305.0,False,False,True,LA,LA,LA,1.0,1.0,0.6888850646815575,0.7316281227221523,0.7316281227221523,-0.04274305804059475,-305.0,0.3278688524590163,-305.0,0.3278688524590163,-8.027325203718256,-7.0,-1.0273252037182559,-20.0,-13.0
2020,5,2020_05_LV_KC,KC,LV,0.7428179472883212,0.2571820527116788,0.8263888888888888,0.2053388090349076,0.8009757715644134,0.19902422843558665,-476.0,387.0,True,True,True,KC,KC,LV,0.0,0.0,0.7428179472883212,0.8009757715644134,0.8009757715644134,-0.058157824276092174,-476.0,-1.0,-476.0,-1.0,8.055333994842288,11.0,-2.9446660051577123,-8.0,-19.0
2020,5,2020_05_MIA_SF,SF,MIA,0.6729614293246882,0.32703857067531183,0.7811816192560175,0.24937655860349128,0.7580179712692672,0.2419820287307328,-357.0,301.0,True,True,True,SF,SF,MIA,0.0,0.0,0.6729614293246882,0.7580179712692672,0.7580179712692672,-0.08505654194457901,-357.0,-1.0,-357.0,-1.0,5.976324053185716,8.5,-2.5236759468142838,-26.0,-34.5
2020,5,2020_05_MIN_SEA,SEA,MIN,0.7387317927329613,0.2612682072670387,0.7395833333333334,0.2898550724637681,0.7184337879454465,0.28156621205455346,-284.0,245.0,True,True,True,SEA,SEA,SEA,1.0,1.0,0.7387317927329613,0.7184337879454465,0.7184337879454465,0.020298004787514756,-284.0,0.352112676056338,-284.0,0.352112676056338,3.864118300802454,6.5,-2.635881699197546,1.0,-5.5
2020,5,2020_05_NYG_DAL,DAL,NYG,0.7518223475059262,0.24817765249407375,0.7762863534675615,0.2544529262086514,0.7531355103799062,0.24686448962009377,-347.0,293.0,True,True,True,DAL,DAL,DAL,1.0,1.0,0.7518223475059262,0.7531355103799062,0.7531355103799062,-0.0013131628739799783,-347.0,0.28818443804034577,-347.0,0.28818443804034577,7.592218379053253,7.5,0.0922183790532527,3.0,-4.5
2020,5,2020_05_PHI_PIT,PIT,PHI,0.687225835610193,0.312774164389807,0.788135593220339,0.24271844660194175,0.7645462526937505,0.2354537473062495,-372.0,312.0,True,True,True,PIT,PIT,PIT,1.0,1.0,0.687225835610193,0.7645462526937505,0.7645462526937505,-0.07732041708355752,-372.0,0.26881720430107525,-372.0,0.26881720430107525,4.393922962293842,7.5,-3.106077037706158,9.0,1.5
2020,5,2020_05_TB_CHI,CHI,TB,0.4057327016122728,0.5942672983877272,0.3787878787878788,0.647887323943662,0.3689461650384535,0.6310538349615464,164.0,-184.0,False,False,True,TB,TB,CHI,0.0,0.0,0.5942672983877272,0.6310538349615464,0.6310538349615464,-0.03678653657381925,-184.0,-1.0,-184.0,-1.0,-0.4149468774019104,-3.5,3.0850531225980897,1.0,4.5
2020,6,2020_06_ARI_DAL,DAL,ARI,0.4751110948023497,0.5248889051976503,0.5327102803738317,0.49261083743842365,0.5195545777019441,0.48044542229805576,-114.0,103.0,False,True,False,ARI,DAL,ARI,1.0,0.0,0.5248889051976503,0.5195545777019441,0.48044542229805576,0.044443482899594544,103.0,1.0300000000000002,-114.0,-1.0,-0.1311651342803534,1.0,-1.1311651342803535,-28.0,-29.0
2020,6,2020_06_ATL_MIN,MIN,ATL,0.5155583403792611,0.48444165962073893,0.6527777777777778,0.37453183520599254,0.6354245784596689,0.36457542154033123,-188.0,167.0,True,True,True,MIN,MIN,ATL,0.0,0.0,0.5155583403792611,0.6354245784596689,0.6354245784596689,-0.11986623808040786,-188.0,-1.0,-188.0,-1.0,1.198690197104599,3.5,-2.301309802895401,-17.0,-20.5
2020,6,2020_06_BAL_PHI,PHI,BAL,0.3173371402241947,0.6826628597758053,0.22321428571428573,0.8084291187739464,0.2163676758298239,0.7836323241701761,348.0,-422.0,False,False,True,BAL,BAL,BAL,1.0,1.0,0.6826628597758053,0.7836323241701761,0.7836323241701761,-0.10096946439437082,-422.0,0.23696682464454977,-422.0,0.23696682464454977,-5.522803494230757,-10.5,4.977196505769243,-2.0,8.5
2020,6,2020_06_CHI_CAR,CAR,CHI,0.5770397719870609,0.4229602280129391,0.5535714285714286,0.4716981132075472,0.5399277029247453,0.4600722970752547,-124.0,112.0,True,True,True,CAR,CAR,CHI,0.0,0.0,0.5770397719870609,0.5399277029247453,0.5399277029247453,0.03711206906231557,-124.0,-1.0,-124.0,-1.0,0.20663092879695,2.0,-1.79336907120305,-7.0,-9.0
2020,6,2020_06_CIN_IND,IND,CIN,0.7224674331334733,0.2775325668665267,0.7727272727272727,0.25773195876288657,0.7498863119599818,0.25011368804001816,-340.0,288.0,True,True,True,IND,IND,IND,1.0,1.0,0.7224674331334733,0.7498863119599818,0.7498863119599818,-0.027418878826508508,-340.0,0.2941176470588236,-340.0,0.2941176470588236,5.534984757558824,7.5,-1.9650152424411758,4.0,-3.5
2020,6,2020_06_CLE_PIT,PIT,CLE,0.5328621581353756,0.46713784186462437,0.6138996138996139,0.411522633744856,0.5986798270759409,0.4013201729240591,-159.0,143.0,True,True,True,PIT,PIT,PIT,1.0,1.0,0.5328621581353756,0.5986798270759409,0.5986798270759409,-0.06581766894056529,-159.0,0.6289308176100628,-159.0,0.6289308176100628,2.896204853112537,3.0,-0.10379514688746294,31.0,28.0
2020,6,2020_06_DEN_NE,NE,DEN,0.7059685200345879,0.2940314799654121,0.7663551401869159,0.2631578947368421,0.7443860487338748,0.2556139512661252,-328.0,280.0,True,True,True,NE,NE,DEN,0.0,0.0,0.7059685200345879,0.7443860487338748,0.7443860487338748,-0.03841752869928694,-328.0,-1.0,-328.0,-1.0,4.886598682505885,7.0,-2.113401317494115,-6.0,-13.0
2020,6,2020_06_DET_JAX,JAX,DET,0.4826399517641167,0.5173600482358833,0.41841004184100417,0.6062992125984252,0.40832074076455643,0.5916792592354435,139.0,-154.0,False,False,True,DET,DET,DET,1.0,1.0,0.5173600482358833,0.5916792592354435,0.5916792592354435,-0.07431921099956018,-154.0,0.6493506493506493,-154.0,0.6493506493506493,-1.3966603000703848,-3.0,1.6033396999296152,-18.0,-15.0
2020,6,2020_06_GB_TB,TB,GB,0.4313382422145245,0.5686617577854756,0.4329004329004329,0.5918367346938775,0.4224502112251056,0.5775497887748944,131.0,-145.0,False,False,True,GB,GB,TB,0.0,0.0,0.5686617577854756,0.5775497887748944,0.5775497887748944,-0.008888030989418816,-145.0,-1.0,-145.0,-1.0,-2.200708816480593,-3.0,0.799291183519407,28.0,31.0
2020,6,2020_06_HOU_TEN,TEN,HOU,0.6910487324108118,0.3089512675891882,0.6551724137931034,0.37174721189591076,0.6379977530895019,0.36200224691049804,-190.0,169.0,True,True,True,TEN,TEN,TEN,1.0,1.0,0.6910487324108118,0.6379977530895019,0.6379977530895019,0.053050979321309866,-190.0,0.5263157894736841,-190.0,0.5263157894736841,3.629499083928029,4.0,-0.370500916071971,6.0,2.0
2020,6,2020_06_KC_BUF,BUF,KC,0.3413199487343176,0.6586800512656824,0.33003300330033003,0.696969696969697,0.32135553607946243,0.6786444639205376,203.0,-230.0,False,False,True,KC,KC,KC,1.0,1.0,0.6586800512656824,0.6786444639205376,0.6786444639205376,-0.019964412654855157,-230.0,0.4347826086956521,-230.0,0.4347826086956521,-3.252352887704657,-5.5,2.247647112295343,-9.0,-3.5
2020,6,2020_06_LA_SF,SF,LA,0.4608066937086398,0.5391933062913602,0.4716981132075472,0.5535714285714286,0.4600722970752547,0.5399277029247453,112.0,-124.0,False,False,True,LA,LA,SF,0.0,0.0,0.5391933062913602,0.5399277029247453,0.5399277029247453,-0.0007343966333851482,-124.0,-1.0,-124.0,-1.0,-0.730849172986719,-2.0,1.269150827013281,8.0,10.0
2020,6,2020_06_NYJ_MIA,MIA,NYJ,0.7089920489757753,0.2910079510242247,0.803921568627451,0.22727272727272727,0.7796024200518582,0.22039757994814171,-410.0,340.0,True,True,True,MIA,MIA,MIA,1.0,1.0,0.7089920489757753,0.7796024200518582,0.7796024200518582,-0.07061037107608292,-410.0,0.24390243902439024,-410.0,0.24390243902439024,4.57953511216629,9.5,-4.92046488783371,24.0,14.5
2020,6,2020_06_WAS_NYG,NYG,WAS,0.5145185852451374,0.4854814147548626,0.5614035087719298,0.46296296296296297,0.5480494766888677,0.4519505233111322,-128.0,116.0,True,True,True,NYG,NYG,NYG,1.0,1.0,0.5145185852451374,0.5480494766888677,0.5480494766888677,-0.03353089144373034,-128.0,0.78125,-128.0,0.78125,1.6388751945087443,2.0,-0.3611248054912557,1.0,-1.0
2020,7,2020_07_BUF_NYJ,NYJ,BUF,0.3549758451754066,0.6450241548245934,0.234192037470726,0.7963340122199593,0.22725484478632957,0.7727451552136705,327.0,-391.0,False,False,True,BUF,BUF,BUF,1.0,1.0,0.6450241548245934,0.7727451552136705,0.7727451552136705,-0.12772100038907708,-391.0,0.25575447570332477,-391.0,0.25575447570332477,-4.1425597696949055,-9.5,5.3574402303050945,-8.0,1.5
2020,7,2020_07_CAR_NO,NO,CAR,0.651780338406431,0.348219661593569,0.7601918465227818,0.2695417789757412,0.7382412574463144,0.26175874255368564,-317.0,271.0,True,True,True,NO,NO,NO,1.0,1.0,0.651780338406431,0.7382412574463144,0.7382412574463144,-0.0864609190398834,-317.0,0.3154574132492114,-317.0,0.3154574132492114,4.697352604478638,7.0,-2.3026473955213618,3.0,-4.0
2020,7,2020_07_CHI_LA,LA,CHI,0.6504865124524551,0.34951348754754485,0.7442455242966752,0.2849002849002849,0.7231682018677297,0.2768317981322704,-291.0,251.0,True,True,True,LA,LA,LA,1.0,1.0,0.6504865124524551,0.7231682018677297,0.7231682018677297,-0.07268168941527453,-291.0,0.3436426116838489,-291.0,0.3436426116838489,3.636523410666751,6.5,-2.863476589333249,14.0,7.5
2020,7,2020_07_CLE_CIN,CIN,CLE,0.3698586547794953,0.6301413452205047,0.35842293906810035,0.6677740863787376,0.34927302475080935,0.6507269752491907,179.0,-201.0,False,False,True,CLE,CLE,CLE,1.0,1.0,0.6301413452205047,0.6507269752491907,0.6507269752491907,-0.020585630028685964,-201.0,0.49751243781094523,-201.0,0.49751243781094523,-1.87919447662785,-4.5,2.62080552337215,-3.0,1.5
2020,7,2020_07_DAL_WAS,WAS,DAL,0.4308382173834103,0.5691617826165897,0.5,0.5238095238095238,0.48837209302325585,0.5116279069767442,100.0,-110.0,False,False,True,DAL,DAL,WAS,0.0,0.0,0.5691617826165897,0.5116279069767442,0.5116279069767442,0.057533875639845466,-110.0,-1.0,-110.0,-1.0,-4.913111611616063,-1.0,-3.9131116116160634,22.0,23.0
2020,7,2020_07_DET_ATL,ATL,DET,0.4717396588785485,0.5282603411214515,0.5305164319248826,0.49504950495049505,0.5172913928296243,0.4827086071703758,-113.0,102.0,False,True,False,DET,ATL,DET,1.0,0.0,0.5282603411214515,0.5172913928296243,0.4827086071703758,0.0455517339510757,102.0,1.02,-113.0,-1.0,0.3162500835926797,1.0,-0.6837499164073203,-1.0,-2.0
2020,7,2020_07_GB_HOU,HOU,GB,0.5407993971129706,0.45920060288702935,0.44052863436123346,0.5833333333333334,0.43026174256005734,0.5697382574399427,127.0,-140.0,True,False,False,HOU,GB,GB,0.0,1.0,0.5407993971129706,0.5697382574399427,0.43026174256005734,0.11053765455291331,127.0,-1.0,-140.0,0.7142857142857144,1.0564331585841291,-2.5,3.556433158584129,-15.0,-12.5
2020,7,2020_07_JAX_LAC,LAC,JAX,0.5106988333978223,0.4893011666021777,0.7955010224948875,0.23529411764705882,0.7717353250087524,0.2282646749912475,-389.0,325.0,True,True,True,LAC,LAC,LAC,1.0,1.0,0.5106988333978223,0.7717353250087524,0.7717353250087524,-0.2610364916109301,-389.0,0.2570694087403598,-389.0,0.2570694087403598,0.3230171666177946,8.0,-7.676982833382206,10.0,2.0
2020,7,2020_07_KC_DEN,DEN,KC,0.3018670227312157,0.6981329772687843,0.2777777777777778,0.7512437810945274,0.26994359387590655,0.7300564061240935,260.0,-302.0,False,False,True,KC,KC,KC,1.0,1.0,0.6981329772687843,0.7300564061240935,0.7300564061240935,-0.03192342885530919,-302.0,0.33112582781456945,-302.0,0.33112582781456945,-6.409191005861137,-7.0,0.5908089941388628,-27.0,-20.0
2020,7,2020_07_NYG_PHI,PHI,NYG,0.539210567587034,0.460789432412966,0.6904024767801857,0.3367003367003367,0.6721843886695558,0.32781561133044423,-223.0,197.0,True,True,True,PHI,PHI,PHI,1.0,1.0,0.539210567587034,0.6721843886695558,0.6721843886695558,-0.13297382108252176,-223.0,0.44843049327354256,-223.0,0.44843049327354256,3.762259063467895,5.0,-1.2377409365321048,1.0,-4.0
2020,7,2020_07_PIT_TEN,TEN,PIT,0.6140730433187164,0.38592695668128363,0.5327102803738317,0.49261083743842365,0.5195545777019441,0.48044542229805576,-114.0,103.0,True,True,True,TEN,TEN,PIT,0.0,0.0,0.6140730433187164,0.5195545777019441,0.5195545777019441,0.09451846561677224,-114.0,-1.0,-114.0,-1.0,1.574265064081913,1.0,0.5742650640819129,-3.0,-4.0
2020,7,2020_07_SEA_ARI,ARI,SEA,0.4755716084658746,0.5244283915341255,0.37593984962406013,0.6503496503496503,0.36630974947487066,0.6336902505251294,166.0,-186.0,False,False,True,SEA,SEA,ARI,0.0,0.0,0.5244283915341255,0.6336902505251294,0.6336902505251294,-0.10926185899100394,-186.0,-1.0,-186.0,-1.0,-2.2916961419958835,-3.5,1.2083038580041165,3.0,6.5
2020,7,2020_07_SF_NE,NE,SF,0.658241964516071,0.341758035483929,0.6254681647940075,0.4,0.6099342585829073,0.3900657414170928,-167.0,150.0,True,True,True,NE,NE,SF,0.0,0.0,0.658241964516071,0.6099342585829073,0.6099342585829073,0.04830770593316369,-167.0,-1.0,-167.0,-1.0,4.019577722277211,3.0,1.0195777222772113,-27.0,-30.0
2020,7,2020_07_TB_LV,LV,TB,0.3247802118879147,0.6752197881120853,0.36900369003690037,0.6575342465753424,0.35946425054165854,0.6405357494583416,171.0,-192.0,False,False,True,TB,TB,TB,1.0,1.0,0.6752197881120853,0.6405357494583416,0.6405357494583416,0.0346840386537437,-192.0,0.5208333333333335,-192.0,0.5208333333333335,-5.0091292441602935,-3.5,-1.5091292441602935,-25.0,-21.5
2020,8,2020_08_ATL_CAR,CAR,ATL,0.4930510753750662,0.5069489246249338,0.5348837209302325,0.49019607843137253,0.521797153024911,0.478202846975089,-115.0,104.0,False,True,False,ATL,CAR,ATL,1.0,0.0,0.5069489246249338,0.521797153024911,0.478202846975089,0.02874607764984477,104.0,1.04,-115.0,-1.0,-0.1023830830464555,1.5,-1.6023830830464556,-8.0,-9.5
2020,8,2020_08_DAL_PHI,PHI,DAL,0.6033486192251056,0.39665138077489437,0.8011928429423459,0.22988505747126436,0.7770439484940493,0.22295605150595066,-403.0,335.0,True,True,True,PHI,PHI,PHI,1.0,1.0,0.6033486192251056,0.7770439484940493,0.7770439484940493,-0.1736953292689437,-403.0,0.2481389578163773,-403.0,0.2481389578163773,2.765136826338056,10.0,-7.234863173661944,14.0,4.0
2020,8,2020_08_IND_DET,DET,IND,0.5028159352227503,0.49718406477724975,0.37735849056603776,0.6491228070175439,0.3676233473073202,0.6323766526926797,165.0,-185.0,True,False,False,DET,IND,IND,0.0,1.0,0.5028159352227503,0.6323766526926797,0.3676233473073202,0.13519258791543004,165.0,-1.0,-185.0,0.5405405405405406,0.3442919966252966,-3.5,3.8442919966252966,-20.0,-16.5
2020,8,2020_08_LAC_DEN,DEN,LAC,0.3758784099745821,0.6241215900254179,0.43103448275862066,0.5934959349593496,0.4207141879874127,0.5792858120125872,132.0,-146.0,False,False,True,LAC,LAC,DEN,0.0,0.0,0.6241215900254179,0.5792858120125872,0.5792858120125872,0.044835778012830674,-146.0,-1.0,-146.0,-1.0,-0.3844970772475522,-3.0,2.615502922752448,1.0,4.0
2020,8,2020_08_LA_MIA,MIA,LA,0.4541084939973477,0.5458915060026523,0.38910505836575876,0.6376811594202898,0.37895430579964856,0.6210456942003515,157.0,-176.0,False,False,True,LA,LA,MIA,0.0,0.0,0.5458915060026523,0.6210456942003515,0.6210456942003515,-0.07515418819769915,-176.0,-1.0,-176.0,-1.0,-2.2596679674876263,-3.5,1.2403320325123737,11.0,14.5
2020,8,2020_08_LV_CLE,CLE,LV,0.5573092910142414,0.4426907089857586,0.5652173913043478,0.4608294930875576,0.5508689709041202,0.4491310290958797,-130.0,117.0,True,True,True,CLE,CLE,LV,0.0,0.0,0.5573092910142414,0.5508689709041202,0.5508689709041202,0.006440320110121189,-130.0,-1.0,-130.0,-1.0,1.1186551340662854,1.0,0.11865513406628536,-10.0,-11.0
2020,8,2020_08_MIN_GB,GB,MIN,0.7104282150396777,0.2895717849603223,0.7134670487106017,0.31446540880503143,0.6940796970600095,0.3059203029399905,-249.0,218.0,True,True,True,GB,GB,MIN,0.0,0.0,0.7104282150396777,0.6940796970600095,0.6940796970600095,0.016348517979668187,-249.0,-1.0,-249.0,-1.0,3.014059840861295,5.5,-2.485940159138705,-6.0,-11.5
2020,8,2020_08_NE_BUF,BUF,NE,0.7078054513767452,0.2921945486232548,0.6632996632996633,0.36363636363636365,0.6459016393442624,0.35409836065573774,-197.0,175.0,True,True,True,BUF,BUF,BUF,1.0,1.0,0.7078054513767452,0.6459016393442624,0.6459016393442624,0.06190381203248285,-197.0,0.5076142131979695,-197.0,0.5076142131979695,5.500080374216911,4.0,1.5000803742169113,3.0,-1.0
2020,8,2020_08_NO_CHI,CHI,NO,0.3080769956003729,0.6919230043996272,0.33112582781456956,0.6960486322188449,0.3223657136138275,0.6776342863861725,202.0,-229.0,False,False,True,NO,NO,NO,1.0,1.0,0.6919230043996272,0.6776342863861725,0.6776342863861725,0.01428871801345466,-229.0,0.4366812227074237,-229.0,0.4366812227074237,-5.009538657638057,-5.5,0.49046134236194305,-3.0,2.5
2020,8,2020_08_NYJ_KC,KC,NYJ,0.7543377807340503,0.24566221926594967,0.9515738498789347,0.07668711656441718,0.9254205701985654,0.07457942980143452,-1965.0,1204.0,True,True,True,KC,KC,KC,1.0,1.0,0.7543377807340503,0.9254205701985654,0.9254205701985654,-0.17108278946451505,-1965.0,0.05089058524173029,-1965.0,0.05089058524173029,8.123429641373727,20.0,-11.876570358626273,26.0,6.0
2020,8,2020_08_PIT_BAL,BAL,PIT,0.6276252751185954,0.37237472488140455,0.6666666666666666,0.3597122302158273,0.6495327102803738,0.3504672897196262,-200.0,178.0,True,True,True,BAL,BAL,PIT,0.0,0.0,0.6276252751185954,0.6495327102803738,0.6495327102803738,-0.0219074351617784,-200.0,-1.0,-200.0,-1.0,2.714004396982105,4.0,-1.285995603017895,-4.0,-8.0
2020,8,2020_08_SF_SEA,SEA,SF,0.5902772460959692,0.4097227539040308,0.5238095238095238,0.5,0.5116279069767442,0.48837209302325585,-110.0,-100.0,True,True,True,SEA,SEA,SEA,1.0,1.0,0.5902772460959692,0.5116279069767442,0.5116279069767442,0.078649339119225,-110.0,0.9090909090909092,-110.0,0.9090909090909092,0.6514777753029256,1.0,-0.3485222246970744,10.0,9.0
2020,8,2020_08_TB_NYG,NYG,TB,0.2828744272601029,0.7171255727398971,0.17543859649122806,0.8567335243553008,0.16997029172551503,0.830029708274485,470.0,-598.0,False,False,True,TB,TB,TB,1.0,1.0,0.7171255727398971,0.830029708274485,0.830029708274485,-0.11290413553458789,-598.0,0.16722408026755842,-598.0,0.16722408026755842,-9.62685215418816,-13.0,3.3731478458118396,-2.0,11.0
2020,8,2020_08_TEN_CIN,CIN,TEN,0.2915144942702184,0.7084855057297816,0.26737967914438504,0.7624703087885986,0.2596297346966464,0.7403702653033536,274.0,-321.0,False,False,True,TEN,TEN,CIN,0.0,0.0,0.7084855057297816,0.7403702653033536,0.7403702653033536,-0.03188475957357195,-321.0,-1.0,-321.0,-1.0,-6.767408602400114,-7.5,0.7325913975998857,11.0,18.5
2020,9,2020_09_BAL_IND,IND,BAL,0.5175577182828884,0.48244228171711157,0.5098039215686274,0.5145631067961165,0.497677011707861,0.5023229882921391,-104.0,-106.0,True,False,False,IND,BAL,BAL,0.0,1.0,0.5175577182828884,0.5023229882921391,0.497677011707861,0.01988070657502744,-104.0,-1.0,-106.0,0.9433962264150944,-0.8425748649232451,1.0,-1.842574864923245,-14.0,-15.0
2020,9,2020_09_CAR_KC,KC,CAR,0.684864318170054,0.315135681829946,0.8165137614678899,0.21505376344086022,0.7915272066558287,0.20847279334417138,-445.0,365.0,True,True,True,KC,KC,KC,1.0,1.0,0.684864318170054,0.7915272066558287,0.7915272066558287,-0.10666288848577465,-445.0,0.2247191011235956,-445.0,0.2247191011235956,6.287708904579758,10.0,-3.712291095420242,2.0,-8.0
2020,9,2020_09_CHI_TEN,TEN,CHI,0.7194976548629176,0.2805023451370824,0.7368421052631579,0.2915451895043732,0.7165025365562518,0.28349746344374815,-280.0,243.0,True,True,True,TEN,TEN,TEN,1.0,1.0,0.7194976548629176,0.7165025365562518,0.7165025365562518,0.002995118306665767,-280.0,0.3571428571428572,-280.0,0.3571428571428572,4.8848138289411605,6.5,-1.6151861710588395,7.0,0.5
2020,9,2020_09_DEN_ATL,ATL,DEN,0.6649403738352347,0.33505962616476526,0.6855345911949685,0.3412969283276451,0.6676212973221565,0.33237870267784353,-218.0,193.0,True,True,True,ATL,ATL,ATL,1.0,1.0,0.6649403738352347,0.6676212973221565,0.6676212973221565,-0.002680923486921727,-218.0,0.45871559633027514,-218.0,0.45871559633027514,4.506881176499516,4.5,0.0068811764995162505,7.0,2.5
2020,9,2020_09_DET_MIN,MIN,DET,0.6196597845215234,0.38034021547847663,0.6336996336996337,0.39215686274509803,0.617727368199958,0.38227263180004206,-173.0,155.0,True,True,True,MIN,MIN,MIN,1.0,1.0,0.6196597845215234,0.617727368199958,0.617727368199958,0.0019324163215653778,-173.0,0.5780346820809248,-173.0,0.5780346820809248,1.921992172273664,3.0,-1.078007827726336,14.0,11.0
2020,9,2020_09_GB_SF,SF,GB,0.3345149825075064,0.6654850174924936,0.31746031746031744,0.7109826589595376,0.30868052457846373,0.6913194754215363,215.0,-246.0,False,False,True,GB,GB,GB,1.0,1.0,0.6654850174924936,0.6913194754215363,0.6913194754215363,-0.02583445792904271,-246.0,0.4065040650406504,-246.0,0.4065040650406504,-3.773332144246328,-6.0,2.226667855753672,-17.0,-11.0
2020,9,2020_09_HOU_JAX,JAX,HOU,0.2851266828048423,0.7148733171951577,0.28653295128939826,0.7429305912596401,0.2783322958479118,0.7216677041520883,249.0,-289.0,False,False,True,HOU,HOU,HOU,1.0,1.0,0.7148733171951577,0.7216677041520883,0.7216677041520883,-0.006794386956930576,-289.0,0.3460207612456747,-289.0,0.3460207612456747,-8.515330988920997,-7.0,-1.5153309889209972,-2.0,5.0
2020,9,2020_09_LV_LAC,LAC,LV,0.6002331177993009,0.3997668822006991,0.49504950495049505,0.5283018867924528,0.4837531945965681,0.5162468054034319,102.0,-112.0,True,False,False,LAC,LV,LV,0.0,1.0,0.6002331177993009,0.5162468054034319,0.4837531945965681,0.11647992320273276,102.0,-1.0,-112.0,0.8928571428571428,0.7536474126109405,-1.0,1.7536474126109405,-5.0,-4.0
2020,9,2020_09_MIA_ARI,ARI,MIA,0.6473410226407217,0.3526589773592783,0.7067448680351907,0.3215434083601286,0.6873022714142923,0.31269772858570755,-241.0,211.0,True,True,True,ARI,ARI,MIA,0.0,0.0,0.6473410226407217,0.6873022714142923,0.6873022714142923,-0.03996124877357066,-241.0,-1.0,-241.0,-1.0,2.840270298272738,6.0,-3.159729701727262,-3.0,-9.0
2020,9,2020_09_NE_NYJ,NYJ,NE,0.294590661136071,0.705409338863929,0.24271844660194175,0.788135593220339,0.2354537473062495,0.7645462526937505,312.0,-372.0,False,False,True,NE,NE,NE,1.0,1.0,0.705409338863929,0.7645462526937505,0.7645462526937505,-0.05913691382982156,-372.0,0.26881720430107525,-372.0,0.26881720430107525,-8.603719920179614,-9.5,0.8962800798203858,-3.0,6.5
2020,9,2020_09_NO_TB,TB,NO,0.5638386202374776,0.43616137976252245,0.6415770609318996,0.38461538461538464,0.6252015045674368,0.3747984954325632,-179.0,160.0,True,True,True,TB,TB,NO,0.0,0.0,0.5638386202374776,0.6252015045674368,0.6252015045674368,-0.06136288432995929,-179.0,-1.0,-179.0,-1.0,1.43533883812243,3.0,-1.56466116187757,-35.0,-38.0
2020,9,2020_09_NYG_WAS,WAS,NYG,0.5748128149868351,0.4251871850131649,0.6183206106870229,0.40816326530612246,0.6023675823341934,0.39763241766580665,-162.0,145.0,True,True,True,WAS,WAS,NYG,0.0,0.0,0.5748128149868351,0.6023675823341934,0.6023675823341934,-0.02755476734735829,-162.0,-1.0,-162.0,-1.0,3.716835107126816,3.0,0.716835107126816,-3.0,-6.0
2020,9,2020_09_PIT_DAL,DAL,PIT,0.3469592961259269,0.6530407038740731,0.1447178002894356,0.8875140607424072,0.14019892792765798,0.859801072072342,591.0,-789.0,False,False,True,PIT,PIT,PIT,1.0,1.0,0.6530407038740731,0.859801072072342,0.859801072072342,-0.20676036819826893,-789.0,0.126742712294043,-789.0,0.126742712294043,-4.054403197561329,-14.0,9.945596802438672,-5.0,9.0
2020,9,2020_09_SEA_BUF,BUF,SEA,0.5048117468077068,0.4951882531922932,0.4048582995951417,0.6212121212121212,0.3945716506247385,0.6054283493752616,147.0,-164.0,True,False,False,BUF,SEA,BUF,1.0,0.0,0.5048117468077068,0.6054283493752616,0.3945716506247385,0.11024009618296832,147.0,1.4699999999999998,-164.0,-1.0,-2.762120748229353,-3.0,0.23787925177064695,10.0,13.0
2020,10,2020_10_BAL_NE,NE,BAL,0.4129974690404577,0.5870025309595424,0.26881720430107525,0.7607655502392344,0.2610933439936038,0.738906656006396,272.0,-318.0,False,False,True,BAL,BAL,NE,0.0,0.0,0.5870025309595424,0.738906656006396,0.738906656006396,-0.1519041250468537,-318.0,-1.0,-318.0,-1.0,-3.2205161738421584,-7.0,3.7794838261578416,6.0,13.0
2020,10,2020_10_BUF_ARI,ARI,BUF,0.6697968943570674,0.33020310564293265,0.6047430830039525,0.42016806722689076,0.590044398353696,0.40995560164630396,-153.0,138.0,True,True,True,ARI,ARI,ARI,1.0,1.0,0.6697968943570674,0.590044398353696,0.590044398353696,0.07975249600337131,-153.0,0.65359477124183,-153.0,0.65359477124183,5.021044485874172,3.0,2.021044485874172,2.0,-1.0
2020,10,2020_10_CIN_PIT,PIT,CIN,0.6984072550005199,0.3015927449994801,0.7481108312342569,0.28169014084507044,0.7264615702621697,0.2735384297378303,-297.0,255.0,True,True,True,PIT,PIT,PIT,1.0,1.0,0.6984072550005199,0.7264615702621697,0.7264615702621697,-0.02805431526164981,-297.0,0.3367003367003367,-297.0,0.3367003367003367,6.763075493446263,6.5,0.26307549344626313,26.0,19.5
2020,10,2020_10_DEN_LV,LV,DEN,0.635199623455929,0.36480037654407105,0.6527777777777778,0.373134328358209,0.6362901596282077,0.36370984037179227,-188.0,168.0,True,True,True,LV,LV,LV,1.0,1.0,0.635199623455929,0.6362901596282077,0.6362901596282077,-0.0010905361722787221,-188.0,0.5319148936170213,-188.0,0.5319148936170213,2.4484951881482764,3.5,-1.0515048118517236,25.0,21.5
2020,10,2020_10_HOU_CLE,CLE,HOU,0.6282541813808842,0.3717458186191158,0.6845425867507886,0.3424657534246575,0.666540435916856,0.333459564083144,-217.0,192.0,True,True,True,CLE,CLE,CLE,1.0,1.0,0.6282541813808842,0.666540435916856,0.666540435916856,-0.038286254535971787,-217.0,0.4608294930875576,-217.0,0.4608294930875576,2.5695771640424687,4.5,-1.9304228359575313,3.0,-1.5
2020,10,2020_10_IND_TEN,TEN,IND,0.4553244748496043,0.5446755251503956,0.4878048780487805,0.5348837209302325,0.47698280643372154,0.5230171935662784,105.0,-115.0,False,False,True,IND,IND,IND,1.0,1.0,0.5446755251503956,0.5230171935662784,0.5230171935662784,0.02165833158411723,-115.0,0.8695652173913042,-115.0,0.8695652173913042,-0.9433189479002974,-1.0,0.056681052099702645,-17.0,-16.0
2020,10,2020_10_JAX_GB,GB,JAX,0.7509252214186388,0.24907477858136118,0.8992950654582075,0.13280212483399734,0.8713278884167888,0.12867211158321118,-893.0,653.0,True,True,True,GB,GB,GB,1.0,1.0,0.7509252214186388,0.8713278884167888,0.8713278884167888,-0.12040266699814994,-893.0,0.11198208286674127,-893.0,0.11198208286674127,7.788529995210644,13.5,-5.711470004789356,4.0,-9.5
2020,10,2020_10_LAC_MIA,MIA,LAC,0.4135187377358271,0.5864812622641729,0.5348837209302325,0.49019607843137253,0.521797153024911,0.478202846975089,-115.0,104.0,False,True,False,LAC,MIA,MIA,0.0,1.0,0.5864812622641729,0.521797153024911,0.478202846975089,0.10827841528908383,104.0,-1.0,-115.0,0.8695652173913042,-2.465060918685272,1.0,-3.465060918685272,8.0,7.0
2020,10,2020_10_MIN_CHI,CHI,MIN,0.3886288649518671,0.6113711350481329,0.3968253968253968,0.6296296296296297,0.38659793814432986,0.6134020618556701,152.0,-170.0,False,False,True,MIN,MIN,MIN,1.0,1.0,0.6113711350481329,0.6134020618556701,0.6134020618556701,-0.0020309268075372477,-170.0,0.5882352941176472,-170.0,0.5882352941176472,-1.1272754495722783,-3.5,2.372724550427722,-6.0,-2.5
2020,10,2020_10_PHI_NYG,NYG,PHI,0.4444813342712238,0.5555186657287762,0.3401360544217687,0.6865203761755486,0.3313046548823297,0.6686953451176703,194.0,-219.0,False,False,True,PHI,PHI,NYG,0.0,0.0,0.5555186657287762,0.6686953451176703,0.6686953451176703,-0.11317667938889409,-219.0,-1.0,-219.0,-1.0,-1.5319902085649255,-4.5,2.9680097914350743,10.0,14.5
2020,10,2020_10_SEA_LA,LA,SEA,0.5531308752480968,0.4468691247519032,0.5934959349593496,0.43103448275862066,0.5792858120125872,0.4207141879874127,-146.0,132.0,True,True,True,LA,LA,LA,1.0,1.0,0.5531308752480968,0.5792858120125872,0.5792858120125872,-0.026154936764490433,-146.0,0.6849315068493151,-146.0,0.6849315068493151,4.620456597844368,3.0,1.6204565978443677,7.0,4.0
2020,10,2020_10_SF_NO,NO,SF,0.6870672634394839,0.3129327365605161,0.7946611909650924,0.2364066193853428,0.7707167103733034,0.2292832896266967,-387.0,323.0,True,True,True,NO,NO,NO,1.0,1.0,0.6870672634394839,0.7707167103733034,0.7707167103733034,-0.08364944693381948,-387.0,0.25839793281653733,-387.0,0.25839793281653733,2.7048753096638327,9.5,-6.795124690336167,14.0,4.5
2020,10,2020_10_TB_CAR,CAR,TB,0.3536660907532524,0.6463339092467476,0.3067484662576687,0.7214484679665738,0.2983362973058321,0.7016637026941679,226.0,-259.0,False,False,True,TB,TB,TB,1.0,1.0,0.6463339092467476,0.7016637026941679,0.7016637026941679,-0.055329793447420283,-259.0,0.3861003861003862,-259.0,0.3861003861003862,-4.647822887670768,-6.0,1.3521771123292323,-23.0,-17.0
2020,10,2020_10_WAS_DET,DET,WAS,0.541092890327747,0.458907109672253,0.576271186440678,0.4484304932735426,0.562379468921525,0.43762053107847504,-136.0,123.0,True,True,True,DET,DET,DET,1.0,1.0,0.541092890327747,0.562379468921525,0.562379468921525,-0.021286578593778027,-136.0,0.7352941176470589,-136.0,0.7352941176470589,1.0924632306579545,2.5,-1.4075367693420455,3.0,0.5
2020,11,2020_11_ARI_SEA,SEA,ARI,0.6242809292554146,0.37571907074458544,0.6212121212121212,0.4048582995951417,0.6054283493752616,0.3945716506247385,-164.0,147.0,True,True,True,SEA,SEA,SEA,1.0,1.0,0.6242809292554146,0.6054283493752616,0.6054283493752616,0.018852579880152986,-164.0,0.6097560975609757,-164.0,0.6097560975609757,3.0460106206779938,3.0,0.046010620677993774,7.0,4.0
2020,11,2020_11_ATL_NO,NO,ATL,0.5200433546689763,0.47995664533102367,0.6441281138790036,0.3816793893129771,0.6279229893276131,0.37207701067238685,-181.0,162.0,True,True,True,NO,NO,NO,1.0,1.0,0.5200433546689763,0.6279229893276131,0.6279229893276131,-0.10787963465863681,-181.0,0.5524861878453038,-181.0,0.5524861878453038,4.161744733118375,3.5,0.6617447331183746,15.0,11.5
2020,11,2020_11_CIN_WAS,WAS,CIN,0.5096502359824443,0.4903497640175557,0.5475113122171946,0.47619047619047616,0.534834771627026,0.46516522837297414,-121.0,110.0,True,True,True,WAS,WAS,WAS,1.0,1.0,0.5096502359824443,0.534834771627026,0.534834771627026,-0.025184535644581674,-121.0,0.8264462809917354,-121.0,0.8264462809917354,1.675331270199208,2.0,-0.324668729800792,11.0,9.0
2020,11,2020_11_DAL_MIN,MIN,DAL,0.7427657878267172,0.2572342121732828,0.7524752475247525,0.2770083102493075,0.730924978687127,0.269075021312873,-304.0,261.0,True,True,True,MIN,MIN,DAL,0.0,0.0,0.7427657878267172,0.730924978687127,0.730924978687127,0.01184080913959018,-304.0,-1.0,-304.0,-1.0,6.247763766357404,7.0,-0.7522362336425958,-3.0,-10.0
2020,11,2020_11_DET_CAR,CAR,DET,0.3154374726848579,0.6845625273151421,0.3968253968253968,0.6282527881040892,0.3871172000921022,0.6128827999078977,152.0,-169.0,False,False,True,DET,DET,CAR,0.0,0.0,0.6845625273151421,0.6128827999078977,0.6128827999078977,0.07167972740724438,-169.0,-1.0,-169.0,-1.0,-2.790640421329864,-3.0,0.20935957867013588,20.0,23.0
2020,11,2020_11_GB_IND,IND,GB,0.4894113388279953,0.5105886611720047,0.5454545454545454,0.4784688995215311,0.5327102803738317,0.4672897196261682,-120.0,109.0,False,True,False,GB,IND,IND,0.0,1.0,0.5105886611720047,0.5327102803738317,0.4672897196261682,0.04329894154583652,109.0,-1.0,-120.0,0.8333333333333335,0.984628107217678,1.5,-0.515371892782322,3.0,1.5
2020,11,2020_11_KC_LV,LV,KC,0.3420321973488168,0.6579678026511833,0.25252525252525254,0.7782705099778271,0.24498087954110898,0.755019120458891,296.0,-351.0,False,False,True,KC,KC,KC,1.0,1.0,0.6579678026511833,0.755019120458891,0.755019120458891,-0.0970513178077077,-351.0,0.28490028490028485,-351.0,0.28490028490028485,-4.939184765574246,-7.5,2.560815234425754,-4.0,3.5
2020,11,2020_11_LA_TB,TB,LA,0.50214677648588,0.49785322351412,0.6610169491525424,0.3663003663003663,0.6434398984710219,0.35656010152897805,-195.0,173.0,True,True,True,TB,TB,LA,0.0,0.0,0.50214677648588,0.6434398984710219,0.6434398984710219,-0.14129312198514188,-195.0,-1.0,-195.0,-1.0,3.723139396542825,4.0,-0.276860603457175,-3.0,-7.0
2020,11,2020_11_MIA_DEN,DEN,MIA,0.4370781173471945,0.5629218826528055,0.36496350364963503,0.6621621621621622,0.35532507442619804,0.644674925573802,174.0,-196.0,False,False,True,MIA,MIA,DEN,0.0,0.0,0.5629218826528055,0.644674925573802,0.644674925573802,-0.0817530429209965,-196.0,-1.0,-196.0,-1.0,-2.034633017936762,-4.0,1.9653669820632378,7.0,11.0
2020,11,2020_11_NE_HOU,HOU,NE,0.5388640417326068,0.4611359582673932,0.43103448275862066,0.5951417004048583,0.42003945309842866,0.5799605469015713,132.0,-147.0,True,False,False,HOU,NE,HOU,1.0,0.0,0.5388640417326068,0.5799605469015713,0.42003945309842866,0.11882458863417816,132.0,1.3200000000000003,-147.0,-1.0,0.5441276732297307,-2.5,3.0441276732297307,7.0,9.5
2020,11,2020_11_NYJ_LAC,LAC,NYJ,0.742304430591074,0.257695569408926,0.8095238095238095,0.22172949002217296,0.7849902733695097,0.21500972663049045,-425.0,351.0,True,True,True,LAC,LAC,LAC,1.0,1.0,0.742304430591074,0.7849902733695097,0.7849902733695097,-0.04268584277843568,-425.0,0.23529411764705888,-425.0,0.23529411764705888,4.956525746750924,10.0,-5.043474253249076,6.0,-4.0
2020,11,2020_11_PHI_CLE,CLE,PHI,0.6151744221552498,0.38482557784475024,0.574468085106383,0.45045045045045046,0.5605012156349355,0.43949878436506445,-135.0,122.0,True,True,True,CLE,CLE,CLE,1.0,1.0,0.6151744221552498,0.5605012156349355,0.5605012156349355,0.054673206520314266,-135.0,0.7407407407407407,-135.0,0.7407407407407407,3.471386655948289,2.5,0.9713866559482889,5.0,2.5
2020,11,2020_11_PIT_JAX,JAX,PIT,0.2916651277626714,0.7083348722373286,0.205761316872428,0.8260869565217391,0.19941043870296515,0.8005895612970348,386.0,-475.0,False,False,True,PIT,PIT,PIT,1.0,1.0,0.7083348722373286,0.8005895612970348,0.8005895612970348,-0.09225468905970624,-475.0,0.21052631578947367,-475.0,0.21052631578947367,-11.51109919700184,-11.0,-0.5110991970018404,-24.0,-13.0
2020,11,2020_11_TEN_BAL,BAL,TEN,0.6456284919016887,0.3543715080983113,0.71671388101983,0.3115264797507788,0.6970295160196717,0.3029704839803284,-253.0,221.0,True,True,True,BAL,BAL,TEN,0.0,0.0,0.6456284919016887,0.6970295160196717,0.6970295160196717,-0.051401024117982974,-253.0,-1.0,-253.0,-1.0,4.524246710449973,6.0,-1.4757532895500267,-6.0,-12.0
2020,12,2020_12_ARI_NE,NE,ARI,0.5432847528484037,0.4567152471515963,0.49019607843137253,0.5348837209302325,0.478202846975089,0.521797153024911,104.0,-115.0,True,False,False,NE,ARI,NE,1.0,0.0,0.5432847528484037,0.521797153024911,0.478202846975089,0.0650819058733147,104.0,1.04,-115.0,-1.0,0.1930037575351537,-1.0,1.1930037575351538,3.0,4.0
2020,12,2020_12_BAL_PIT,PIT,BAL,0.7557712250695614,0.2442287749304386,0.8381877022653722,0.1937984496124031,0.812208284714119,0.18779171528588098,-518.0,416.0,True,True,True,PIT,PIT,PIT,1.0,1.0,0.7557712250695614,0.812208284714119,0.812208284714119,-0.056437059644557586,-518.0,0.1930501930501931,-518.0,0.1930501930501931,7.291123625641941,10.5,-3.2088763743580593,5.0,-5.5
2020,12,2020_12_CAR_MIN,MIN,CAR,0.6098100894092074,0.39018991059079255,0.5918367346938775,0.4329004329004329,0.5775497887748944,0.4224502112251056,-145.0,131.0,True,True,True,MIN,MIN,MIN,1.0,1.0,0.6098100894092074,0.5775497887748944,0.5775497887748944,0.032260300634313066,-145.0,0.6896551724137931,-145.0,0.6896551724137931,3.3465665155891124,3.0,0.34656651558911244,1.0,-2.0
2020,12,2020_12_CHI_GB,GB,CHI,0.7485391509112532,0.2514608490887468,0.7757847533632287,0.2544529262086514,0.7530153174805347,0.24698468251946526,-346.0,293.0,True,True,True,GB,GB,GB,1.0,1.0,0.7485391509112532,0.7530153174805347,0.7530153174805347,-0.0044761665692815145,-346.0,0.2890173410404624,-346.0,0.2890173410404624,4.546456997856936,7.5,-2.953543002143064,16.0,8.5
2020,12,2020_12_CLE_JAX,JAX,CLE,0.3238289541014113,0.6761710458985887,0.2604166666666667,0.7695852534562212,0.2528312438831151,0.7471687561168849,284.0,-334.0,False,False,True,CLE,CLE,CLE,1.0,1.0,0.6761710458985887,0.7471687561168849,0.7471687561168849,-0.07099771021829626,-334.0,0.29940119760479034,-334.0,0.29940119760479034,-4.008489680214169,-7.5,3.4915103197858306,-2.0,5.5
2020,12,2020_12_HOU_DET,DET,HOU,0.4299855612059609,0.5700144387940391,0.41841004184100417,0.6078431372549019,0.40770645135502437,0.5922935486449755,139.0,-155.0,False,False,True,HOU,HOU,HOU,1.0,1.0,0.5700144387940391,0.5922935486449755,0.5922935486449755,-0.022279109850936396,-155.0,0.6451612903225805,-155.0,0.6451612903225805,-1.9520018160550248,-3.0,1.0479981839449752,-16.0,-13.0
2020,12,2020_12_KC_TB,TB,KC,0.4500122352708567,0.5499877647291433,0.40160642570281124,0.6240601503759399,0.3915565107310036,0.6084434892689964,149.0,-166.0,False,False,True,KC,KC,KC,1.0,1.0,0.5499877647291433,0.6084434892689964,0.6084434892689964,-0.05845572453985304,-166.0,0.6024096385542168,-166.0,0.6024096385542168,-1.4672677446092517,-3.5,2.0327322553907483,-3.0,0.5
2020,12,2020_12_LAC_BUF,BUF,LAC,0.6180860129930993,0.3819139870069007,0.6815286624203821,0.3460207612456747,0.6632563327113227,0.3367436672886772,-214.0,189.0,True,True,True,BUF,BUF,BUF,1.0,1.0,0.6180860129930993,0.6632563327113227,0.6632563327113227,-0.045170319718223384,-214.0,0.4672897196261683,-214.0,0.4672897196261683,0.0204976953431009,4.5,-4.479502304656899,10.0,5.5
2020,12,2020_12_LV_ATL,ATL,LV,0.419793526929197,0.580206473070803,0.3787878787878788,0.647887323943662,0.3689461650384535,0.6310538349615464,164.0,-184.0,False,False,True,LV,LV,ATL,0.0,0.0,0.580206473070803,0.6310538349615464,0.6310538349615464,-0.05084736189074346,-184.0,-1.0,-184.0,-1.0,-1.8998422203629608,-3.5,1.6001577796370392,37.0,40.5
2020,12,2020_12_MIA_NYJ,NYJ,MIA,0.3746540339767789,0.6253459660232211,0.25252525252525254,0.7777777777777778,0.2450980392156863,0.7549019607843137,296.0,-350.0,False,False,True,MIA,MIA,MIA,1.0,1.0,0.6253459660232211,0.7549019607843137,0.7549019607843137,-0.12955599476109259,-350.0,0.2857142857142856,-350.0,0.2857142857142856,-5.058680652989602,-7.5,2.441319347010398,-17.0,-9.5
2020,12,2020_12_NO_DEN,DEN,NO,0.3386047034065952,0.6613952965934048,0.09940357852882704,0.9310344827586207,0.09646730091144967,0.9035326990885503,906.0,-1350.0,False,False,True,NO,NO,NO,1.0,1.0,0.6613952965934048,0.9035326990885503,0.9035326990885503,-0.24213740249514548,-1350.0,0.07407407407407396,-1350.0,0.07407407407407396,-5.2447080927001695,-17.0,11.755291907299831,-28.0,-11.0
2020,12,2020_12_NYG_CIN,CIN,NYG,0.434139874193068,0.565860125806932,0.3058103975535168,0.7222222222222222,0.2974714923153198,0.7025285076846802,227.0,-260.0,False,False,True,NYG,NYG,NYG,1.0,1.0,0.565860125806932,0.7025285076846802,0.7025285076846802,-0.1366683818777482,-260.0,0.3846153846153846,-260.0,0.3846153846153846,-4.428970480471658,-6.5,2.0710295195283424,-2.0,4.5
2020,12,2020_12_SEA_PHI,PHI,SEA,0.3552777750946247,0.6447222249053752,0.29673590504451036,0.732620320855615,0.28827328924447726,0.7117267107555226,237.0,-274.0,False,False,True,SEA,SEA,SEA,1.0,1.0,0.6447222249053752,0.7117267107555226,0.7117267107555226,-0.0670044858501474,-274.0,0.36496350364963503,-274.0,0.36496350364963503,-5.326693440560706,-6.5,1.1733065594392942,-6.0,0.5
2020,12,2020_12_SF_LA,LA,SF,0.6385902456384474,0.36140975436155265,0.6825396825396826,0.3448275862068966,0.6643580181140117,0.33564198188598826,-215.0,190.0,True,True,True,LA,LA,SF,0.0,0.0,0.6385902456384474,0.6643580181140117,0.6643580181140117,-0.025767772475564388,-215.0,-1.0,-215.0,-1.0,4.20423130976234,5.0,-0.7957686902376597,-3.0,-8.0
2020,12,2020_12_TEN_IND,IND,TEN,0.6238077843043041,0.37619221569569594,0.5951417004048583,0.4291845493562232,0.5810079557598683,0.41899204424013164,-147.0,133.0,True,True,True,IND,IND,TEN,0.0,0.0,0.6238077843043041,0.5810079557598683,0.5810079557598683,0.04279982854443576,-147.0,-1.0,-147.0,-1.0,1.8818852820145544,3.0,-1.1181147179854456,-19.0,-22.0
2020,12,2020_12_WAS_DAL,DAL,WAS,0.499590074216194,0.5004099257838059,0.574468085106383,0.45045045045045046,0.5605012156349355,0.43949878436506445,-135.0,122.0,False,True,False,WAS,DAL,WAS,1.0,0.0,0.5004099257838059,0.5605012156349355,0.43949878436506445,0.06091114141874149,122.0,1.2199999999999998,-135.0,-1.0,0.9854897705414252,2.5,-1.5145102294585748,-25.0,-27.5
2020,13,2020_13_BUF_SF,SF,BUF,0.4930930779665513,0.5069069220334488,0.5495495495495496,0.47619047619047616,0.5357590966122961,0.46424090338770385,-122.0,110.0,False,True,False,BUF,SF,BUF,1.0,0.0,0.5069069220334488,0.5357590966122961,0.46424090338770385,0.04266601864574493,110.0,1.1,-122.0,-1.0,0.205235724037044,1.5,-1.294764275962956,-10.0,-11.5
2020,13,2020_13_CIN_MIA,MIA,CIN,0.7302338530499151,0.26976614695008494,0.8307952622673435,0.2012072434607646,0.8050322142204421,0.19496778577955776,-491.0,397.0,True,True,True,MIA,MIA,MIA,1.0,1.0,0.7302338530499151,0.8050322142204421,0.8050322142204421,-0.07479836117052707,-491.0,0.20366598778004086,-491.0,0.20366598778004086,4.611257781209588,10.5,-5.888742218790412,12.0,1.5
2020,13,2020_13_CLE_TEN,TEN,CLE,0.5949615468507428,0.40503845314925724,0.6666666666666666,0.3597122302158273,0.6495327102803738,0.3504672897196262,-200.0,178.0,True,True,True,TEN,TEN,CLE,0.0,0.0,0.5949615468507428,0.6495327102803738,0.6495327102803738,-0.05457116342963109,-200.0,-1.0,-200.0,-1.0,2.008214315074561,4.0,-1.9917856849254392,-6.0,-10.0
2020,13,2020_13_DAL_BAL,BAL,DAL,0.7449404207802872,0.2550595792197128,0.7959183673469388,0.2347417840375587,0.7722413312261782,0.2277586687738217,-390.0,326.0,True,True,True,BAL,BAL,BAL,1.0,1.0,0.7449404207802872,0.7722413312261782,0.7722413312261782,-0.027300910445891002,-390.0,0.2564102564102564,-390.0,0.2564102564102564,6.076368370117642,8.5,-2.423631629882358,17.0,8.5
2020,13,2020_13_DEN_KC,KC,DEN,0.7270577220956003,0.27294227790439973,0.868421052631579,0.16393442622950818,0.8412035102381947,0.15879648976180524,-660.0,510.0,True,True,True,KC,KC,KC,1.0,1.0,0.7270577220956003,0.8412035102381947,0.8412035102381947,-0.11414578814259446,-660.0,0.1515151515151516,-660.0,0.1515151515151516,5.452985067313065,13.0,-7.547014932686935,6.0,-7.0
2020,13,2020_13_DET_CHI,CHI,DET,0.5705396272765101,0.4294603727234899,0.6168582375478927,0.40816326530612246,0.6018002898771837,0.39819971012281646,-161.0,145.0,True,True,True,CHI,CHI,DET,0.0,0.0,0.5705396272765101,0.6018002898771837,0.6018002898771837,-0.03126066260067362,-161.0,-1.0,-161.0,-1.0,0.9812186791310792,3.0,-2.018781320868921,-4.0,-7.0
2020,13,2020_13_IND_HOU,HOU,IND,0.4265125227146764,0.5734874772853236,0.38910505836575876,0.6376811594202898,0.37895430579964856,0.6210456942003515,157.0,-176.0,False,False,True,IND,IND,IND,1.0,1.0,0.5734874772853236,0.6210456942003515,0.6210456942003515,-0.04755821691502793,-176.0,0.5681818181818183,-176.0,0.5681818181818183,-2.607011003652585,-3.5,0.8929889963474151,-6.0,-2.5
2020,13,2020_13_JAX_MIN,MIN,JAX,0.7318434815625778,0.26815651843742216,0.8165137614678899,0.21505376344086022,0.7915272066558287,0.20847279334417138,-445.0,365.0,True,True,True,MIN,MIN,MIN,1.0,1.0,0.7318434815625778,0.7915272066558287,0.7915272066558287,-0.05968372509325082,-445.0,0.2247191011235956,-445.0,0.2247191011235956,6.730664333614603,10.5,-3.7693356663853974,3.0,-7.5
2020,13,2020_13_LA_ARI,ARI,LA,0.4928179650901123,0.5071820349098877,0.43478260869565216,0.5901639344262295,0.4242002781641169,0.5757997218358832,130.0,-144.0,False,False,True,LA,LA,LA,1.0,1.0,0.5071820349098877,0.5757997218358832,0.5757997218358832,-0.06861768692599557,-144.0,0.6944444444444444,-144.0,0.6944444444444444,-0.0158479690257383,-2.5,2.4841520309742617,-10.0,-7.5
2020,13,2020_13_LV_NYJ,NYJ,LV,0.2943701830194405,0.7056298169805595,0.25316455696202533,0.77728285077951,0.24568411260977813,0.7543158873902218,295.0,-349.0,False,False,True,LV,LV,LV,1.0,1.0,0.7056298169805595,0.7543158873902218,0.7543158873902218,-0.04868607040966233,-349.0,0.28653295128939815,-349.0,0.28653295128939815,-7.768284475915499,-7.5,-0.2682844759154994,-3.0,4.5
2020,13,2020_13_NE_LAC,LAC,NE,0.5732730577063698,0.4267269422936302,0.5633187772925764,0.4608294930875576,0.5500363507751557,0.4499636492248442,-129.0,117.0,True,True,True,LAC,LAC,NE,0.0,0.0,0.5732730577063698,0.5500363507751557,0.5500363507751557,0.023236706931214157,-129.0,-1.0,-129.0,-1.0,1.697156844064646,2.5,-0.8028431559353539,-45.0,-47.5
2020,13,2020_13_NO_ATL,ATL,NO,0.5303402648926087,0.46965973510739134,0.44052863436123346,0.5850622406639004,0.4295364214803857,0.5704635785196144,127.0,-141.0,True,False,False,ATL,NO,NO,0.0,1.0,0.5303402648926087,0.5704635785196144,0.4295364214803857,0.10080384341222298,127.0,-1.0,-141.0,0.7092198581560285,1.4006178477072468,-2.5,3.900617847707247,-5.0,-2.5
2020,13,2020_13_NYG_SEA,SEA,NYG,0.7019193800144855,0.2980806199855145,0.8371335504885994,0.1949317738791423,0.8111245777988322,0.18887542220116768,-514.0,413.0,True,True,True,SEA,SEA,NYG,0.0,0.0,0.7019193800144855,0.8111245777988322,0.8111245777988322,-0.10920519778434667,-514.0,-1.0,-514.0,-1.0,6.286133792538288,11.0,-4.713866207461712,-5.0,-16.0
2020,13,2020_13_PHI_GB,GB,PHI,0.7583191477909444,0.24168085220905555,0.7971602434077079,0.2336448598130841,0.7733375018390467,0.22666249816095338,-393.0,328.0,True,True,True,GB,GB,GB,1.0,1.0,0.7583191477909444,0.7733375018390467,0.7733375018390467,-0.015018354048102256,-393.0,0.25445292620865145,-393.0,0.25445292620865145,6.133884990674143,8.0,-1.8661150093258572,14.0,6.0
2020,13,2020_13_WAS_PIT,PIT,WAS,0.7189875801710094,0.2810124198289906,0.726027397260274,0.3021148036253776,0.7061546512095963,0.29384534879040375,-265.0,231.0,True,True,True,PIT,PIT,WAS,0.0,0.0,0.7189875801710094,0.7061546512095963,0.7061546512095963,0.012832928961413081,-265.0,-1.0,-265.0,-1.0,3.604442944483989,5.5,-1.895557055516011,-6.0,-11.5
2020,14,2020_14_ARI_NYG,NYG,ARI,0.4455843826724073,0.5544156173275927,0.41841004184100417,0.6062992125984252,0.40832074076455643,0.5916792592354435,139.0,-154.0,False,False,True,ARI,ARI,ARI,1.0,1.0,0.5544156173275927,0.5916792592354435,0.5916792592354435,-0.03726364190785081,-154.0,0.6493506493506493,-154.0,0.6493506493506493,-1.4253280665902257,-3.0,1.5746719334097743,-19.0,-16.0
2020,14,2020_14_ATL_LAC,LAC,ATL,0.5777279307063191,0.4222720692936809,0.5412844036697247,0.4830917874396135,0.5284039285250725,0.4715960714749275,-118.0,107.0,True,True,True,LAC,LAC,LAC,1.0,1.0,0.5777279307063191,0.5284039285250725,0.5284039285250725,0.04932400218124666,-118.0,0.847457627118644,-118.0,0.847457627118644,2.1005112926698257,1.0,1.1005112926698257,3.0,2.0
2020,14,2020_14_BAL_CLE,CLE,BAL,0.4432869582073071,0.5567130417926929,0.390625,0.635036496350365,0.3808517736016902,0.6191482263983098,156.0,-174.0,False,False,True,BAL,BAL,BAL,1.0,1.0,0.5567130417926929,0.6191482263983098,0.6191482263983098,-0.06243518460561692,-174.0,0.5747126436781609,-174.0,0.5747126436781609,0.8998821954219823,-3.0,3.8998821954219824,-5.0,-2.0
2020,14,2020_14_DAL_CIN,CIN,DAL,0.4423872492212788,0.5576127507787212,0.4032258064516129,0.6212121212121212,0.39360687022900764,0.6063931297709924,148.0,-164.0,False,False,True,DAL,DAL,DAL,1.0,1.0,0.5576127507787212,0.6063931297709924,0.6063931297709924,-0.04878037899227117,-164.0,0.6097560975609757,-164.0,0.6097560975609757,-1.9608641062456456,-3.0,1.0391358937543544,-23.0,-20.0
2020,14,2020_14_DEN_CAR,CAR,DEN,0.6498340504949371,0.35016594950506286,0.6655518394648829,0.36101083032490977,0.648330451760112,0.35166954823988805,-199.0,177.0,True,True,True,CAR,CAR,DEN,0.0,0.0,0.6498340504949371,0.648330451760112,0.648330451760112,0.0015035987348251956,-199.0,-1.0,-199.0,-1.0,2.4332434628006525,4.0,-1.5667565371993475,-5.0,-9.0
2020,14,2020_14_GB_DET,DET,GB,0.3526590054478067,0.6473409945521933,0.25510204081632654,0.7752808988764045,0.24757983754311783,0.7524201624568821,292.0,-345.0,False,False,True,GB,GB,GB,1.0,1.0,0.6473409945521933,0.7524201624568821,0.7524201624568821,-0.10507916790468885,-345.0,0.28985507246376807,-345.0,0.28985507246376807,-4.423622610236841,-9.5,5.076377389763159,-7.0,2.5
2020,14,2020_14_HOU_CHI,CHI,HOU,0.4833680788191861,0.5166319211808139,0.49019607843137253,0.5327102803738317,0.4792189179505553,0.5207810820494446,104.0,-114.0,False,False,True,HOU,HOU,CHI,0.0,0.0,0.5166319211808139,0.5207810820494446,0.5207810820494446,-0.004149160868630708,-114.0,-1.0,-114.0,-1.0,-0.6648831243780717,-1.0,0.33511687562192827,29.0,30.0
2020,14,2020_14_IND_LV,LV,IND,0.3598913292976535,0.6401086707023464,0.45871559633027525,0.5652173913043478,0.4479937670432412,0.5520062329567589,118.0,-130.0,False,False,True,IND,IND,IND,1.0,1.0,0.6401086707023464,0.5520062329567589,0.5520062329567589,0.08810243774558757,-130.0,0.7692307692307692,-130.0,0.7692307692307692,-1.6827708157147518,-2.5,0.8172291842852482,-17.0,-14.5
2020,14,2020_14_KC_MIA,MIA,KC,0.3439927996536903,0.6560072003463098,0.26246719160104987,0.7674418604651163,0.25484501866887926,0.7451549813311207,281.0,-330.0,False,False,True,KC,KC,KC,1.0,1.0,0.6560072003463098,0.7451549813311207,0.7451549813311207,-0.08914778098481091,-330.0,0.303030303030303,-330.0,0.303030303030303,-5.619562741897577,-7.5,1.8804372581024227,-6.0,1.5
2020,14,2020_14_MIN_TB,TB,MIN,0.646682096872106,0.353317903127894,0.7601918465227818,0.2695417789757412,0.7382412574463144,0.26175874255368564,-317.0,271.0,True,True,True,TB,TB,TB,1.0,1.0,0.646682096872106,0.7382412574463144,0.7382412574463144,-0.09155916057420843,-317.0,0.3154574132492114,-317.0,0.3154574132492114,4.825928491655453,7.0,-2.1740715083445474,12.0,5.0
2020,14,2020_14_NE_LA,LA,NE,0.6664605256778099,0.3335394743221901,0.6951219512195121,0.33222591362126247,0.6766178964388532,0.3233821035611469,-228.0,201.0,True,True,True,LA,LA,LA,1.0,1.0,0.6664605256778099,0.6766178964388532,0.6766178964388532,-0.010157370761043283,-228.0,0.4385964912280702,-228.0,0.4385964912280702,2.159280990621124,5.0,-2.840719009378876,21.0,16.0
2020,14,2020_14_NO_PHI,PHI,NO,0.3235293794720872,0.6764706205279127,0.2604166666666667,0.7701149425287356,0.252701289647961,0.7472987103520391,284.0,-335.0,False,False,True,NO,NO,PHI,0.0,0.0,0.6764706205279127,0.7472987103520391,0.7472987103520391,-0.07082808982412636,-335.0,-1.0,-335.0,-1.0,-5.531487523327501,-7.5,1.9685124766724993,3.0,10.5
2020,14,2020_14_NYJ_SEA,SEA,NYJ,0.6839550202196603,0.31604497978033974,0.911660777385159,0.11990407673860912,0.8837648682394691,0.11623513176053099,-1032.0,734.0,True,True,True,SEA,SEA,SEA,1.0,1.0,0.6839550202196603,0.8837648682394691,0.8837648682394691,-0.19980984801980883,-1032.0,0.0968992248062015,-1032.0,0.0968992248062015,5.109409253239654,16.5,-11.390590746760346,37.0,20.5
2020,14,2020_14_PIT_BUF,BUF,PIT,0.5382511942206598,0.4617488057793402,0.5535714285714286,0.4716981132075472,0.5399277029247453,0.4600722970752547,-124.0,112.0,True,True,True,BUF,BUF,BUF,1.0,1.0,0.5382511942206598,0.5399277029247453,0.5399277029247453,-0.001676508704085533,-124.0,0.8064516129032258,-124.0,0.8064516129032258,-0.6834553452899023,2.0,-2.6834553452899024,11.0,9.0
2020,14,2020_14_TEN_JAX,JAX,TEN,0.3122433981577328,0.6877566018422672,0.2457002457002457,0.7844827586206896,0.23850155231613795,0.7614984476838621,307.0,-364.0,False,False,True,TEN,TEN,TEN,1.0,1.0,0.6877566018422672,0.7614984476838621,0.7614984476838621,-0.07374184584159493,-364.0,0.27472527472527464,-364.0,0.27472527472527464,-7.114746689296443,-7.5,0.38525331070355673,-21.0,-13.5
2020,14,2020_14_WAS_SF,SF,WAS,0.6217078840218317,0.37829211597816825,0.5983935742971888,0.42735042735042733,0.5833751631362314,0.4166248368637687,-149.0,134.0,True,True,True,SF,SF,WAS,0.0,0.0,0.6217078840218317,0.5833751631362314,0.5833751631362314,0.03833272088560036,-149.0,-1.0,-149.0,-1.0,1.6058172554479455,3.0,-1.3941827445520545,-8.0,-11.0
2020,15,2020_15_BUF_DEN,DEN,BUF,0.3537626959346758,0.6462373040653242,0.32051282051282054,0.7076023391812866,0.31174797637278495,0.688252023627215,212.0,-242.0,False,False,True,BUF,BUF,BUF,1.0,1.0,0.6462373040653242,0.688252023627215,0.688252023627215,-0.042014719561890845,-242.0,0.4132231404958677,-242.0,0.4132231404958677,-4.243892960473828,-5.5,1.2561070395261718,-29.0,-23.5
2020,15,2020_15_CAR_GB,GB,CAR,0.7373836530852456,0.26261634691475444,0.8073217726396917,0.2242152466367713,0.782639650883262,0.21736034911673802,-419.0,346.0,True,True,True,GB,GB,GB,1.0,1.0,0.7373836530852456,0.782639650883262,0.782639650883262,-0.04525599779801648,-419.0,0.23866348448687358,-419.0,0.23866348448687358,3.2016584918344093,9.5,-6.29834150816559,8.0,-1.5
2020,15,2020_15_CHI_MIN,MIN,CHI,0.5894725130130685,0.41052748698693153,0.6031746031746031,0.4219409282700422,0.5883967071736573,0.4116032928263426,-152.0,137.0,True,True,True,MIN,MIN,CHI,0.0,0.0,0.5894725130130685,0.5883967071736573,0.5883967071736573,0.001075805839411137,-152.0,-1.0,-152.0,-1.0,1.7178078743392102,2.5,-0.7821921256607898,-6.0,-8.5
2020,15,2020_15_CLE_NYG,NYG,CLE,0.3247291960464019,0.6752708039535982,0.29850746268656714,0.7304582210242587,0.2901043906634867,0.7098956093365133,235.0,-271.0,False,False,True,CLE,CLE,CLE,1.0,1.0,0.6752708039535982,0.7098956093365133,0.7098956093365133,-0.034624805382915125,-271.0,0.36900369003690026,-271.0,0.36900369003690026,-6.900927813084829,-6.0,-0.900927813084829,-14.0,-8.0
2020,15,2020_15_DET_TEN,TEN,DET,0.713869164240075,0.28613083575992504,0.7955010224948875,0.23529411764705882,0.7717353250087524,0.2282646749912475,-389.0,325.0,True,True,True,TEN,TEN,TEN,1.0,1.0,0.713869164240075,0.7717353250087524,0.7717353250087524,-0.057866160768677455,-389.0,0.2570694087403598,-389.0,0.2570694087403598,5.893846463036161,9.5,-3.6061535369638387,21.0,11.5
2020,15,2020_15_HOU_IND,IND,HOU,0.6446126785551345,0.3553873214448655,0.7872340425531915,0.24330900243309003,0.7639021449741297,0.2360978550258703,-370.0,311.0,True,True,True,IND,IND,IND,1.0,1.0,0.6446126785551345,0.7639021449741297,0.7639021449741297,-0.11928946641899518,-370.0,0.2702702702702702,-370.0,0.2702702702702702,4.86916692458703,7.5,-2.63083307541297,7.0,-0.5
2020,15,2020_15_JAX_BAL,BAL,JAX,0.7357181106250019,0.2642818893749981,0.8817966903073287,0.15060240963855423,0.8541238464403459,0.14587615355965403,-746.0,564.0,True,True,True,BAL,BAL,BAL,1.0,1.0,0.7357181106250019,0.8541238464403459,0.8541238464403459,-0.11840573581534397,-746.0,0.13404825737265424,-746.0,0.13404825737265424,6.700058105591449,13.0,-6.299941894408551,26.0,13.0
2020,15,2020_15_KC_NO,NO,KC,0.4030361715844962,0.5969638284155039,0.44642857142857145,0.5780590717299579,0.4357578877693609,0.5642421122306391,124.0,-137.0,False,False,True,KC,KC,KC,1.0,1.0,0.5969638284155039,0.5642421122306391,0.5642421122306391,0.032721716184864746,-137.0,0.7299270072992701,-137.0,0.7299270072992701,-3.6003999478632704,-2.5,-1.1003999478632704,-3.0,-0.5
2020,15,2020_15_LAC_LV,LV,LAC,0.5549755757017231,0.44502442429827693,0.635036496350365,0.390625,0.6191482263983098,0.3808517736016902,-174.0,156.0,True,True,True,LV,LV,LAC,0.0,0.0,0.5549755757017231,0.6191482263983098,0.6191482263983098,-0.06417265069658673,-174.0,-1.0,-174.0,-1.0,2.423996302838321,3.5,-1.076003697161679,-3.0,-6.5
2020,15,2020_15_NE_MIA,MIA,NE,0.6988624453362723,0.3011375546637277,0.4784688995215311,0.5454545454545454,0.4672897196261682,0.5327102803738317,109.0,-120.0,True,False,False,MIA,NE,MIA,1.0,0.0,0.6988624453362723,0.5327102803738317,0.4672897196261682,0.23157272571010407,109.0,1.0899999999999999,-120.0,-1.0,1.6794907736947653,-1.5,3.1794907736947655,10.0,11.5
2020,15,2020_15_NYJ_LA,LA,NYJ,0.7557685992324812,0.2442314007675188,0.9412110523221634,0.0946073793755913,0.9086641283062269,0.091335871693773,-1601.0,957.0,True,True,True,LA,LA,NYJ,0.0,0.0,0.7557685992324812,0.9086641283062269,0.9086641283062269,-0.1528955290737457,-1601.0,-1.0,-1601.0,-1.0,8.426733823976774,17.5,-9.073266176023226,-3.0,-20.5
2020,15,2020_15_PHI_ARI,ARI,PHI,0.7299129472821825,0.2700870527178175,0.7214484679665738,0.3067484662576687,0.7016637026941679,0.2983362973058321,-259.0,226.0,True,True,True,ARI,ARI,ARI,1.0,1.0,0.7299129472821825,0.7016637026941679,0.7016637026941679,0.028249244588014588,-259.0,0.3861003861003862,-259.0,0.3861003861003862,2.957338921098469,6.5,-3.542661078901531,7.0,0.5
2020,15,2020_15_PIT_CIN,CIN,PIT,0.2744102519426605,0.7255897480573394,0.1278772378516624,0.9040307101727447,0.12392310583175953,0.8760768941682405,682.0,-942.0,False,False,True,PIT,PIT,CIN,0.0,0.0,0.7255897480573394,0.8760768941682405,0.8760768941682405,-0.15048714611090108,-942.0,-1.0,-942.0,-1.0,-6.179702949924729,-14.5,8.320297050075272,10.0,24.5
2020,15,2020_15_SEA_WAS,WAS,SEA,0.3087762682304688,0.6912237317695312,0.31347962382445144,0.7150997150997151,0.30476951262926655,0.6952304873707335,219.0,-251.0,False,False,True,SEA,SEA,SEA,1.0,1.0,0.6912237317695312,0.6952304873707335,0.6952304873707335,-0.004006755601202228,-251.0,0.3984063745019921,-251.0,0.3984063745019921,-5.127527977377366,-6.0,0.8724720226226337,-5.0,1.0
2020,15,2020_15_SF_DAL,DAL,SF,0.4295732059062456,0.5704267940937544,0.35714285714285715,0.6688741721854304,0.3480866758875058,0.6519133241124943,180.0,-202.0,False,False,True,SF,SF,DAL,0.0,0.0,0.5704267940937544,0.6519133241124943,0.6519133241124943,-0.08148653001873984,-202.0,-1.0,-202.0,-1.0,-2.823222884621757,-4.0,1.176777115378243,8.0,12.0
2020,15,2020_15_TB_ATL,ATL,TB,0.2791281138421019,0.7208718861578981,0.3076923076923077,0.7206703910614525,0.299206017551191,0.700793982448809,225.0,-258.0,False,False,True,TB,TB,TB,1.0,1.0,0.7208718861578981,0.700793982448809,0.700793982448809,0.02007790370908913,-258.0,0.3875968992248062,-258.0,0.3875968992248062,-6.524140564557347,-6.0,-0.5241405645573467,-4.0,2.0
2020,16,2020_16_ATL_KC,KC,ATL,0.7292854651417902,0.27071453485820984,0.8355263157894737,0.19646365422396855,0.8096263917938955,0.19037360820610447,-508.0,409.0,True,True,True,KC,KC,KC,1.0,1.0,0.7292854651417902,0.8096263917938955,0.8096263917938955,-0.08034092665210535,-508.0,0.1968503937007875,-508.0,0.1968503937007875,5.1611512050673936,11.0,-5.8388487949326064,3.0,-8.0
2020,16,2020_16_BUF_NE,NE,BUF,0.3677448928197631,0.6322551071802369,0.2717391304347826,0.7578692493946732,0.26392474629994117,0.7360752537000588,268.0,-313.0,False,False,True,BUF,BUF,BUF,1.0,1.0,0.6322551071802369,0.7360752537000588,0.7360752537000588,-0.10382014651982185,-313.0,0.31948881789137373,-313.0,0.31948881789137373,-3.209431772558149,-7.0,3.790568227441851,-29.0,-22.0
2020,16,2020_16_CAR_WAS,WAS,CAR,0.5162776187189062,0.4837223812810938,0.49504950495049505,0.5283018867924528,0.4837531945965681,0.5162468054034319,102.0,-112.0,True,False,False,WAS,CAR,CAR,0.0,1.0,0.5162776187189062,0.5162468054034319,0.4837531945965681,0.03252442412233808,102.0,-1.0,-112.0,0.8928571428571428,-0.9042170259307352,-1.0,0.09578297406926484,-7.0,-6.0
2020,16,2020_16_CHI_JAX,JAX,CHI,0.3298827894089324,0.6701172105910675,0.2127659574468085,0.8188405797101449,0.20624719772829175,0.7937528022717083,370.0,-452.0,False,False,True,CHI,CHI,CHI,1.0,1.0,0.6701172105910675,0.7937528022717083,0.7937528022717083,-0.12363559168064076,-452.0,0.22123893805309747,-452.0,0.22123893805309747,-6.062686274640748,-9.5,3.4373137253592523,-24.0,-14.5
2020,16,2020_16_CIN_HOU,HOU,CIN,0.7180715346078606,0.28192846539213945,0.7641509433962265,0.26595744680851063,0.7418160561184722,0.2581839438815276,-324.0,276.0,True,True,True,HOU,HOU,CIN,0.0,0.0,0.7180715346078606,0.7418160561184722,0.7418160561184722,-0.023744521510611682,-324.0,-1.0,-324.0,-1.0,2.9440362574780794,7.5,-4.555963742521921,-6.0,-13.5
2020,16,2020_16_CLE_NYJ,NYJ,CLE,0.319564025287151,0.680435974712849,0.2777777777777778,0.7518610421836228,0.26978176462712544,0.7302182353728746,260.0,-303.0,False,False,True,CLE,CLE,NYJ,0.0,0.0,0.680435974712849,0.7302182353728746,0.7302182353728746,-0.04978226066002556,-303.0,-1.0,-303.0,-1.0,-3.862714520012622,-6.5,2.637285479987378,7.0,13.5
2020,16,2020_16_DEN_LAC,LAC,DEN,0.5954864015551978,0.40451359844480217,0.5555555555555556,0.4694835680751174,0.5419847328244275,0.45801526717557256,-125.0,113.0,True,True,True,LAC,LAC,LAC,1.0,1.0,0.5954864015551978,0.5419847328244275,0.5419847328244275,0.053501668730770335,-125.0,0.8,-125.0,0.8,4.508982466821669,2.5,2.008982466821669,3.0,0.5
2020,16,2020_16_IND_PIT,PIT,IND,0.566199897785624,0.43380010221437604,0.5098039215686274,0.5145631067961165,0.497677011707861,0.5023229882921391,-104.0,-106.0,True,False,False,PIT,IND,PIT,1.0,0.0,0.566199897785624,0.5023229882921391,0.497677011707861,0.06852288607776297,-104.0,0.9615384615384617,-106.0,-1.0,1.291710011525302,-1.0,2.2917100115253017,4.0,5.0
2020,16,2020_16_LA_SEA,SEA,LA,0.641126584375207,0.358873415624793,0.5594713656387665,0.46511627906976744,0.5460453954604539,0.453954604539546,-127.0,115.0,True,True,True,SEA,SEA,SEA,1.0,1.0,0.641126584375207,0.5460453954604539,0.5460453954604539,0.09508118891475303,-127.0,0.7874015748031495,-127.0,0.7874015748031495,2.5949343601846047,1.5,1.0949343601846047,11.0,9.5
2020,16,2020_16_MIA_LV,LV,MIA,0.4973982820566792,0.5026017179433209,0.4694835680751174,0.5555555555555556,0.45801526717557256,0.5419847328244275,113.0,-125.0,False,False,True,MIA,MIA,MIA,1.0,1.0,0.5026017179433209,0.5419847328244275,0.5419847328244275,-0.039383014881106626,-125.0,0.8,-125.0,0.8,2.7942797307362817,-2.0,4.794279730736282,-1.0,1.0
2020,16,2020_16_MIN_NO,NO,MIN,0.6012547055546046,0.3987452944453954,0.7512437810945274,0.2777777777777778,0.7300564061240935,0.26994359387590655,-302.0,260.0,True,True,True,NO,NO,NO,1.0,1.0,0.6012547055546046,0.7300564061240935,0.7300564061240935,-0.12880170056948892,-302.0,0.33112582781456945,-302.0,0.33112582781456945,2.239186047464824,6.5,-4.260813952535176,19.0,12.5
2020,16,2020_16_NYG_BAL,BAL,NYG,0.7493574482047232,0.25064255179527684,0.8076923076923077,0.22321428571428573,0.7834776815456361,0.21652231845436373,-420.0,348.0,True,True,True,BAL,BAL,BAL,1.0,1.0,0.7493574482047232,0.7834776815456361,0.7834776815456361,-0.034120233340912964,-420.0,0.23809523809523814,-420.0,0.23809523809523814,6.456092941645521,10.0,-3.5439070583544794,14.0,4.0
2020,16,2020_16_PHI_DAL,DAL,PHI,0.5896580766152496,0.4103419233847504,0.40160642570281124,0.6240601503759399,0.3915565107310036,0.6084434892689964,149.0,-166.0,True,False,False,DAL,PHI,DAL,1.0,0.0,0.5896580766152496,0.6084434892689964,0.3915565107310036,0.198101565884246,149.0,1.4900000000000002,-166.0,-1.0,-0.0681295592539512,-3.0,2.931870440746049,20.0,23.0
2020,16,2020_16_SF_ARI,ARI,SF,0.5489221211271255,0.45107787887287454,0.7368421052631579,0.29239766081871343,0.7159090909090909,0.2840909090909091,-280.0,242.0,True,True,True,ARI,ARI,SF,0.0,0.0,0.5489221211271255,0.7159090909090909,0.7159090909090909,-0.16698696978196548,-280.0,-1.0,-280.0,-1.0,2.740759092644502,6.0,-3.259240907355498,-8.0,-14.0
2020,16,2020_16_TB_DET,DET,TB,0.3136237730765011,0.686376226923499,0.18018018018018017,0.8552821997105644,0.1740093929817051,0.825990607018295,455.0,-591.0,False,False,True,TB,TB,TB,1.0,1.0,0.686376226923499,0.825990607018295,0.825990607018295,-0.139614380094796,-591.0,0.16920473773265643,-591.0,0.16920473773265643,-4.524173246012718,-12.0,7.475826753987282,-40.0,-28.0
2020,16,2020_16_TEN_GB,GB,TEN,0.5251799475596327,0.4748200524403673,0.6389891696750902,0.3861003861003861,0.6233496049929973,0.37665039500700276,-177.0,159.0,True,True,True,GB,GB,GB,1.0,1.0,0.5251799475596327,0.6233496049929973,0.6233496049929973,-0.09816965743336459,-177.0,0.5649717514124295,-177.0,0.5649717514124295,1.8524787516057428,3.0,-1.1475212483942572,26.0,23.0
2020,17,2020_17_ARI_LA,LA,ARI,0.583998898735082,0.41600110126491796,0.5555555555555556,0.4694835680751174,0.5419847328244275,0.45801526717557256,-125.0,113.0,True,True,True,LA,LA,LA,1.0,1.0,0.583998898735082,0.5419847328244275,0.5419847328244275,0.042014165910654544,-125.0,0.8,-125.0,0.8,1.4014289782188107,1.0,0.40142897821881074,11.0,10.0
2020,17,2020_17_ATL_TB,TB,ATL,0.729962459936162,0.27003754006383796,0.7635933806146572,0.26595744680851063,0.7416762342135478,0.2583237657864524,-323.0,276.0,True,True,True,TB,TB,TB,1.0,1.0,0.729962459936162,0.7416762342135478,0.7416762342135478,-0.011713774277385736,-323.0,0.30959752321981426,-323.0,0.30959752321981426,7.400336353824126,7.5,-0.0996636461758742,17.0,9.5
2020,17,2020_17_BAL_CIN,CIN,BAL,0.3374958925650755,0.6625041074349245,0.14347202295552366,0.8887652947719689,0.13899131574838086,0.861008684251619,597.0,-799.0,False,False,True,BAL,BAL,BAL,1.0,1.0,0.6625041074349245,0.861008684251619,0.861008684251619,-0.19850457681669453,-799.0,0.12515644555694627,-799.0,0.12515644555694627,-7.133361802867487,-13.5,6.366638197132513,-35.0,-21.5
2020,17,2020_17_DAL_NYG,NYG,DAL,0.4852386611952861,0.5147613388047139,0.4784688995215311,0.5475113122171946,0.46635295110679686,0.533647048893203,109.0,-121.0,False,False,True,DAL,DAL,NYG,0.0,0.0,0.5147613388047139,0.533647048893203,0.533647048893203,-0.01888571008848916,-121.0,-1.0,-121.0,-1.0,0.8870279761612727,-1.5,2.3870279761612725,4.0,5.5
2020,17,2020_17_GB_CHI,CHI,GB,0.3993102364962611,0.6006897635037389,0.352112676056338,0.6742671009771987,0.3430627570177007,0.6569372429822994,184.0,-207.0,False,False,True,GB,GB,GB,1.0,1.0,0.6006897635037389,0.6569372429822994,0.6569372429822994,-0.05624747947856046,-207.0,0.48309178743961345,-207.0,0.48309178743961345,-2.815970682111276,-4.5,1.684029317888724,-19.0,-14.5
2020,17,2020_17_JAX_IND,IND,JAX,0.7393719861567492,0.26062801384325085,0.9310344827586207,0.09940357852882704,0.9035326990885503,0.09646730091144967,-1350.0,906.0,True,True,True,IND,IND,IND,1.0,1.0,0.7393719861567492,0.9035326990885503,0.9035326990885503,-0.16416071293180112,-1350.0,0.07407407407407396,-1350.0,0.07407407407407396,5.990484767418475,15.5,-9.509515232581524,14.0,-1.5
2020,17,2020_17_LAC_KC,KC,LAC,0.3172751824904266,0.6827248175095735,0.29069767441860467,0.7382198952879581,0.28252766108514293,0.7174723389148571,244.0,-282.0,False,False,True,LAC,LAC,LAC,1.0,1.0,0.6827248175095735,0.7174723389148571,0.7174723389148571,-0.03474752140528359,-282.0,0.35460992907801425,-282.0,0.35460992907801425,-6.060768004459204,-7.0,0.939231995540796,-17.0,-10.0
2020,17,2020_17_LV_DEN,DEN,LV,0.3896761520678156,0.6103238479321844,0.43478260869565216,0.5901639344262295,0.4242002781641169,0.5757997218358832,130.0,-144.0,False,False,True,LV,LV,LV,1.0,1.0,0.6103238479321844,0.5757997218358832,0.5757997218358832,0.03452412609630118,-144.0,0.6944444444444444,-144.0,0.6944444444444444,-2.099569363347527,-2.5,0.400430636652473,-1.0,1.5
2020,17,2020_17_MIA_BUF,BUF,MIA,0.5541669115925063,0.4458330884074937,0.42016806722689076,0.6047430830039525,0.40995560164630396,0.590044398353696,138.0,-153.0,True,False,False,BUF,MIA,BUF,1.0,0.0,0.5541669115925063,0.590044398353696,0.40995560164630396,0.14421130994620235,138.0,1.38,-153.0,-1.0,-0.4963817566944921,-3.5,3.003618243305508,30.0,33.5
2020,17,2020_17_MIN_DET,DET,MIN,0.4456234978881201,0.5543765021118798,0.40816326530612246,0.6168582375478927,0.39819971012281646,0.6018002898771837,145.0,-161.0,False,False,True,MIN,MIN,MIN,1.0,1.0,0.5543765021118798,0.6018002898771837,0.6018002898771837,-0.04742378776530387,-161.0,0.6211180124223601,-161.0,0.6211180124223601,-2.021962436924872,-3.0,0.9780375630751279,-2.0,1.0
2020,17,2020_17_NO_CAR,CAR,NO,0.4041044782276397,0.5958955217723603,0.31347962382445144,0.7142857142857143,0.3050108932461874,0.6949891067538126,219.0,-250.0,False,False,True,NO,NO,NO,1.0,1.0,0.5958955217723603,0.6949891067538126,0.6949891067538126,-0.09909358498145238,-250.0,0.3999999999999999,-250.0,0.3999999999999999,-1.3627873769258063,-6.0,4.637212623074194,-26.0,-20.0
2020,17,2020_17_NYJ_NE,NE,NYJ,0.5817249750290877,0.4182750249709123,0.6168582375478927,0.40816326530612246,0.6018002898771837,0.39819971012281646,-161.0,145.0,True,True,True,NE,NE,NE,1.0,1.0,0.5817249750290877,0.6018002898771837,0.6018002898771837,-0.020075314848095993,-161.0,0.6211180124223601,-161.0,0.6211180124223601,7.288335255779089,3.0,4.288335255779089,14.0,11.0
2020,17,2020_17_PIT_CLE,CLE,PIT,0.6555032337880999,0.34449676621190006,0.8214285714285714,0.21008403361344538,0.7963340122199594,0.20366598778004075,-460.0,376.0,True,True,True,CLE,CLE,CLE,1.0,1.0,0.6555032337880999,0.7963340122199594,0.7963340122199594,-0.14083077843185943,-460.0,0.21739130434782616,-460.0,0.21739130434782616,3.0124453629217127,10.5,-7.487554637078287,2.0,-8.5
2020,17,2020_17_SEA_SF,SF,SEA,0.2978955349233071,0.7021044650766929,0.273224043715847,0.7560975609756098,0.26544089084552636,0.7345591091544736,266.0,-310.0,False,False,True,SEA,SEA,SEA,1.0,1.0,0.7021044650766929,0.7345591091544736,0.7345591091544736,-0.03245464407778076,-310.0,0.32258064516129026,-310.0,0.32258064516129026,-8.066584374778193,-7.0,-1.0665843747781931,-3.0,4.0
2020,17,2020_17_TEN_HOU,HOU,TEN,0.3586899102291188,0.6413100897708812,0.2785515320334262,0.7506234413965087,0.27065517450846727,0.7293448254915327,259.0,-301.0,False,False,True,TEN,TEN,TEN,1.0,1.0,0.6413100897708812,0.7293448254915327,0.7293448254915327,-0.08803473572065146,-301.0,0.3322259136212624,-301.0,0.3322259136212624,-5.455922021563537,-7.0,1.544077978436463,-3.0,4.0
2020,17,2020_17_WAS_PHI,PHI,WAS,0.3400629496649456,0.6599370503350543,0.2898550724637681,0.7389033942558747,0.2817523080884246,0.7182476919115754,245.0,-283.0,False,False,True,WAS,WAS,WAS,1.0,1.0,0.6599370503350543,0.7182476919115754,0.7182476919115754,-0.058310641576521105,-283.0,0.353356890459364,-283.0,0.353356890459364,-7.629190247356988,-6.5,-1.1291902473569877,-6.0,0.5
2020,18,2020_18_BAL_TEN,TEN,BAL,0.3906257036469609,0.6093742963530391,0.38022813688212925,0.6453900709219859,0.37073068125049297,0.629269318749507,163.0,-182.0,False,False,True,BAL,BAL,BAL,1.0,1.0,0.6093742963530391,0.629269318749507,0.629269318749507,-0.0198950223964679,-182.0,0.5494505494505495,-182.0,0.5494505494505495,-1.5877911677596797,-3.5,1.9122088322403203,-7.0,-3.5
2020,18,2020_18_CHI_NO,NO,CHI,0.6796737216781517,0.32032627832184835,0.8480243161094225,0.1841620626151013,0.8215806113982332,0.17841938860176684,-558.0,443.0,True,True,True,NO,NO,NO,1.0,1.0,0.6796737216781517,0.8215806113982332,0.8215806113982332,-0.14190688972008159,-558.0,0.1792114695340501,-558.0,0.1792114695340501,6.953168015911662,11.0,-4.046831984088338,12.0,1.0
2020,18,2020_18_CLE_PIT,PIT,CLE,0.6591007245155664,0.34089927548443355,0.7050147492625368,0.3225806451612903,0.6860820446337623,0.3139179553662376,-239.0,210.0,True,True,True,PIT,PIT,CLE,0.0,0.0,0.6591007245155664,0.6860820446337623,0.6860820446337623,-0.026981320118195873,-239.0,-1.0,-239.0,-1.0,3.2223808241880056,5.0,-1.7776191758119944,-11.0,-16.0
2020,18,2020_18_IND_BUF,BUF,IND,0.6888425445454015,0.3111574554545985,0.7647058823529411,0.26525198938992045,0.7424632631419482,0.2575367368580519,-325.0,277.0,True,True,True,BUF,BUF,BUF,1.0,1.0,0.6888425445454015,0.7424632631419482,0.7424632631419482,-0.05362071859654671,-325.0,0.3076923076923077,-325.0,0.3076923076923077,5.646887780019344,7.0,-1.3531122199806562,3.0,-4.0
2020,18,2020_18_LA_SEA,SEA,LA,0.5842764193757546,0.4157235806242454,0.6323529411764706,0.3937007874015748,0.6162961291050671,0.3837038708949329,-172.0,154.0,True,True,True,SEA,SEA,LA,0.0,0.0,0.5842764193757546,0.6162961291050671,0.6162961291050671,-0.03201970972931256,-172.0,-1.0,-172.0,-1.0,0.9746046711823196,3.0,-2.0253953288176803,-10.0,-13.0
2020,18,2020_18_TB_WAS,WAS,TB,0.3150286812060435,0.6849713187939566,0.21141649048625794,0.8201438848920863,0.20494824688154287,0.7950517531184572,373.0,-456.0,False,False,True,TB,TB,TB,1.0,1.0,0.6849713187939566,0.7950517531184572,0.7950517531184572,-0.11008043432450065,-456.0,0.2192982456140351,-456.0,0.2192982456140351,-7.542292675541777,-10.0,2.457707324458223,-8.0,2.0
2020,19,2020_19_BAL_BUF,BUF,BAL,0.6115274058549666,0.38847259414503343,0.5780590717299579,0.44642857142857145,0.5642421122306391,0.4357578877693609,-137.0,124.0,True,True,True,BUF,BUF,BUF,1.0,1.0,0.6115274058549666,0.5642421122306391,0.5642421122306391,0.04728529362432743,-137.0,0.7299270072992701,-137.0,0.7299270072992701,4.237554963032542,2.5,1.737554963032542,14.0,11.5
2020,19,2020_19_CLE_KC,KC,CLE,0.6570341797954871,0.34296582020451294,0.7899159663865546,0.2403846153846154,0.7666849658850287,0.2333150341149714,-376.0,316.0,True,True,True,KC,KC,KC,1.0,1.0,0.6570341797954871,0.7666849658850287,0.7666849658850287,-0.1096507860895416,-376.0,0.26595744680851063,-376.0,0.26595744680851063,4.209992082531262,7.5,-3.2900079174687384,5.0,-2.5
2020,19,2020_19_LA_GB,GB,LA,0.7177414042369112,0.28225859576308876,0.7782705099778271,0.25252525252525254,0.755019120458891,0.24498087954110898,-351.0,296.0,True,True,True,GB,GB,GB,1.0,1.0,0.7177414042369112,0.755019120458891,0.755019120458891,-0.03727771622197973,-351.0,0.28490028490028485,-351.0,0.28490028490028485,3.173961911011734,7.0,-3.826038088988266,14.0,7.0
2020,19,2020_19_TB_NO,NO,TB,0.4494387758451396,0.5505612241548604,0.5708154506437768,0.45454545454545453,0.556697108066971,0.4433028919330289,-133.0,120.0,False,True,False,TB,NO,TB,1.0,0.0,0.5505612241548604,0.556697108066971,0.4433028919330289,0.10725833222183151,120.0,1.2000000000000002,-133.0,-1.0,1.7739387087282348,2.5,-0.7260612912717652,-10.0,-12.5
2020,20,2020_20_BUF_KC,KC,BUF,0.6495013058174186,0.3504986941825814,0.6124031007751938,0.4132231404958678,0.5971016303329377,0.40289836966706233,-158.0,142.0,True,True,True,KC,KC,KC,1.0,1.0,0.6495013058174186,0.5971016303329377,0.5971016303329377,0.05239967548448088,-158.0,0.6329113924050633,-158.0,0.6329113924050633,3.2214106286921123,3.0,0.22141062869211225,14.0,11.0
2020,20,2020_20_TB_GB,GB,TB,0.605455973174652,0.39454402682534795,0.6376811594202898,0.38910505836575876,0.6210456942003515,0.37895430579964856,-176.0,157.0,True,True,True,GB,GB,TB,0.0,0.0,0.605455973174652,0.6210456942003515,0.6210456942003515,-0.015589721025699443,-176.0,-1.0,-176.0,-1.0,4.2701378590238095,3.0,1.2701378590238095,-5.0,-8.0
2020,21,2020_21_KC_TB,TB,KC,0.4835144289231254,0.5164855710768745,0.40816326530612246,0.6168582375478927,0.39819971012281646,0.6018002898771837,145.0,-161.0,False,False,True,KC,KC,TB,0.0,0.0,0.5164855710768745,0.6018002898771837,0.6018002898771837,-0.08531471880030916,-161.0,-1.0,-161.0,-1.0,-0.8765658148975874,-3.0,2.1234341851024126,22.0,25.0
2021,1,2021_01_ARI_TEN,TEN,ARI,0.5637190050377319,0.43628099496226813,0.5934959349593496,0.4329004329004329,0.5782326921098653,0.4217673078901348,-146.0,131.0,True,True,True,TEN,TEN,ARI,0.0,0.0,0.5637190050377319,0.5782326921098653,0.5782326921098653,-0.014513687072133408,-146.0,-1.0,-146.0,-1.0,-0.1044875314830424,2.5,-2.6044875314830422,-25.0,-27.5
2021,1,2021_01_BAL_LV,LV,BAL,0.4238537980840736,0.5761462019159265,0.40160642570281124,0.6254681647940075,0.39101972672553925,0.6089802732744606,149.0,-167.0,False,False,True,BAL,BAL,LV,0.0,0.0,0.5761462019159265,0.6089802732744606,0.6089802732744606,-0.03283407135853411,-167.0,-1.0,-167.0,-1.0,-1.8874867276099467,-3.0,1.1125132723900533,6.0,9.0
2021,1,2021_01_CHI_LA,LA,CHI,0.6043374200330329,0.3956625799669671,0.7946611909650924,0.2358490566037736,0.7711337105475873,0.22886628945241275,-387.0,324.0,True,True,True,LA,LA,LA,1.0,1.0,0.6043374200330329,0.7711337105475873,0.7711337105475873,-0.16679629051455436,-387.0,0.25839793281653733,-387.0,0.25839793281653733,2.007496002739126,9.5,-7.492503997260874,20.0,10.5
2021,1,2021_01_CLE_KC,KC,CLE,0.6273462255933422,0.3726537744066578,0.7067448680351907,0.3215434083601286,0.6873022714142923,0.31269772858570755,-241.0,211.0,True,True,True,KC,KC,KC,1.0,1.0,0.6273462255933422,0.6873022714142923,0.6873022714142923,-0.059956045820950155,-241.0,0.41493775933609967,-241.0,0.41493775933609967,3.2244864772747888,5.5,-2.2755135227252112,4.0,-1.5
2021,1,2021_01_DAL_TB,TB,DAL,0.6547321423544025,0.34526785764559753,0.8095238095238095,0.22172949002217296,0.7849902733695097,0.21500972663049045,-425.0,351.0,True,True,True,TB,TB,TB,1.0,1.0,0.6547321423544025,0.7849902733695097,0.7849902733695097,-0.1302581310151072,-425.0,0.23529411764705888,-425.0,0.23529411764705888,3.579379936062929,10.0,-6.420620063937071,2.0,-8.0
2021,1,2021_01_DEN_NYG,NYG,DEN,0.3605020967813191,0.6394979032186809,0.4444444444444444,0.5815899581589958,0.43316719528772085,0.5668328047122791,125.0,-139.0,False,False,True,DEN,DEN,DEN,1.0,1.0,0.6394979032186809,0.5668328047122791,0.5668328047122791,0.07266509850640179,-139.0,0.7194244604316546,-139.0,0.7194244604316546,-1.3461918040139544,-3.0,1.6538081959860456,-14.0,-11.0
2021,1,2021_01_GB_NO,NO,GB,0.3619371048383122,0.6380628951616878,0.3816793893129771,0.6441281138790036,0.37207701067238685,0.6279229893276131,162.0,-181.0,False,False,True,GB,GB,NO,0.0,0.0,0.6380628951616878,0.6279229893276131,0.6279229893276131,0.010139905834074647,-181.0,-1.0,-181.0,-1.0,-3.5583147570102,-4.0,0.44168524298979994,35.0,39.0
2021,1,2021_01_JAX_HOU,HOU,JAX,0.4853208281463079,0.514679171853692,0.3937007874015748,0.6323529411764706,0.3837038708949329,0.6162961291050671,154.0,-172.0,False,False,True,JAX,JAX,HOU,0.0,0.0,0.514679171853692,0.6162961291050671,0.6162961291050671,-0.1016169572513751,-172.0,-1.0,-172.0,-1.0,-2.3611140365896985,-3.5,1.1388859634103015,16.0,19.5
2021,1,2021_01_LAC_WAS,WAS,LAC,0.4128976485706439,0.5871023514293561,0.5633187772925764,0.4608294930875576,0.5500363507751557,0.4499636492248442,-129.0,117.0,False,True,False,LAC,WAS,LAC,1.0,0.0,0.5871023514293561,0.5500363507751557,0.4499636492248442,0.13713870220451185,117.0,1.17,-129.0,-1.0,0.5418397461448164,2.5,-1.9581602538551834,-4.0,-6.5
2021,1,2021_01_MIA_NE,NE,MIA,0.4575746022360643,0.5424253977639357,0.6336996336996337,0.39215686274509803,0.617727368199958,0.38227263180004206,-173.0,155.0,False,True,False,MIA,NE,MIA,1.0,0.0,0.5424253977639357,0.617727368199958,0.38227263180004206,0.16015276596389366,155.0,1.5499999999999998,-173.0,-1.0,1.03280882143712,3.5,-2.4671911785628797,-1.0,-4.5
2021,1,2021_01_MIN_CIN,CIN,MIN,0.3824119990098662,0.6175880009901338,0.45045045045045046,0.574468085106383,0.43949878436506445,0.5605012156349355,122.0,-135.0,False,False,True,MIN,MIN,CIN,0.0,0.0,0.6175880009901338,0.5605012156349355,0.5605012156349355,0.05708678535519829,-135.0,-1.0,-135.0,-1.0,-1.8209718619383943,-3.0,1.1790281380616057,3.0,6.0
2021,1,2021_01_NYJ_CAR,CAR,NYJ,0.4803868624579807,0.5196131375420193,0.647887323943662,0.3787878787878788,0.6310538349615464,0.3689461650384535,-184.0,164.0,False,True,False,NYJ,CAR,CAR,0.0,1.0,0.5196131375420193,0.6310538349615464,0.3689461650384535,0.1506669725035658,164.0,-1.0,-184.0,0.5434782608695652,1.5391524622208428,3.5,-1.9608475377791572,5.0,1.5
2021,1,2021_01_PHI_ATL,ATL,PHI,0.568536690494758,0.43146330950524203,0.6428571428571429,0.3831417624521073,0.6265670845558816,0.37343291544411844,-180.0,161.0,True,True,True,ATL,ATL,PHI,0.0,0.0,0.568536690494758,0.6265670845558816,0.6265670845558816,-0.05803039406112365,-180.0,-1.0,-180.0,-1.0,1.5368748657326916,3.5,-1.9631251342673084,-26.0,-29.5
2021,1,2021_01_PIT_BUF,BUF,PIT,0.6474395093416667,0.3525604906583333,0.7275204359673024,0.30120481927710846,0.7072057697217258,0.2927942302782742,-267.0,232.0,True,True,True,BUF,BUF,PIT,0.0,0.0,0.6474395093416667,0.7072057697217258,0.7072057697217258,-0.059766260380059055,-267.0,-1.0,-267.0,-1.0,1.6563709607396158,6.5,-4.843629039260384,-7.0,-13.5
2021,1,2021_01_SEA_IND,IND,SEA,0.3973554117207668,0.6026445882792332,0.43103448275862066,0.5934959349593496,0.4207141879874127,0.5792858120125872,132.0,-146.0,False,False,True,SEA,SEA,SEA,1.0,1.0,0.6026445882792332,0.5792858120125872,0.5792858120125872,0.023358776266645953,-146.0,0.6849315068493151,-146.0,0.6849315068493151,-2.278861571656156,-3.0,0.7211384283438438,-12.0,-9.0
2021,1,2021_01_SF_DET,DET,SF,0.2826390657296612,0.7173609342703389,0.22522522522522523,0.8058252427184466,0.2184424838819138,0.7815575161180862,344.0,-415.0,False,False,True,SF,SF,SF,1.0,1.0,0.7173609342703389,0.7815575161180862,0.7815575161180862,-0.06419658184774735,-415.0,0.24096385542168663,-415.0,0.24096385542168663,-5.608968794356603,-9.5,3.8910312056433973,-8.0,1.5
2021,2,2021_02_ATL_TB,TB,ATL,0.7599322951395528,0.24006770486044715,0.8853211009174312,0.1466275659824047,0.8579119575560857,0.14208804244391435,-772.0,582.0,True,True,True,TB,TB,TB,1.0,1.0,0.7599322951395528,0.8579119575560857,0.8579119575560857,-0.09797966241653289,-772.0,0.1295336787564767,-772.0,0.1295336787564767,7.519942620870996,13.5,-5.980057379129004,23.0,9.5
2021,2,2021_02_BUF_MIA,MIA,BUF,0.4697981774258457,0.5302018225741543,0.38461538461538464,0.6415770609318996,0.3747984954325632,0.6252015045674368,160.0,-179.0,False,False,True,BUF,BUF,BUF,1.0,1.0,0.5302018225741543,0.6252015045674368,0.6252015045674368,-0.09499968199328257,-179.0,0.558659217877095,-179.0,0.558659217877095,-0.7964571733139759,-3.5,2.703542826686024,-35.0,-31.5
2021,2,2021_02_CIN_CHI,CHI,CIN,0.5800146288556607,0.4199853711443393,0.5575221238938053,0.4672897196261682,0.5440238883060285,0.4559761116939714,-126.0,114.0,True,True,True,CHI,CHI,CHI,1.0,1.0,0.5800146288556607,0.5440238883060285,0.5440238883060285,0.03599074054963214,-126.0,0.7936507936507935,-126.0,0.7936507936507935,0.7793086341964167,2.0,-1.2206913658035834,3.0,1.0
2021,2,2021_02_DAL_LAC,LAC,DAL,0.6183368132920308,0.38166318670796917,0.6,0.425531914893617,0.5850622406639003,0.41493775933609955,-150.0,135.0,True,True,True,LAC,LAC,DAL,0.0,0.0,0.6183368132920308,0.5850622406639003,0.5850622406639003,0.033274572628130494,-150.0,-1.0,-150.0,-1.0,1.4749316056160198,3.0,-1.5250683943839802,-3.0,-6.0
2021,2,2021_02_DEN_JAX,JAX,DEN,0.3173414669793237,0.6826585330206763,0.3215434083601286,0.7067448680351907,0.31269772858570755,0.6873022714142923,211.0,-241.0,False,False,True,DEN,DEN,DEN,1.0,1.0,0.6826585330206763,0.6873022714142923,0.6873022714142923,-0.0046437383936160925,-241.0,0.41493775933609967,-241.0,0.41493775933609967,-6.013815741079191,-6.0,-0.013815741079191035,-10.0,-4.0
2021,2,2021_02_DET_GB,GB,DET,0.7503151364441083,0.2496848635558917,0.8316498316498316,0.2,0.8061357702349868,0.19386422976501305,-494.0,400.0,True,True,True,GB,GB,GB,1.0,1.0,0.7503151364441083,0.8061357702349868,0.8061357702349868,-0.05582063379087854,-494.0,0.20242914979757076,-494.0,0.20242914979757076,7.731610530312758,11.5,-3.768389469687242,18.0,6.5
2021,2,2021_02_HOU_CLE,CLE,HOU,0.6829642806263276,0.31703571937367236,0.8709677419354839,0.1610305958132045,0.8439623496250064,0.1560376503749937,-675.0,521.0,True,True,True,CLE,CLE,CLE,1.0,1.0,0.6829642806263276,0.8439623496250064,0.8439623496250064,-0.16099806899867874,-675.0,0.14814814814814814,-675.0,0.14814814814814814,4.477442508533126,13.5,-9.022557491466873,10.0,-3.5
2021,2,2021_02_KC_BAL,BAL,KC,0.4029766062222583,0.5970233937777417,0.3952569169960474,0.6309963099630996,0.38514560209200854,0.6148543979079913,153.0,-171.0,False,False,True,KC,KC,BAL,0.0,0.0,0.5970233937777417,0.6148543979079913,0.6148543979079913,-0.017831004130249628,-171.0,-1.0,-171.0,-1.0,-1.314426331631824,-3.5,2.1855736683681757,1.0,4.5
2021,2,2021_02_LA_IND,IND,LA,0.4461374312342882,0.5538625687657118,0.3546099290780142,0.6721311475409836,0.3453742498018345,0.6546257501981656,182.0,-205.0,False,False,True,LA,LA,LA,1.0,1.0,0.5538625687657118,0.6546257501981656,0.6546257501981656,-0.10076318143245377,-205.0,0.4878048780487805,-205.0,0.4878048780487805,-2.7257664208768686,-4.0,1.2742335791231314,-3.0,1.0
2021,2,2021_02_LV_PIT,PIT,LV,0.6616783355452687,0.33832166445473133,0.6951219512195121,0.33222591362126247,0.6766178964388532,0.3233821035611469,-228.0,201.0,True,True,True,PIT,PIT,LV,0.0,0.0,0.6616783355452687,0.6766178964388532,0.6766178964388532,-0.014939560893584503,-228.0,-1.0,-228.0,-1.0,1.274588211478466,5.5,-4.225411788521534,-9.0,-14.5
2021,2,2021_02_MIN_ARI,ARI,MIN,0.5225378331968161,0.4774621668031839,0.6563573883161512,0.37037037037037035,0.6392711044998141,0.36072889550018594,-191.0,170.0,True,True,True,ARI,ARI,ARI,1.0,1.0,0.5225378331968161,0.6392711044998141,0.6392711044998141,-0.11673327130299793,-191.0,0.5235602094240837,-191.0,0.5235602094240837,0.3362590149118563,4.0,-3.6637409850881437,1.0,-3.0
2021,2,2021_02_NE_NYJ,NYJ,NE,0.3146729976752556,0.6853270023247444,0.3257328990228013,0.7014925373134329,0.31709972076293247,0.6829002792370676,207.0,-235.0,False,False,True,NE,NE,NE,1.0,1.0,0.6853270023247444,0.6829002792370676,0.6829002792370676,0.0024267230876767742,-235.0,0.42553191489361697,-235.0,0.42553191489361697,-5.250570636637382,-5.5,0.24942936336261834,-19.0,-13.5
2021,2,2021_02_NO_CAR,CAR,NO,0.5606018921080734,0.43939810789192657,0.4329004329004329,0.5918367346938775,0.4224502112251056,0.5775497887748944,131.0,-145.0,True,False,False,CAR,NO,CAR,1.0,0.0,0.5606018921080734,0.5775497887748944,0.4224502112251056,0.1381516808829678,131.0,1.31,-145.0,-1.0,0.5582624845429819,-3.0,3.5582624845429818,19.0,22.0
2021,2,2021_02_NYG_WAS,WAS,NYG,0.6070543080130026,0.39294569198699736,0.6644295302013423,0.36231884057971014,0.6471201212580523,0.35287987874194765,-198.0,176.0,True,True,True,WAS,WAS,WAS,1.0,1.0,0.6070543080130026,0.6471201212580523,0.6471201212580523,-0.04006581324504965,-198.0,0.5050505050505052,-198.0,0.5050505050505052,2.9176301982343373,4.0,-1.0823698017656627,1.0,-3.0
2021,2,2021_02_SF_PHI,PHI,SF,0.4401176989684316,0.5598823010315683,0.43478260869565216,0.5901639344262295,0.4242002781641169,0.5757997218358832,130.0,-144.0,False,False,True,SF,SF,SF,1.0,1.0,0.5598823010315683,0.5757997218358832,0.5757997218358832,-0.015917420804314908,-144.0,0.6944444444444444,-144.0,0.6944444444444444,-2.333893291807042,-3.0,0.6661067081929581,-6.0,-3.0
2021,2,2021_02_TEN_SEA,SEA,TEN,0.6924345802333873,0.30756541976661267,0.7409326424870466,0.2881844380403458,0.7199692401445134,0.28003075985548675,-286.0,247.0,True,True,True,SEA,SEA,TEN,0.0,0.0,0.6924345802333873,0.7199692401445134,0.7199692401445134,-0.027534659911126025,-286.0,-1.0,-286.0,-1.0,5.052215880040111,6.5,-1.4477841199598886,-3.0,-9.5
2021,3,2021_03_ARI_JAX,JAX,ARI,0.3107775852033739,0.6892224147966262,0.24752475247524752,0.782608695652174,0.2402841621395737,0.7597158378604262,304.0,-360.0,False,False,True,ARI,ARI,ARI,1.0,1.0,0.6892224147966262,0.7597158378604262,0.7597158378604262,-0.07049342306380002,-360.0,0.2777777777777777,-360.0,0.2777777777777777,-6.831898947295528,-8.0,1.168101052704472,-12.0,-4.0
2021,3,2021_03_ATL_NYG,NYG,ATL,0.5724790930891193,0.42752090691088074,0.588477366255144,0.4366812227074236,0.5740354444580784,0.4259645555419216,-143.0,129.0,True,True,True,NYG,NYG,ATL,0.0,0.0,0.5724790930891193,0.5740354444580784,0.5740354444580784,-0.0015563513689591524,-143.0,-1.0,-143.0,-1.0,0.0946988284849188,3.0,-2.9053011715150814,-3.0,-6.0
2021,3,2021_03_BAL_DET,DET,BAL,0.2877277648505551,0.7122722351494448,0.25510204081632654,0.7747747747747747,0.24770150852450237,0.7522984914754975,292.0,-344.0,False,False,True,BAL,BAL,BAL,1.0,1.0,0.7122722351494448,0.7522984914754975,0.7522984914754975,-0.04002625632605272,-344.0,0.2906976744186047,-344.0,0.2906976744186047,-6.0061787578090975,-7.5,1.4938212421909025,-2.0,5.5
2021,3,2021_03_CAR_HOU,HOU,CAR,0.3232503155615049,0.676749684438495,0.22321428571428573,0.8076923076923077,0.21652231845436373,0.7834776815456361,348.0,-420.0,False,False,True,CAR,CAR,CAR,1.0,1.0,0.676749684438495,0.7834776815456361,0.7834776815456361,-0.10672799710714109,-420.0,0.23809523809523814,-420.0,0.23809523809523814,-4.973213355784712,-8.0,3.0267866442152878,-15.0,-7.0
2021,3,2021_03_CHI_CLE,CLE,CHI,0.7401605313227088,0.25983946867729124,0.7894736842105263,0.24096385542168675,0.7661538461538461,0.23384615384615381,-375.0,315.0,True,True,True,CLE,CLE,CLE,1.0,1.0,0.7401605313227088,0.7661538461538461,0.7661538461538461,-0.025993314831137315,-375.0,0.2666666666666666,-375.0,0.2666666666666666,4.569911768951855,7.5,-2.9300882310481446,20.0,12.5
2021,3,2021_03_CIN_PIT,PIT,CIN,0.642155047932184,0.35784495206781597,0.5833333333333334,0.4424778761061947,0.5686556434219986,0.43134435657800146,-140.0,126.0,True,True,True,PIT,PIT,CIN,0.0,0.0,0.642155047932184,0.5686556434219986,0.5686556434219986,0.07349940451018544,-140.0,-1.0,-140.0,-1.0,1.255543629126283,2.5,-1.244456370873717,-14.0,-16.5
2021,3,2021_03_GB_SF,SF,GB,0.6167379456085468,0.3832620543914532,0.6415770609318996,0.38461538461538464,0.6252015045674368,0.3747984954325632,-179.0,160.0,True,True,True,SF,SF,GB,0.0,0.0,0.6167379456085468,0.6252015045674368,0.6252015045674368,-0.00846355895889006,-179.0,-1.0,-179.0,-1.0,1.4689655557568488,3.5,-2.031034444243151,-2.0,-5.5
2021,3,2021_03_IND_TEN,TEN,IND,0.60546254218844,0.39453745781156,0.6621621621621622,0.36363636363636365,0.6455089820359281,0.35449101796407184,-196.0,175.0,True,True,True,TEN,TEN,TEN,1.0,1.0,0.60546254218844,0.6455089820359281,0.6455089820359281,-0.040046439847488124,-196.0,0.510204081632653,-196.0,0.510204081632653,3.0097189069089487,4.5,-1.4902810930910513,9.0,4.5
2021,3,2021_03_LAC_KC,KC,LAC,0.6445509860492484,0.35544901395075157,0.7319034852546917,0.29673590504451036,0.7115258195992297,0.2884741804007703,-273.0,237.0,True,True,True,KC,KC,LAC,0.0,0.0,0.6445509860492484,0.7115258195992297,0.7115258195992297,-0.06697483354998124,-273.0,-1.0,-273.0,-1.0,2.962424105112063,6.5,-3.537575894887937,-6.0,-12.5
2021,3,2021_03_MIA_LV,LV,MIA,0.54905632073646,0.45094367926353995,0.6598639455782312,0.3663003663003663,0.6430392656807752,0.3569607343192249,-194.0,173.0,True,True,True,LV,LV,LV,1.0,1.0,0.54905632073646,0.6430392656807752,0.6430392656807752,-0.09398294494431514,-194.0,0.5154639175257731,-194.0,0.5154639175257731,0.1844615065579583,4.0,-3.8155384934420415,3.0,-1.0
2021,3,2021_03_NO_NE,NE,NO,0.5594992001895014,0.4405007998104986,0.5901639344262295,0.43478260869565216,0.5757997218358832,0.4242002781641169,-144.0,130.0,True,True,True,NE,NE,NO,0.0,0.0,0.5594992001895014,0.5757997218358832,0.5757997218358832,-0.01630052164638185,-144.0,-1.0,-144.0,-1.0,0.6750925097090437,3.0,-2.3249074902909563,-15.0,-18.0
2021,3,2021_03_NYJ_DEN,DEN,NYJ,0.7663437685524686,0.23365623144753145,0.8565279770444764,0.17543859649122806,0.8299958535574039,0.17000414644259615,-597.0,470.0,True,True,True,DEN,DEN,DEN,1.0,1.0,0.7663437685524686,0.8299958535574039,0.8299958535574039,-0.06365208500493535,-597.0,0.1675041876046901,-597.0,0.1675041876046901,5.892636290674533,10.5,-4.607363709325467,26.0,15.5
2021,3,2021_03_PHI_DAL,DAL,PHI,0.57117369811826,0.42882630188174,0.6539792387543253,0.373134328358209,0.6367156074014482,0.36328439259855194,-189.0,168.0,True,True,True,DAL,DAL,DAL,1.0,1.0,0.57117369811826,0.6367156074014482,0.6367156074014482,-0.06554190928318815,-189.0,0.5291005291005291,-189.0,0.5291005291005291,2.322828027992572,3.5,-1.1771719720074278,20.0,16.5
2021,3,2021_03_SEA_MIN,MIN,SEA,0.5382953770917963,0.4617046229082037,0.4784688995215311,0.5454545454545454,0.4672897196261682,0.5327102803738317,109.0,-120.0,True,False,False,MIN,SEA,MIN,1.0,0.0,0.5382953770917963,0.5327102803738317,0.4672897196261682,0.07100565746562809,109.0,1.0899999999999999,-120.0,-1.0,-0.3307148995750727,-2.0,1.6692851004249274,13.0,15.0
2021,3,2021_03_TB_LA,LA,TB,0.530962656538518,0.46903734346148196,0.5098039215686274,0.5145631067961165,0.497677011707861,0.5023229882921391,-104.0,-106.0,True,False,False,LA,TB,LA,1.0,0.0,0.530962656538518,0.5023229882921391,0.497677011707861,0.033285644830657046,-104.0,0.9615384615384617,-106.0,-1.0,1.0487410468944405,-1.0,2.0487410468944405,10.0,11.0
2021,3,2021_03_WAS_BUF,BUF,WAS,0.6758970672769615,0.3241029327230385,0.7674418604651163,0.26246719160104987,0.7451549813311207,0.25484501866887926,-330.0,281.0,True,True,True,BUF,BUF,BUF,1.0,1.0,0.6758970672769615,0.7451549813311207,0.7451549813311207,-0.06925791405415915,-330.0,0.303030303030303,-330.0,0.303030303030303,3.97681200575118,7.5,-3.52318799424882,22.0,14.5
2021,4,2021_04_ARI_LA,LA,ARI,0.6113433733719329,0.3886566266280671,0.6666666666666666,0.3597122302158273,0.6495327102803738,0.3504672897196262,-200.0,178.0,True,True,True,LA,LA,ARI,0.0,0.0,0.6113433733719329,0.6495327102803738,0.6495327102803738,-0.03818933690844095,-200.0,-1.0,-200.0,-1.0,2.291213834490548,3.5,-1.2087861655094518,-17.0,-20.5
2021,4,2021_04_BAL_DEN,DEN,BAL,0.5091251056139708,0.49087489438602916,0.5412844036697247,0.4830917874396135,0.5284039285250725,0.4715960714749275,-118.0,107.0,True,True,True,DEN,DEN,BAL,0.0,0.0,0.5091251056139708,0.5284039285250725,0.5284039285250725,-0.019278822911101612,-118.0,-1.0,-118.0,-1.0,-2.428574701619659,1.0,-3.428574701619659,-16.0,-17.0
2021,4,2021_04_CAR_DAL,DAL,CAR,0.4571821839768843,0.5428178160231156,0.6774193548387096,0.34965034965034963,0.6595651218976498,0.34043487810235007,-210.0,186.0,False,True,False,CAR,DAL,DAL,0.0,1.0,0.5428178160231156,0.6595651218976498,0.34043487810235007,0.20238293792076556,186.0,-1.0,-210.0,0.4761904761904763,0.9602257728503004,4.5,-3.5397742271496995,8.0,3.5
2021,4,2021_04_CLE_MIN,MIN,CLE,0.4133149995438637,0.5866850004561364,0.5145631067961165,0.5121951219512195,0.5011531365313653,0.4988468634686347,-106.0,-105.0,False,True,False,CLE,MIN,CLE,1.0,0.0,0.5866850004561364,0.5011531365313653,0.4988468634686347,0.08783813698750165,-105.0,0.9523809523809523,-106.0,-1.0,-0.8524855987597872,-1.0,0.14751440124021276,-7.0,-6.0
2021,4,2021_04_DET_CHI,CHI,DET,0.5358703920042696,0.46412960799573044,0.5967741935483871,0.42735042735042733,0.582716381747207,0.4172836182527931,-148.0,134.0,True,True,True,CHI,CHI,CHI,1.0,1.0,0.5358703920042696,0.582716381747207,0.582716381747207,-0.04684598974293741,-148.0,0.6756756756756757,-148.0,0.6756756756756757,2.381362118410068,3.0,-0.6186378815899318,10.0,7.0
2021,4,2021_04_HOU_BUF,BUF,HOU,0.7153171330669622,0.2846828669330378,0.9375,0.09191176470588236,0.9107142857142858,0.0892857142857143,-1500.0,988.0,True,True,True,BUF,BUF,BUF,1.0,1.0,0.7153171330669622,0.9107142857142858,0.9107142857142858,-0.1953971526473236,-1500.0,0.06666666666666665,-1500.0,0.06666666666666665,7.833681288810666,19.0,-11.166318711189334,40.0,21.0
2021,4,2021_04_IND_MIA,MIA,IND,0.5138427874440633,0.4861572125559367,0.5901639344262295,0.43478260869565216,0.5757997218358832,0.4242002781641169,-144.0,130.0,True,True,True,MIA,MIA,IND,0.0,0.0,0.5138427874440633,0.5757997218358832,0.5757997218358832,-0.06195693439181993,-144.0,-1.0,-144.0,-1.0,0.2558721383697842,2.5,-2.244127861630216,-10.0,-12.5
2021,4,2021_04_JAX_CIN,CIN,JAX,0.5955151573951737,0.4044848426048263,0.7885835095137421,0.24213075060532688,0.7650845050136826,0.23491549498631725,-373.0,313.0,True,True,True,CIN,CIN,CIN,1.0,1.0,0.5955151573951737,0.7650845050136826,0.7650845050136826,-0.16956934761850895,-373.0,0.26809651474530827,-373.0,0.26809651474530827,3.5755521012563443,7.5,-3.9244478987436557,3.0,-4.5
2021,4,2021_04_KC_PHI,PHI,KC,0.2641413156996905,0.7358586843003094,0.25252525252525254,0.77728285077951,0.24521583362460678,0.7547841663753931,296.0,-349.0,False,False,True,KC,KC,KC,1.0,1.0,0.7358586843003094,0.7547841663753931,0.7547841663753931,-0.01892548207508371,-349.0,0.28653295128939815,-349.0,0.28653295128939815,-7.083167716256788,-7.5,0.41683228374321235,-12.0,-4.5
2021,4,2021_04_LV_LAC,LAC,LV,0.5398367612128213,0.4601632387871787,0.6168582375478927,0.4098360655737705,0.6008197724213874,0.3991802275786125,-161.0,144.0,True,True,True,LAC,LAC,LAC,1.0,1.0,0.5398367612128213,0.6008197724213874,0.6008197724213874,-0.060983011208566085,-161.0,0.6211180124223601,-161.0,0.6211180124223601,2.166933158602009,3.0,-0.8330668413979909,14.0,11.0
2021,4,2021_04_NYG_NO,NO,NYG,0.594308085707381,0.40569191429261897,0.7711670480549199,0.25906735751295334,0.748535521515462,0.2514644784845381,-337.0,286.0,True,True,True,NO,NO,NYG,0.0,0.0,0.594308085707381,0.748535521515462,0.748535521515462,-0.15422743580808096,-337.0,-1.0,-337.0,-1.0,3.474182649421892,7.5,-4.025817350578108,-6.0,-13.5
2021,4,2021_04_PIT_GB,GB,PIT,0.6559459907569876,0.34405400924301244,0.7340425531914894,0.2949852507374631,0.71333597633497,0.2866640236650301,-276.0,239.0,True,True,True,GB,GB,GB,1.0,1.0,0.6559459907569876,0.71333597633497,0.71333597633497,-0.05738998557798247,-276.0,0.3623188405797102,-276.0,0.3623188405797102,3.3695930730408903,6.5,-3.1304069269591097,10.0,3.5
2021,4,2021_04_SEA_SF,SF,SEA,0.4132953443039455,0.5867046556960545,0.5708154506437768,0.45454545454545453,0.556697108066971,0.4433028919330289,-133.0,120.0,False,True,False,SEA,SF,SEA,1.0,0.0,0.5867046556960545,0.556697108066971,0.4433028919330289,0.14340176376302555,120.0,1.2000000000000002,-133.0,-1.0,-1.159233167785188,2.5,-3.659233167785188,-7.0,-9.5
2021,4,2021_04_TB_NE,NE,TB,0.3189945912682797,0.6810054087317203,0.30959752321981426,0.7183098591549296,0.3011920417426717,0.6988079582573283,223.0,-255.0,False,False,True,TB,TB,TB,1.0,1.0,0.6810054087317203,0.6988079582573283,0.6988079582573283,-0.017802549525608002,-255.0,0.392156862745098,-255.0,0.392156862745098,-6.290410198446793,-6.0,-0.29041019844679283,-2.0,4.0
2021,4,2021_04_TEN_NYJ,NYJ,TEN,0.2734935939466216,0.7265064060533784,0.32679738562091504,0.7005988023952096,0.31808312064302313,0.6819168793569769,206.0,-234.0,False,False,True,TEN,TEN,NYJ,0.0,0.0,0.7265064060533784,0.6819168793569769,0.6819168793569769,0.04458952669640148,-234.0,-1.0,-234.0,-1.0,-6.229896930833903,-5.5,-0.7298969308339034,3.0,8.5
2021,4,2021_04_WAS_ATL,ATL,WAS,0.5235158760362474,0.4764841239637526,0.4854368932038835,0.5391705069124424,0.47377843762281124,0.5262215623771888,106.0,-117.0,True,False,False,ATL,WAS,WAS,0.0,1.0,0.5235158760362474,0.5262215623771888,0.47377843762281124,0.04973743841343614,106.0,-1.0,-117.0,0.8547008547008548,-1.0837017629097292,-1.0,-0.0837017629097292,-4.0,-3.0
2021,5,2021_05_BUF_KC,KC,BUF,0.6312553629766131,0.3687446370233869,0.5726495726495726,0.45248868778280543,0.5586071603727317,0.44139283962726833,-134.0,121.0,True,True,True,KC,KC,BUF,0.0,0.0,0.6312553629766131,0.5586071603727317,0.5586071603727317,0.07264820260388138,-134.0,-1.0,-134.0,-1.0,2.457812042451782,2.5,-0.0421879575482178,-18.0,-20.5
2021,5,2021_05_CHI_LV,LV,CHI,0.7185010793244793,0.28149892067552074,0.7101449275362319,0.31746031746031744,0.6910678307588987,0.3089321692411014,-245.0,215.0,True,True,True,LV,LV,CHI,0.0,0.0,0.7185010793244793,0.6910678307588987,0.6910678307588987,0.027433248565580604,-245.0,-1.0,-245.0,-1.0,2.56744121014957,5.5,-2.93255878985043,-11.0,-16.5
2021,5,2021_05_CLE_LAC,LAC,CLE,0.6025792330452122,0.3974207669547878,0.5633187772925764,0.4608294930875576,0.5500363507751557,0.4499636492248442,-129.0,117.0,True,True,True,LAC,LAC,LAC,1.0,1.0,0.6025792330452122,0.5500363507751557,0.5500363507751557,0.052542882270056546,-129.0,0.7751937984496124,-129.0,0.7751937984496124,0.3324398498071575,2.5,-2.1675601501928425,5.0,2.5
2021,5,2021_05_DEN_PIT,PIT,DEN,0.4395162310048862,0.5604837689951139,0.4694835680751174,0.5535714285714286,0.45890354830779323,0.5410964516922069,113.0,-124.0,False,False,True,DEN,DEN,PIT,0.0,0.0,0.5604837689951139,0.5410964516922069,0.5410964516922069,0.019387317302906992,-124.0,-1.0,-124.0,-1.0,-0.9597313098021836,-2.0,1.0402686901978164,8.0,10.0
2021,5,2021_05_DET_MIN,MIN,DET,0.676032829390314,0.32396717060968605,0.806949806949807,0.2242152466367713,0.7825612438504289,0.21743875614957098,-418.0,346.0,True,True,True,MIN,MIN,MIN,1.0,1.0,0.676032829390314,0.7825612438504289,0.7825612438504289,-0.10652841446011496,-418.0,0.23923444976076547,-418.0,0.23923444976076547,5.017825952615499,10.0,-4.982174047384501,2.0,-8.0
2021,5,2021_05_GB_CIN,CIN,GB,0.3916638484354195,0.6083361515645804,0.47393364928909953,0.5515695067264574,0.46214743124779806,0.537852568752202,111.0,-123.0,False,False,True,GB,GB,GB,1.0,1.0,0.6083361515645804,0.537852568752202,0.537852568752202,0.07048358281237843,-123.0,0.8130081300813008,-123.0,0.8130081300813008,-0.9434561502588964,-2.0,1.0565438497411037,-3.0,-1.0
2021,5,2021_05_IND_BAL,BAL,IND,0.6577730605879379,0.34222693941206206,0.7807017543859649,0.24937655860349128,0.7579052432627578,0.24209475673724226,-356.0,301.0,True,True,True,BAL,BAL,BAL,1.0,1.0,0.6577730605879379,0.7579052432627578,0.7579052432627578,-0.10013218267481983,-356.0,0.2808988764044944,-356.0,0.2808988764044944,3.5155926593592515,7.5,-3.9844073406407485,6.0,-1.5
2021,5,2021_05_LA_SEA,SEA,LA,0.4393646956653009,0.5606353043346991,0.45045045045045046,0.574468085106383,0.43949878436506445,0.5605012156349355,122.0,-135.0,False,False,True,LA,LA,LA,1.0,1.0,0.5606353043346991,0.5605012156349355,0.5605012156349355,0.0001340886997636126,-135.0,0.7407407407407407,-135.0,0.7407407407407407,-1.865337078289564,-2.5,0.634662921710436,-9.0,-6.5
2021,5,2021_05_MIA_TB,TB,MIA,0.684507633598453,0.315492366401547,0.8493975903614458,0.18248175182481752,0.8231559210806665,0.17684407891933354,-564.0,448.0,True,True,True,TB,TB,TB,1.0,1.0,0.684507633598453,0.8231559210806665,0.8231559210806665,-0.13864828748221347,-564.0,0.17730496453900702,-564.0,0.17730496453900702,4.4551136027902585,11.0,-6.5448863972097415,28.0,17.0
2021,5,2021_05_NE_HOU,HOU,NE,0.2656553351911015,0.7343446648088985,0.25773195876288657,0.7722095671981777,0.25023940900177843,0.7497605909982216,288.0,-339.0,False,False,True,NE,NE,NE,1.0,1.0,0.7343446648088985,0.7497605909982216,0.7497605909982216,-0.015415926189323081,-339.0,0.29498525073746307,-339.0,0.29498525073746307,-5.871748525103639,-8.0,2.128251474896361,-3.0,5.0
2021,5,2021_05_NO_WAS,WAS,NO,0.5178387432284404,0.48216125677155963,0.4608294930875576,0.5652173913043478,0.4491310290958797,0.5508689709041202,117.0,-130.0,True,False,False,WAS,NO,NO,0.0,1.0,0.5178387432284404,0.5508689709041202,0.4491310290958797,0.06870771413256066,117.0,-1.0,-130.0,0.7692307692307692,-0.3406861037215596,-2.5,2.1593138962784404,-11.0,-8.5
2021,5,2021_05_NYG_DAL,DAL,NYG,0.654025009241195,0.345974990758805,0.7701149425287356,0.2597402597402597,0.7477895347151761,0.2522104652848239,-335.0,285.0,True,True,True,DAL,DAL,DAL,1.0,1.0,0.654025009241195,0.7477895347151761,0.7477895347151761,-0.09376452547398106,-335.0,0.29850746268656714,-335.0,0.29850746268656714,4.577003647562491,7.5,-2.922996352437509,24.0,16.5
2021,5,2021_05_NYJ_ATL,ATL,NYJ,0.5848119639417069,0.41518803605829313,0.6047430830039525,0.42016806722689076,0.590044398353696,0.40995560164630396,-153.0,138.0,True,True,True,ATL,ATL,ATL,1.0,1.0,0.5848119639417069,0.590044398353696,0.590044398353696,-0.005232434411989173,-153.0,0.65359477124183,-153.0,0.65359477124183,0.63284957655641,3.0,-2.36715042344359,7.0,4.0
2021,5,2021_05_PHI_CAR,CAR,PHI,0.5099612511793843,0.4900387488206157,0.5815899581589958,0.4424778761061947,0.5679213219076544,0.4320786780923455,-139.0,126.0,True,True,True,CAR,CAR,PHI,0.0,0.0,0.5099612511793843,0.5679213219076544,0.5679213219076544,-0.05796007072827014,-139.0,-1.0,-139.0,-1.0,1.2632575083387665,2.5,-1.2367424916612335,-3.0,-5.5
2021,5,2021_05_SF_ARI,ARI,SF,0.6252847965345082,0.3747152034654918,0.726775956284153,0.3021148036253776,0.7063684354090785,0.29363156459092143,-266.0,231.0,True,True,True,ARI,ARI,ARI,1.0,1.0,0.6252847965345082,0.7063684354090785,0.7063684354090785,-0.08108363887457026,-266.0,0.37593984962406024,-266.0,0.37593984962406024,1.824413889031512,6.0,-4.175586110968488,7.0,1.0
2021,5,2021_05_TEN_JAX,JAX,TEN,0.3627753271500855,0.6372246728499145,0.37037037037037035,0.6563573883161512,0.36072889550018594,0.6392711044998141,170.0,-191.0,False,False,True,TEN,TEN,TEN,1.0,1.0,0.6372246728499145,0.6392711044998141,0.6392711044998141,-0.002046431649899594,-191.0,0.5235602094240837,-191.0,0.5235602094240837,-3.270113952686729,-4.0,0.7298860473132711,-18.0,-14.0
2021,6,2021_06_ARI_CLE,CLE,ARI,0.5158841374507432,0.48411586254925676,0.588477366255144,0.4366812227074236,0.5740354444580784,0.4259645555419216,-143.0,129.0,True,True,True,CLE,CLE,ARI,0.0,0.0,0.5158841374507432,0.5740354444580784,0.5740354444580784,-0.05815130700733517,-143.0,-1.0,-143.0,-1.0,0.2589544193563547,3.0,-2.7410455806436453,-23.0,-26.0
2021,6,2021_06_BUF_TEN,TEN,BUF,0.3078918285095811,0.6921081714904189,0.3225806451612903,0.7050147492625368,0.3139179553662376,0.6860820446337623,210.0,-239.0,False,False,True,BUF,BUF,TEN,0.0,0.0,0.6921081714904189,0.6860820446337623,0.6860820446337623,0.0060261268566565995,-239.0,-1.0,-239.0,-1.0,-8.755533719656658,-6.0,-2.7555337196566576,3.0,9.0
2021,6,2021_06_CIN_DET,DET,CIN,0.3413266168107893,0.6586733831892106,0.36900369003690037,0.6575342465753424,0.35946425054165854,0.6405357494583416,171.0,-192.0,False,False,True,CIN,CIN,CIN,1.0,1.0,0.6586733831892106,0.6405357494583416,0.6405357494583416,0.018137633730869074,-192.0,0.5208333333333335,-192.0,0.5208333333333335,-4.147297590990209,-3.5,-0.6472975909902088,-23.0,-19.5
2021,6,2021_06_DAL_NE,NE,DAL,0.5347388099100459,0.46526119008995415,0.37174721189591076,0.6539792387543253,0.36242334558131956,0.6375766544186806,169.0,-189.0,True,False,False,NE,DAL,DAL,0.0,1.0,0.5347388099100459,0.6375766544186806,0.36242334558131956,0.1723154643287263,169.0,-1.0,-189.0,0.5291005291005291,-0.645302702642594,-3.5,2.854697297357406,-6.0,-2.5
2021,6,2021_06_GB_CHI,CHI,GB,0.3666747239646402,0.6333252760353598,0.33222591362126247,0.6951219512195121,0.3233821035611469,0.6766178964388532,201.0,-228.0,False,False,True,GB,GB,GB,1.0,1.0,0.6333252760353598,0.6766178964388532,0.6766178964388532,-0.043292620403493354,-228.0,0.4385964912280702,-228.0,0.4385964912280702,-4.0266901590577895,-5.5,1.4733098409422105,-10.0,-4.5
2021,6,2021_06_HOU_IND,IND,HOU,0.6909171346549943,0.30908286534500573,0.8154981549815498,0.2159827213822894,0.7906090880291756,0.20939091197082435,-442.0,363.0,True,True,True,IND,IND,IND,1.0,1.0,0.6909171346549943,0.7906090880291756,0.7906090880291756,-0.09969195337418135,-442.0,0.2262443438914028,-442.0,0.2262443438914028,3.166617530716369,10.5,-7.333382469283631,28.0,17.5
2021,6,2021_06_KC_WAS,WAS,KC,0.2939659640756583,0.7060340359243418,0.30959752321981426,0.7183098591549296,0.3011920417426717,0.6988079582573283,223.0,-255.0,False,False,True,KC,KC,KC,1.0,1.0,0.7060340359243418,0.6988079582573283,0.6988079582573283,0.007226077667013442,-255.0,0.392156862745098,-255.0,0.392156862745098,-4.23987516980231,-6.0,1.7601248301976904,-18.0,-12.0
2021,6,2021_06_LAC_BAL,BAL,LAC,0.5402583966051191,0.4597416033948809,0.6240601503759399,0.40160642570281124,0.6084434892689964,0.3915565107310036,-166.0,149.0,True,True,True,BAL,BAL,BAL,1.0,1.0,0.5402583966051191,0.6084434892689964,0.6084434892689964,-0.06818509266387729,-166.0,0.6024096385542168,-166.0,0.6024096385542168,0.7718029762380257,3.0,-2.2281970237619744,28.0,25.0
2021,6,2021_06_LA_NYG,NYG,LA,0.2561078371949424,0.7438921628050577,0.2631578947368421,0.7663551401869159,0.2556139512661252,0.7443860487338748,280.0,-328.0,False,False,True,LA,LA,LA,1.0,1.0,0.7438921628050577,0.7443860487338748,0.7443860487338748,-0.0004938859288171615,-328.0,0.30487804878048785,-328.0,0.30487804878048785,-8.724992097041927,-7.5,-1.2249920970419268,-27.0,-19.5
2021,6,2021_06_LV_DEN,DEN,LV,0.5646030678826168,0.4353969321173832,0.6721311475409836,0.3546099290780142,0.6546257501981656,0.3453742498018345,-205.0,182.0,True,True,True,DEN,DEN,LV,0.0,0.0,0.5646030678826168,0.6546257501981656,0.6546257501981656,-0.09002268231554877,-205.0,-1.0,-205.0,-1.0,2.2419775688971155,5.0,-2.7580224311028845,-10.0,-15.0
2021,6,2021_06_MIA_JAX,JAX,MIA,0.5271734207410119,0.4728265792589881,0.47619047619047616,0.5495495495495496,0.46424090338770385,0.5357590966122961,110.0,-122.0,True,False,False,JAX,MIA,JAX,1.0,0.0,0.5271734207410119,0.5357590966122961,0.46424090338770385,0.06293251735330807,110.0,1.1,-122.0,-1.0,-2.456764635495668,-2.5,0.043235364504332185,3.0,5.5
2021,6,2021_06_MIN_CAR,CAR,MIN,0.4515356587591324,0.5484643412408676,0.45248868778280543,0.5726495726495726,0.44139283962726833,0.5586071603727317,121.0,-134.0,False,False,True,MIN,MIN,MIN,1.0,1.0,0.5484643412408676,0.5586071603727317,0.5586071603727317,-0.0101428191318641,-134.0,0.7462686567164178,-134.0,0.7462686567164178,-0.8221210438558669,-2.5,1.677878956144133,-6.0,-3.5
2021,6,2021_06_SEA_PIT,PIT,SEA,0.6310888766321906,0.3689111233678094,0.6805111821086262,0.3460207612456747,0.6629225583423975,0.33707744165760256,-213.0,189.0,True,True,True,PIT,PIT,PIT,1.0,1.0,0.6310888766321906,0.6629225583423975,0.6629225583423975,-0.03183368171020695,-213.0,0.4694835680751175,-213.0,0.4694835680751175,2.358671203836873,5.5,-3.141328796163127,3.0,-2.5
2021,6,2021_06_TB_PHI,PHI,TB,0.3034682917628393,0.6965317082371607,0.2958579881656805,0.732620320855615,0.28766575393040644,0.7123342460695936,238.0,-274.0,False,False,True,TB,TB,TB,1.0,1.0,0.6965317082371607,0.7123342460695936,0.7123342460695936,-0.015802537832432906,-274.0,0.36496350364963503,-274.0,0.36496350364963503,-6.111503249761149,-7.0,0.8884967502388514,-6.0,1.0
2021,7,2021_07_ATL_MIA,MIA,ATL,0.485268279269364,0.514731720730636,0.4608294930875576,0.5633187772925764,0.4499636492248442,0.5500363507751557,117.0,-129.0,False,False,True,ATL,ATL,ATL,1.0,1.0,0.514731720730636,0.5500363507751557,0.5500363507751557,-0.03530463004451967,-129.0,0.7751937984496124,-129.0,0.7751937984496124,0.1457169584641013,-1.5,1.6457169584641014,-2.0,-0.5
2021,7,2021_07_CAR_NYG,NYG,CAR,0.3847162710578751,0.6152837289421249,0.41841004184100417,0.6062992125984252,0.40832074076455643,0.5916792592354435,139.0,-154.0,False,False,True,CAR,CAR,NYG,0.0,0.0,0.6152837289421249,0.5916792592354435,0.5916792592354435,0.023604469706681397,-154.0,-1.0,-154.0,-1.0,-2.582902346493835,-3.0,0.4170976535061648,22.0,25.0
2021,7,2021_07_CHI_TB,TB,CHI,0.7374003709347772,0.26259962906522283,0.8655913978494624,0.16638935108153077,0.8387670009795338,0.16123299902046617,-644.0,501.0,True,True,True,TB,TB,TB,1.0,1.0,0.7374003709347772,0.8387670009795338,0.8387670009795338,-0.10136663004475666,-644.0,0.15527950310559002,-644.0,0.15527950310559002,8.244803063380388,12.5,-4.255196936619612,35.0,22.5
2021,7,2021_07_CIN_BAL,BAL,CIN,0.585261731098258,0.41473826890174204,0.7311827956989247,0.2976190476190476,0.7107129525942516,0.2892870474057484,-272.0,236.0,True,True,True,BAL,BAL,CIN,0.0,0.0,0.585261731098258,0.7107129525942516,0.7107129525942516,-0.12545122149599364,-272.0,-1.0,-272.0,-1.0,2.20563982333339,6.5,-4.2943601766666095,-24.0,-30.5
2021,7,2021_07_DEN_CLE,CLE,DEN,0.5614601527989524,0.43853984720104755,0.5475113122171946,0.47619047619047616,0.534834771627026,0.46516522837297414,-121.0,110.0,True,True,True,CLE,CLE,CLE,1.0,1.0,0.5614601527989524,0.534834771627026,0.534834771627026,0.026625381171926477,-121.0,0.8264462809917354,-121.0,0.8264462809917354,0.168970893495887,2.0,-1.831029106504113,3.0,1.0
2021,7,2021_07_DET_LA,LA,DET,0.7617204907539115,0.23827950924608854,0.9262536873156342,0.10416666666666667,0.8989085704061549,0.10109142959384505,-1256.0,860.0,True,True,True,LA,LA,LA,1.0,1.0,0.7617204907539115,0.8989085704061549,0.8989085704061549,-0.13718807965224344,-1256.0,0.07961783439490455,-1256.0,0.07961783439490455,10.264772221000882,17.0,-6.735227778999118,9.0,-8.0
2021,7,2021_07_HOU_ARI,ARI,HOU,0.7747340917418652,0.22526590825813475,0.9464094319399786,0.08203445447087777,0.9202343894938516,0.07976561050614828,-1766.0,1119.0,True,True,True,ARI,ARI,ARI,1.0,1.0,0.7747340917418652,0.9202343894938516,0.9202343894938516,-0.14550029775198636,-1766.0,0.05662514156285381,-1766.0,0.05662514156285381,6.984773831479704,20.5,-13.515226168520297,26.0,5.5
2021,7,2021_07_IND_SF,SF,IND,0.5857420387508899,0.4142579612491101,0.6282527881040892,0.3968253968253968,0.6128827999078977,0.3871172000921022,-169.0,152.0,True,True,True,SF,SF,IND,0.0,0.0,0.5857420387508899,0.6128827999078977,0.6128827999078977,-0.02714076115700781,-169.0,-1.0,-169.0,-1.0,3.299332129278153,3.5,-0.20066787072184722,-12.0,-15.5
2021,7,2021_07_KC_TEN,TEN,KC,0.3877377017908996,0.6122622982091004,0.3508771929824561,0.6763754045307443,0.3415685624274581,0.6584314375725417,185.0,-209.0,False,False,True,KC,KC,TEN,0.0,0.0,0.6122622982091004,0.6584314375725417,0.6584314375725417,-0.04616913936344136,-209.0,-1.0,-209.0,-1.0,-1.7639228522173611,-4.0,2.236077147782639,24.0,28.0
2021,7,2021_07_NO_SEA,SEA,NO,0.3402417106889842,0.6597582893110159,0.3246753246753247,0.7032640949554896,0.31585064107370475,0.6841493589262952,208.0,-237.0,False,False,True,NO,NO,NO,1.0,1.0,0.6597582893110159,0.6841493589262952,0.6841493589262952,-0.02439106961527937,-237.0,0.42194092827004215,-237.0,0.42194092827004215,-2.700955920664928,-6.0,3.299044079335072,-3.0,3.0
2021,7,2021_07_NYJ_NE,NE,NYJ,0.7207542976823808,0.27924570231761925,0.7518610421836228,0.2770083102493075,0.7307643486568282,0.26923565134317196,-303.0,261.0,True,True,True,NE,NE,NE,1.0,1.0,0.7207542976823808,0.7307643486568282,0.7307643486568282,-0.010010050974447404,-303.0,0.33003300330033003,-303.0,0.33003300330033003,5.393208010709239,7.0,-1.6067919892907607,41.0,34.0
2021,7,2021_07_PHI_LV,LV,PHI,0.5045137854686444,0.49548621453135555,0.5192307692307693,0.504950495049505,0.5069715560513107,0.4930284439486894,-108.0,-102.0,True,True,True,LV,LV,LV,1.0,1.0,0.5045137854686444,0.5069715560513107,0.5069715560513107,-0.0024577705826662744,-108.0,0.925925925925926,-108.0,0.925925925925926,1.2284709487767012,1.0,0.22847094877670115,11.0,10.0
2021,7,2021_07_WAS_GB,GB,WAS,0.6690359420205567,0.3309640579794433,0.7987927565392354,0.23201856148491878,0.7749165560874428,0.2250834439125571,-397.0,331.0,True,True,True,GB,GB,GB,1.0,1.0,0.6690359420205567,0.7749165560874428,0.7749165560874428,-0.10588061406688609,-397.0,0.25188916876574297,-397.0,0.25188916876574297,4.108865672848067,8.5,-4.391134327151933,14.0,5.5
2021,8,2021_08_CAR_ATL,ATL,CAR,0.6533537983329214,0.3466462016670786,0.5633187772925764,0.4608294930875576,0.5500363507751557,0.4499636492248442,-129.0,117.0,True,True,True,ATL,ATL,CAR,0.0,0.0,0.6533537983329214,0.5500363507751557,0.5500363507751557,0.10331744755776573,-129.0,-1.0,-129.0,-1.0,1.7014242449031507,2.5,-0.7985757550968493,-6.0,-8.5
2021,8,2021_08_CIN_NYJ,NYJ,CIN,0.2815876484869554,0.7184123515130446,0.19569471624266144,0.8360655737704918,0.1896707191940549,0.8103292808059451,411.0,-510.0,False,False,True,CIN,CIN,NYJ,0.0,0.0,0.7184123515130446,0.8103292808059451,0.8103292808059451,-0.09191692929290052,-510.0,-1.0,-510.0,-1.0,-5.987556164645884,-11.5,5.512443835354116,3.0,14.5
2021,8,2021_08_DAL_MIN,MIN,DAL,0.636287524322688,0.363712475677312,0.6865203761755486,0.3412969283276451,0.6679400834834022,0.3320599165165978,-219.0,193.0,True,True,True,MIN,MIN,DAL,0.0,0.0,0.636287524322688,0.6679400834834022,0.6679400834834022,-0.03165255916071419,-219.0,-1.0,-219.0,-1.0,3.0730546075922622,4.5,-1.4269453924077378,-4.0,-8.5
2021,8,2021_08_GB_ARI,ARI,GB,0.6625320394638525,0.33746796053614747,0.7361477572559367,0.29239766081871343,0.7157173074903613,0.28428269250963856,-279.0,242.0,True,True,True,ARI,ARI,GB,0.0,0.0,0.6625320394638525,0.7157173074903613,0.7157173074903613,-0.0531852680265088,-279.0,-1.0,-279.0,-1.0,4.185740254163573,6.5,-2.314259745836427,-3.0,-9.5
2021,8,2021_08_JAX_SEA,SEA,JAX,0.4750017957151355,0.5249982042848644,0.6575342465753424,0.36900369003690037,0.6405357494583416,0.35946425054165854,-192.0,171.0,False,True,False,JAX,SEA,SEA,0.0,1.0,0.5249982042848644,0.6405357494583416,0.35946425054165854,0.1655339537432059,171.0,-1.0,-192.0,0.5208333333333335,1.6656010874780718,4.0,-2.3343989125219284,24.0,20.0
2021,8,2021_08_LA_HOU,HOU,LA,0.2655798578317617,0.7344201421682384,0.12135922330097088,0.9099099099099099,0.11767948772316696,0.8823205122768331,724.0,-1010.0,False,False,True,LA,LA,LA,1.0,1.0,0.7344201421682384,0.8823205122768331,0.8823205122768331,-0.1479003701085947,-1010.0,0.0990099009900991,-1010.0,0.0990099009900991,-10.522589328703525,-17.0,6.477410671296475,-16.0,1.0
2021,8,2021_08_MIA_BUF,BUF,MIA,0.7435188178870604,0.2564811821129396,0.9076638965835642,0.12360939431396786,0.880139051980694,0.11986094801930615,-983.0,709.0,True,True,True,BUF,BUF,BUF,1.0,1.0,0.7435188178870604,0.880139051980694,0.880139051980694,-0.13662023409363355,-983.0,0.10172939979654116,-983.0,0.10172939979654116,6.406358748220859,15.0,-8.593641251779141,15.0,0.0
2021,8,2021_08_NE_LAC,LAC,NE,0.5161486002307804,0.48385139976921965,0.6466431095406361,0.38022813688212925,0.6297217024951262,0.37027829750487373,-183.0,163.0,True,True,True,LAC,LAC,NE,0.0,0.0,0.5161486002307804,0.6297217024951262,0.6297217024951262,-0.1135731022643458,-183.0,-1.0,-183.0,-1.0,2.114742288683736,3.5,-1.3852577113162639,-3.0,-6.5
2021,8,2021_08_NYG_KC,KC,NYG,0.7059875769132166,0.29401242308678344,0.8412698412698413,0.19047619047619047,0.8153846153846155,0.18461538461538463,-530.0,425.0,True,True,True,KC,KC,KC,1.0,1.0,0.7059875769132166,0.8153846153846155,0.8153846153846155,-0.10939703847139892,-530.0,0.18867924528301883,-530.0,0.18867924528301883,6.300520682916445,10.5,-4.199479317083555,3.0,-7.5
2021,8,2021_08_PHI_DET,DET,PHI,0.3553925283545215,0.6446074716454785,0.398406374501992,0.6268656716417911,0.3885860109036074,0.6114139890963924,151.0,-168.0,False,False,True,PHI,PHI,PHI,1.0,1.0,0.6446074716454785,0.6114139890963924,0.6114139890963924,0.03319348254908605,-168.0,0.5952380952380953,-168.0,0.5952380952380953,-1.4940669423025394,-3.0,1.5059330576974606,-38.0,-35.0
2021,8,2021_08_PIT_CLE,CLE,PIT,0.5963224250665519,0.40367757493344814,0.6894409937888198,0.33783783783783783,0.6711332625214478,0.32886673747855216,-222.0,196.0,True,True,True,CLE,CLE,PIT,0.0,0.0,0.5963224250665519,0.6711332625214478,0.6711332625214478,-0.07481083745489592,-222.0,-1.0,-222.0,-1.0,3.9348445391525706,5.5,-1.5651554608474294,-5.0,-10.5
2021,8,2021_08_SF_CHI,CHI,SF,0.3564497665938939,0.6435502334061061,0.34965034965034963,0.6774193548387096,0.34043487810235007,0.6595651218976498,186.0,-210.0,False,False,True,SF,SF,SF,1.0,1.0,0.6435502334061061,0.6595651218976498,0.6595651218976498,-0.016014888491543755,-210.0,0.4761904761904763,-210.0,0.4761904761904763,-3.58856993247174,-4.5,0.9114300675282601,-11.0,-6.5
2021,8,2021_08_TB_NO,NO,TB,0.401801766641148,0.598198233358852,0.373134328358209,0.6527777777777778,0.36370984037179227,0.6362901596282077,168.0,-188.0,False,False,True,TB,TB,NO,0.0,0.0,0.598198233358852,0.6362901596282077,0.6362901596282077,-0.03809192626935565,-188.0,-1.0,-188.0,-1.0,-1.9043434375050936,-4.0,2.0956565624949066,9.0,13.0
2021,8,2021_08_TEN_IND,IND,TEN,0.5614660033554848,0.4385339966445152,0.6153846153846154,0.4098360655737705,0.6002460024600246,0.39975399753997537,-160.0,144.0,True,True,True,IND,IND,TEN,0.0,0.0,0.5614660033554848,0.6002460024600246,0.6002460024600246,-0.038779999104539775,-160.0,-1.0,-160.0,-1.0,2.986389512814087,3.0,-0.013610487185912845,-3.0,-6.0
2021,8,2021_08_WAS_DEN,DEN,WAS,0.6292995675536622,0.37070043244633777,0.6563573883161512,0.37037037037037035,0.6392711044998141,0.36072889550018594,-191.0,170.0,True,True,True,DEN,DEN,DEN,1.0,1.0,0.6292995675536622,0.6392711044998141,0.6392711044998141,-0.009971536946151827,-191.0,0.5235602094240837,-191.0,0.5235602094240837,3.4183224586587184,4.0,-0.5816775413412816,7.0,3.0
2021,9,2021_09_ARI_SF,SF,ARI,0.5988044240695191,0.40119557593048094,0.7014925373134329,0.3257328990228013,0.6829002792370676,0.31709972076293247,-235.0,207.0,True,True,True,SF,SF,ARI,0.0,0.0,0.5988044240695191,0.6829002792370676,0.6829002792370676,-0.08409585516754858,-235.0,-1.0,-235.0,-1.0,1.837606665007244,5.5,-3.662393334992756,-14.0,-19.5
2021,9,2021_09_ATL_NO,NO,ATL,0.6136348280479719,0.38636517195202813,0.7347480106100795,0.29411764705882354,0.7141340612678193,0.2858659387321808,-277.0,240.0,True,True,True,NO,NO,ATL,0.0,0.0,0.6136348280479719,0.7141340612678193,0.7141340612678193,-0.10049923321984744,-277.0,-1.0,-277.0,-1.0,2.257285208972964,7.0,-4.742714791027036,-2.0,-9.0
2021,9,2021_09_BUF_JAX,JAX,BUF,0.3010939500024308,0.6989060499975692,0.1141552511415525,0.9167360532889259,0.11073451745198123,0.8892654825480188,776.0,-1101.0,False,False,True,BUF,BUF,JAX,0.0,0.0,0.6989060499975692,0.8892654825480188,0.8892654825480188,-0.19035943255044963,-1101.0,-1.0,-1101.0,-1.0,-8.29446894744055,-14.5,6.205531052559451,3.0,17.5
2021,9,2021_09_CHI_PIT,PIT,CHI,0.7320863852022574,0.26791361479774256,0.7536945812807881,0.27548209366391185,0.73232769419428,0.26767230580572005,-306.0,263.0,True,True,True,PIT,PIT,PIT,1.0,1.0,0.7320863852022574,0.73232769419428,0.73232769419428,-0.00024130899202257083,-306.0,0.326797385620915,-306.0,0.326797385620915,7.599424027021067,7.0,0.5994240270210671,2.0,-5.0
2021,9,2021_09_CLE_CIN,CIN,CLE,0.6580593583856126,0.3419406416143874,0.5633187772925764,0.4608294930875576,0.5500363507751557,0.4499636492248442,-129.0,117.0,True,True,True,CIN,CIN,CLE,0.0,0.0,0.6580593583856126,0.5500363507751557,0.5500363507751557,0.10802300761045691,-129.0,-1.0,-129.0,-1.0,2.9922379885241503,2.5,0.49223798852415035,-25.0,-27.5
2021,9,2021_09_DEN_DAL,DAL,DEN,0.7006432145377606,0.2993567854622394,0.8220640569395018,0.20920502092050208,0.7971382780577254,0.20286172194227467,-462.0,378.0,True,True,True,DAL,DAL,DEN,0.0,0.0,0.7006432145377606,0.7971382780577254,0.7971382780577254,-0.09649506351996484,-462.0,-1.0,-462.0,-1.0,4.486511210051012,10.5,-6.013488789948988,-14.0,-24.5
2021,9,2021_09_GB_KC,KC,GB,0.7097069105659661,0.29029308943403387,0.7630331753554502,0.26666666666666666,0.7410248542497699,0.2589751457502301,-322.0,275.0,True,True,True,KC,KC,KC,1.0,1.0,0.7097069105659661,0.7410248542497699,0.7410248542497699,-0.031317943683803806,-322.0,0.31055900621118004,-322.0,0.31055900621118004,5.695235900472383,7.0,-1.3047640995276168,6.0,-1.0
2021,9,2021_09_HOU_MIA,MIA,HOU,0.6489995073801359,0.3510004926198641,0.6491228070175439,0.37593984962406013,0.6332518337408314,0.36674816625916873,-185.0,166.0,True,True,True,MIA,MIA,MIA,1.0,1.0,0.6489995073801359,0.6332518337408314,0.6332518337408314,0.015747673639304516,-185.0,0.5405405405405406,-185.0,0.5405405405405406,3.0499276597980014,4.0,-0.9500723402019986,8.0,4.0
2021,9,2021_09_LAC_PHI,PHI,LAC,0.4169430483808392,0.5830569516191608,0.5098039215686274,0.5145631067961165,0.497677011707861,0.5023229882921391,-104.0,-106.0,False,False,True,LAC,LAC,LAC,1.0,1.0,0.5830569516191608,0.5023229882921391,0.5023229882921391,0.08073396332702176,-106.0,0.9433962264150944,-106.0,0.9433962264150944,-0.920460981204994,-1.0,0.07953901879500602,-3.0,-2.0
2021,9,2021_09_LV_NYG,NYG,LV,0.4137990529124615,0.5862009470875384,0.4219409282700422,0.6031746031746031,0.4116032928263426,0.5883967071736573,137.0,-152.0,False,False,True,LV,LV,NYG,0.0,0.0,0.5862009470875384,0.5883967071736573,0.5883967071736573,-0.002195760086118881,-152.0,-1.0,-152.0,-1.0,-3.6541088305732,-3.0,-0.6541088305731999,7.0,10.0
2021,9,2021_09_MIN_BAL,BAL,MIN,0.6798022480217537,0.3201977519782463,0.7530864197530864,0.27624309392265195,0.7316281227221523,0.2683718772778477,-305.0,262.0,True,True,True,BAL,BAL,BAL,1.0,1.0,0.6798022480217537,0.7316281227221523,0.7316281227221523,-0.051825874700398566,-305.0,0.3278688524590163,-305.0,0.3278688524590163,5.788995339796373,7.5,-1.7110046602036268,3.0,-4.5
2021,9,2021_09_NE_CAR,CAR,NE,0.4119797102459577,0.5880202897540423,0.38910505836575876,0.6376811594202898,0.37895430579964856,0.6210456942003515,157.0,-176.0,False,False,True,NE,NE,NE,1.0,1.0,0.5880202897540423,0.6210456942003515,0.6210456942003515,-0.03302540444630919,-176.0,0.5681818181818183,-176.0,0.5681818181818183,-2.1340321744947923,-3.5,1.3659678255052077,-18.0,-14.5
2021,9,2021_09_NYJ_IND,IND,NYJ,0.7074367409218836,0.2925632590781164,0.8357963875205254,0.19607843137254902,0.8099784704670973,0.19002152953290274,-509.0,410.0,True,True,True,IND,IND,IND,1.0,1.0,0.7074367409218836,0.8099784704670973,0.8099784704670973,-0.10254172954521368,-509.0,0.1964636542239686,-509.0,0.1964636542239686,4.565818060687851,10.5,-5.934181939312149,15.0,4.5
2021,9,2021_09_TEN_LA,LA,TEN,0.6450962022531982,0.3549037977468018,0.7777777777777778,0.25252525252525254,0.7549019607843137,0.2450980392156863,-350.0,296.0,True,True,True,LA,LA,TEN,0.0,0.0,0.6450962022531982,0.7549019607843137,0.7549019607843137,-0.10980575853111552,-350.0,-1.0,-350.0,-1.0,5.529486372770211,7.0,-1.4705136272297894,-12.0,-19.0
2021,10,2021_10_ATL_DAL,DAL,ATL,0.6267011265118848,0.3732988734881152,0.7967479674796748,0.2336448598130841,0.7732468107071749,0.226753189292825,-392.0,328.0,True,True,True,DAL,DAL,DAL,1.0,1.0,0.6267011265118848,0.7732468107071749,0.7732468107071749,-0.14654568419529013,-392.0,0.2551020408163265,-392.0,0.2551020408163265,2.853266117888904,8.0,-5.146733882111096,40.0,32.0
2021,10,2021_10_BAL_MIA,MIA,BAL,0.3133880769221838,0.6866119230778163,0.2347417840375587,0.7959183673469388,0.2277586687738217,0.7722413312261782,326.0,-390.0,False,False,True,BAL,BAL,MIA,0.0,0.0,0.6866119230778163,0.7722413312261782,0.7722413312261782,-0.08562940814836195,-390.0,-1.0,-390.0,-1.0,-4.66099167448461,-8.5,3.8390083255153904,12.0,20.5
2021,10,2021_10_BUF_NYJ,NYJ,BUF,0.3073659088224095,0.6926340911775906,0.1594896331738437,0.8726114649681529,0.15452908001063,0.8454709199893699,527.0,-685.0,False,False,True,BUF,BUF,BUF,1.0,1.0,0.6926340911775906,0.8454709199893699,0.8454709199893699,-0.1528368288117793,-685.0,0.14598540145985406,-685.0,0.14598540145985406,-6.290067124369266,-13.0,6.709932875630734,-28.0,-15.0
2021,10,2021_10_CAR_ARI,ARI,CAR,0.7018022549936763,0.2981977450063237,0.7668997668997669,0.2631578947368421,0.7445212005717008,0.25547879942829915,-329.0,280.0,True,True,True,ARI,ARI,CAR,0.0,0.0,0.7018022549936763,0.7445212005717008,0.7445212005717008,-0.04271894557802447,-329.0,-1.0,-329.0,-1.0,2.7854562134655203,7.0,-4.214543786534479,-24.0,-31.0
2021,10,2021_10_CLE_NE,NE,CLE,0.602187039230376,0.397812960769624,0.5689655172413793,0.45662100456621,0.5547708605204575,0.4452291394795425,-132.0,119.0,True,True,True,NE,NE,NE,1.0,1.0,0.602187039230376,0.5547708605204575,0.5547708605204575,0.04741617870991843,-132.0,0.7575757575757576,-132.0,0.7575757575757576,0.5636892322983186,2.5,-1.9363107677016815,38.0,35.5
2021,10,2021_10_JAX_IND,IND,JAX,0.744494838534761,0.25550516146523905,0.8127340823970037,0.2183406113537118,0.7882397728534491,0.21176022714655077,-434.0,358.0,True,True,True,IND,IND,IND,1.0,1.0,0.744494838534761,0.7882397728534491,0.7882397728534491,-0.0437449343186882,-434.0,0.23041474654377891,-434.0,0.23041474654377891,6.544369402953058,10.5,-3.955630597046942,6.0,-4.5
2021,10,2021_10_KC_LV,LV,KC,0.4230691153540612,0.5769308846459388,0.4291845493562232,0.5951417004048583,0.41899204424013164,0.5810079557598683,133.0,-147.0,False,False,True,KC,KC,KC,1.0,1.0,0.5769308846459388,0.5810079557598683,0.5810079557598683,-0.00407707111392952,-147.0,0.6802721088435373,-147.0,0.6802721088435373,-0.5676351061687361,-2.5,1.9323648938312639,-27.0,-24.5
2021,10,2021_10_LA_SF,SF,LA,0.3662854349267938,0.6337145650732062,0.3875968992248062,0.6389891696750902,0.3775590873156503,0.6224409126843496,158.0,-177.0,False,False,True,LA,LA,SF,0.0,0.0,0.6337145650732062,0.6224409126843496,0.6224409126843496,0.011273652388856581,-177.0,-1.0,-177.0,-1.0,-3.542358904036694,-3.5,-0.04235890403669407,21.0,24.5
2021,10,2021_10_MIN_LAC,LAC,MIN,0.4754026928023198,0.5245973071976802,0.6415770609318996,0.38461538461538464,0.6252015045674368,0.3747984954325632,-179.0,160.0,False,True,False,MIN,LAC,MIN,1.0,0.0,0.5245973071976802,0.6252015045674368,0.3747984954325632,0.14979881176511695,160.0,1.6,-179.0,-1.0,0.9838846493737392,3.0,-2.0161153506262606,-7.0,-10.0
2021,10,2021_10_NO_TEN,TEN,NO,0.4927671312075501,0.5072328687924499,0.5951417004048583,0.4291845493562232,0.5810079557598683,0.41899204424013164,-147.0,133.0,False,True,False,NO,TEN,TEN,0.0,1.0,0.5072328687924499,0.5810079557598683,0.41899204424013164,0.08824082455231824,133.0,-1.0,-147.0,0.6802721088435373,0.4295878153525405,3.0,-2.5704121846474597,2.0,-1.0
2021,10,2021_10_PHI_DEN,DEN,PHI,0.4681031096578892,0.5318968903421109,0.5260663507109005,0.4975124378109453,0.513948077676165,0.486051922323835,-111.0,101.0,False,True,False,PHI,DEN,PHI,1.0,0.0,0.5318968903421109,0.513948077676165,0.486051922323835,0.04584496801827587,101.0,1.0099999999999998,-111.0,-1.0,-0.7531299275350947,1.0,-1.7531299275350947,-17.0,-18.0
2021,10,2021_10_SEA_GB,GB,SEA,0.6061600542048173,0.39383994579518267,0.6268656716417911,0.398406374501992,0.6114139890963924,0.3885860109036074,-168.0,151.0,True,True,True,GB,GB,GB,1.0,1.0,0.6061600542048173,0.6114139890963924,0.6114139890963924,-0.005253934891575107,-168.0,0.5952380952380953,-168.0,0.5952380952380953,2.221533173542328,3.0,-0.778466826457672,17.0,14.0
2021,10,2021_10_TB_WAS,WAS,TB,0.2884405792412207,0.7115594207587793,0.2178649237472767,0.8130841121495327,0.21132463018189718,0.7886753698181028,359.0,-435.0,False,False,True,TB,TB,WAS,0.0,0.0,0.7115594207587793,0.7886753698181028,0.7886753698181028,-0.07711594905932351,-435.0,-1.0,-435.0,-1.0,-6.647506540961696,-10.0,3.352493459038304,10.0,20.0
2021,11,2021_11_ARI_SEA,SEA,ARI,0.5942102038771602,0.40578979612283983,0.6,0.425531914893617,0.5850622406639003,0.41493775933609955,-150.0,135.0,True,True,True,SEA,SEA,ARI,0.0,0.0,0.5942102038771602,0.5850622406639003,0.5850622406639003,0.009147963213259835,-150.0,-1.0,-150.0,-1.0,2.4857403868302432,2.5,-0.014259613169756769,-10.0,-12.5
2021,11,2021_11_BAL_CHI,CHI,BAL,0.3468673203999348,0.6531326796000652,0.33444816053511706,0.6932515337423313,0.32543374528320723,0.6745662547167928,199.0,-226.0,False,False,True,BAL,BAL,BAL,1.0,1.0,0.6531326796000652,0.6745662547167928,0.6745662547167928,-0.02143357511672761,-226.0,0.4424778761061947,-226.0,0.4424778761061947,-1.3848873128199155,-5.0,3.6151126871800843,-3.0,2.0
2021,11,2021_11_CIN_LV,LV,CIN,0.4165939262121858,0.5834060737878142,0.4716981132075472,0.5515695067264574,0.46097238299983456,0.5390276170001653,112.0,-123.0,False,False,True,CIN,CIN,CIN,1.0,1.0,0.5834060737878142,0.5390276170001653,0.5390276170001653,0.044378456787648846,-123.0,0.8130081300813008,-123.0,0.8130081300813008,-1.9837853108663333,-1.0,-0.9837853108663333,-19.0,-18.0
2021,11,2021_11_DAL_KC,KC,DAL,0.5658725600676493,0.4341274399323507,0.5726495726495726,0.45045045045045046,0.5597200270941521,0.4402799729058478,-134.0,122.0,True,True,True,KC,KC,KC,1.0,1.0,0.5658725600676493,0.5597200270941521,0.5597200270941521,0.00615253297349716,-134.0,0.7462686567164178,-134.0,0.7462686567164178,1.7774569710137766,2.5,-0.7225430289862234,10.0,7.5
2021,11,2021_11_DET_CLE,CLE,DET,0.7598277340749129,0.24017226592508711,0.855072463768116,0.17699115044247787,0.8285075183298123,0.17149248167018763,-590.0,465.0,True,True,True,CLE,CLE,CLE,1.0,1.0,0.7598277340749129,0.8285075183298123,0.8285075183298123,-0.0686797842548994,-590.0,0.1694915254237288,-590.0,0.1694915254237288,6.3710269587027,13.0,-6.6289730412973,3.0,-10.0
2021,11,2021_11_GB_MIN,MIN,GB,0.4722575365491865,0.5277424634508134,0.4975124378109453,0.5260663507109005,0.486051922323835,0.513948077676165,101.0,-111.0,False,False,True,GB,GB,MIN,0.0,0.0,0.5277424634508134,0.513948077676165,0.513948077676165,0.013794385774648421,-111.0,-1.0,-111.0,-1.0,-0.569437637516686,-1.0,0.43056236248331403,3.0,4.0
2021,11,2021_11_HOU_TEN,TEN,HOU,0.7195067604312941,0.28049323956870587,0.8220640569395018,0.20964360587002095,0.7967994099228416,0.20320059007715835,-462.0,377.0,True,True,True,TEN,TEN,HOU,0.0,0.0,0.7195067604312941,0.7967994099228416,0.7967994099228416,-0.07729264949154746,-462.0,-1.0,-462.0,-1.0,3.051543335114271,10.5,-7.448456664885729,-9.0,-19.5
2021,11,2021_11_IND_BUF,BUF,IND,0.6756498803142026,0.3243501196857974,0.7619047619047619,0.26737967914438504,0.7402276100940128,0.25977238990598717,-320.0,274.0,True,True,True,BUF,BUF,IND,0.0,0.0,0.6756498803142026,0.7402276100940128,0.7402276100940128,-0.06457772977981024,-320.0,-1.0,-320.0,-1.0,3.2063972857250134,7.5,-4.293602714274987,-26.0,-33.5
2021,11,2021_11_MIA_NYJ,NYJ,MIA,0.5106050976177517,0.48939490238224825,0.3816793893129771,0.6441281138790036,0.37207701067238685,0.6279229893276131,162.0,-181.0,True,False,False,NYJ,MIA,MIA,0.0,1.0,0.5106050976177517,0.6279229893276131,0.37207701067238685,0.1385280869453649,162.0,-1.0,-181.0,0.5524861878453038,0.1536337213396929,-3.5,3.653633721339693,-7.0,-3.5
2021,11,2021_11_NE_ATL,ATL,NE,0.2490399155141855,0.7509600844858145,0.2631578947368421,0.7668997668997669,0.25547879942829915,0.7445212005717008,280.0,-329.0,False,False,True,NE,NE,NE,1.0,1.0,0.7509600844858145,0.7445212005717008,0.7445212005717008,0.0064388839141137355,-329.0,0.30395136778115495,-329.0,0.30395136778115495,-8.11590350755406,-7.0,-1.1159035075540604,-25.0,-18.0
2021,11,2021_11_NO_PHI,PHI,NO,0.5707610683406702,0.4292389316593298,0.5901639344262295,0.43478260869565216,0.5757997218358832,0.4242002781641169,-144.0,130.0,True,True,True,PHI,PHI,PHI,1.0,1.0,0.5707610683406702,0.5757997218358832,0.5757997218358832,-0.005038653495213041,-144.0,0.6944444444444444,-144.0,0.6944444444444444,1.5978171160032553,2.5,-0.9021828839967447,11.0,8.5
2021,11,2021_11_NYG_TB,TB,NYG,0.7435882681325913,0.25641173186740873,0.8405103668261563,0.19120458891013384,0.8146730471948239,0.18532695280517614,-527.0,423.0,True,True,True,TB,TB,TB,1.0,1.0,0.7435882681325913,0.8146730471948239,0.8146730471948239,-0.07108477906223265,-527.0,0.1897533206831119,-527.0,0.1897533206831119,8.43032137568594,11.5,-3.0696786243140597,20.0,8.5
2021,11,2021_11_PIT_LAC,LAC,PIT,0.5494799914146369,0.4505200085853631,0.7150997150997151,0.3125,0.6958932594004505,0.30410674059954945,-251.0,220.0,True,True,True,LAC,LAC,LAC,1.0,1.0,0.5494799914146369,0.6958932594004505,0.6958932594004505,-0.14641326798581367,-251.0,0.3984063745019921,-251.0,0.3984063745019921,2.23919737805833,5.5,-3.26080262194167,4.0,-1.5
2021,11,2021_11_SF_JAX,JAX,SF,0.3329584532013803,0.6670415467986197,0.2915451895043732,0.7375328083989501,0.2833071838076188,0.7166928161923811,243.0,-281.0,False,False,True,SF,SF,SF,1.0,1.0,0.6670415467986197,0.7166928161923811,0.7166928161923811,-0.04965126939376141,-281.0,0.3558718861209964,-281.0,0.3558718861209964,-4.23159673382329,-6.5,2.26840326617671,-20.0,-13.5
2021,11,2021_11_WAS_CAR,CAR,WAS,0.5933996086410034,0.4066003913589966,0.6323529411764706,0.3937007874015748,0.6162961291050671,0.3837038708949329,-172.0,154.0,True,True,True,CAR,CAR,WAS,0.0,0.0,0.5933996086410034,0.6162961291050671,0.6162961291050671,-0.022896520464063763,-172.0,-1.0,-172.0,-1.0,2.71563451316861,3.5,-0.7843654868313901,-6.0,-9.5
2021,12,2021_12_ATL_JAX,JAX,ATL,0.5281803749957925,0.4718196250042075,0.4878048780487805,0.5348837209302325,0.47698280643372154,0.5230171935662784,105.0,-115.0,True,False,False,JAX,ATL,ATL,0.0,1.0,0.5281803749957925,0.5230171935662784,0.47698280643372154,0.05119756856207097,105.0,-1.0,-115.0,0.8695652173913042,0.0469219754223333,-1.5,1.5469219754223333,-7.0,-5.5
2021,12,2021_12_BUF_NO,NO,BUF,0.2645253182598287,0.7354746817401713,0.29850746268656714,0.7297297297297297,0.290309925460965,0.7096900745390349,235.0,-270.0,False,False,True,BUF,BUF,BUF,1.0,1.0,0.7354746817401713,0.7096900745390349,0.7096900745390349,0.0257846072011364,-270.0,0.37037037037037024,-270.0,0.37037037037037024,-8.719672810766106,-7.0,-1.719672810766106,-25.0,-18.0
2021,12,2021_12_CAR_MIA,MIA,CAR,0.4642730511093436,0.5357269488906564,0.4807692307692308,0.54337899543379,0.46943325045014145,0.5305667495498585,108.0,-119.0,False,False,True,CAR,CAR,MIA,0.0,0.0,0.5357269488906564,0.5305667495498585,0.5305667495498585,0.005160199340797922,-119.0,-1.0,-119.0,-1.0,0.1011721021923287,-1.0,1.1011721021923286,23.0,24.0
2021,12,2021_12_CHI_DET,DET,CHI,0.3828181440570892,0.6171818559429108,0.46511627906976744,0.5633187772925764,0.45225634442579243,0.5477436555742076,115.0,-129.0,False,False,True,CHI,CHI,CHI,1.0,1.0,0.6171818559429108,0.5477436555742076,0.5477436555742076,0.06943820036870318,-129.0,0.7751937984496124,-129.0,0.7751937984496124,-2.743596197657204,-2.0,-0.7435961976572041,-2.0,0.0
2021,12,2021_12_CLE_BAL,BAL,CLE,0.5543049855573989,0.44569501444260107,0.609375,0.4166666666666667,0.5939086294416244,0.40609137055837563,-156.0,140.0,True,True,True,BAL,BAL,BAL,1.0,1.0,0.5543049855573989,0.5939086294416244,0.5939086294416244,-0.03960364388422544,-156.0,0.641025641025641,-156.0,0.641025641025641,3.3921353663431724,3.0,0.39213536634317236,6.0,3.0
2021,12,2021_12_LAC_DEN,DEN,LAC,0.5276809680983627,0.47231903190163727,0.44052863436123346,0.5850622406639004,0.4295364214803857,0.5704635785196144,127.0,-141.0,True,False,False,DEN,LAC,DEN,1.0,0.0,0.5276809680983627,0.5704635785196144,0.4295364214803857,0.09814454661797706,127.0,1.27,-141.0,-1.0,-0.5841696190306006,-2.5,1.9158303809693993,15.0,17.5
2021,12,2021_12_LA_GB,GB,LA,0.4441629011239129,0.5558370988760871,0.4807692307692308,0.5454545454545454,0.4684838160136286,0.5315161839863713,108.0,-120.0,False,False,True,LA,LA,GB,0.0,0.0,0.5558370988760871,0.5315161839863713,0.5315161839863713,0.024320914889715772,-120.0,-1.0,-120.0,-1.0,-4.2208579435182445,-2.0,-2.2208579435182445,8.0,10.0
2021,12,2021_12_LV_DAL,DAL,LV,0.6513745223643321,0.34862547763566787,0.7584541062801933,0.27100271002710025,0.7367517454503835,0.26324825454961653,-314.0,269.0,True,True,True,DAL,DAL,LV,0.0,0.0,0.6513745223643321,0.7367517454503835,0.7367517454503835,-0.08537722308605133,-314.0,-1.0,-314.0,-1.0,3.945309970965051,7.0,-3.054690029034949,-3.0,-10.0
2021,12,2021_12_MIN_SF,SF,MIN,0.6034577936278887,0.39654220637211135,0.6466431095406361,0.3787878787878788,0.6306061713569676,0.3693938286430324,-183.0,164.0,True,True,True,SF,SF,SF,1.0,1.0,0.6034577936278887,0.6306061713569676,0.6306061713569676,-0.027148377729078965,-183.0,0.5464480874316942,-183.0,0.5464480874316942,2.1750436076415225,3.5,-1.3249563923584775,8.0,4.5
2021,12,2021_12_NYJ_HOU,HOU,NYJ,0.4248684281764863,0.5751315718235137,0.5798319327731093,0.4444444444444444,0.5660893345487694,0.43391066545123064,-138.0,125.0,False,True,False,NYJ,HOU,NYJ,1.0,0.0,0.5751315718235137,0.5660893345487694,0.43391066545123064,0.14122090637228307,125.0,1.25,-138.0,-1.0,0.1843892856667678,3.0,-2.815610714333232,-7.0,-10.0
2021,12,2021_12_PHI_NYG,NYG,PHI,0.3937181895113673,0.6062818104886327,0.36900369003690037,0.6575342465753424,0.35946425054165854,0.6405357494583416,171.0,-192.0,False,False,True,PHI,PHI,NYG,0.0,0.0,0.6062818104886327,0.6405357494583416,0.6405357494583416,-0.03425393896970885,-192.0,-1.0,-192.0,-1.0,-2.3301174963999127,-4.0,1.6698825036000873,6.0,10.0
2021,12,2021_12_PIT_CIN,CIN,PIT,0.5729476107209566,0.42705238927904343,0.6323529411764706,0.3937007874015748,0.6162961291050671,0.3837038708949329,-172.0,154.0,True,True,True,CIN,CIN,CIN,1.0,1.0,0.5729476107209566,0.6162961291050671,0.6162961291050671,-0.04334851838411058,-172.0,0.5813953488372094,-172.0,0.5813953488372094,1.2813311186228884,3.5,-2.218668881377112,31.0,27.5
2021,12,2021_12_SEA_WAS,WAS,SEA,0.4315680303127081,0.5684319696872919,0.46296296296296297,0.5614035087719298,0.4519505233111322,0.5480494766888677,116.0,-128.0,False,False,True,SEA,SEA,WAS,0.0,0.0,0.5684319696872919,0.5480494766888677,0.5480494766888677,0.020382492998424206,-128.0,-1.0,-128.0,-1.0,-1.694950182486233,-1.0,-0.694950182486233,2.0,3.0
2021,12,2021_12_TB_IND,IND,TB,0.5080310768749949,0.49196892312500506,0.425531914893617,0.5983935742971888,0.4155887507302011,0.5844112492697988,135.0,-149.0,True,False,False,IND,TB,TB,0.0,1.0,0.5080310768749949,0.5844112492697988,0.4155887507302011,0.09244232614479386,135.0,-1.0,-149.0,0.6711409395973154,-0.284066585252331,-3.0,2.715933414747669,-7.0,-4.0
2021,12,2021_12_TEN_NE,NE,TEN,0.6723365798807226,0.3276634201192774,0.7530864197530864,0.27624309392265195,0.7316281227221523,0.2683718772778477,-305.0,262.0,True,True,True,NE,NE,NE,1.0,1.0,0.6723365798807226,0.7316281227221523,0.7316281227221523,-0.05929154284142968,-305.0,0.3278688524590163,-305.0,0.3278688524590163,6.097709715191125,7.5,-1.402290284808875,23.0,15.5
2021,13,2021_13_ARI_CHI,CHI,ARI,0.3144681886114354,0.6855318113885647,0.24154589371980675,0.7885835095137421,0.23448111757765636,0.7655188824223437,314.0,-373.0,False,False,True,ARI,ARI,ARI,1.0,1.0,0.6855318113885647,0.7655188824223437,0.7655188824223437,-0.079987071033779,-373.0,0.26809651474530827,-373.0,0.26809651474530827,-5.121403996902879,-7.5,2.3785960030971207,-11.0,-3.5
2021,13,2021_13_BAL_PIT,PIT,BAL,0.4990182622394423,0.5009817377605577,0.36496350364963503,0.6610169491525424,0.3557216929940914,0.6442783070059086,174.0,-195.0,False,False,True,BAL,BAL,PIT,0.0,0.0,0.5009817377605577,0.6442783070059086,0.6442783070059086,-0.14329656924535095,-195.0,-1.0,-195.0,-1.0,-1.0757576057346234,-4.0,2.9242423942653764,1.0,5.0
2021,13,2021_13_DAL_NO,NO,DAL,0.2589289310848545,0.7410710689151455,0.3105590062111801,0.7175141242937854,0.30207871113083246,0.6979212888691675,222.0,-254.0,False,False,True,DAL,DAL,DAL,1.0,1.0,0.7410710689151455,0.6979212888691675,0.6979212888691675,0.043149780045978026,-254.0,0.39370078740157477,-254.0,0.39370078740157477,-7.468071771585082,-6.0,-1.4680717715850822,-10.0,-4.0
2021,13,2021_13_DEN_KC,KC,DEN,0.6897418346026754,0.31025816539732465,0.7946611909650924,0.2364066193853428,0.7707167103733034,0.2292832896266967,-387.0,323.0,True,True,True,KC,KC,KC,1.0,1.0,0.6897418346026754,0.7707167103733034,0.7707167103733034,-0.08097487577062801,-387.0,0.25839793281653733,-387.0,0.25839793281653733,6.74716047377752,8.5,-1.7528395262224796,13.0,4.5
2021,13,2021_13_IND_HOU,HOU,IND,0.2684722236687701,0.7315277763312299,0.22779043280182232,0.8031496062992126,0.2209541041789902,0.7790458958210097,339.0,-408.0,False,False,True,IND,IND,IND,1.0,1.0,0.7315277763312299,0.7790458958210097,0.7790458958210097,-0.0475181194897798,-408.0,0.2450980392156863,-408.0,0.2450980392156863,-7.14347343182621,-10.0,2.8565265681737904,-31.0,-21.0
2021,13,2021_13_JAX_LA,LA,JAX,0.6814794390053557,0.3185205609946443,0.8883928571428571,0.14347202295552366,0.8609585172219015,0.1390414827780985,-796.0,597.0,True,True,True,LA,LA,LA,1.0,1.0,0.6814794390053557,0.8609585172219015,0.8609585172219015,-0.17947907821654585,-796.0,0.12562814070351758,-796.0,0.12562814070351758,8.079036318924617,14.0,-5.920963681075383,30.0,16.0
2021,13,2021_13_LAC_CIN,CIN,LAC,0.4501193301612955,0.5498806698387044,0.5850622406639004,0.44052863436123346,0.5704635785196144,0.4295364214803857,-141.0,127.0,False,True,False,LAC,CIN,LAC,1.0,0.0,0.5498806698387044,0.5704635785196144,0.4295364214803857,0.12034424835831875,127.0,1.27,-141.0,-1.0,-0.3767731829639582,2.5,-2.8767731829639582,-19.0,-21.5
2021,13,2021_13_MIN_DET,DET,MIN,0.3330736199946845,0.6669263800053156,0.28169014084507044,0.7474747474747475,0.27370749239701414,0.7262925076029859,255.0,-296.0,False,False,True,MIN,MIN,DET,0.0,0.0,0.6669263800053156,0.7262925076029859,0.7262925076029859,-0.05936612759767035,-296.0,-1.0,-296.0,-1.0,-6.116389449243474,-7.0,0.8836105507565257,2.0,9.0
2021,13,2021_13_NE_BUF,BUF,NE,0.5066091479776594,0.49339085202234056,0.5934959349593496,0.43103448275862066,0.5792858120125872,0.4207141879874127,-146.0,132.0,True,True,True,BUF,BUF,NE,0.0,0.0,0.5066091479776594,0.5792858120125872,0.5792858120125872,-0.07267666403492778,-146.0,-1.0,-146.0,-1.0,2.292196776700274,3.0,-0.707803223299726,-4.0,-7.0
2021,13,2021_13_NYG_MIA,MIA,NYG,0.703758040265098,0.29624195973490197,0.7455470737913485,0.28328611898017,0.7246530137533368,0.2753469862466633,-293.0,253.0,True,True,True,MIA,MIA,MIA,1.0,1.0,0.703758040265098,0.7246530137533368,0.7246530137533368,-0.020894973488238766,-293.0,0.341296928327645,-293.0,0.341296928327645,5.20337478297486,6.5,-1.2966252170251398,11.0,4.5
2021,13,2021_13_PHI_NYJ,NYJ,PHI,0.4137251873343672,0.5862748126656327,0.36101083032490977,0.6655518394648829,0.35166954823988805,0.648330451760112,177.0,-199.0,False,False,True,PHI,PHI,PHI,1.0,1.0,0.5862748126656327,0.648330451760112,0.648330451760112,-0.0620556390944792,-199.0,0.5025125628140703,-199.0,0.5025125628140703,-2.009894259097328,-5.0,2.990105740902672,-15.0,-10.0
2021,13,2021_13_SF_SEA,SEA,SF,0.4729251489735952,0.5270748510264047,0.4444444444444444,0.5798319327731093,0.43391066545123064,0.5660893345487694,125.0,-138.0,False,False,True,SF,SF,SEA,0.0,0.0,0.5270748510264047,0.5660893345487694,0.5660893345487694,-0.039014483522364696,-138.0,-1.0,-138.0,-1.0,-1.5299533173051112,-3.0,1.4700466826948888,7.0,10.0
2021,13,2021_13_TB_ATL,ATL,TB,0.3132769550534713,0.6867230449465287,0.2053388090349076,0.8260869565217391,0.19908248939669348,0.8009175106033065,387.0,-475.0,False,False,True,TB,TB,TB,1.0,1.0,0.6867230449465287,0.8009175106033065,0.8009175106033065,-0.11419446565677782,-475.0,0.21052631578947367,-475.0,0.21052631578947367,-8.030803445591921,-11.0,2.9691965544080787,-13.0,-2.0
2021,13,2021_13_WAS_LV,LV,WAS,0.4420720833015382,0.5579279166984619,0.5614035087719298,0.46296296296296297,0.5480494766888677,0.4519505233111322,-128.0,116.0,False,True,False,WAS,LV,WAS,1.0,0.0,0.5579279166984619,0.5480494766888677,0.4519505233111322,0.10597739338732964,116.0,1.1600000000000001,-128.0,-1.0,-1.386981626821023,1.0,-2.386981626821023,-2.0,-3.0
2021,14,2021_14_ATL_CAR,CAR,ATL,0.5947189012948073,0.4052810987051927,0.576271186440678,0.4484304932735426,0.562379468921525,0.43762053107847504,-136.0,123.0,True,True,True,CAR,CAR,ATL,0.0,0.0,0.5947189012948073,0.562379468921525,0.562379468921525,0.032339432373282295,-136.0,-1.0,-136.0,-1.0,1.7805321140728645,2.5,-0.7194678859271355,-8.0,-10.5
2021,14,2021_14_BAL_CLE,CLE,BAL,0.67021851639053,0.32978148360947,0.6,0.425531914893617,0.5850622406639003,0.41493775933609955,-150.0,135.0,True,True,True,CLE,CLE,CLE,1.0,1.0,0.67021851639053,0.5850622406639003,0.5850622406639003,0.08515627572662965,-150.0,0.6666666666666665,-150.0,0.6666666666666665,2.63508149063024,3.0,-0.36491850936976,2.0,-1.0
2021,14,2021_14_BUF_TB,TB,BUF,0.4988578234480516,0.5011421765519484,0.6441281138790036,0.3831417624521073,0.6270291076571854,0.3729708923428147,-181.0,161.0,False,True,False,BUF,TB,TB,0.0,1.0,0.5011421765519484,0.6270291076571854,0.3729708923428147,0.12817128420913365,161.0,-1.0,-181.0,0.5524861878453038,2.2863492975081146,3.5,-1.2136507024918854,6.0,2.5
2021,14,2021_14_CHI_GB,GB,CHI,0.6845196916901833,0.31548030830981666,0.86468200270636,0.16722408026755853,0.8379464148659493,0.16205358513405052,-639.0,498.0,True,True,True,GB,GB,GB,1.0,1.0,0.6845196916901833,0.8379464148659493,0.8379464148659493,-0.153426723175766,-639.0,0.15649452269170583,-639.0,0.15649452269170583,2.7105974557467785,11.5,-8.789402544253221,15.0,3.5
2021,14,2021_14_DAL_WAS,WAS,DAL,0.3304487967662574,0.6695512032337426,0.28901734104046245,0.7395833333333334,0.2809810923139964,0.7190189076860036,246.0,-284.0,False,False,True,DAL,DAL,DAL,1.0,1.0,0.6695512032337426,0.7190189076860036,0.7190189076860036,-0.04946770445226101,-284.0,0.352112676056338,-284.0,0.352112676056338,-5.053731490209161,-6.5,1.4462685097908388,-7.0,-0.5
2021,14,2021_14_DET_DEN,DEN,DET,0.6927616768315542,0.3072383231684458,0.8639455782312925,0.16806722689075632,0.83714618069019,0.16285381930981002,-635.0,495.0,True,True,True,DEN,DEN,DEN,1.0,1.0,0.6927616768315542,0.83714618069019,0.83714618069019,-0.14438450385863577,-635.0,0.15748031496062986,-635.0,0.15748031496062986,7.178717237888822,13.0,-5.821282762111178,28.0,15.0
2021,14,2021_14_JAX_TEN,TEN,JAX,0.6566020858275314,0.34339791417246857,0.7933884297520661,0.2375296912114014,0.7695940284865566,0.23040597151344352,-384.0,321.0,True,True,True,TEN,TEN,TEN,1.0,1.0,0.6566020858275314,0.7695940284865566,0.7695940284865566,-0.11299194265902512,-384.0,0.26041666666666674,-384.0,0.26041666666666674,6.219173717339222,8.5,-2.2808262826607777,20.0,11.5
2021,14,2021_14_LA_ARI,ARI,LA,0.5831782977973606,0.41682170220263937,0.6323529411764706,0.3937007874015748,0.6162961291050671,0.3837038708949329,-172.0,154.0,True,True,True,ARI,ARI,LA,0.0,0.0,0.5831782977973606,0.6162961291050671,0.6162961291050671,-0.03311783130770651,-172.0,-1.0,-172.0,-1.0,0.8209155194016153,3.0,-2.1790844805983847,-7.0,-10.0
2021,14,2021_14_LV_KC,KC,LV,0.673451433769765,0.326548566230235,0.8161764705882353,0.21505376344086022,0.7914590201640727,0.20854097983592731,-444.0,365.0,True,True,True,KC,KC,KC,1.0,1.0,0.673451433769765,0.7914590201640727,0.7914590201640727,-0.11800758639430764,-444.0,0.22522522522522515,-444.0,0.22522522522522515,2.9003752989708103,10.0,-7.09962470102919,39.0,29.0
2021,14,2021_14_NO_NYJ,NYJ,NO,0.4252922321114274,0.5747077678885726,0.3663003663003663,0.6598639455782312,0.3569607343192249,0.6430392656807752,173.0,-194.0,False,False,True,NO,NO,NO,1.0,1.0,0.5747077678885726,0.6430392656807752,0.6430392656807752,-0.0683314977922026,-194.0,0.5154639175257731,-194.0,0.5154639175257731,-2.358919180154516,-4.5,2.141080819845484,-21.0,-16.5
2021,14,2021_14_NYG_LAC,LAC,NYG,0.748801900272364,0.25119809972763596,0.797979797979798,0.2331002331002331,0.7739261492087415,0.22607385079125844,-395.0,329.0,True,True,True,LAC,LAC,LAC,1.0,1.0,0.748801900272364,0.7739261492087415,0.7739261492087415,-0.025124248936377436,-395.0,0.25316455696202533,-395.0,0.25316455696202533,5.204985635688211,9.5,-4.295014364311789,16.0,6.5
2021,14,2021_14_PIT_MIN,MIN,PIT,0.6148818686111375,0.38511813138886253,0.6363636363636364,0.38910505836575876,0.6205588133839255,0.3794411866160745,-175.0,157.0,True,True,True,MIN,MIN,MIN,1.0,1.0,0.6148818686111375,0.6205588133839255,0.6205588133839255,-0.005676944772788017,-175.0,0.5714285714285714,-175.0,0.5714285714285714,2.61305344354444,3.5,-0.8869465564555599,8.0,4.5
2021,14,2021_14_SEA_HOU,HOU,SEA,0.2965523110872078,0.7034476889127922,0.2304147465437788,0.8003992015968064,0.22352699724272085,0.776473002757279,334.0,-401.0,False,False,True,SEA,SEA,SEA,1.0,1.0,0.7034476889127922,0.776473002757279,0.776473002757279,-0.07302531384448685,-401.0,0.24937655860349128,-401.0,0.24937655860349128,-6.880440127277852,-10.0,3.1195598727221476,-20.0,-10.0
2021,14,2021_14_SF_CIN,CIN,SF,0.4677754719443146,0.5322245280556854,0.4608294930875576,0.5652173913043478,0.4491310290958797,0.5508689709041202,117.0,-130.0,False,False,True,SF,SF,SF,1.0,1.0,0.5322245280556854,0.5508689709041202,0.5508689709041202,-0.018644442848434806,-130.0,0.7692307692307692,-130.0,0.7692307692307692,-0.9396073976466068,-2.5,1.5603926023533932,-3.0,-0.5
2021,15,2021_15_ARI_DET,DET,ARI,0.296738456674795,0.703261543325205,0.16806722689075632,0.8637602179836512,0.16288307480638217,0.8371169251936178,495.0,-634.0,False,False,True,ARI,ARI,DET,0.0,0.0,0.703261543325205,0.8371169251936178,0.8371169251936178,-0.13385538186841284,-634.0,-1.0,-634.0,-1.0,-7.5860073652027955,-13.0,5.4139926347972045,18.0,31.0
2021,15,2021_15_ATL_SF,SF,ATL,0.7243686885954674,0.27563131140453256,0.7916666666666666,0.2386634844868735,0.7683621272077985,0.23163787279220152,-380.0,319.0,True,True,True,SF,SF,SF,1.0,1.0,0.7243686885954674,0.7683621272077985,0.7683621272077985,-0.04399343861233107,-380.0,0.26315789473684204,-380.0,0.26315789473684204,3.285908978345119,9.5,-6.21409102165488,18.0,8.5
2021,15,2021_15_CAR_BUF,BUF,CAR,0.6976871830340085,0.30231281696599155,0.8808104886769964,0.1510574018126888,0.853607808514128,0.14639219148587201,-739.0,562.0,True,True,True,BUF,BUF,BUF,1.0,1.0,0.6976871830340085,0.853607808514128,0.853607808514128,-0.15592062548011953,-739.0,0.13531799729364002,-739.0,0.13531799729364002,6.172391708900161,14.0,-7.827608291099839,17.0,3.0
2021,15,2021_15_CIN_DEN,DEN,CIN,0.5940369370666818,0.4059630629333182,0.6078431372549019,0.4166666666666667,0.5933014354066986,0.4066985645933015,-155.0,140.0,True,True,True,DEN,DEN,CIN,0.0,0.0,0.5940369370666818,0.5933014354066986,0.5933014354066986,0.000735501659983262,-155.0,-1.0,-155.0,-1.0,1.3522205238052325,3.0,-1.6477794761947675,-5.0,-8.0
2021,15,2021_15_DAL_NYG,NYG,DAL,0.2859452758742046,0.7140547241257954,0.1893939393939394,0.8422712933753943,0.18358081030369017,0.8164191896963099,428.0,-534.0,False,False,True,DAL,DAL,DAL,1.0,1.0,0.7140547241257954,0.8164191896963099,0.8164191896963099,-0.10236446557051448,-534.0,0.18726591760299627,-534.0,0.18726591760299627,-7.68092716467932,-11.5,3.8190728353206804,-15.0,-3.5
2021,15,2021_15_GB_BAL,BAL,GB,0.314274203544316,0.685725796455684,0.2506265664160401,0.7797356828193832,0.24324121599177054,0.7567587840082296,299.0,-354.0,False,False,True,GB,GB,GB,1.0,1.0,0.685725796455684,0.7567587840082296,0.7567587840082296,-0.07103298755254561,-354.0,0.28248587570621475,-354.0,0.28248587570621475,-8.24396670431077,-9.5,1.25603329568923,-1.0,8.5
2021,15,2021_15_HOU_JAX,JAX,HOU,0.6706892187649881,0.3293107812350119,0.7198879551820728,0.30864197530864196,0.6999193060318741,0.30008069396812587,-257.0,224.0,True,True,True,JAX,JAX,HOU,0.0,0.0,0.6706892187649881,0.6999193060318741,0.6999193060318741,-0.02923008726688603,-257.0,-1.0,-257.0,-1.0,2.679433881070697,6.0,-3.320566118929303,-14.0,-20.0
2021,15,2021_15_KC_LAC,LAC,KC,0.4863764173846331,0.5136235826153669,0.39215686274509803,0.6336996336996337,0.38227263180004206,0.617727368199958,155.0,-173.0,False,False,True,KC,KC,KC,1.0,1.0,0.5136235826153669,0.617727368199958,0.617727368199958,-0.1041037855845911,-173.0,0.5780346820809248,-173.0,0.5780346820809248,3.857886367192106,-3.0,6.857886367192107,-6.0,-3.0
2021,15,2021_15_LV_CLE,CLE,LV,0.6007880521159759,0.39921194788402414,0.4329004329004329,0.5951417004048583,0.4210921117684164,0.5789078882315836,131.0,-147.0,True,False,False,CLE,LV,LV,0.0,1.0,0.6007880521159759,0.5789078882315836,0.4210921117684164,0.17969594034755948,131.0,-1.0,-147.0,0.6802721088435373,2.173242111038118,-3.0,5.1732421110381175,-2.0,1.0
2021,15,2021_15_MIN_CHI,CHI,MIN,0.2513920474485323,0.7486079525514677,0.26737967914438504,0.7619047619047619,0.25977238990598717,0.7402276100940128,274.0,-320.0,False,False,True,MIN,MIN,MIN,1.0,1.0,0.7486079525514677,0.7402276100940128,0.7402276100940128,0.008380342457454892,-320.0,0.3125,-320.0,0.3125,-7.603461986831482,-7.0,-0.6034619868314817,-8.0,-1.0
2021,15,2021_15_NE_IND,IND,NE,0.5756389617592012,0.42436103824079885,0.5215311004784688,0.504950495049505,0.5080764260660882,0.4919235739339118,-109.0,-102.0,True,True,True,IND,IND,IND,1.0,1.0,0.5756389617592012,0.5080764260660882,0.5080764260660882,0.06756253569311299,-109.0,0.9174311926605505,-109.0,0.9174311926605505,2.2874073950493656,-1.0,3.2874073950493656,10.0,11.0
2021,15,2021_15_NO_TB,TB,NO,0.7200063515078932,0.27999364849210684,0.8381877022653722,0.19342359767891681,0.8125034131660225,0.18749658683397752,-518.0,417.0,True,True,True,TB,TB,NO,0.0,0.0,0.7200063515078932,0.8125034131660225,0.8125034131660225,-0.09249706165812932,-518.0,-1.0,-518.0,-1.0,5.238597999200072,11.5,-6.261402000799928,-9.0,-20.5
2021,15,2021_15_NYJ_MIA,MIA,NYJ,0.7468013255099427,0.2531986744900573,0.8165137614678899,0.2145922746781116,0.7918814679039217,0.2081185320960782,-445.0,366.0,True,True,True,MIA,MIA,MIA,1.0,1.0,0.7468013255099427,0.7918814679039217,0.7918814679039217,-0.04508014239397895,-445.0,0.2247191011235956,-445.0,0.2247191011235956,6.895924322366227,10.5,-3.604075677633773,7.0,-3.5
2021,15,2021_15_SEA_LA,LA,SEA,0.5828829927523235,0.41711700724767653,0.7787610619469026,0.25125628140703515,0.7560659701234782,0.2439340298765219,-352.0,298.0,True,True,True,LA,LA,LA,1.0,1.0,0.5828829927523235,0.7560659701234782,0.7560659701234782,-0.17318297737115473,-352.0,0.28409090909090917,-352.0,0.28409090909090917,1.571705737863839,7.5,-5.928294262136161,10.0,2.5
2021,15,2021_15_TEN_PIT,PIT,TEN,0.4461823284382834,0.5538176715617166,0.5475113122171946,0.4784688995215311,0.533647048893203,0.46635295110679686,-121.0,109.0,False,True,False,TEN,PIT,PIT,0.0,1.0,0.5538176715617166,0.533647048893203,0.46635295110679686,0.08746472045491971,109.0,-1.0,-121.0,0.8264462809917354,-0.5312432345167672,1.0,-1.5312432345167672,6.0,5.0
2021,15,2021_15_WAS_PHI,PHI,WAS,0.7354593260841709,0.26454067391582914,0.8230088495575221,0.20833333333333334,0.7979978548444763,0.2020021451555238,-465.0,380.0,True,True,True,PHI,PHI,PHI,1.0,1.0,0.7354593260841709,0.7979978548444763,0.7979978548444763,-0.06253852876030541,-465.0,0.21505376344086025,-465.0,0.21505376344086025,4.814306496892655,10.0,-5.185693503107345,10.0,0.0
2021,16,2021_16_BAL_CIN,CIN,BAL,0.6914392115799295,0.3085607884200705,0.7867803837953091,0.24630541871921183,0.7615828054942709,0.23841719450572915,-369.0,306.0,True,True,True,CIN,CIN,CIN,1.0,1.0,0.6914392115799295,0.7615828054942709,0.7615828054942709,-0.07014359391434144,-369.0,0.2710027100271002,-369.0,0.2710027100271002,5.777893220371258,7.5,-1.7221067796287421,20.0,12.5
2021,16,2021_16_BUF_NE,NE,BUF,0.4865678370088094,0.5134321629911907,0.5327102803738317,0.49504950495049505,0.5183217790582515,0.48167822094174845,-114.0,102.0,False,True,False,BUF,NE,BUF,1.0,0.0,0.5134321629911907,0.5183217790582515,0.48167822094174845,0.03175394204944221,102.0,1.02,-114.0,-1.0,-0.9912863582566984,1.0,-1.9912863582566984,-12.0,-13.0
2021,16,2021_16_CHI_SEA,SEA,CHI,0.7142952257404096,0.2857047742595904,0.7578692493946732,0.2717391304347826,0.7360752537000588,0.26392474629994117,-313.0,268.0,True,True,True,SEA,SEA,CHI,0.0,0.0,0.7142952257404096,0.7360752537000588,0.7360752537000588,-0.021780027959649173,-313.0,-1.0,-313.0,-1.0,4.1520103194017945,7.0,-2.8479896805982055,-1.0,-8.0
2021,16,2021_16_CLE_GB,GB,CLE,0.7177163624543494,0.28228363754565056,0.8113207547169812,0.22573363431151242,0.7823319232822703,0.21766807671772967,-430.0,343.0,True,True,True,GB,GB,GB,1.0,1.0,0.7177163624543494,0.7823319232822703,0.7823319232822703,-0.06461556082792086,-430.0,0.2325581395348837,-430.0,0.2325581395348837,2.805485435408804,7.5,-4.694514564591196,2.0,-5.5
2021,16,2021_16_DEN_LV,LV,DEN,0.5599679803419718,0.4400320196580282,0.504950495049505,0.5215311004784688,0.4919235739339118,0.5080764260660882,-102.0,-109.0,True,False,False,LV,DEN,LV,1.0,0.0,0.5599679803419718,0.5080764260660882,0.4919235739339118,0.06804440640806003,-102.0,0.9803921568627452,-109.0,-1.0,3.1168043010395827,-1.0,4.116804301039583,4.0,5.0
2021,16,2021_16_DET_ATL,ATL,DET,0.6197299933581695,0.3802700066418305,0.7885835095137421,0.24449877750611246,0.7633307815087788,0.2366692184912212,-373.0,309.0,True,True,True,ATL,ATL,ATL,1.0,1.0,0.6197299933581695,0.7633307815087788,0.7633307815087788,-0.14360078815060928,-373.0,0.26809651474530827,-373.0,0.26809651474530827,4.154066957946421,7.5,-3.345933042053579,4.0,-3.5
2021,16,2021_16_IND_ARI,ARI,IND,0.4664116782911652,0.5335883217088349,0.6168582375478927,0.411522633744856,0.5998344142403753,0.4001655857596247,-161.0,143.0,False,True,False,IND,ARI,IND,1.0,0.0,0.5335883217088349,0.5998344142403753,0.4001655857596247,0.13342273594921017,143.0,1.4299999999999997,-161.0,-1.0,2.461350952956411,3.0,-0.538649047043589,-6.0,-9.0
2021,16,2021_16_JAX_NYJ,NYJ,JAX,0.5481386347245374,0.4518613652754626,0.5555555555555556,0.4672897196261682,0.5431472081218274,0.45685279187817257,-125.0,114.0,True,True,True,NYJ,NYJ,NYJ,1.0,1.0,0.5481386347245374,0.5431472081218274,0.5431472081218274,0.004991426602710014,-125.0,0.8,-125.0,0.8,0.9475183817138648,2.5,-1.5524816182861352,5.0,2.5
2021,16,2021_16_LAC_HOU,HOU,LAC,0.3531279349457955,0.6468720650542046,0.16666666666666666,0.8685939553219448,0.1609900571186799,0.83900994288132,500.0,-661.0,False,False,True,LAC,LAC,HOU,0.0,0.0,0.6468720650542046,0.83900994288132,0.83900994288132,-0.19213787782711544,-661.0,-1.0,-661.0,-1.0,-4.099029404111897,-13.5,9.400970595888104,12.0,25.5
2021,16,2021_16_LA_MIN,MIN,LA,0.3729750088438691,0.627024991156131,0.3875968992248062,0.6389891696750902,0.3775590873156503,0.6224409126843496,158.0,-177.0,False,False,True,LA,LA,LA,1.0,1.0,0.627024991156131,0.6224409126843496,0.6224409126843496,0.004584078471781328,-177.0,0.5649717514124295,-177.0,0.5649717514124295,-0.8264005409278232,-3.5,2.673599459072177,-7.0,-3.5
2021,16,2021_16_MIA_NO,NO,MIA,0.3753113967355548,0.6246886032644452,0.411522633744856,0.6153846153846154,0.40073982737361286,0.5992601726263872,143.0,-160.0,False,False,True,MIA,MIA,MIA,1.0,1.0,0.6246886032644452,0.5992601726263872,0.5992601726263872,0.025428430638057997,-160.0,0.625,-160.0,0.625,-2.028478792759797,-3.0,0.9715212072402029,-17.0,-14.0
2021,16,2021_16_NYG_PHI,PHI,NYG,0.7520999377039623,0.24790006229603767,0.8410174880763116,0.1937984496124031,0.812721815973132,0.18727818402686802,-529.0,416.0,True,True,True,PHI,PHI,PHI,1.0,1.0,0.7520999377039623,0.812721815973132,0.812721815973132,-0.06062187826916965,-529.0,0.18903591682419663,-529.0,0.18903591682419663,6.584887256874641,11.0,-4.415112743125359,24.0,13.0
2021,16,2021_16_PIT_KC,KC,PIT,0.7364935529678411,0.26350644703215886,0.8,0.2336448598130841,0.7739602169981917,0.22603978300180833,-400.0,328.0,True,True,True,KC,KC,KC,1.0,1.0,0.7364935529678411,0.7739602169981917,0.7739602169981917,-0.037466664030350594,-400.0,0.25,-400.0,0.25,3.605317810318721,10.5,-6.894682189681279,26.0,15.5
2021,16,2021_16_SF_TEN,TEN,SF,0.5010283059300252,0.49897169406997477,0.3937007874015748,0.6309963099630996,0.38421186945302976,0.6157881305469702,154.0,-171.0,True,False,False,TEN,SF,TEN,1.0,0.0,0.5010283059300252,0.6157881305469702,0.38421186945302976,0.11681643647699547,154.0,1.54,-171.0,-1.0,-1.0976409403752303,-3.5,2.4023590596247697,3.0,6.5
2021,16,2021_16_TB_CAR,CAR,TB,0.2753912844859684,0.7246087155140316,0.20040080160320642,0.8341625207296849,0.19370568942199892,0.806294310578001,399.0,-503.0,False,False,True,TB,TB,TB,1.0,1.0,0.7246087155140316,0.806294310578001,0.806294310578001,-0.08168559506396944,-503.0,0.19880715705765417,-503.0,0.19880715705765417,-8.10700509896311,-11.5,3.3929949010368894,-26.0,-14.5
2021,16,2021_16_WAS_DAL,DAL,WAS,0.6732740816784846,0.32672591832151543,0.8204667863554758,0.21413276231263384,0.7930283629175197,0.20697163708248023,-457.0,367.0,True,True,True,DAL,DAL,DAL,1.0,1.0,0.6732740816784846,0.7930283629175197,0.7930283629175197,-0.11975428123903509,-457.0,0.21881838074398252,-457.0,0.21881838074398252,6.334461840970025,10.5,-4.165538159029975,42.0,31.5
2021,17,2021_17_ARI_DAL,DAL,ARI,0.581679270198888,0.418320729801112,0.7237569060773481,0.3076923076923077,0.7016893283889576,0.29831067161104247,-262.0,225.0,True,True,True,DAL,DAL,ARI,0.0,0.0,0.581679270198888,0.7016893283889576,0.7016893283889576,-0.1200100581900696,-262.0,-1.0,-262.0,-1.0,1.904303159279831,6.5,-4.595696840720169,-3.0,-9.5
2021,17,2021_17_ATL_BUF,BUF,ATL,0.723010510645858,0.276989489354142,0.8970133882595263,0.13793103448275862,0.8667261434992967,0.13327385650070345,-871.0,625.0,True,True,True,BUF,BUF,BUF,1.0,1.0,0.723010510645858,0.8667261434992967,0.8667261434992967,-0.1437156328534387,-871.0,0.11481056257175659,-871.0,0.11481056257175659,4.961510536324463,14.0,-9.038489463675537,14.0,0.0
2021,17,2021_17_CAR_NO,NO,CAR,0.639455920060689,0.36054407993931104,0.7361477572559367,0.2958579881656805,0.7133174989788355,0.2866825010211646,-279.0,238.0,True,True,True,NO,NO,NO,1.0,1.0,0.639455920060689,0.7133174989788355,0.7133174989788355,-0.07386157891814649,-279.0,0.3584229390681004,-279.0,0.3584229390681004,2.0736091551665434,7.0,-4.926390844833456,8.0,1.0
2021,17,2021_17_CLE_PIT,PIT,CLE,0.5294475078575226,0.4705524921424774,0.4878048780487805,0.5391705069124424,0.47499179161650434,0.5250082083834957,105.0,-117.0,True,False,False,PIT,CLE,PIT,1.0,0.0,0.5294475078575226,0.5250082083834957,0.47499179161650434,0.05445571624101825,105.0,1.0499999999999998,-117.0,-1.0,1.489560723060642,-1.0,2.489560723060642,12.0,13.0
2021,17,2021_17_DEN_LAC,LAC,DEN,0.6952646673411678,0.30473533265883224,0.7727272727272727,0.2597402597402597,0.7484276729559749,0.25157232704402516,-340.0,285.0,True,True,True,LAC,LAC,LAC,1.0,1.0,0.6952646673411678,0.7484276729559749,0.7484276729559749,-0.053163005614807135,-340.0,0.2941176470588236,-340.0,0.2941176470588236,5.076909171441674,8.0,-2.923090828558326,21.0,13.0
2021,17,2021_17_DET_SEA,SEA,DET,0.700374145979396,0.29962585402060404,0.7995991983967936,0.234192037470726,0.7734629300912957,0.2265370699087042,-399.0,327.0,True,True,True,SEA,SEA,SEA,1.0,1.0,0.700374145979396,0.7734629300912957,0.7734629300912957,-0.07308878411189978,-399.0,0.2506265664160401,-399.0,0.2506265664160401,4.611685850332443,8.5,-3.888314149667557,22.0,13.5
2021,17,2021_17_HOU_SF,SF,HOU,0.7648044359386516,0.23519556406134845,0.8575498575498576,0.17761989342806395,0.8284147182041719,0.1715852817958282,-602.0,463.0,True,True,True,SF,SF,SF,1.0,1.0,0.7648044359386516,0.8284147182041719,0.8284147182041719,-0.06361028226552035,-602.0,0.1661129568106312,-602.0,0.1661129568106312,8.927680696642403,14.0,-5.072319303357597,16.0,2.0
2021,17,2021_17_JAX_NE,NE,JAX,0.7032558381195029,0.2967441618804971,0.9134948096885813,0.12091898428053205,0.8831038555503422,0.1168961444496578,-1056.0,727.0,True,True,True,NE,NE,NE,1.0,1.0,0.7032558381195029,0.8831038555503422,0.8831038555503422,-0.17984801743083934,-1056.0,0.09469696969696972,-1056.0,0.09469696969696972,6.139003661172569,17.5,-11.36099633882743,40.0,22.5
2021,17,2021_17_KC_CIN,CIN,KC,0.3847955646337816,0.6152044353662184,0.38910505836575876,0.6402877697841727,0.3779947243901776,0.6220052756098224,157.0,-178.0,False,False,True,KC,KC,CIN,0.0,0.0,0.6152044353662184,0.6220052756098224,0.6220052756098224,-0.006800840243604056,-178.0,-1.0,-178.0,-1.0,-3.0232918544840546,-3.5,0.4767081455159454,3.0,6.5
2021,17,2021_17_LA_BAL,BAL,LA,0.302643829140249,0.697356170859751,0.27472527472527475,0.7578692493946732,0.26605339105339104,0.7339466089466089,264.0,-313.0,False,False,True,LA,LA,LA,1.0,1.0,0.697356170859751,0.7339466089466089,0.7339466089466089,-0.03659043808685791,-313.0,0.31948881789137373,-313.0,0.31948881789137373,-4.535060906228052,-7.0,2.4649390937719478,-1.0,6.0
2021,17,2021_17_LV_IND,IND,LV,0.6076617318728549,0.3923382681271451,0.7987927565392354,0.23529411764705882,0.7724619434588531,0.22753805654114684,-397.0,325.0,True,True,True,IND,IND,LV,0.0,0.0,0.6076617318728549,0.7724619434588531,0.7724619434588531,-0.16480021158599822,-397.0,-1.0,-397.0,-1.0,5.509107683032821,8.5,-2.9908923169671793,-3.0,-11.5
2021,17,2021_17_MIA_TEN,TEN,MIA,0.4226075761385764,0.5773924238614236,0.6296296296296297,0.398406374501992,0.6124587340318646,0.3875412659681355,-170.0,151.0,False,True,False,MIA,TEN,TEN,0.0,1.0,0.5773924238614236,0.6124587340318646,0.3875412659681355,0.18985115789328816,151.0,-1.0,-170.0,0.5882352941176472,0.3634874931274306,3.0,-2.6365125068725694,31.0,28.0
2021,17,2021_17_MIN_GB,GB,MIN,0.7553433328583308,0.24465666714166923,0.8753117206982544,0.16,0.8454571731380673,0.15454282686193277,-702.0,525.0,True,True,True,GB,GB,GB,1.0,1.0,0.7553433328583308,0.8454571731380673,0.8454571731380673,-0.09011384027973657,-702.0,0.14245014245014254,-702.0,0.14245014245014254,5.840812241124194,13.0,-7.159187758875806,27.0,14.0
2021,17,2021_17_NYG_CHI,CHI,NYG,0.7179122581665174,0.2820877418334826,0.7416020671834626,0.2898550724637681,0.718984860037033,0.281015139962967,-287.0,245.0,True,True,True,CHI,CHI,CHI,1.0,1.0,0.7179122581665174,0.718984860037033,0.718984860037033,-0.0010726018705156104,-287.0,0.34843205574912894,-287.0,0.34843205574912894,5.005428405598674,7.0,-1.994571594401326,26.0,19.0
2021,17,2021_17_PHI_WAS,WAS,PHI,0.2725646486971284,0.7274353513028716,0.32679738562091504,0.7041420118343196,0.3169899088419552,0.6830100911580448,206.0,-238.0,False,False,True,PHI,PHI,PHI,1.0,1.0,0.7274353513028716,0.6830100911580448,0.6830100911580448,0.04442526014482684,-238.0,0.4201680672268908,-238.0,0.4201680672268908,-8.85494364919685,-6.5,-2.3549436491968496,-4.0,2.5
2021,17,2021_17_TB_NYJ,NYJ,TB,0.3154425694173914,0.6845574305826085,0.13831258644536654,0.8966942148760331,0.1336344710670326,0.8663655289329675,623.0,-868.0,False,False,True,TB,TB,TB,1.0,1.0,0.6845574305826085,0.8663655289329675,0.8663655289329675,-0.18180809835035894,-868.0,0.11520737327188946,-868.0,0.11520737327188946,-5.729360724318077,-14.5,8.770639275681923,-4.0,10.5
2021,18,2021_18_CAR_TB,TB,CAR,0.7546661280090388,0.24533387199096124,0.8360655737704918,0.21052631578947367,0.798845836768343,0.20115416323165702,-510.0,375.0,True,True,True,TB,TB,TB,1.0,1.0,0.7546661280090388,0.798845836768343,0.798845836768343,-0.044179708759304215,-510.0,0.196078431372549,-510.0,0.196078431372549,5.4114853405451,11.0,-5.5885146594549,24.0,13.0
2021,18,2021_18_CHI_MIN,MIN,CHI,0.4677422198492103,0.5322577801507897,0.6551724137931034,0.38461538461538464,0.6301020408163266,0.3698979591836735,-190.0,160.0,False,True,False,CHI,MIN,MIN,0.0,1.0,0.5322577801507897,0.6301020408163266,0.3698979591836735,0.1623598209671162,160.0,-1.0,-190.0,0.5263157894736841,-1.431936797292817,3.5,-4.931936797292817,14.0,10.5
2021,18,2021_18_CIN_CLE,CLE,CIN,0.6813966585281654,0.31860334147183456,0.726027397260274,0.31746031746031744,0.6957699520733487,0.30423004792665137,-265.0,215.0,True,True,True,CLE,CLE,CLE,1.0,1.0,0.6813966585281654,0.6957699520733487,0.6957699520733487,-0.014373293545183241,-265.0,0.37735849056603765,-265.0,0.37735849056603765,4.443021870492029,6.5,-2.0569781295079714,5.0,-1.5
2021,18,2021_18_DAL_PHI,PHI,DAL,0.3203765694077406,0.6796234305922594,0.29850746268656714,0.75,0.2846975088967971,0.7153024911032029,235.0,-300.0,False,False,True,DAL,DAL,DAL,1.0,1.0,0.6796234305922594,0.7153024911032029,0.7153024911032029,-0.035679060510943494,-300.0,0.33333333333333326,-300.0,0.33333333333333326,-2.97799915552936,-6.5,3.52200084447064,-25.0,-18.5
2021,18,2021_18_GB_DET,DET,GB,0.4048779333409096,0.5951220666590904,0.37735849056603776,0.6610169491525424,0.36341238065906994,0.6365876193409301,165.0,-195.0,False,False,True,GB,GB,DET,0.0,0.0,0.5951220666590904,0.6365876193409301,0.6365876193409301,-0.04146555268183971,-195.0,-1.0,-195.0,-1.0,-1.90531521770214,-4.0,2.0946847822978603,7.0,11.0
2021,18,2021_18_IND_JAX,JAX,IND,0.2640764963457068,0.7359235036542933,0.13333333333333333,0.9090909090909091,0.12790697674418605,0.8720930232558138,650.0,-1000.0,False,False,True,IND,IND,JAX,0.0,0.0,0.7359235036542933,0.8720930232558138,0.8720930232558138,-0.13616951960152057,-1000.0,-1.0,-1000.0,-1.0,-6.29410415012922,-14.0,7.70589584987078,15.0,29.0
2021,18,2021_18_KC_DEN,DEN,KC,0.2798974910666862,0.7201025089333137,0.18691588785046728,0.8571428571428571,0.1790281329923274,0.8209718670076727,435.0,-600.0,False,False,True,KC,KC,KC,1.0,1.0,0.7201025089333137,0.8209718670076727,0.8209718670076727,-0.10086935807435893,-600.0,0.16666666666666674,-600.0,0.16666666666666674,-10.312994121385543,-11.5,1.1870058786144568,-4.0,7.5
2021,18,2021_18_LAC_LV,LV,LAC,0.3611209634820894,0.6388790365179107,0.39215686274509803,0.6428571428571429,0.37889039242219213,0.6211096075778079,155.0,-180.0,False,False,True,LAC,LAC,LV,0.0,0.0,0.6388790365179107,0.6211096075778079,0.6211096075778079,0.017769428940102805,-180.0,-1.0,-180.0,-1.0,-3.427461794962498,-3.5,0.07253820503750186,3.0,6.5
2021,18,2021_18_NE_MIA,MIA,NE,0.3314099414295975,0.6685900585704025,0.3333333333333333,0.7142857142857143,0.3181818181818181,0.6818181818181818,200.0,-250.0,False,False,True,NE,NE,MIA,0.0,0.0,0.6685900585704025,0.6818181818181818,0.6818181818181818,-0.013228123247779222,-250.0,-1.0,-250.0,-1.0,-7.289137212705945,-6.0,-1.2891372127059446,9.0,15.0
2021,18,2021_18_NO_ATL,ATL,NO,0.4853197727615091,0.5146802272384909,0.34965034965034963,0.6805111821086262,0.33941312975774796,0.660586870242252,186.0,-213.0,False,False,True,NO,NO,NO,1.0,1.0,0.5146802272384909,0.660586870242252,0.660586870242252,-0.1459066430037611,-213.0,0.4694835680751175,-213.0,0.4694835680751175,1.2286668087529344,-4.5,5.728666808752934,-10.0,-5.5
2021,18,2021_18_NYJ_BUF,BUF,NYJ,0.7422867828197544,0.25771321718024565,0.9259259259259259,0.11764705882352941,0.8872651356993738,0.1127348643006263,-1250.0,750.0,True,True,True,BUF,BUF,BUF,1.0,1.0,0.7422867828197544,0.8872651356993738,0.8872651356993738,-0.14497835287961947,-1250.0,0.08000000000000007,-1250.0,0.08000000000000007,8.534195968075155,16.0,-7.465804031924845,17.0,1.0
2021,18,2021_18_PIT_BAL,BAL,PIT,0.5897590500432052,0.41024094995679483,0.6078431372549019,0.425531914893617,0.5882115462252725,0.4117884537747275,-155.0,135.0,True,True,True,BAL,BAL,PIT,0.0,0.0,0.5897590500432052,0.5882115462252725,0.5882115462252725,0.0015475038179326717,-155.0,-1.0,-155.0,-1.0,0.8655999336923839,3.0,-2.134400066307616,-3.0,-6.0
2021,18,2021_18_SEA_ARI,ARI,SEA,0.6552414921155004,0.3447585078844996,0.7014925373134329,0.3448275862068966,0.6704377766847024,0.3295622233152976,-235.0,190.0,True,True,True,ARI,ARI,SEA,0.0,0.0,0.6552414921155004,0.6704377766847024,0.6704377766847024,-0.015196284569201968,-235.0,-1.0,-235.0,-1.0,3.2862057702839618,5.5,-2.2137942297160382,-8.0,-13.5
2021,18,2021_18_SF_LA,LA,SF,0.5485912355108963,0.4514087644891037,0.6296296296296297,0.4,0.6115107913669064,0.38848920863309355,-170.0,150.0,True,True,True,LA,LA,SF,0.0,0.0,0.5485912355108963,0.6115107913669064,0.6115107913669064,-0.06291955585601017,-170.0,-1.0,-170.0,-1.0,1.3705067083729978,3.0,-1.6294932916270022,-3.0,-6.0
2021,18,2021_18_TEN_HOU,HOU,TEN,0.284651364668287,0.715348635331713,0.19607843137254902,0.8518518518518519,0.18711018711018712,0.8128898128898129,410.0,-575.0,False,False,True,TEN,TEN,TEN,1.0,1.0,0.715348635331713,0.8128898128898129,0.8128898128898129,-0.09754117755809988,-575.0,0.17391304347826075,-575.0,0.17391304347826075,-5.693695076734204,-10.5,4.806304923265796,-3.0,7.5
2021,18,2021_18_WAS_NYG,NYG,WAS,0.3344272560008131,0.665572743999187,0.32679738562091504,0.7041420118343196,0.3169899088419552,0.6830100911580448,206.0,-238.0,False,False,True,WAS,WAS,WAS,1.0,1.0,0.665572743999187,0.6830100911580448,0.6830100911580448,-0.017437347158857808,-238.0,0.4201680672268908,-238.0,0.4201680672268908,-5.280881998571301,-6.0,0.7191180014286989,-15.0,-9.0
2021,19,2021_19_ARI_LA,LA,ARI,0.5289204353519731,0.4710795646480269,0.6415770609318996,0.3875968992248062,0.6233902972381955,0.3766097027618045,-179.0,158.0,True,True,True,LA,LA,LA,1.0,1.0,0.5289204353519731,0.6233902972381955,0.6233902972381955,-0.09446986188622242,-179.0,0.558659217877095,-179.0,0.558659217877095,2.7468864277126475,4.0,-1.2531135722873525,23.0,19.0
2021,19,2021_19_LV_CIN,CIN,LV,0.6429267190473118,0.3570732809526882,0.7126436781609196,0.3184713375796178,0.691138880999716,0.308861119000284,-248.0,214.0,True,True,True,CIN,CIN,CIN,1.0,1.0,0.6429267190473118,0.691138880999716,0.691138880999716,-0.04821216195240419,-248.0,0.403225806451613,-248.0,0.403225806451613,1.89052461855969,6.0,-4.10947538144031,7.0,1.0
2021,19,2021_19_NE_BUF,BUF,NE,0.5602655910075035,0.4397344089924965,0.6742671009771987,0.35587188612099646,0.6545399304578752,0.34546006954212477,-207.0,181.0,True,True,True,BUF,BUF,BUF,1.0,1.0,0.5602655910075035,0.6545399304578752,0.6545399304578752,-0.09427433945037167,-207.0,0.48309178743961345,-207.0,0.48309178743961345,4.56795240242174,4.5,0.06795240242174039,30.0,25.5
2021,19,2021_19_PHI_TB,TB,PHI,0.7066017553070496,0.2933982446929504,0.7787610619469026,0.2544529262086514,0.7537267892947433,0.24627321070525676,-352.0,293.0,True,True,True,TB,TB,TB,1.0,1.0,0.7066017553070496,0.7537267892947433,0.7537267892947433,-0.04712503398769374,-352.0,0.28409090909090917,-352.0,0.28409090909090917,3.177122053856535,7.5,-4.322877946143465,16.0,8.5
2021,19,2021_19_PIT_KC,KC,PIT,0.7715303005632033,0.22846969943679674,0.8745294855708908,0.1607717041800643,0.8447102101575499,0.15528978984245004,-697.0,522.0,True,True,True,KC,KC,KC,1.0,1.0,0.7715303005632033,0.8447102101575499,0.8447102101575499,-0.07317990959434661,-697.0,0.14347202295552375,-697.0,0.14347202295552375,6.893866968365396,13.0,-6.106133031634604,21.0,8.0
2021,19,2021_19_SF_DAL,DAL,SF,0.5813328955084205,0.4186671044915795,0.6183206106870229,0.4098360655737705,0.6013875365141188,0.3986124634858812,-162.0,144.0,True,True,True,DAL,DAL,SF,0.0,0.0,0.5813328955084205,0.6013875365141188,0.6013875365141188,-0.020054641005698315,-162.0,-1.0,-162.0,-1.0,2.129383949406132,3.0,-0.8706160505938678,-6.0,-9.0
2021,20,2021_20_BUF_KC,KC,BUF,0.5195737495056744,0.48042625049432564,0.5798319327731093,0.44642857142857145,0.5649948822927329,0.43500511770726713,-138.0,124.0,True,True,True,KC,KC,KC,1.0,1.0,0.5195737495056744,0.5649948822927329,0.5649948822927329,-0.045421132787058505,-138.0,0.7246376811594204,-138.0,0.7246376811594204,0.6703682762249622,2.5,-1.8296317237750377,6.0,3.5
2021,20,2021_20_CIN_TEN,TEN,CIN,0.531418380826171,0.468581619173829,0.6563573883161512,0.37037037037037035,0.6392711044998141,0.36072889550018594,-191.0,170.0,True,True,True,TEN,TEN,CIN,0.0,0.0,0.531418380826171,0.6392711044998141,0.6392711044998141,-0.10785272367364307,-191.0,-1.0,-191.0,-1.0,2.024339123546148,4.0,-1.9756608764538521,-3.0,-7.0
2021,20,2021_20_LA_TB,TB,LA,0.6151052384456789,0.3848947615543211,0.5918367346938775,0.4329004329004329,0.5775497887748944,0.4224502112251056,-145.0,131.0,True,True,True,TB,TB,LA,0.0,0.0,0.6151052384456789,0.5775497887748944,0.5775497887748944,0.0375554496707845,-145.0,-1.0,-145.0,-1.0,1.1826499970860378,2.5,-1.3173500029139622,-3.0,-5.5
2021,20,2021_20_SF_GB,GB,SF,0.7156730814013903,0.2843269185986097,0.7229916897506925,0.3048780487804878,0.7033884379005488,0.2966115620994511,-261.0,228.0,True,True,True,GB,GB,SF,0.0,0.0,0.7156730814013903,0.7033884379005488,0.7033884379005488,0.012284643500841463,-261.0,-1.0,-261.0,-1.0,2.5367769772941227,5.5,-2.9632230227058773,-3.0,-8.5
2021,21,2021_21_CIN_KC,KC,CIN,0.7580928412820773,0.24190715871792268,0.7619047619047619,0.2857142857142857,0.7272727272727274,0.27272727272727276,-320.0,250.0,True,True,True,KC,KC,CIN,0.0,0.0,0.7580928412820773,0.7272727272727274,0.7272727272727274,0.03082011400934992,-320.0,-1.0,-320.0,-1.0,5.605025504568925,7.0,-1.3949744954310752,-3.0,-10.0
2021,21,2021_21_SF_LA,LA,SF,0.6586745397800429,0.34132546021995713,0.6428571428571429,0.39215686274509803,0.6211096075778079,0.37889039242219213,-180.0,155.0,True,True,True,LA,LA,LA,1.0,1.0,0.6586745397800429,0.6211096075778079,0.6211096075778079,0.037564932202235,-180.0,0.5555555555555556,-180.0,0.5555555555555556,3.2177047520136512,3.5,-0.28229524798634875,3.0,-0.5
2021,22,2021_22_LA_CIN,CIN,LA,0.4137321258657039,0.5862678741342962,0.38461538461538464,0.6551724137931034,0.3698979591836735,0.6301020408163266,160.0,-190.0,False,False,True,LA,LA,LA,1.0,1.0,0.5862678741342962,0.6301020408163266,0.6301020408163266,-0.04383416668203044,-190.0,0.5263157894736841,-190.0,0.5263157894736841,-2.413125831966741,-4.5,2.086874168033259,-3.0,1.5
2022,1,2022_01_BAL_NYJ,NYJ,BAL,0.2971237915054573,0.7028762084945427,0.3021148036253776,0.726027397260274,0.29384534879040375,0.7061546512095963,231.0,-265.0,False,False,True,BAL,BAL,BAL,1.0,1.0,0.7028762084945427,0.7061546512095963,0.7061546512095963,-0.00327844271505362,-265.0,0.37735849056603765,-265.0,0.37735849056603765,-5.196900829889378,-6.5,1.303099170110622,-15.0,-8.5
2022,1,2022_01_BUF_LA,LA,BUF,0.4305187991346705,0.5694812008653295,0.4854368932038835,0.5391705069124424,0.47377843762281124,0.5262215623771888,106.0,-117.0,False,False,True,BUF,BUF,BUF,1.0,1.0,0.5694812008653295,0.5262215623771888,0.5262215623771888,0.04325963848814074,-117.0,0.8547008547008548,-117.0,0.8547008547008548,-1.1234615606497975,-1.0,-0.12346156064979752,-21.0,-20.0
2022,1,2022_01_CLE_CAR,CAR,CLE,0.4311891642959087,0.5688108357040913,0.5555555555555556,0.4672897196261682,0.5431472081218274,0.45685279187817257,-125.0,114.0,False,True,False,CLE,CAR,CLE,1.0,0.0,0.5688108357040913,0.5431472081218274,0.45685279187817257,0.11195804382591873,114.0,1.1399999999999997,-125.0,-1.0,-1.4430567714805382,2.5,-3.9430567714805385,-2.0,-4.5
2022,1,2022_01_DEN_SEA,SEA,DEN,0.355437234821344,0.6445627651786561,0.3115264797507788,0.71671388101983,0.3029704839803284,0.6970295160196717,221.0,-253.0,False,False,True,DEN,DEN,SEA,0.0,0.0,0.6445627651786561,0.6970295160196717,0.6970295160196717,-0.0524667508410156,-253.0,-1.0,-253.0,-1.0,-4.583740118141983,-6.0,1.416259881858017,1.0,7.0
2022,1,2022_01_GB_MIN,MIN,GB,0.4430482918992873,0.5569517081007127,0.5555555555555556,0.4694835680751174,0.5419847328244275,0.45801526717557256,-125.0,113.0,False,True,False,GB,MIN,MIN,0.0,1.0,0.5569517081007127,0.5419847328244275,0.45801526717557256,0.09893644092514015,113.0,-1.0,-125.0,0.8,-1.3897689073523576,2.5,-3.889768907352358,16.0,13.5
2022,1,2022_01_JAX_WAS,WAS,JAX,0.477805839559981,0.522194160440019,0.6138996138996139,0.411522633744856,0.5986798270759409,0.4013201729240591,-159.0,143.0,False,True,False,JAX,WAS,WAS,0.0,1.0,0.522194160440019,0.5986798270759409,0.4013201729240591,0.1208739875159599,143.0,-1.0,-159.0,0.6289308176100628,1.0381447738511371,3.0,-1.9618552261488629,6.0,3.0
2022,1,2022_01_KC_ARI,ARI,KC,0.2870697871821847,0.7129302128178153,0.3115264797507788,0.7159090909090909,0.30320780070978187,0.6967921992902182,221.0,-252.0,False,False,True,KC,KC,KC,1.0,1.0,0.7129302128178153,0.6967921992902182,0.6967921992902182,0.01613801352759714,-252.0,0.39682539682539675,-252.0,0.39682539682539675,-8.596572268652949,-6.0,-2.596572268652949,-23.0,-17.0
2022,1,2022_01_LV_LAC,LAC,LV,0.5190626346785078,0.4809373653214922,0.6428571428571429,0.3831417624521073,0.6265670845558816,0.37343291544411844,-180.0,161.0,True,True,True,LAC,LAC,LAC,1.0,1.0,0.5190626346785078,0.6265670845558816,0.6265670845558816,-0.10750444987737384,-180.0,0.5555555555555556,-180.0,0.5555555555555556,0.1375499668425074,3.5,-3.3624500331574927,5.0,1.5
2022,1,2022_01_NE_MIA,MIA,NE,0.478662822771046,0.521337177228954,0.6078431372549019,0.4166666666666667,0.5933014354066986,0.4066985645933015,-155.0,140.0,False,True,False,NE,MIA,MIA,0.0,1.0,0.521337177228954,0.5933014354066986,0.4066985645933015,0.1146386126356525,140.0,-1.0,-155.0,0.6451612903225805,-0.4007262151479316,3.0,-3.4007262151479316,13.0,10.0
2022,1,2022_01_NO_ATL,ATL,NO,0.3757963604044155,0.6242036395955846,0.33222591362126247,0.6951219512195121,0.3233821035611469,0.6766178964388532,201.0,-228.0,False,False,True,NO,NO,NO,1.0,1.0,0.6242036395955846,0.6766178964388532,0.6766178964388532,-0.052414256843268614,-228.0,0.4385964912280702,-228.0,0.4385964912280702,-2.965614329085216,-6.0,3.034385670914784,-1.0,5.0
2022,1,2022_01_NYG_TEN,TEN,NYG,0.6367053963131655,0.3632946036868345,0.7050147492625368,0.32362459546925565,0.685385750480274,0.314614249519726,-239.0,209.0,True,True,True,TEN,TEN,NYG,0.0,0.0,0.6367053963131655,0.685385750480274,0.685385750480274,-0.048680354167108475,-239.0,-1.0,-239.0,-1.0,1.1729514621481991,5.5,-4.327048537851801,-1.0,-6.5
2022,1,2022_01_PHI_DET,DET,PHI,0.3309353106552543,0.6690646893447457,0.3215434083601286,0.7058823529411765,0.312960235640648,0.687039764359352,211.0,-240.0,False,False,True,PHI,PHI,PHI,1.0,1.0,0.6690646893447457,0.687039764359352,0.687039764359352,-0.017975075014606268,-240.0,0.41666666666666674,-240.0,0.41666666666666674,-6.496476697979671,-6.0,-0.49647669797967087,-3.0,3.0
2022,1,2022_01_PIT_CIN,CIN,PIT,0.6423220986804485,0.35767790131955146,0.7549019607843137,0.27472527472527475,0.7331798681594643,0.26682013184053577,-308.0,264.0,True,True,True,CIN,CIN,PIT,0.0,0.0,0.6423220986804485,0.7331798681594643,0.7331798681594643,-0.0908577694790158,-308.0,-1.0,-308.0,-1.0,3.512348417256692,7.5,-3.987651582743308,-3.0,-10.5
2022,1,2022_01_SF_CHI,CHI,SF,0.3210027225142919,0.678997277485708,0.31545741324921134,0.7126436781609196,0.30683501446004086,0.6931649855399591,217.0,-248.0,False,False,True,SF,SF,CHI,0.0,0.0,0.678997277485708,0.6931649855399591,0.6931649855399591,-0.01416770805425105,-248.0,-1.0,-248.0,-1.0,-4.236757649731805,-6.5,2.263242350268195,9.0,15.5
2022,1,2022_01_TB_DAL,DAL,TB,0.4383448483474391,0.561655151652561,0.45454545454545453,0.5708154506437768,0.4433028919330289,0.556697108066971,120.0,-133.0,False,False,True,TB,TB,TB,1.0,1.0,0.561655151652561,0.556697108066971,0.556697108066971,0.004958043585589933,-133.0,0.7518796992481203,-133.0,0.7518796992481203,-1.847425625157632,-2.5,0.652574374842368,-16.0,-13.5
2022,2,2022_02_ARI_LV,LV,ARI,0.6431838405302881,0.3568161594697119,0.6904024767801857,0.3367003367003367,0.6721843886695558,0.32781561133044423,-223.0,197.0,True,True,True,LV,LV,ARI,0.0,0.0,0.6431838405302881,0.6721843886695558,0.6721843886695558,-0.029000548139267668,-223.0,-1.0,-223.0,-1.0,4.155034787438619,5.5,-1.3449652125613811,-6.0,-11.5
2022,2,2022_02_ATL_LA,LA,ATL,0.7575654436967191,0.24243455630328092,0.8254799301919721,0.20618556701030927,0.8001430041331682,0.19985699586683175,-473.0,385.0,True,True,True,LA,LA,LA,1.0,1.0,0.7575654436967191,0.8001430041331682,0.8001430041331682,-0.04257756043644911,-473.0,0.21141649048625788,-473.0,0.21141649048625788,3.400254035309186,10.5,-7.099745964690814,4.0,-6.5
2022,2,2022_02_CAR_NYG,NYG,CAR,0.5067159002938815,0.49328409970611853,0.49261083743842365,0.5327102803738317,0.48044542229805576,0.5195545777019441,103.0,-114.0,True,False,False,NYG,CAR,NYG,1.0,0.0,0.5067159002938815,0.5195545777019441,0.48044542229805576,0.026270477995825714,103.0,1.0300000000000002,-114.0,-1.0,-1.276024217019457,-1.0,-0.2760242170194569,3.0,4.0
2022,2,2022_02_CHI_GB,GB,CHI,0.7427667712510768,0.2572332287489232,0.8076923076923077,0.22321428571428573,0.7834776815456361,0.21652231845436373,-420.0,348.0,True,True,True,GB,GB,GB,1.0,1.0,0.7427667712510768,0.7834776815456361,0.7834776815456361,-0.04071091029455931,-420.0,0.23809523809523814,-420.0,0.23809523809523814,5.672837897847636,10.5,-4.827162102152364,17.0,6.5
2022,2,2022_02_CIN_DAL,DAL,CIN,0.2704962755733002,0.7295037244266998,0.2777777777777778,0.7518610421836228,0.26978176462712544,0.7302182353728746,260.0,-303.0,False,False,True,CIN,CIN,DAL,0.0,0.0,0.7295037244266998,0.7302182353728746,0.7302182353728746,-0.0007145109461748067,-303.0,-1.0,-303.0,-1.0,-5.614107529740139,-7.5,1.8858924702598614,3.0,10.5
2022,2,2022_02_HOU_DEN,DEN,HOU,0.745492605960695,0.254507394039305,0.8278829604130808,0.20366598778004075,0.8025629436811645,0.19743705631883535,-481.0,391.0,True,True,True,DEN,DEN,DEN,1.0,1.0,0.745492605960695,0.8025629436811645,0.8025629436811645,-0.057070337720469544,-481.0,0.2079002079002079,-481.0,0.2079002079002079,8.2104302550325,10.5,-2.2895697449674994,7.0,-3.5
2022,2,2022_02_IND_JAX,JAX,IND,0.3879507140229722,0.6120492859770278,0.4132231404958678,0.6108949416342413,0.4034916946651176,0.5965083053348824,142.0,-157.0,False,False,True,IND,IND,JAX,0.0,0.0,0.6120492859770278,0.5965083053348824,0.5965083053348824,0.015540980642145374,-157.0,-1.0,-157.0,-1.0,-2.9999815398726595,-3.0,1.8460127340524934e-05,24.0,27.0
2022,2,2022_02_LAC_KC,KC,LAC,0.6547583477001517,0.34524165229984827,0.6527777777777778,0.37453183520599254,0.6354245784596689,0.36457542154033123,-188.0,167.0,True,True,True,KC,KC,KC,1.0,1.0,0.6547583477001517,0.6354245784596689,0.6354245784596689,0.0193337692404828,-188.0,0.5319148936170213,-188.0,0.5319148936170213,3.0089484794583488,4.0,-0.9910515205416512,3.0,-1.0
2022,2,2022_02_MIA_BAL,BAL,MIA,0.527489772785323,0.47251022721467695,0.6212121212121212,0.4032258064516129,0.6063931297709924,0.39360687022900764,-164.0,148.0,True,True,True,BAL,BAL,MIA,0.0,0.0,0.527489772785323,0.6063931297709924,0.6063931297709924,-0.0789033569856693,-164.0,-1.0,-164.0,-1.0,3.140801663833381,3.0,0.14080166383338089,-4.0,-7.0
2022,2,2022_02_MIN_PHI,PHI,MIN,0.5915328880459128,0.40846711195408725,0.5850622406639004,0.44052863436123346,0.5704635785196144,0.4295364214803857,-141.0,127.0,True,True,True,PHI,PHI,PHI,1.0,1.0,0.5915328880459128,0.5704635785196144,0.5704635785196144,0.021069309526298374,-141.0,0.7092198581560285,-141.0,0.7092198581560285,-0.0410966722044146,2.5,-2.5410966722044144,17.0,14.5
2022,2,2022_02_NE_PIT,PIT,NE,0.4649417528685302,0.5350582471314698,0.425531914893617,0.6,0.41493775933609955,0.5850622406639003,135.0,-150.0,False,False,True,NE,NE,NE,1.0,1.0,0.5350582471314698,0.5850622406639003,0.5850622406639003,-0.05000399353243057,-150.0,0.6666666666666665,-150.0,0.6666666666666665,-1.765496270770803,-3.0,1.234503729229197,-3.0,0.0
2022,2,2022_02_NYJ_CLE,CLE,NYJ,0.6977413225817295,0.3022586774182705,0.7014925373134329,0.3257328990228013,0.6829002792370676,0.31709972076293247,-235.0,207.0,True,True,True,CLE,CLE,NYJ,0.0,0.0,0.6977413225817295,0.6829002792370676,0.6829002792370676,0.014841043344661853,-235.0,-1.0,-235.0,-1.0,3.724358022371091,6.5,-2.775641977628909,-1.0,-7.5
2022,2,2022_02_SEA_SF,SF,SEA,0.6963017919782659,0.3036982080217341,0.791231732776618,0.23923444976076555,0.7678386211843623,0.2321613788156377,-379.0,318.0,True,True,True,SF,SF,SF,1.0,1.0,0.6963017919782659,0.7678386211843623,0.7678386211843623,-0.07153682920609639,-379.0,0.26385224274406327,-379.0,0.26385224274406327,4.579832722227163,8.5,-3.920167277772837,20.0,11.5
2022,2,2022_02_TB_NO,NO,TB,0.4967621975734115,0.5032378024265884,0.44642857142857145,0.5798319327731093,0.43500511770726713,0.5649948822927329,124.0,-138.0,False,False,True,TB,TB,TB,1.0,1.0,0.5032378024265884,0.5649948822927329,0.5649948822927329,-0.061757079866144426,-138.0,0.7246376811594204,-138.0,0.7246376811594204,-1.5386795995638245,-2.5,0.9613204004361755,-10.0,-7.5
2022,2,2022_02_TEN_BUF,BUF,TEN,0.753910334720865,0.246089665279135,0.797979797979798,0.2331002331002331,0.7739261492087415,0.22607385079125844,-395.0,329.0,True,True,True,BUF,BUF,BUF,1.0,1.0,0.753910334720865,0.7739261492087415,0.7739261492087415,-0.020015814487876482,-395.0,0.25316455696202533,-395.0,0.25316455696202533,7.019413873169607,10.0,-2.980586126830393,34.0,24.0
2022,2,2022_02_WAS_DET,DET,WAS,0.5207765824984697,0.4792234175015303,0.49261083743842365,0.5327102803738317,0.48044542229805576,0.5195545777019441,103.0,-114.0,True,False,False,DET,WAS,DET,1.0,0.0,0.5207765824984697,0.5195545777019441,0.48044542229805576,0.04033116020041394,103.0,1.0300000000000002,-114.0,-1.0,-1.7946587418861868,-1.0,-0.7946587418861868,9.0,10.0
2022,3,2022_03_ATL_SEA,SEA,ATL,0.5155105327277659,0.4844894672722341,0.5145631067961165,0.5098039215686274,0.5023229882921391,0.497677011707861,-106.0,-104.0,True,True,True,SEA,SEA,ATL,0.0,0.0,0.5155105327277659,0.5023229882921391,0.5023229882921391,0.013187544435626863,-106.0,-1.0,-106.0,-1.0,0.4429235214286184,1.0,-0.5570764785713815,-4.0,-5.0
2022,3,2022_03_BAL_NE,NE,BAL,0.5046075044290484,0.49539249557095155,0.4366812227074236,0.588477366255144,0.4259645555419216,0.5740354444580784,129.0,-143.0,True,False,False,NE,BAL,BAL,0.0,1.0,0.5046075044290484,0.5740354444580784,0.4259645555419216,0.07864294888712686,129.0,-1.0,-143.0,0.6993006993006992,-0.3307174212530547,-2.5,2.1692825787469454,-11.0,-8.5
2022,3,2022_03_BUF_MIA,MIA,BUF,0.4745585257523835,0.5254414742476166,0.36363636363636365,0.6621621621621622,0.35449101796407184,0.6455089820359281,175.0,-196.0,False,False,True,BUF,BUF,MIA,0.0,0.0,0.5254414742476166,0.6455089820359281,0.6455089820359281,-0.12006750778831154,-196.0,-1.0,-196.0,-1.0,-1.5089651361254603,-4.0,2.49103486387454,2.0,6.0
2022,3,2022_03_CIN_NYJ,NYJ,CIN,0.2488879488464179,0.751112051153582,0.3125,0.7118155619596542,0.3050817654299279,0.6949182345700721,220.0,-247.0,False,False,True,CIN,CIN,CIN,1.0,1.0,0.751112051153582,0.6949182345700721,0.6949182345700721,0.05619381658350997,-247.0,0.40485829959514175,-247.0,0.40485829959514175,-7.353850613121689,-6.5,-0.853850613121689,-15.0,-8.5
2022,3,2022_03_DAL_NYG,NYG,DAL,0.538539832102544,0.46146016789745603,0.5454545454545454,0.4784688995215311,0.5327102803738317,0.4672897196261682,-120.0,109.0,True,True,True,NYG,NYG,DAL,0.0,0.0,0.538539832102544,0.5327102803738317,0.5327102803738317,0.005829551728712246,-120.0,-1.0,-120.0,-1.0,1.220618917294656,1.0,0.220618917294656,-7.0,-8.0
2022,3,2022_03_DET_MIN,MIN,DET,0.6402562262767755,0.3597437737232245,0.726775956284153,0.30120481927710846,0.7069937235814012,0.29300627641859867,-266.0,232.0,True,True,True,MIN,MIN,MIN,1.0,1.0,0.6402562262767755,0.7069937235814012,0.7069937235814012,-0.06673749730462575,-266.0,0.37593984962406024,-266.0,0.37593984962406024,4.2381575939921925,6.5,-2.2618424060078075,4.0,-2.5
2022,3,2022_03_GB_TB,TB,GB,0.4748444308694825,0.5251555691305174,0.5515695067264574,0.4716981132075472,0.5390276170001653,0.46097238299983456,-123.0,112.0,False,True,False,GB,TB,GB,1.0,0.0,0.5251555691305174,0.5390276170001653,0.46097238299983456,0.06418318613068286,112.0,1.12,-123.0,-1.0,-0.5484005325797718,1.0,-1.5484005325797718,-2.0,-3.0
2022,3,2022_03_HOU_CHI,CHI,HOU,0.4814721997514876,0.5185278002485124,0.609375,0.4149377593360996,0.5949110703209063,0.4050889296790936,-156.0,141.0,False,True,False,HOU,CHI,CHI,0.0,1.0,0.5185278002485124,0.5949110703209063,0.4050889296790936,0.11343887056941881,141.0,-1.0,-156.0,0.641025641025641,0.9142590946709174,3.0,-2.0857409053290827,3.0,0.0
2022,3,2022_03_JAX_LAC,LAC,JAX,0.555501517464218,0.44449848253578195,0.7159090909090909,0.3125,0.696132596685083,0.30386740331491713,-252.0,220.0,True,True,True,LAC,LAC,JAX,0.0,0.0,0.555501517464218,0.696132596685083,0.696132596685083,-0.14063107922086493,-252.0,-1.0,-252.0,-1.0,1.65573445325959,6.5,-4.84426554674041,-28.0,-34.5
2022,3,2022_03_KC_IND,IND,KC,0.4181452406300467,0.5818547593699532,0.36101083032490977,0.6655518394648829,0.35166954823988805,0.648330451760112,177.0,-199.0,False,False,True,KC,KC,IND,0.0,0.0,0.5818547593699532,0.648330451760112,0.648330451760112,-0.06647569239015871,-199.0,-1.0,-199.0,-1.0,-1.7244516863352082,-4.5,2.7755483136647916,3.0,7.5
2022,3,2022_03_LA_ARI,ARI,LA,0.4313122833493091,0.568687716650691,0.3952569169960474,0.6309963099630996,0.38514560209200854,0.6148543979079913,153.0,-171.0,False,False,True,LA,LA,LA,1.0,1.0,0.568687716650691,0.6148543979079913,0.6148543979079913,-0.04616668125730039,-171.0,0.5847953216374269,-171.0,0.5847953216374269,-1.827336949422187,-3.5,1.672663050577813,-8.0,-4.5
2022,3,2022_03_LV_TEN,TEN,LV,0.4581752596178417,0.5418247403821583,0.4608294930875576,0.5652173913043478,0.4491310290958797,0.5508689709041202,117.0,-130.0,False,False,True,LV,LV,TEN,0.0,0.0,0.5418247403821583,0.5508689709041202,0.5508689709041202,-0.009044230521961905,-130.0,-1.0,-130.0,-1.0,-1.1888888781007672,-1.5,0.31111112189923285,2.0,3.5
2022,3,2022_03_NO_CAR,CAR,NO,0.4339900258393073,0.5660099741606928,0.4716981132075472,0.5515695067264574,0.46097238299983456,0.5390276170001653,112.0,-123.0,False,False,True,NO,NO,CAR,0.0,0.0,0.5660099741606928,0.5390276170001653,0.5390276170001653,0.026982357160527437,-123.0,-1.0,-123.0,-1.0,-1.399758851238243,-2.0,0.6002411487617569,8.0,10.0
2022,3,2022_03_PHI_WAS,WAS,PHI,0.2713551767291884,0.7286448232708116,0.3225806451612903,0.7058823529411765,0.3136531365313653,0.6863468634686347,210.0,-240.0,False,False,True,PHI,PHI,PHI,1.0,1.0,0.7286448232708116,0.6863468634686347,0.6863468634686347,0.04229795980217688,-240.0,0.41666666666666674,-240.0,0.41666666666666674,-5.9331741369436495,-6.0,0.06682586305635052,-16.0,-10.0
2022,3,2022_03_PIT_CLE,CLE,PIT,0.6726419154634189,0.3273580845365811,0.673202614379085,0.35335689045936397,0.6557852820085941,0.34421471799140585,-206.0,183.0,True,True,True,CLE,CLE,CLE,1.0,1.0,0.6726419154634189,0.6557852820085941,0.6557852820085941,0.0168566334548248,-206.0,0.4854368932038835,-206.0,0.4854368932038835,2.5531196305668096,4.5,-1.9468803694331904,12.0,7.5
2022,3,2022_03_SF_DEN,DEN,SF,0.5085158130756531,0.4914841869243469,0.5024875621890548,0.5238095238095238,0.489612188365651,0.5103878116343491,-101.0,-110.0,True,False,False,DEN,SF,DEN,1.0,0.0,0.5085158130756531,0.5103878116343491,0.489612188365651,0.018903624710002065,-101.0,0.9900990099009901,-110.0,-1.0,-0.0004920554784227,-1.0,0.9995079445215773,1.0,2.0
2022,4,2022_04_ARI_CAR,CAR,ARI,0.4762380334229031,0.523761966577097,0.5305164319248826,0.49504950495049505,0.5172913928296243,0.4827086071703758,-113.0,102.0,False,True,False,ARI,CAR,ARI,1.0,0.0,0.523761966577097,0.5172913928296243,0.4827086071703758,0.04105335940672117,102.0,1.02,-113.0,-1.0,-0.9837168107544564,1.0,-1.9837168107544563,-10.0,-11.0
2022,4,2022_04_BUF_BAL,BAL,BUF,0.4404909869782832,0.5595090130217169,0.3937007874015748,0.6323529411764706,0.3837038708949329,0.6162961291050671,154.0,-172.0,False,False,True,BUF,BUF,BUF,1.0,1.0,0.5595090130217169,0.6162961291050671,0.6162961291050671,-0.0567871160833503,-172.0,0.5813953488372094,-172.0,0.5813953488372094,0.0798364990694758,-3.0,3.0798364990694758,-3.0,0.0
2022,4,2022_04_CHI_NYG,NYG,CHI,0.5943148941265649,0.4056851058734351,0.5901639344262295,0.43478260869565216,0.5757997218358832,0.4242002781641169,-144.0,130.0,True,True,True,NYG,NYG,NYG,1.0,1.0,0.5943148941265649,0.5757997218358832,0.5757997218358832,0.01851517229068167,-144.0,0.6944444444444444,-144.0,0.6944444444444444,2.115417263550188,3.0,-0.8845827364498118,8.0,5.0
2022,4,2022_04_CLE_ATL,ATL,CLE,0.4990794710127256,0.5009205289872745,0.5073891625615764,0.5169082125603864,0.4953533757725013,0.5046466242274987,-103.0,-107.0,False,False,True,CLE,CLE,ATL,0.0,0.0,0.5009205289872745,0.5046466242274987,0.5046466242274987,-0.0037260952402242697,-107.0,-1.0,-107.0,-1.0,-0.2323923863462861,-1.0,0.7676076136537139,3.0,4.0
2022,4,2022_04_DEN_LV,LV,DEN,0.4794420555875636,0.5205579444124364,0.5780590717299579,0.44642857142857145,0.5642421122306391,0.4357578877693609,-137.0,124.0,False,True,False,DEN,LV,LV,0.0,1.0,0.5205579444124364,0.5642421122306391,0.4357578877693609,0.0848000566430755,124.0,-1.0,-137.0,0.7299270072992701,-0.1582079677056424,2.5,-2.6582079677056423,9.0,6.5
2022,4,2022_04_JAX_PHI,PHI,JAX,0.6771571436845519,0.32284285631544807,0.7191011235955056,0.30959752321981426,0.6990396320844041,0.30096036791559583,-256.0,223.0,True,True,True,PHI,PHI,PHI,1.0,1.0,0.6771571436845519,0.6990396320844041,0.6990396320844041,-0.021882488399852185,-256.0,0.390625,-256.0,0.390625,3.73157849665566,6.5,-2.76842150334434,8.0,1.5
2022,4,2022_04_KC_TB,TB,KC,0.4074500953856362,0.5925499046143639,0.5555555555555556,0.4694835680751174,0.5419847328244275,0.45801526717557256,-125.0,113.0,False,True,False,KC,TB,KC,1.0,0.0,0.5925499046143639,0.5419847328244275,0.45801526717557256,0.1345346374387913,113.0,1.13,-125.0,-1.0,-2.6931141702997,1.0,-3.6931141702997,-10.0,-11.0
2022,4,2022_04_LAC_HOU,HOU,LAC,0.262382934264556,0.7376170657354439,0.32786885245901637,0.7005988023952096,0.3187935477713086,0.6812064522286914,205.0,-234.0,False,False,True,LAC,LAC,LAC,1.0,1.0,0.7376170657354439,0.6812064522286914,0.6812064522286914,0.05641061350675258,-234.0,0.4273504273504274,-234.0,0.4273504273504274,-6.280022052410865,-5.5,-0.7800220524108648,-10.0,-4.5
2022,4,2022_04_LA_SF,SF,LA,0.411750235709042,0.588249764290958,0.5535714285714286,0.4716981132075472,0.5399277029247453,0.4600722970752547,-124.0,112.0,False,True,False,LA,SF,SF,0.0,1.0,0.588249764290958,0.5399277029247453,0.4600722970752547,0.12817746721570328,112.0,-1.0,-124.0,0.8064516129032258,-1.3699777295400632,1.0,-2.3699777295400635,15.0,14.0
2022,4,2022_04_MIA_CIN,CIN,MIA,0.6283637990556231,0.3716362009443769,0.6551724137931034,0.37174721189591076,0.6379977530895019,0.36200224691049804,-190.0,169.0,True,True,True,CIN,CIN,CIN,1.0,1.0,0.6283637990556231,0.6379977530895019,0.6379977530895019,-0.009633954033878789,-190.0,0.5263157894736841,-190.0,0.5263157894736841,3.096541970760317,4.0,-0.9034580292396832,12.0,8.0
2022,4,2022_04_MIN_NO,NO,MIN,0.4307132172417469,0.5692867827582531,0.36101083032490977,0.6655518394648829,0.35166954823988805,0.648330451760112,177.0,-199.0,False,False,True,MIN,MIN,MIN,1.0,1.0,0.5692867827582531,0.648330451760112,0.648330451760112,-0.07904366900185889,-199.0,0.5025125628140703,-199.0,0.5025125628140703,-0.3921151878431981,-4.0,3.6078848121568017,-3.0,1.0
2022,4,2022_04_NE_GB,GB,NE,0.6704302348046565,0.32956976519534353,0.8130841121495327,0.2183406113537118,0.7883116369247813,0.2116883630752186,-435.0,358.0,True,True,True,GB,GB,GB,1.0,1.0,0.6704302348046565,0.7883116369247813,0.7883116369247813,-0.11788140212012488,-435.0,0.2298850574712643,-435.0,0.2298850574712643,4.527832236734181,10.0,-5.472167763265819,3.0,-7.0
2022,4,2022_04_NYJ_PIT,PIT,NYJ,0.4060992643432451,0.5939007356567549,0.6168582375478927,0.40816326530612246,0.6018002898771837,0.39819971012281646,-161.0,145.0,False,True,False,NYJ,PIT,NYJ,1.0,0.0,0.5939007356567549,0.6018002898771837,0.39819971012281646,0.19570102553393848,145.0,1.4500000000000002,-161.0,-1.0,1.506568227901684,3.0,-1.493431772098316,-4.0,-7.0
2022,4,2022_04_SEA_DET,DET,SEA,0.4214722033835057,0.5785277966164943,0.6282527881040892,0.398406374501992,0.6119390066215612,0.3880609933784388,-169.0,151.0,False,True,False,SEA,DET,SEA,1.0,0.0,0.5785277966164943,0.6119390066215612,0.3880609933784388,0.19046680323805554,151.0,1.5099999999999998,-169.0,-1.0,0.4330219165487634,3.0,-2.566978083451237,-3.0,-6.0
2022,4,2022_04_TEN_IND,IND,TEN,0.6089867862638934,0.39101321373610665,0.6721311475409836,0.3546099290780142,0.6546257501981656,0.3453742498018345,-205.0,182.0,True,True,True,IND,IND,TEN,0.0,0.0,0.6089867862638934,0.6546257501981656,0.6546257501981656,-0.04563896393427225,-205.0,-1.0,-205.0,-1.0,3.6837482262944032,4.5,-0.8162517737055968,-7.0,-11.5
2022,4,2022_04_WAS_DAL,DAL,WAS,0.497865257682981,0.502134742317019,0.6078431372549019,0.4166666666666667,0.5933014354066986,0.4066985645933015,-155.0,140.0,False,True,False,WAS,DAL,DAL,0.0,1.0,0.502134742317019,0.5933014354066986,0.4066985645933015,0.09543617772371754,140.0,-1.0,-155.0,0.6451612903225805,-1.2599390029089574,3.0,-4.259939002908958,15.0,12.0
2022,5,2022_05_ATL_TB,TB,ATL,0.7004318830815557,0.2995681169184443,0.8113207547169812,0.21978021978021978,0.7868489845163884,0.21315101548361146,-430.0,355.0,True,True,True,TB,TB,TB,1.0,1.0,0.7004318830815557,0.7868489845163884,0.7868489845163884,-0.08641710143483272,-430.0,0.2325581395348837,-430.0,0.2325581395348837,6.295404147515121,10.5,-4.204595852484879,6.0,-4.5
2022,5,2022_05_CHI_MIN,MIN,CHI,0.7270092251096649,0.2729907748903351,0.7938144329896907,0.23696682464454977,0.7701094942408874,0.2298905057591127,-385.0,322.0,True,True,True,MIN,MIN,MIN,1.0,1.0,0.7270092251096649,0.7701094942408874,0.7701094942408874,-0.043100269131222446,-385.0,0.2597402597402598,-385.0,0.2597402597402598,4.83454596366026,10.0,-5.16545403633974,7.0,-3.0
2022,5,2022_05_CIN_BAL,BAL,CIN,0.5369499994413088,0.46305000055869117,0.6268656716417911,0.398406374501992,0.6114139890963924,0.3885860109036074,-168.0,151.0,True,True,True,BAL,BAL,BAL,1.0,1.0,0.5369499994413088,0.6114139890963924,0.6114139890963924,-0.0744639896550836,-168.0,0.5952380952380953,-168.0,0.5952380952380953,0.9206749061501808,3.0,-2.0793250938498193,2.0,-1.0
2022,5,2022_05_DAL_LA,LA,DAL,0.6287871746532829,0.37121282534671707,0.6875,0.3389830508474576,0.6697626418988648,0.3302373581011352,-220.0,195.0,True,True,True,LA,LA,DAL,0.0,0.0,0.6287871746532829,0.6697626418988648,0.6697626418988648,-0.040975467245581876,-220.0,-1.0,-220.0,-1.0,2.429458282173615,5.5,-3.070541717826385,-12.0,-17.5
2022,5,2022_05_DET_NE,NE,DET,0.4855874122451916,0.5144125877548085,0.5967741935483871,0.4291845493562232,0.5816746508332771,0.41832534916672287,-148.0,133.0,False,True,False,DET,NE,NE,0.0,1.0,0.5144125877548085,0.5816746508332771,0.41832534916672287,0.0960872385880856,133.0,-1.0,-148.0,0.6756756756756757,-1.7995072734200752,3.0,-4.799507273420075,29.0,26.0
2022,5,2022_05_HOU_JAX,JAX,HOU,0.6189663449947695,0.38103365500523045,0.7524752475247525,0.2770083102493075,0.730924978687127,0.269075021312873,-304.0,261.0,True,True,True,JAX,JAX,HOU,0.0,0.0,0.6189663449947695,0.730924978687127,0.730924978687127,-0.11195863369235748,-304.0,-1.0,-304.0,-1.0,3.934789200179995,7.0,-3.065210799820005,-7.0,-14.0
2022,5,2022_05_IND_DEN,DEN,IND,0.6161064583611155,0.38389354163888445,0.6402877697841727,0.3861003861003861,0.6238261481421341,0.3761738518578658,-178.0,159.0,True,True,True,DEN,DEN,IND,0.0,0.0,0.6161064583611155,0.6238261481421341,0.6238261481421341,-0.007719689781018557,-178.0,-1.0,-178.0,-1.0,2.8601043338250327,3.5,-0.6398956661749673,-3.0,-6.5
2022,5,2022_05_LAC_CLE,CLE,LAC,0.4860316074574407,0.5139683925425593,0.49261083743842365,0.5327102803738317,0.48044542229805576,0.5195545777019441,103.0,-114.0,False,False,True,LAC,LAC,LAC,1.0,1.0,0.5139683925425593,0.5195545777019441,0.5195545777019441,-0.005586185159384804,-114.0,0.8771929824561404,-114.0,0.8771929824561404,-0.5823446229897115,-1.0,0.41765537701028854,-2.0,-1.0
2022,5,2022_05_LV_KC,KC,LV,0.6025909405224684,0.3974090594775316,0.7624703087885986,0.26666666666666666,0.7408832128019694,0.25911678719803044,-321.0,275.0,True,True,True,KC,KC,KC,1.0,1.0,0.6025909405224684,0.7408832128019694,0.7408832128019694,-0.13829227227950103,-321.0,0.31152647975077885,-321.0,0.31152647975077885,1.03231035005227,7.5,-6.46768964994773,1.0,-6.5
2022,5,2022_05_MIA_NYJ,NYJ,MIA,0.5027679592383089,0.49723204076169114,0.4065040650406504,0.6183206106870229,0.3966571791921516,0.6033428208078484,146.0,-162.0,True,False,False,NYJ,MIA,NYJ,1.0,0.0,0.5027679592383089,0.6033428208078484,0.3966571791921516,0.10611078004615726,146.0,1.46,-162.0,-1.0,1.0858165298105231,-3.0,4.085816529810523,23.0,26.0
2022,5,2022_05_NYG_GB,GB,NYG,0.6953525764180369,0.30464742358196306,0.7987927565392354,0.23201856148491878,0.7749165560874428,0.2250834439125571,-397.0,331.0,True,True,True,GB,GB,NYG,0.0,0.0,0.6953525764180369,0.7749165560874428,0.7749165560874428,-0.07956397966940587,-397.0,-1.0,-397.0,-1.0,4.778578262559042,8.5,-3.7214217374409584,-5.0,-13.5
2022,5,2022_05_PHI_ARI,ARI,PHI,0.3392055929318504,0.6607944070681496,0.33783783783783783,0.6894409937888198,0.32886673747855216,0.6711332625214478,196.0,-222.0,False,False,True,PHI,PHI,PHI,1.0,1.0,0.6607944070681496,0.6711332625214478,0.6711332625214478,-0.010338855453298157,-222.0,0.4504504504504505,-222.0,0.4504504504504505,-3.3219972598830734,-5.5,2.1780027401169266,-3.0,2.5
2022,5,2022_05_PIT_BUF,BUF,PIT,0.7146381695168156,0.2853618304831844,0.8822143698468787,0.1497005988023952,0.8549293271728136,0.14507067282718647,-749.0,568.0,True,True,True,BUF,BUF,BUF,1.0,1.0,0.7146381695168156,0.8549293271728136,0.8549293271728136,-0.14029115765599798,-749.0,0.13351134846461954,-749.0,0.13351134846461954,7.25276517579386,14.0,-6.74723482420614,35.0,21.0
2022,5,2022_05_SEA_NO,NO,SEA,0.4854153023417319,0.5145846976582681,0.6960486322188449,0.33222591362126247,0.6769093283838592,0.3230906716161408,-229.0,201.0,False,True,False,SEA,NO,NO,0.0,1.0,0.5145846976582681,0.6769093283838592,0.3230906716161408,0.19149402604212729,201.0,-1.0,-229.0,0.4366812227074237,1.0416791612669167,5.5,-4.4583208387330835,7.0,1.5
2022,5,2022_05_SF_CAR,CAR,SF,0.3460566971819701,0.6539433028180299,0.32679738562091504,0.7005988023952096,0.31808312064302313,0.6819168793569769,206.0,-234.0,False,False,True,SF,SF,SF,1.0,1.0,0.6539433028180299,0.6819168793569769,0.6819168793569769,-0.027973576538946943,-234.0,0.4273504273504274,-234.0,0.4273504273504274,-5.080579612981912,-6.0,0.9194203870180884,-22.0,-16.0
2022,5,2022_05_TEN_WAS,WAS,TEN,0.5681410285160291,0.4318589714839709,0.5,0.5238095238095238,0.48837209302325585,0.5116279069767442,-100.0,-110.0,True,False,False,WAS,TEN,TEN,0.0,1.0,0.5681410285160291,0.5116279069767442,0.48837209302325585,0.07976893549277325,-100.0,-1.0,-110.0,0.9090909090909092,0.7543040748082526,-1.0,1.7543040748082526,-4.0,-3.0
2022,6,2022_06_ARI_SEA,SEA,ARI,0.5652200397866797,0.4347799602133203,0.4484304932735426,0.576271186440678,0.43762053107847504,0.562379468921525,123.0,-136.0,True,False,False,SEA,ARI,SEA,1.0,0.0,0.5652200397866797,0.562379468921525,0.43762053107847504,0.12759950870820463,123.0,1.23,-136.0,-1.0,0.8423726644013156,-2.5,3.3423726644013154,10.0,12.5
2022,6,2022_06_BAL_NYG,NYG,BAL,0.319757382743913,0.6802426172560869,0.32679738562091504,0.7005988023952096,0.31808312064302313,0.6819168793569769,206.0,-234.0,False,False,True,BAL,BAL,NYG,0.0,0.0,0.6802426172560869,0.6819168793569769,0.6819168793569769,-0.001674262100889945,-234.0,-1.0,-234.0,-1.0,-5.675543203350732,-5.5,-0.17554320335073204,4.0,9.5
2022,6,2022_06_BUF_KC,KC,BUF,0.4995304181544673,0.5004695818455327,0.43103448275862066,0.5934959349593496,0.4207141879874127,0.5792858120125872,132.0,-146.0,False,False,True,BUF,BUF,BUF,1.0,1.0,0.5004695818455327,0.5792858120125872,0.5792858120125872,-0.07881623016705452,-146.0,0.6849315068493151,-146.0,0.6849315068493151,1.6864137231221952,-2.5,4.186413723122195,-4.0,-1.5
2022,6,2022_06_CAR_LA,LA,CAR,0.6689799492242624,0.3310200507757376,0.8050682261208577,0.22573363431151242,0.7810116153488234,0.2189883846511767,-413.0,343.0,True,True,True,LA,LA,LA,1.0,1.0,0.6689799492242624,0.7810116153488234,0.7810116153488234,-0.11203166612456095,-413.0,0.24213075060532696,-413.0,0.24213075060532696,2.9488202185680747,10.0,-7.051179781431925,14.0,4.0
2022,6,2022_06_CIN_NO,NO,CIN,0.4367653521318606,0.5632346478681394,0.4032258064516129,0.6212121212121212,0.39360687022900764,0.6063931297709924,148.0,-164.0,False,False,True,CIN,CIN,CIN,1.0,1.0,0.5632346478681394,0.6063931297709924,0.6063931297709924,-0.043158481902852985,-164.0,0.6097560975609757,-164.0,0.6097560975609757,-2.4736273200696943,-3.0,0.5263726799303057,-4.0,-1.0
2022,6,2022_06_DAL_PHI,PHI,DAL,0.7232700634746011,0.2767299365253989,0.7448979591836735,0.2840909090909091,0.723912553527158,0.276087446472842,-292.0,252.0,True,True,True,PHI,PHI,PHI,1.0,1.0,0.7232700634746011,0.723912553527158,0.723912553527158,-0.0006424900525568988,-292.0,0.34246575342465757,-292.0,0.34246575342465757,5.139145424416274,6.5,-1.3608545755837262,9.0,2.5
2022,6,2022_06_DEN_LAC,LAC,DEN,0.6076329704155412,0.3923670295844588,0.6503496503496503,0.37593984962406013,0.6336902505251294,0.36630974947487066,-186.0,166.0,True,True,True,LAC,LAC,LAC,1.0,1.0,0.6076329704155412,0.6336902505251294,0.6336902505251294,-0.026057280109588188,-186.0,0.5376344086021505,-186.0,0.5376344086021505,2.464622172085087,3.5,-1.035377827914913,3.0,-0.5
2022,6,2022_06_JAX_IND,IND,JAX,0.4659355473665382,0.5340644526334618,0.5495495495495496,0.47619047619047616,0.5357590966122961,0.46424090338770385,-122.0,110.0,False,True,False,JAX,IND,IND,0.0,1.0,0.5340644526334618,0.5357590966122961,0.46424090338770385,0.06982354924575795,110.0,-1.0,-122.0,0.819672131147541,-0.1609605895431015,1.0,-1.1609605895431014,7.0,6.0
2022,6,2022_06_MIN_MIA,MIA,MIN,0.4944629123853802,0.5055370876146198,0.38910505836575876,0.6363636363636364,0.3794411866160745,0.6205588133839255,157.0,-175.0,False,False,True,MIN,MIN,MIN,1.0,1.0,0.5055370876146198,0.6205588133839255,0.6205588133839255,-0.1150217257693057,-175.0,0.5714285714285714,-175.0,0.5714285714285714,1.465803065019557,-3.0,4.465803065019557,-8.0,-5.0
2022,6,2022_06_NE_CLE,CLE,NE,0.6127744566132842,0.3872255433867158,0.5833333333333334,0.44052863436123346,0.5697382574399427,0.43026174256005734,-140.0,127.0,True,True,True,CLE,CLE,NE,0.0,0.0,0.6127744566132842,0.5697382574399427,0.5697382574399427,0.04303619917334156,-140.0,-1.0,-140.0,-1.0,0.5861756126268634,2.5,-1.9138243873731366,-23.0,-25.5
2022,6,2022_06_NYJ_GB,GB,NYJ,0.6766477501391532,0.32335224986084676,0.7835497835497836,0.24691358024691357,0.7603858721020694,0.2396141278979306,-362.0,305.0,True,True,True,GB,GB,NYJ,0.0,0.0,0.6766477501391532,0.7603858721020694,0.7603858721020694,-0.08373812196291619,-362.0,-1.0,-362.0,-1.0,4.504432117971959,7.5,-2.995567882028041,-17.0,-24.5
2022,6,2022_06_SF_ATL,ATL,SF,0.3866629661153834,0.6133370338846166,0.37593984962406013,0.6491228070175439,0.36674816625916873,0.6332518337408314,166.0,-185.0,False,False,True,SF,SF,ATL,0.0,0.0,0.6133370338846166,0.6332518337408314,0.6332518337408314,-0.019914799856214804,-185.0,-1.0,-185.0,-1.0,-2.2339581708154035,-3.5,1.2660418291845965,14.0,17.5
2022,6,2022_06_TB_PIT,PIT,TB,0.2978709101462766,0.7021290898537234,0.2364066193853428,0.7942386831275721,0.22937728315351283,0.7706227168464871,323.0,-386.0,False,False,True,TB,TB,PIT,0.0,0.0,0.7021290898537234,0.7706227168464871,0.7706227168464871,-0.06849362699276373,-386.0,-1.0,-386.0,-1.0,-4.805560022450466,-10.0,5.194439977549534,2.0,12.0
2022,6,2022_06_WAS_CHI,CHI,WAS,0.4999079054283153,0.5000920945716847,0.4784688995215311,0.5454545454545454,0.4672897196261682,0.5327102803738317,109.0,-120.0,False,False,True,WAS,WAS,WAS,1.0,1.0,0.5000920945716847,0.5327102803738317,0.5327102803738317,-0.03261818580214704,-120.0,0.8333333333333335,-120.0,0.8333333333333335,0.1418495539761086,-1.0,1.1418495539761087,-5.0,-4.0
2022,7,2022_07_ATL_CIN,CIN,ATL,0.6750090238079444,0.32499097619205564,0.7304582210242587,0.29850746268656714,0.7098956093365133,0.2901043906634867,-271.0,235.0,True,True,True,CIN,CIN,CIN,1.0,1.0,0.6750090238079444,0.7098956093365133,0.7098956093365133,-0.034886585528568936,-271.0,0.36900369003690026,-271.0,0.36900369003690026,3.5298557806036444,6.5,-2.9701442193963556,18.0,11.5
2022,7,2022_07_CHI_NE,NE,CHI,0.6756984560235169,0.32430154397648314,0.7967479674796748,0.234192037470726,0.7728364052746279,0.22716359472537218,-392.0,327.0,True,True,True,NE,NE,CHI,0.0,0.0,0.6756984560235169,0.7728364052746279,0.7728364052746279,-0.09713794925111108,-392.0,-1.0,-392.0,-1.0,5.41422685927767,9.5,-4.08577314072233,-19.0,-28.5
2022,7,2022_07_CLE_BAL,BAL,CLE,0.5924183995889359,0.40758160041106406,0.7382198952879581,0.29069767441860467,0.7174723389148571,0.28252766108514293,-282.0,244.0,True,True,True,BAL,BAL,BAL,1.0,1.0,0.5924183995889359,0.7174723389148571,0.7174723389148571,-0.12505393932592113,-282.0,0.35460992907801425,-282.0,0.35460992907801425,5.123915087362307,6.5,-1.376084912637693,3.0,-3.5
2022,7,2022_07_DET_DAL,DAL,DET,0.5022600904854101,0.4977399095145899,0.7354497354497355,0.2932551319648094,0.7149278269657159,0.28507217303428406,-278.0,241.0,True,True,True,DAL,DAL,DAL,1.0,1.0,0.5022600904854101,0.7149278269657159,0.7149278269657159,-0.2126677364803058,-278.0,0.3597122302158273,-278.0,0.3597122302158273,2.3739217408763054,7.0,-4.626078259123695,18.0,11.0
2022,7,2022_07_GB_WAS,WAS,GB,0.3630985225017445,0.6369014774982555,0.3663003663003663,0.6610169491525424,0.35656010152897805,0.6434398984710219,173.0,-195.0,False,False,True,GB,GB,WAS,0.0,0.0,0.6369014774982555,0.6434398984710219,0.6434398984710219,-0.006538420972766357,-195.0,-1.0,-195.0,-1.0,-2.8478248322408666,-4.0,1.1521751677591334,2.0,6.0
2022,7,2022_07_HOU_LV,LV,HOU,0.6903111859373658,0.30968881406263415,0.7647058823529411,0.26455026455026454,0.7429694587239188,0.257030541276081,-325.0,278.0,True,True,True,LV,LV,LV,1.0,1.0,0.6903111859373658,0.7429694587239188,0.7429694587239188,-0.052658272786552995,-325.0,0.3076923076923077,-325.0,0.3076923076923077,3.7192112320247337,7.0,-3.2807887679752663,18.0,11.0
2022,7,2022_07_IND_TEN,TEN,IND,0.4252058616128499,0.5747941383871501,0.588477366255144,0.4366812227074236,0.5740354444580784,0.4259645555419216,-143.0,129.0,False,True,False,IND,TEN,TEN,0.0,1.0,0.5747941383871501,0.5740354444580784,0.4259645555419216,0.14882958284522851,129.0,-1.0,-143.0,0.6993006993006992,-0.8297926207279033,2.5,-3.329792620727903,9.0,6.5
2022,7,2022_07_KC_SF,SF,KC,0.5620537732043032,0.43794622679569684,0.5098039215686274,0.5145631067961165,0.497677011707861,0.5023229882921391,-104.0,-106.0,True,False,False,SF,KC,KC,0.0,1.0,0.5620537732043032,0.5023229882921391,0.497677011707861,0.06437676149644217,-104.0,-1.0,-106.0,0.9433962264150944,1.4586439669137985,-1.0,2.4586439669137983,-21.0,-20.0
2022,7,2022_07_NO_ARI,ARI,NO,0.540325043625327,0.45967495637467304,0.5833333333333334,0.4424778761061947,0.5686556434219986,0.43134435657800146,-140.0,126.0,True,True,True,ARI,ARI,ARI,1.0,1.0,0.540325043625327,0.5686556434219986,0.5686556434219986,-0.02833059979667163,-140.0,0.7142857142857144,-140.0,0.7142857142857144,-0.5136389915657138,2.5,-3.013638991565714,8.0,5.5
2022,7,2022_07_NYG_JAX,JAX,NYG,0.5934413983230924,0.4065586016769076,0.6226415094339622,0.4032258064516129,0.6069415603678434,0.39305843963215664,-165.0,148.0,True,True,True,JAX,JAX,NYG,0.0,0.0,0.5934413983230924,0.6069415603678434,0.6069415603678434,-0.013500162044751018,-165.0,-1.0,-165.0,-1.0,2.981439671249994,3.0,-0.018560328750005795,-6.0,-9.0
2022,7,2022_07_NYJ_DEN,DEN,NYJ,0.5982995345018353,0.40170046549816474,0.46511627906976744,0.5594713656387665,0.453954604539546,0.5460453954604539,115.0,-127.0,True,False,False,DEN,NYJ,NYJ,0.0,1.0,0.5982995345018353,0.5460453954604539,0.453954604539546,0.14434492996228926,115.0,-1.0,-127.0,0.7874015748031495,2.7852847831280085,-2.0,4.7852847831280085,-7.0,-5.0
2022,7,2022_07_PIT_MIA,MIA,PIT,0.6133783994694503,0.3866216005305497,0.7481108312342569,0.28169014084507044,0.7264615702621697,0.2735384297378303,-297.0,255.0,True,True,True,MIA,MIA,MIA,1.0,1.0,0.6133783994694503,0.7264615702621697,0.7264615702621697,-0.11308317079271946,-297.0,0.3367003367003367,-297.0,0.3367003367003367,4.78607956054164,7.5,-2.7139204394583603,6.0,-1.5
2022,7,2022_07_SEA_LAC,LAC,SEA,0.5983137247521362,0.4016862752478638,0.6865203761755486,0.3412969283276451,0.6679400834834022,0.3320599165165978,-219.0,193.0,True,True,True,LAC,LAC,SEA,0.0,0.0,0.5983137247521362,0.6679400834834022,0.6679400834834022,-0.06962635873126599,-219.0,-1.0,-219.0,-1.0,1.2731347262646595,5.5,-4.22686527373534,-14.0,-19.5
2022,7,2022_07_TB_CAR,CAR,TB,0.2771342671237847,0.7228657328762154,0.16025641025641027,0.8717948717948718,0.15527950310559005,0.8447204968944099,524.0,-680.0,False,False,True,TB,TB,CAR,0.0,0.0,0.7228657328762154,0.8447204968944099,0.8447204968944099,-0.1218547640181945,-680.0,-1.0,-680.0,-1.0,-8.469411148341212,-13.0,4.530588851658788,18.0,31.0
2022,8,2022_08_ARI_MIN,MIN,ARI,0.6113195995799712,0.3886804004200288,0.6655518394648829,0.36101083032490977,0.648330451760112,0.35166954823988805,-199.0,177.0,True,True,True,MIN,MIN,MIN,1.0,1.0,0.6113195995799712,0.648330451760112,0.648330451760112,-0.037010852180140774,-199.0,0.5025125628140703,-199.0,0.5025125628140703,3.424242582206856,4.0,-0.5757574177931439,8.0,4.0
2022,8,2022_08_BAL_TB,TB,BAL,0.4890808344977481,0.5109191655022519,0.5614035087719298,0.46296296296296297,0.5480494766888677,0.4519505233111322,-128.0,116.0,False,True,False,BAL,TB,BAL,1.0,0.0,0.5109191655022519,0.5480494766888677,0.4519505233111322,0.05896864219111969,116.0,1.1600000000000001,-128.0,-1.0,-0.5096983659766895,2.0,-2.5096983659766896,-5.0,-7.0
2022,8,2022_08_CAR_ATL,ATL,CAR,0.6021109303679135,0.3978890696320865,0.6677740863787376,0.3597122302158273,0.6499104422061458,0.3500895577938542,-201.0,178.0,True,True,True,ATL,ATL,ATL,1.0,1.0,0.6021109303679135,0.6499104422061458,0.6499104422061458,-0.04779951183823228,-201.0,0.49751243781094523,-201.0,0.49751243781094523,0.9105622937561172,4.5,-3.5894377062438827,3.0,-1.5
2022,8,2022_08_CHI_DAL,DAL,CHI,0.6910292153770631,0.3089707846229369,0.8113207547169812,0.21978021978021978,0.7868489845163884,0.21315101548361146,-430.0,355.0,True,True,True,DAL,DAL,DAL,1.0,1.0,0.6910292153770631,0.7868489845163884,0.7868489845163884,-0.09581976913932533,-430.0,0.2325581395348837,-430.0,0.2325581395348837,8.800487665229644,10.5,-1.6995123347703558,20.0,9.5
2022,8,2022_08_CIN_CLE,CLE,CIN,0.5085639938114781,0.4914360061885219,0.4048582995951417,0.6197718631178707,0.3951262751461066,0.6048737248538935,147.0,-163.0,True,False,False,CLE,CIN,CLE,1.0,0.0,0.5085639938114781,0.6048737248538935,0.3951262751461066,0.1134377186653715,147.0,1.4699999999999998,-163.0,-1.0,-1.364818356323786,-3.0,1.635181643676214,19.0,22.0
2022,8,2022_08_DEN_JAX,JAX,DEN,0.5428535938350152,0.4571464061649848,0.5169082125603864,0.5073891625615764,0.5046466242274987,0.4953533757725013,-107.0,-103.0,True,True,True,JAX,JAX,DEN,0.0,0.0,0.5428535938350152,0.5046466242274987,0.5046466242274987,0.03820696960751646,-107.0,-1.0,-107.0,-1.0,1.991140578088688,1.0,0.9911405780886879,-4.0,-5.0
2022,8,2022_08_GB_BUF,BUF,GB,0.7194531887863241,0.28054681121367586,0.8165137614678899,0.21505376344086022,0.7915272066558287,0.20847279334417138,-445.0,365.0,True,True,True,BUF,BUF,BUF,1.0,1.0,0.7194531887863241,0.7915272066558287,0.7915272066558287,-0.07207401786950451,-445.0,0.2247191011235956,-445.0,0.2247191011235956,5.63664294277047,10.5,-4.86335705722953,10.0,-0.5
2022,8,2022_08_LV_NO,NO,LV,0.4711389043797082,0.5288610956202918,0.4807692307692308,0.54337899543379,0.46943325045014145,0.5305667495498585,108.0,-119.0,False,False,True,LV,LV,NO,0.0,0.0,0.5288610956202918,0.5305667495498585,0.5305667495498585,-0.001705653929566675,-119.0,-1.0,-119.0,-1.0,-0.312264514272229,-1.0,0.687735485727771,24.0,25.0
2022,8,2022_08_MIA_DET,DET,MIA,0.4425131634967442,0.5574868365032558,0.37174721189591076,0.6551724137931034,0.36200224691049804,0.6379977530895019,169.0,-190.0,False,False,True,MIA,MIA,MIA,1.0,1.0,0.5574868365032558,0.6379977530895019,0.6379977530895019,-0.0805109165862461,-190.0,0.5263157894736841,-190.0,0.5263157894736841,-2.6926672707843267,-3.5,0.8073327292156733,-4.0,-0.5
2022,8,2022_08_NE_NYJ,NYJ,NE,0.487148165166861,0.512851834833139,0.4166666666666667,0.6078431372549019,0.4066985645933015,0.5933014354066986,140.0,-155.0,False,False,True,NE,NE,NE,1.0,1.0,0.512851834833139,0.5933014354066986,0.5933014354066986,-0.08044960057355954,-155.0,0.6451612903225805,-155.0,0.6451612903225805,-0.4704506884042889,-3.0,2.5295493115957113,-5.0,-2.0
2022,8,2022_08_NYG_SEA,SEA,NYG,0.504777157302834,0.495222842697166,0.6212121212121212,0.4048582995951417,0.6054283493752616,0.3945716506247385,-164.0,147.0,True,True,True,SEA,SEA,SEA,1.0,1.0,0.504777157302834,0.6054283493752616,0.6054283493752616,-0.10065119207242756,-164.0,0.6097560975609757,-164.0,0.6097560975609757,2.996700893621146,3.0,-0.003299106378853889,14.0,11.0
2022,8,2022_08_PIT_PHI,PHI,PIT,0.7577058053235703,0.24229419467642965,0.8305084745762712,0.2012072434607646,0.8049780187088884,0.19502198129111165,-490.0,397.0,True,True,True,PHI,PHI,PHI,1.0,1.0,0.7577058053235703,0.8049780187088884,0.8049780187088884,-0.04727221338531806,-490.0,0.20408163265306123,-490.0,0.20408163265306123,10.535975433204625,11.0,-0.4640245667953753,22.0,11.0
2022,8,2022_08_SF_LA,LA,SF,0.4547281976822663,0.5452718023177336,0.5145631067961165,0.5098039215686274,0.5023229882921391,0.497677011707861,-106.0,-104.0,False,True,False,SF,LA,SF,1.0,0.0,0.5452718023177336,0.5023229882921391,0.497677011707861,0.04759479060987265,-104.0,0.9615384615384617,-106.0,-1.0,0.9767031736450608,-1.0,1.9767031736450607,-17.0,-16.0
2022,8,2022_08_TEN_HOU,HOU,TEN,0.4578150185635316,0.5421849814364684,0.49019607843137253,0.5348837209302325,0.478202846975089,0.521797153024911,104.0,-115.0,False,False,True,TEN,TEN,TEN,1.0,1.0,0.5421849814364684,0.521797153024911,0.521797153024911,0.020387828411557396,-115.0,0.8695652173913042,-115.0,0.8695652173913042,-0.8542032762871248,-1.0,0.14579672371287522,-7.0,-6.0
2022,8,2022_08_WAS_IND,IND,WAS,0.4855016008042913,0.5144983991957087,0.601593625498008,0.423728813559322,0.586736037934668,0.4132639620653319,-151.0,136.0,False,True,False,WAS,IND,WAS,1.0,0.0,0.5144983991957087,0.586736037934668,0.4132639620653319,0.10123443713037683,136.0,1.3600000000000003,-151.0,-1.0,-1.1773483345427382,3.0,-4.177348334542739,-1.0,-4.0
2022,9,2022_09_BAL_NO,NO,BAL,0.5126913079257598,0.4873086920742402,0.4716981132075472,0.5535714285714286,0.4600722970752547,0.5399277029247453,112.0,-124.0,True,False,False,NO,BAL,BAL,0.0,1.0,0.5126913079257598,0.5399277029247453,0.4600722970752547,0.05261901085050508,112.0,-1.0,-124.0,0.8064516129032258,-0.6478115318182953,-1.0,0.3521884681817047,-14.0,-13.0
2022,9,2022_09_BUF_NYJ,NYJ,BUF,0.2863925215579049,0.7136074784420952,0.2,0.8316498316498316,0.19386422976501305,0.8061357702349868,400.0,-494.0,False,False,True,BUF,BUF,NYJ,0.0,0.0,0.7136074784420952,0.8061357702349868,0.8061357702349868,-0.09252829179289168,-494.0,-1.0,-494.0,-1.0,-6.9390549195585525,-11.0,4.0609450804414475,3.0,14.0
2022,9,2022_09_CAR_CIN,CIN,CAR,0.7021945452328773,0.2978054547671227,0.7679814385150812,0.2617801047120419,0.745785705017046,0.2542142949829541,-331.0,282.0,True,True,True,CIN,CIN,CIN,1.0,1.0,0.7021945452328773,0.745785705017046,0.745785705017046,-0.04359115978416872,-331.0,0.30211480362537757,-331.0,0.30211480362537757,4.244262653259139,7.0,-2.755737346740861,21.0,14.0
2022,9,2022_09_GB_DET,DET,GB,0.473420414850195,0.526579585149805,0.37037037037037035,0.6563573883161512,0.36072889550018594,0.6392711044998141,170.0,-191.0,False,False,True,GB,GB,DET,0.0,0.0,0.526579585149805,0.6392711044998141,0.6392711044998141,-0.1126915193500091,-191.0,-1.0,-191.0,-1.0,-1.8017424832007007,-4.0,2.1982575167992993,6.0,10.0
2022,9,2022_09_IND_NE,NE,IND,0.5148228401040239,0.4851771598959761,0.6794871794871795,0.3472222222222222,0.6618106139438086,0.3381893860561915,-212.0,188.0,True,True,True,NE,NE,NE,1.0,1.0,0.5148228401040239,0.6618106139438086,0.6618106139438086,-0.14698777383978467,-212.0,0.4716981132075473,-212.0,0.4716981132075473,2.6761445004565743,5.0,-2.3238554995434257,23.0,18.0
2022,9,2022_09_LAC_ATL,ATL,LAC,0.484657940085592,0.5153420599144081,0.43478260869565216,0.588477366255144,0.4248994579471935,0.5751005420528064,130.0,-143.0,False,False,True,LAC,LAC,LAC,1.0,1.0,0.5153420599144081,0.5751005420528064,0.5751005420528064,-0.059758482138398294,-143.0,0.6993006993006992,-143.0,0.6993006993006992,1.1729738741257425,-2.5,3.6729738741257423,-3.0,-0.5
2022,9,2022_09_LA_TB,TB,LA,0.4058458570184529,0.5941541429815471,0.6124031007751938,0.4132231404958678,0.5971016303329377,0.40289836966706233,-158.0,142.0,False,True,False,LA,TB,TB,0.0,1.0,0.5941541429815471,0.5971016303329377,0.40289836966706233,0.1912557733144848,142.0,-1.0,-158.0,0.6329113924050633,2.0342224137267944,3.0,-0.9657775862732056,3.0,0.0
2022,9,2022_09_LV_JAX,JAX,LV,0.4486395325750226,0.5513604674249775,0.46296296296296297,0.5633187772925764,0.451107083760145,0.548892916239855,116.0,-129.0,False,False,True,LV,LV,JAX,0.0,0.0,0.5513604674249775,0.548892916239855,0.548892916239855,0.0024675511851224297,-129.0,-1.0,-129.0,-1.0,-0.214104105466296,-2.5,2.285895894533704,7.0,9.5
2022,9,2022_09_MIA_CHI,CHI,MIA,0.3735324146354216,0.6264675853645785,0.36764705882352944,0.658703071672355,0.3582082253410925,0.6417917746589075,172.0,-193.0,False,False,True,MIA,MIA,MIA,1.0,1.0,0.6264675853645785,0.6417917746589075,0.6417917746589075,-0.015324189294328994,-193.0,0.5181347150259068,-193.0,0.5181347150259068,-3.499481593151609,-4.0,0.500518406848391,-3.0,1.0
2022,9,2022_09_MIN_WAS,WAS,MIN,0.4150680911416406,0.5849319088583593,0.398406374501992,0.6282527881040892,0.3880609933784388,0.6119390066215612,151.0,-169.0,False,False,True,MIN,MIN,MIN,1.0,1.0,0.5849319088583593,0.6119390066215612,0.6119390066215612,-0.02700709776320187,-169.0,0.5917159763313609,-169.0,0.5917159763313609,-1.001412619320443,-3.0,1.998587380679557,-3.0,0.0
2022,9,2022_09_PHI_HOU,HOU,PHI,0.2743771726616381,0.7256228273383619,0.1564945226917058,0.8753117206982544,0.15167045527612721,0.8483295447238728,539.0,-702.0,False,False,True,PHI,PHI,PHI,1.0,1.0,0.7256228273383619,0.8483295447238728,0.8483295447238728,-0.12270671738551087,-702.0,0.14245014245014254,-702.0,0.14245014245014254,-7.796214303569489,-14.0,6.203785696430511,-12.0,2.0
2022,9,2022_09_SEA_ARI,ARI,SEA,0.4952483304321829,0.5047516695678171,0.5614035087719298,0.46296296296296297,0.5480494766888677,0.4519505233111322,-128.0,116.0,False,True,False,SEA,ARI,SEA,1.0,0.0,0.5047516695678171,0.5480494766888677,0.4519505233111322,0.05280114625668492,116.0,1.1600000000000001,-128.0,-1.0,0.1009528956357261,1.5,-1.3990471043642738,-10.0,-11.5
2022,9,2022_09_TEN_KC,KC,TEN,0.7449351822957779,0.25506481770422207,0.8732572877059569,0.15873015873015872,0.8461898356629043,0.15381016433709574,-689.0,530.0,True,True,True,KC,KC,KC,1.0,1.0,0.7449351822957779,0.8461898356629043,0.8461898356629043,-0.10125465336712636,-689.0,0.1451378809869377,-689.0,0.1451378809869377,5.097456326556989,14.0,-8.902543673443011,3.0,-11.0
2022,10,2022_10_ARI_LA,LA,ARI,0.5168542692426211,0.4831457307573789,0.6466431095406361,0.38461538461538464,0.6270426989984186,0.3729573010015814,-183.0,160.0,True,True,True,LA,LA,ARI,0.0,0.0,0.5168542692426211,0.6270426989984186,0.6270426989984186,-0.11018842975579746,-183.0,-1.0,-183.0,-1.0,2.688131720242916,3.5,-0.8118682797570842,-10.0,-13.5
2022,10,2022_10_ATL_CAR,CAR,ATL,0.4129224903502155,0.5870775096497844,0.45662100456621,0.5689655172413793,0.4452291394795425,0.5547708605204575,119.0,-132.0,False,False,True,ATL,ATL,CAR,0.0,0.0,0.5870775096497844,0.5547708605204575,0.5547708605204575,0.0323066491293269,-132.0,-1.0,-132.0,-1.0,0.0431788038877447,-2.5,2.5431788038877445,10.0,12.5
2022,10,2022_10_CLE_MIA,MIA,CLE,0.5462430948212206,0.4537569051787794,0.6389891696750902,0.3875968992248062,0.6224409126843496,0.3775590873156503,-177.0,158.0,True,True,True,MIA,MIA,MIA,1.0,1.0,0.5462430948212206,0.6224409126843496,0.6224409126843496,-0.07619781786312907,-177.0,0.5649717514124295,-177.0,0.5649717514124295,2.857144087990534,3.0,-0.14285591200946612,22.0,19.0
2022,10,2022_10_DAL_GB,GB,DAL,0.522959253016089,0.47704074698391097,0.36101083032490977,0.6655518394648829,0.35166954823988805,0.648330451760112,177.0,-199.0,True,False,False,GB,DAL,GB,1.0,0.0,0.522959253016089,0.648330451760112,0.35166954823988805,0.17128970477620098,177.0,1.77,-199.0,-1.0,-0.935208674659154,-3.5,2.564791325340846,3.0,6.5
2022,10,2022_10_DEN_TEN,TEN,DEN,0.4505156898647512,0.5494843101352488,0.574468085106383,0.45045045045045046,0.5605012156349355,0.43949878436506445,-135.0,122.0,False,True,False,DEN,TEN,TEN,0.0,1.0,0.5494843101352488,0.5605012156349355,0.43949878436506445,0.10998552577018433,122.0,-1.0,-135.0,0.7407407407407407,-0.8081660702480792,2.5,-3.3081660702480793,7.0,4.5
2022,10,2022_10_DET_CHI,CHI,DET,0.5828769217879766,0.41712307821202343,0.6138996138996139,0.411522633744856,0.5986798270759409,0.4013201729240591,-159.0,143.0,True,True,True,CHI,CHI,DET,0.0,0.0,0.5828769217879766,0.5986798270759409,0.5986798270759409,-0.015802905287964353,-159.0,-1.0,-159.0,-1.0,3.1834232971083245,3.0,0.1834232971083245,-1.0,-4.0
2022,10,2022_10_HOU_NYG,NYG,HOU,0.6877362326714722,0.3122637673285278,0.6884735202492211,0.3389830508474576,0.6700755434503315,0.3299244565496685,-221.0,195.0,True,True,True,NYG,NYG,NYG,1.0,1.0,0.6877362326714722,0.6700755434503315,0.6700755434503315,0.017660689221140724,-221.0,0.4524886877828054,-221.0,0.4524886877828054,3.942686308021216,5.5,-1.5573136919787842,8.0,2.5
2022,10,2022_10_IND_LV,LV,IND,0.6115087249079485,0.3884912750920515,0.6655518394648829,0.36101083032490977,0.648330451760112,0.35166954823988805,-199.0,177.0,True,True,True,LV,LV,IND,0.0,0.0,0.6115087249079485,0.648330451760112,0.648330451760112,-0.03682172685216345,-199.0,-1.0,-199.0,-1.0,3.3511825689142114,4.5,-1.1488174310857886,-5.0,-9.5
2022,10,2022_10_JAX_KC,KC,JAX,0.7480547309823387,0.25194526901766134,0.7995991983967936,0.23094688221709006,0.7758985390740433,0.22410146092595667,-399.0,333.0,True,True,True,KC,KC,KC,1.0,1.0,0.7480547309823387,0.7758985390740433,0.7758985390740433,-0.027843808091704614,-399.0,0.2506265664160401,-399.0,0.2506265664160401,7.325001105335707,10.0,-2.6749988946642933,10.0,0.0
2022,10,2022_10_LAC_SF,SF,LAC,0.6518536261646175,0.3481463738353825,0.7811816192560175,0.24875621890547264,0.7584745314828713,0.24152546851712878,-357.0,302.0,True,True,True,SF,SF,SF,1.0,1.0,0.6518536261646175,0.7584745314828713,0.7584745314828713,-0.10662090531825374,-357.0,0.28011204481792706,-357.0,0.28011204481792706,4.428249096422476,8.5,-4.071750903577524,6.0,-2.5
2022,10,2022_10_MIN_BUF,BUF,MIN,0.6075204073632331,0.3924795926367669,0.7252747252747253,0.30303030303030304,0.7053108808290155,0.29468911917098445,-264.0,230.0,True,True,True,BUF,BUF,MIN,0.0,0.0,0.6075204073632331,0.7053108808290155,0.7053108808290155,-0.0977904734657824,-264.0,-1.0,-264.0,-1.0,1.0043975755112842,6.5,-5.495602424488716,-3.0,-9.5
2022,10,2022_10_NO_PIT,PIT,NO,0.434550478215548,0.565449521784452,0.5370370370370371,0.4878048780487805,0.5240193918025562,0.4759806081974437,-116.0,105.0,False,True,False,NO,PIT,PIT,0.0,1.0,0.565449521784452,0.5240193918025562,0.4759806081974437,0.08946891358700826,105.0,-1.0,-116.0,0.8620689655172413,-1.660033657962356,1.0,-2.660033657962356,10.0,9.0
2022,10,2022_10_SEA_TB,TB,SEA,0.4918410042858697,0.5081589957141304,0.5798319327731093,0.44642857142857145,0.5649948822927329,0.43500511770726713,-138.0,124.0,False,True,False,SEA,TB,TB,0.0,1.0,0.5081589957141304,0.5649948822927329,0.43500511770726713,0.07315387800686324,124.0,-1.0,-138.0,0.7246376811594204,1.459099929088698,2.5,-1.040900070911302,5.0,2.5
2022,10,2022_10_WAS_PHI,PHI,WAS,0.75816241264765,0.24183758735234995,0.8336106489184693,0.19801980198019803,0.808051612079015,0.19194838792098495,-501.0,405.0,True,True,True,PHI,PHI,WAS,0.0,0.0,0.75816241264765,0.808051612079015,0.808051612079015,-0.04988919943136494,-501.0,-1.0,-501.0,-1.0,9.477348390246071,11.0,-1.5226516097539289,-11.0,-22.0
2022,11,2022_11_CAR_BAL,BAL,CAR,0.7361697008385432,0.26383029916145684,0.8661311914323963,0.16583747927031509,0.8392998896396833,0.16070011036031676,-647.0,503.0,True,True,True,BAL,BAL,BAL,1.0,1.0,0.7361697008385432,0.8392998896396833,0.8392998896396833,-0.10313018880114011,-647.0,0.15455950540958274,-647.0,0.15455950540958274,7.586503615042647,13.0,-5.413496384957353,10.0,-3.0
2022,11,2022_11_CHI_ATL,ATL,CHI,0.4544367446183597,0.5455632553816403,0.5798319327731093,0.4444444444444444,0.5660893345487694,0.43391066545123064,-138.0,125.0,False,True,False,CHI,ATL,ATL,0.0,1.0,0.5455632553816403,0.5660893345487694,0.43391066545123064,0.11165258993040966,125.0,-1.0,-138.0,0.7246376811594204,0.8603776003571483,3.0,-2.139622399642852,3.0,0.0
2022,11,2022_11_CIN_PIT,PIT,CIN,0.5510288540579305,0.44897114594206955,0.38022813688212925,0.6453900709219859,0.37073068125049297,0.629269318749507,163.0,-182.0,True,False,False,PIT,CIN,CIN,0.0,1.0,0.5510288540579305,0.629269318749507,0.37073068125049297,0.18029817280743748,163.0,-1.0,-182.0,0.5494505494505495,-1.2150600978524806,-3.5,2.2849399021475194,-7.0,-3.5
2022,11,2022_11_CLE_BUF,BUF,CLE,0.6960678011424404,0.3039321988575596,0.7792494481236203,0.25125628140703515,0.7561815774459886,0.24381842255401143,-353.0,298.0,True,True,True,BUF,BUF,BUF,1.0,1.0,0.6960678011424404,0.7561815774459886,0.7561815774459886,-0.060113776303548194,-353.0,0.2832861189801701,-353.0,0.2832861189801701,6.310926533205559,7.5,-1.189073466794441,8.0,0.5
2022,11,2022_11_DAL_MIN,MIN,DAL,0.3398920009696662,0.6601079990303338,0.45871559633027525,0.5670995670995671,0.4471717836540324,0.5528282163459678,118.0,-131.0,False,False,True,DAL,DAL,DAL,1.0,1.0,0.6601079990303338,0.5528282163459678,0.5528282163459678,0.107279782684366,-131.0,0.7633587786259541,-131.0,0.7633587786259541,-2.4219539259905907,-1.5,-0.9219539259905907,-37.0,-35.5
2022,11,2022_11_DET_NYG,NYG,DET,0.5373184134829728,0.4626815865170272,0.6138996138996139,0.411522633744856,0.5986798270759409,0.4013201729240591,-159.0,143.0,True,True,True,NYG,NYG,DET,0.0,0.0,0.5373184134829728,0.5986798270759409,0.5986798270759409,-0.061361413592968095,-159.0,-1.0,-159.0,-1.0,3.6345416087375577,3.0,0.6345416087375577,-13.0,-16.0
2022,11,2022_11_KC_LAC,LAC,KC,0.3575080872292546,0.6424919127707454,0.33003300330033003,0.6978851963746223,0.32106932575441594,0.6789306742455842,203.0,-231.0,False,False,True,KC,KC,KC,1.0,1.0,0.6424919127707454,0.6789306742455842,0.6789306742455842,-0.03643876147483882,-231.0,0.4329004329004329,-231.0,0.4329004329004329,-2.001596355408036,-5.5,3.498403644591964,-3.0,2.5
2022,11,2022_11_LA_NO,NO,LA,0.4585578018619167,0.5414421981380833,0.5535714285714286,0.4716981132075472,0.5399277029247453,0.4600722970752547,-124.0,112.0,False,True,False,LA,NO,NO,0.0,1.0,0.5414421981380833,0.5399277029247453,0.4600722970752547,0.08136990106282854,112.0,-1.0,-124.0,0.8064516129032258,-1.9119592135803187,2.5,-4.411959213580319,7.0,4.5
2022,11,2022_11_LV_DEN,DEN,LV,0.4502796900088184,0.5497203099911816,0.5918367346938775,0.4329004329004329,0.5775497887748944,0.4224502112251056,-145.0,131.0,False,True,False,LV,DEN,LV,1.0,0.0,0.5497203099911816,0.5775497887748944,0.4224502112251056,0.12727009876607598,131.0,1.31,-145.0,-1.0,-1.5003521631561527,2.5,-4.000352163156153,-6.0,-8.5
2022,11,2022_11_NYJ_NE,NE,NYJ,0.7119827961761435,0.28801720382385654,0.6453900709219859,0.38022813688212925,0.629269318749507,0.37073068125049297,-182.0,163.0,True,True,True,NE,NE,NE,1.0,1.0,0.7119827961761435,0.629269318749507,0.629269318749507,0.08271347742663648,-182.0,0.5494505494505495,-182.0,0.5494505494505495,5.862231380832203,3.5,2.3622313808322026,7.0,3.5
2022,11,2022_11_PHI_IND,IND,PHI,0.2707855617362655,0.7292144382637344,0.29850746268656714,0.7297297297297297,0.290309925460965,0.7096900745390349,235.0,-270.0,False,False,True,PHI,PHI,PHI,1.0,1.0,0.7292144382637344,0.7096900745390349,0.7096900745390349,0.019524363724699567,-270.0,0.37037037037037024,-270.0,0.37037037037037024,-5.485285329724776,-6.5,1.0147146702752243,-1.0,5.5
2022,11,2022_11_SF_ARI,ARI,SF,0.3143976193071782,0.6856023806928218,0.2222222222222222,0.8084291187739464,0.21561338289962823,0.7843866171003717,350.0,-422.0,False,False,True,SF,SF,SF,1.0,1.0,0.6856023806928218,0.7843866171003717,0.7843866171003717,-0.09878423640754996,-422.0,0.23696682464454977,-422.0,0.23696682464454977,-4.459332566012828,-10.0,5.540667433987172,-28.0,-18.0
2022,11,2022_11_TEN_GB,GB,TEN,0.6303262398209544,0.36967376017904563,0.6309963099630996,0.3952569169960474,0.6148543979079913,0.38514560209200854,-171.0,153.0,True,True,True,GB,GB,TEN,0.0,0.0,0.6303262398209544,0.6148543979079913,0.6148543979079913,0.015471841912963025,-171.0,-1.0,-171.0,-1.0,1.547298783119928,3.0,-1.452701216880072,-10.0,-13.0
2022,11,2022_11_WAS_HOU,HOU,WAS,0.610244132537626,0.389755867462374,0.425531914893617,0.6,0.41493775933609955,0.5850622406639003,135.0,-150.0,True,False,False,HOU,WAS,WAS,0.0,1.0,0.610244132537626,0.5850622406639003,0.41493775933609955,0.19530637320152644,135.0,-1.0,-150.0,0.6666666666666665,1.894990550453757,-3.0,4.894990550453757,-13.0,-10.0
2022,12,2022_12_ATL_WAS,WAS,ATL,0.4879810196331463,0.5120189803668538,0.6466431095406361,0.38022813688212925,0.6297217024951262,0.37027829750487373,-183.0,163.0,False,True,False,ATL,WAS,WAS,0.0,1.0,0.5120189803668538,0.6297217024951262,0.37027829750487373,0.14174068286198005,163.0,-1.0,-183.0,0.5464480874316942,-0.026410975908998,3.5,-3.526410975908998,6.0,2.5
2022,12,2022_12_BAL_JAX,JAX,BAL,0.4442241803460379,0.5557758196539622,0.4048582995951417,0.6212121212121212,0.3945716506247385,0.6054283493752616,147.0,-164.0,False,False,True,BAL,BAL,JAX,0.0,0.0,0.5557758196539622,0.6054283493752616,0.6054283493752616,-0.04965252972129941,-164.0,-1.0,-164.0,-1.0,-0.2510651359108622,-3.5,3.248934864089138,1.0,4.5
2022,12,2022_12_BUF_DET,DET,BUF,0.2796962724922235,0.7203037275077765,0.22624434389140272,0.8046875,0.21945616020299694,0.780543839797003,342.0,-412.0,False,False,True,BUF,BUF,BUF,1.0,1.0,0.7203037275077765,0.780543839797003,0.780543839797003,-0.060240112289226544,-412.0,0.24271844660194164,-412.0,0.24271844660194164,-3.89491959779221,-10.0,6.10508040220779,-3.0,7.0
2022,12,2022_12_CHI_NYJ,NYJ,CHI,0.6966529480512197,0.3033470519487803,0.7894736842105263,0.24096385542168675,0.7661538461538461,0.23384615384615381,-375.0,315.0,True,True,True,NYJ,NYJ,NYJ,1.0,1.0,0.6966529480512197,0.7661538461538461,0.7661538461538461,-0.06950089810262639,-375.0,0.2666666666666666,-375.0,0.2666666666666666,5.963104853518733,8.5,-2.5368951464812666,21.0,12.5
2022,12,2022_12_CIN_TEN,TEN,CIN,0.3575835346480339,0.6424164653519662,0.5121951219512195,0.5121951219512195,0.5,0.5,-105.0,-105.0,False,True,False,CIN,TEN,CIN,1.0,0.0,0.6424164653519662,0.5,0.5,0.14241646535196617,-105.0,0.9523809523809523,-105.0,-1.0,-3.30664589686834,-1.0,-2.30664589686834,-4.0,-3.0
2022,12,2022_12_DEN_CAR,CAR,DEN,0.4953236480191993,0.5046763519808006,0.4878048780487805,0.5370370370370371,0.4759806081974437,0.5240193918025562,105.0,-116.0,False,False,True,DEN,DEN,CAR,0.0,0.0,0.5046763519808006,0.5240193918025562,0.5240193918025562,-0.01934303982175556,-116.0,-1.0,-116.0,-1.0,0.6740036081571489,-1.0,1.674003608157149,13.0,14.0
2022,12,2022_12_GB_PHI,PHI,GB,0.6617765116673999,0.3382234883326001,0.7354497354497355,0.2932551319648094,0.7149278269657159,0.28507217303428406,-278.0,241.0,True,True,True,PHI,PHI,PHI,1.0,1.0,0.6617765116673999,0.7149278269657159,0.7149278269657159,-0.05315131529831596,-278.0,0.3597122302158273,-278.0,0.3597122302158273,3.094208690890987,6.5,-3.405791309109013,7.0,0.5
2022,12,2022_12_HOU_MIA,MIA,HOU,0.737953892174086,0.262046107825914,0.8915401301518439,0.1402524544179523,0.8640691389767738,0.13593086102322618,-822.0,613.0,True,True,True,MIA,MIA,MIA,1.0,1.0,0.737953892174086,0.8640691389767738,0.8640691389767738,-0.12611524680268782,-822.0,0.12165450121654509,-822.0,0.12165450121654509,5.86148868815684,14.0,-8.13851131184316,15.0,1.0
2022,12,2022_12_LAC_ARI,ARI,LAC,0.3946430101117709,0.6053569898882292,0.4484304932735426,0.576271186440678,0.43762053107847504,0.562379468921525,123.0,-136.0,False,False,True,LAC,LAC,LAC,1.0,1.0,0.6053569898882292,0.562379468921525,0.562379468921525,0.04297752096670415,-136.0,0.7352941176470589,-136.0,0.7352941176470589,-1.4249918421393883,-2.5,1.0750081578606117,-1.0,1.5
2022,12,2022_12_LA_KC,KC,LA,0.7628893939334191,0.23711060606658085,0.9158249158249159,0.1152073732718894,0.8882601694532649,0.11173983054673509,-1088.0,768.0,True,True,True,KC,KC,KC,1.0,1.0,0.7628893939334191,0.8882601694532649,0.8882601694532649,-0.12537077551984577,-1088.0,0.09191176470588225,-1088.0,0.09191176470588225,6.866926320221092,16.5,-9.633073679778908,16.0,-0.5
2022,12,2022_12_LV_SEA,SEA,LV,0.5793698625251472,0.4206301374748528,0.6621621621621622,0.36496350364963503,0.644674925573802,0.35532507442619804,-196.0,174.0,True,True,True,SEA,SEA,LV,0.0,0.0,0.5793698625251472,0.644674925573802,0.644674925573802,-0.0653050630486548,-196.0,-1.0,-196.0,-1.0,1.9262937693664848,4.0,-2.0737062306335154,-6.0,-10.0
2022,12,2022_12_NE_MIN,MIN,NE,0.4992894452132642,0.5007105547867359,0.576271186440678,0.4484304932735426,0.562379468921525,0.43762053107847504,-136.0,123.0,False,True,False,NE,MIN,MIN,0.0,1.0,0.5007105547867359,0.562379468921525,0.43762053107847504,0.06309002370826083,123.0,-1.0,-136.0,0.7352941176470589,-1.6180365972489648,2.5,-4.118036597248965,7.0,4.5
2022,12,2022_12_NO_SF,SF,NO,0.7486353057258511,0.25136469427414887,0.7967479674796748,0.234192037470726,0.7728364052746279,0.22716359472537218,-392.0,327.0,True,True,True,SF,SF,SF,1.0,1.0,0.7486353057258511,0.7728364052746279,0.7728364052746279,-0.024201099548776805,-392.0,0.2551020408163265,-392.0,0.2551020408163265,5.5333206426367045,9.5,-3.9666793573632955,13.0,3.5
2022,12,2022_12_NYG_DAL,DAL,NYG,0.6688348558949897,0.3311651441050103,0.8151571164510166,0.2159827213822894,0.7905398342128594,0.20946016578714044,-441.0,363.0,True,True,True,DAL,DAL,DAL,1.0,1.0,0.6688348558949897,0.7905398342128594,0.7905398342128594,-0.12170497831786975,-441.0,0.22675736961451243,-441.0,0.22675736961451243,4.835500486953309,10.5,-5.664499513046691,8.0,-2.5
2022,12,2022_12_PIT_IND,IND,PIT,0.4312281305873073,0.5687718694126926,0.5614035087719298,0.46296296296296297,0.5480494766888677,0.4519505233111322,-128.0,116.0,False,True,False,PIT,IND,PIT,1.0,0.0,0.5687718694126926,0.5480494766888677,0.4519505233111322,0.11682134610156042,116.0,1.1600000000000001,-128.0,-1.0,-1.6115201822359846,2.5,-4.111520182235985,-7.0,-9.5
2022,12,2022_12_TB_CLE,CLE,TB,0.4282166723813054,0.5717833276186945,0.398406374501992,0.6282527881040892,0.3880609933784388,0.6119390066215612,151.0,-169.0,False,False,True,TB,TB,CLE,0.0,0.0,0.5717833276186945,0.6119390066215612,0.6119390066215612,-0.04015567900286665,-169.0,-1.0,-169.0,-1.0,-2.0950899946549644,-3.0,0.9049100053450356,6.0,9.0
2022,13,2022_13_BUF_NE,NE,BUF,0.4515995661976669,0.5484004338023332,0.37735849056603776,0.6491228070175439,0.3676233473073202,0.6323766526926797,165.0,-185.0,False,False,True,BUF,BUF,BUF,1.0,1.0,0.5484004338023332,0.6323766526926797,0.6323766526926797,-0.08397621889034657,-185.0,0.5405405405405406,-185.0,0.5405405405405406,-2.3485705972810846,-3.5,1.1514294027189154,-14.0,-10.5
2022,13,2022_13_CLE_HOU,HOU,CLE,0.2781031643680536,0.7218968356319464,0.2631578947368421,0.7668997668997669,0.25547879942829915,0.7445212005717008,280.0,-329.0,False,False,True,CLE,CLE,CLE,1.0,1.0,0.7218968356319464,0.7445212005717008,0.7445212005717008,-0.022624364939754393,-329.0,0.30395136778115495,-329.0,0.30395136778115495,-5.013375989915094,-7.5,2.486624010084906,-13.0,-5.5
2022,13,2022_13_DEN_BAL,BAL,DEN,0.6802923573149037,0.3197076426850963,0.7762863534675615,0.25380710659898476,0.7536076905268497,0.24639230947315044,-347.0,294.0,True,True,True,BAL,BAL,BAL,1.0,1.0,0.6802923573149037,0.7536076905268497,0.7536076905268497,-0.07331533321194605,-347.0,0.28818443804034577,-347.0,0.28818443804034577,4.440693210358348,9.5,-5.059306789641652,1.0,-8.5
2022,13,2022_13_GB_CHI,CHI,GB,0.3973311064106085,0.6026688935893916,0.38022813688212925,0.6453900709219859,0.37073068125049297,0.629269318749507,163.0,-182.0,False,False,True,GB,GB,GB,1.0,1.0,0.6026688935893916,0.629269318749507,0.629269318749507,-0.026600425160115404,-182.0,0.5494505494505495,-182.0,0.5494505494505495,-1.2521757296299458,-4.0,2.747824270370054,-9.0,-5.0
2022,13,2022_13_IND_DAL,DAL,IND,0.7059114124314975,0.29408858756850254,0.8214285714285714,0.21008403361344538,0.7963340122199594,0.20366598778004075,-460.0,376.0,True,True,True,DAL,DAL,DAL,1.0,1.0,0.7059114124314975,0.7963340122199594,0.7963340122199594,-0.0904225997884619,-460.0,0.21739130434782616,-460.0,0.21739130434782616,4.179497548268378,11.0,-6.820502451731622,35.0,24.0
2022,13,2022_13_JAX_DET,DET,JAX,0.3905225919104719,0.6094774080895281,0.5412844036697247,0.4830917874396135,0.5284039285250725,0.4715960714749275,-118.0,107.0,False,True,False,JAX,DET,DET,0.0,1.0,0.6094774080895281,0.5284039285250725,0.4715960714749275,0.1378813366146006,107.0,-1.0,-118.0,0.847457627118644,-3.0051325681204832,1.0,-4.005132568120484,26.0,25.0
2022,13,2022_13_KC_CIN,CIN,KC,0.5218891028672782,0.4781108971327218,0.45454545454545453,0.5689655172413793,0.444104134762634,0.555895865237366,120.0,-132.0,True,False,False,CIN,KC,CIN,1.0,0.0,0.5218891028672782,0.555895865237366,0.444104134762634,0.07778496810464419,120.0,1.2000000000000002,-132.0,-1.0,-0.7218773182669364,-2.5,1.7781226817330635,3.0,5.5
2022,13,2022_13_LAC_LV,LV,LAC,0.4211489944593096,0.5788510055406904,0.5815899581589958,0.4444444444444444,0.5668328047122791,0.43316719528772085,-139.0,125.0,False,True,False,LAC,LV,LV,0.0,1.0,0.5788510055406904,0.5668328047122791,0.43316719528772085,0.1456838102529695,125.0,-1.0,-139.0,0.7194244604316546,-1.0719154943482556,2.5,-3.5719154943482554,7.0,4.5
2022,13,2022_13_MIA_SF,SF,MIA,0.5475884052924999,0.45241159470750014,0.6894409937888198,0.33783783783783783,0.6711332625214478,0.32886673747855216,-222.0,196.0,True,True,True,SF,SF,SF,1.0,1.0,0.5475884052924999,0.6711332625214478,0.6711332625214478,-0.12354485722894792,-222.0,0.4504504504504505,-222.0,0.4504504504504505,2.1732099672565286,4.5,-2.3267900327434714,16.0,11.5
2022,13,2022_13_NO_TB,TB,NO,0.641357630686813,0.35864236931318705,0.6551724137931034,0.37174721189591076,0.6379977530895019,0.36200224691049804,-190.0,169.0,True,True,True,TB,TB,TB,1.0,1.0,0.641357630686813,0.6379977530895019,0.6379977530895019,0.003359877597311045,-190.0,0.5263157894736841,-190.0,0.5263157894736841,4.7127389911648585,3.5,1.2127389911648585,1.0,-2.5
2022,13,2022_13_NYJ_MIN,MIN,NYJ,0.4712730437776078,0.5287269562223922,0.5934959349593496,0.43103448275862066,0.5792858120125872,0.4207141879874127,-146.0,132.0,False,True,False,NYJ,MIN,MIN,0.0,1.0,0.5287269562223922,0.5792858120125872,0.4207141879874127,0.10801276823497946,132.0,-1.0,-146.0,0.6849315068493151,0.2442522687895421,3.0,-2.755747731210458,5.0,2.0
2022,13,2022_13_PIT_ATL,ATL,PIT,0.4413977853879955,0.5586022146120044,0.49261083743842365,0.5305164319248826,0.48147562105834224,0.5185243789416578,103.0,-113.0,False,False,True,PIT,PIT,PIT,1.0,1.0,0.5586022146120044,0.5185243789416578,0.5185243789416578,0.04007783567034662,-113.0,0.8849557522123894,-113.0,0.8849557522123894,0.4190320636171342,-1.0,1.4190320636171343,-3.0,-2.0
2022,13,2022_13_SEA_LA,LA,SEA,0.2522258945355318,0.7477741054644682,0.2840909090909091,0.7448979591836735,0.276087446472842,0.723912553527158,252.0,-292.0,False,False,True,SEA,SEA,SEA,1.0,1.0,0.7477741054644682,0.723912553527158,0.723912553527158,0.02386155193731021,-292.0,0.34246575342465757,-292.0,0.34246575342465757,-9.90083509060811,-7.0,-2.90083509060811,-4.0,3.0
2022,13,2022_13_TEN_PHI,PHI,TEN,0.6202815498283174,0.3797184501716826,0.6805111821086262,0.3460207612456747,0.6629225583423975,0.33707744165760256,-213.0,189.0,True,True,True,PHI,PHI,PHI,1.0,1.0,0.6202815498283174,0.6629225583423975,0.6629225583423975,-0.04264100851408015,-213.0,0.4694835680751175,-213.0,0.4694835680751175,2.986026894153079,5.0,-2.013973105846921,25.0,20.0
2022,14,2022_14_BAL_PIT,PIT,BAL,0.5137511056288415,0.4862488943711585,0.5535714285714286,0.4716981132075472,0.5399277029247453,0.4600722970752547,-124.0,112.0,True,True,True,PIT,PIT,BAL,0.0,0.0,0.5137511056288415,0.5399277029247453,0.5399277029247453,-0.026176597295903825,-124.0,-1.0,-124.0,-1.0,-1.1223871103963603,1.5,-2.6223871103963603,-2.0,-3.5
2022,14,2022_14_CAR_SEA,SEA,CAR,0.6183494466848523,0.38165055331514774,0.6666666666666666,0.3597122302158273,0.6495327102803738,0.3504672897196262,-200.0,178.0,True,True,True,SEA,SEA,CAR,0.0,0.0,0.6183494466848523,0.6495327102803738,0.6495327102803738,-0.031183263595521593,-200.0,-1.0,-200.0,-1.0,2.3663726012374835,3.5,-1.1336273987625165,-6.0,-9.5
2022,14,2022_14_CLE_CIN,CIN,CLE,0.645072078018372,0.35492792198162804,0.6710526315789473,0.35587188612099646,0.6534585746204004,0.3465414253795997,-204.0,181.0,True,True,True,CIN,CIN,CIN,1.0,1.0,0.645072078018372,0.6534585746204004,0.6534585746204004,-0.008386496602028393,-204.0,0.4901960784313726,-204.0,0.4901960784313726,1.7111108592176558,4.5,-2.788889140782344,13.0,8.5
2022,14,2022_14_HOU_DAL,DAL,HOU,0.7501620643184836,0.24983793568151635,0.931740614334471,0.09823182711198428,0.90462674227086,0.09537325772913995,-1365.0,918.0,True,True,True,DAL,DAL,DAL,1.0,1.0,0.7501620643184836,0.90462674227086,0.90462674227086,-0.1544646779523764,-1365.0,0.07326007326007322,-1365.0,0.07326007326007322,7.68927628976891,17.0,-9.310723710231091,4.0,-13.0
2022,14,2022_14_JAX_TEN,TEN,JAX,0.547313186072107,0.452686813927893,0.6282527881040892,0.398406374501992,0.6119390066215612,0.3880609933784388,-169.0,151.0,True,True,True,TEN,TEN,JAX,0.0,0.0,0.547313186072107,0.6119390066215612,0.6119390066215612,-0.0646258205494542,-169.0,-1.0,-169.0,-1.0,1.726645456911345,3.0,-1.273354543088655,-14.0,-17.0
2022,14,2022_14_KC_DEN,DEN,KC,0.2842867048640268,0.7157132951359733,0.2331002331002331,0.7975708502024291,0.22616355195810023,0.7738364480418998,329.0,-394.0,False,False,True,KC,KC,KC,1.0,1.0,0.7157132951359733,0.7738364480418998,0.7738364480418998,-0.05812315290592651,-394.0,0.25380710659898487,-394.0,0.25380710659898487,-7.658601212360346,-8.5,0.8413987876396538,-6.0,2.5
2022,14,2022_14_LV_LA,LA,LV,0.2825568746361271,0.7174431253638729,0.2898550724637681,0.7389033942558747,0.2817523080884246,0.7182476919115754,245.0,-283.0,False,False,True,LV,LV,LA,0.0,0.0,0.7174431253638729,0.7182476919115754,0.7182476919115754,-0.0008045665477025565,-283.0,-1.0,-283.0,-1.0,-4.649177103400241,-6.5,1.8508228965997588,1.0,7.5
2022,14,2022_14_MIA_LAC,LAC,MIA,0.4649039235473444,0.5350960764526556,0.4065040650406504,0.6197718631178707,0.3960962679598783,0.6039037320401216,146.0,-163.0,False,False,True,MIA,MIA,LAC,0.0,0.0,0.5350960764526556,0.6039037320401216,0.6039037320401216,-0.06880765558746604,-163.0,-1.0,-163.0,-1.0,-0.3739118728678782,-3.0,2.626088127132122,6.0,9.0
2022,14,2022_14_MIN_DET,DET,MIN,0.5943130306434602,0.4056869693565398,0.5689655172413793,0.45662100456621,0.5547708605204575,0.4452291394795425,-132.0,119.0,True,True,True,DET,DET,DET,1.0,1.0,0.5943130306434602,0.5547708605204575,0.5547708605204575,0.03954217012300265,-132.0,0.7575757575757576,-132.0,0.7575757575757576,0.821109790156072,2.5,-1.678890209843928,11.0,8.5
2022,14,2022_14_NE_ARI,ARI,NE,0.5035947486976543,0.4964052513023457,0.4694835680751174,0.5555555555555556,0.45801526717557256,0.5419847328244275,113.0,-125.0,True,False,False,ARI,NE,NE,0.0,1.0,0.5035947486976543,0.5419847328244275,0.45801526717557256,0.045579481522081744,113.0,-1.0,-125.0,0.8,1.1732272939624366,-2.0,3.1732272939624364,-14.0,-12.0
2022,14,2022_14_NYJ_BUF,BUF,NYJ,0.7604178496340587,0.23958215036594133,0.7991967871485943,0.23148148148148148,0.7754085940036801,0.22459140599632,-398.0,332.0,True,True,True,BUF,BUF,BUF,1.0,1.0,0.7604178496340587,0.7754085940036801,0.7754085940036801,-0.014990744369621445,-398.0,0.25125628140703515,-398.0,0.25125628140703515,6.176208892174442,10.0,-3.823791107825558,8.0,-2.0
2022,14,2022_14_PHI_NYG,NYG,PHI,0.3665938220986973,0.6334061779013027,0.2777777777777778,0.7512437810945274,0.26994359387590655,0.7300564061240935,260.0,-302.0,False,False,True,PHI,PHI,PHI,1.0,1.0,0.6334061779013027,0.7300564061240935,0.7300564061240935,-0.09665022822279079,-302.0,0.33112582781456945,-302.0,0.33112582781456945,-2.7806130515664456,-7.5,4.719386948433554,-26.0,-18.5
2022,14,2022_14_TB_SF,SF,TB,0.6100445168522354,0.3899554831477646,0.6621621621621622,0.36363636363636365,0.6455089820359281,0.35449101796407184,-196.0,175.0,True,True,True,SF,SF,SF,1.0,1.0,0.6100445168522354,0.6455089820359281,0.6455089820359281,-0.03546446518369273,-196.0,0.510204081632653,-196.0,0.510204081632653,3.9897195586294303,3.5,0.4897195586294303,28.0,24.5
2022,15,2022_15_ARI_DEN,DEN,ARI,0.4025835333612528,0.5974164666387471,0.5475113122171946,0.47619047619047616,0.534834771627026,0.46516522837297414,-121.0,110.0,False,True,False,ARI,DEN,DEN,0.0,1.0,0.5974164666387471,0.534834771627026,0.46516522837297414,0.132251238265773,110.0,-1.0,-121.0,0.8264462809917354,-1.197009215494121,1.5,-2.6970092154941208,9.0,7.5
2022,15,2022_15_ATL_NO,NO,ATL,0.5829843049528816,0.41701569504711844,0.6978851963746223,0.33003300330033003,0.6789306742455842,0.32106932575441594,-231.0,203.0,True,True,True,NO,NO,NO,1.0,1.0,0.5829843049528816,0.6789306742455842,0.6789306742455842,-0.09594636929270262,-231.0,0.4329004329004329,-231.0,0.4329004329004329,1.1936014053616644,5.0,-3.8063985946383356,3.0,-2.0
2022,15,2022_15_BAL_CLE,CLE,BAL,0.5926455191013533,0.4073544808986467,0.6078431372549019,0.41841004184100417,0.5922935486449755,0.40770645135502437,-155.0,139.0,True,True,True,CLE,CLE,CLE,1.0,1.0,0.5926455191013533,0.5922935486449755,0.5922935486449755,0.00035197045637780366,-155.0,0.6451612903225805,-155.0,0.6451612903225805,-0.9054198658098712,2.5,-3.405419865809871,10.0,7.5
2022,15,2022_15_CIN_TB,TB,CIN,0.4445892143550209,0.555410785644979,0.4,0.6254681647940075,0.3900657414170928,0.6099342585829073,150.0,-167.0,False,False,True,CIN,CIN,CIN,1.0,1.0,0.555410785644979,0.6099342585829073,0.6099342585829073,-0.05452347293792825,-167.0,0.5988023952095807,-167.0,0.5988023952095807,-1.2198666453412443,-3.5,2.280133354658756,-11.0,-7.5
2022,15,2022_15_DAL_JAX,JAX,DAL,0.4563083889477942,0.5436916110522059,0.373134328358209,0.6527777777777778,0.36370984037179227,0.6362901596282077,168.0,-188.0,False,False,True,DAL,DAL,JAX,0.0,0.0,0.5436916110522059,0.6362901596282077,0.6362901596282077,-0.0925985485760018,-188.0,-1.0,-188.0,-1.0,-1.5323383905053227,-4.0,2.4676616094946775,6.0,10.0
2022,15,2022_15_DET_NYJ,NYJ,DET,0.5366845129832155,0.4633154870167845,0.5689655172413793,0.45454545454545453,0.555895865237366,0.444104134762634,-132.0,120.0,True,True,True,NYJ,NYJ,DET,0.0,0.0,0.5366845129832155,0.555895865237366,0.555895865237366,-0.019211352254150493,-132.0,-1.0,-132.0,-1.0,-0.6825772654217868,2.0,-2.682577265421787,-3.0,-5.0
2022,15,2022_15_IND_MIN,MIN,IND,0.6258911231331024,0.37410887686689764,0.6527777777777778,0.373134328358209,0.6362901596282077,0.36370984037179227,-188.0,168.0,True,True,True,MIN,MIN,MIN,1.0,1.0,0.6258911231331024,0.6362901596282077,0.6362901596282077,-0.010399036495105318,-188.0,0.5319148936170213,-188.0,0.5319148936170213,2.725087230232364,3.5,-0.7749127697676359,3.0,-0.5
2022,15,2022_15_KC_HOU,HOU,KC,0.2524085089308522,0.7475914910691478,0.1488095238095238,0.8830409356725146,0.14421617245218096,0.8557838275478191,572.0,-755.0,False,False,True,KC,KC,KC,1.0,1.0,0.7475914910691478,0.8557838275478191,0.8557838275478191,-0.10819233647867132,-755.0,0.13245033112582782,-755.0,0.13245033112582782,-11.193552839309604,-14.5,3.3064471606903965,-6.0,8.5
2022,15,2022_15_LA_GB,GB,LA,0.7581673704942402,0.2418326295057598,0.7807017543859649,0.24937655860349128,0.7579052432627578,0.24209475673724226,-356.0,301.0,True,True,True,GB,GB,GB,1.0,1.0,0.7581673704942402,0.7579052432627578,0.7579052432627578,0.0002621272314824452,-356.0,0.2808988764044944,-356.0,0.2808988764044944,4.208667849797553,8.0,-3.7913321502024466,12.0,4.0
2022,15,2022_15_MIA_BUF,BUF,MIA,0.6968967297450959,0.30310327025490413,0.7619047619047619,0.2680965147453083,0.7397124442240952,0.26028755577590484,-320.0,273.0,True,True,True,BUF,BUF,BUF,1.0,1.0,0.6968967297450959,0.7397124442240952,0.7397124442240952,-0.042815714478999345,-320.0,0.3125,-320.0,0.3125,3.821749074270687,7.0,-3.178250925729313,3.0,-4.0
2022,15,2022_15_NE_LV,LV,NE,0.4694752226704944,0.5305247773295056,0.5633187772925764,0.4608294930875576,0.5500363507751557,0.4499636492248442,-129.0,117.0,False,True,False,NE,LV,LV,0.0,1.0,0.5305247773295056,0.5500363507751557,0.4499636492248442,0.08056112810466143,117.0,-1.0,-129.0,0.7751937984496124,-1.1609421960514203,1.0,-2.1609421960514203,6.0,5.0
2022,15,2022_15_NYG_WAS,WAS,NYG,0.6810645849509438,0.3189354150490562,0.66996699669967,0.35714285714285715,0.6522836814321781,0.34771631856782187,-203.0,180.0,True,True,True,WAS,WAS,NYG,0.0,0.0,0.6810645849509438,0.6522836814321781,0.6522836814321781,0.02878090351876572,-203.0,-1.0,-203.0,-1.0,4.801343103128335,4.5,0.30134310312833534,-8.0,-12.5
2022,15,2022_15_PHI_CHI,CHI,PHI,0.2818892056564848,0.7181107943435152,0.2364066193853428,0.7942386831275721,0.22937728315351283,0.7706227168464871,323.0,-386.0,False,False,True,PHI,PHI,PHI,1.0,1.0,0.7181107943435152,0.7706227168464871,0.7706227168464871,-0.052511922502971875,-386.0,0.2590673575129534,-386.0,0.2590673575129534,-10.676362350045192,-8.5,-2.176362350045192,-5.0,3.5
2022,15,2022_15_PIT_CAR,CAR,PIT,0.4625240614826774,0.5374759385173227,0.5918367346938775,0.43478260869565216,0.5764909248055315,0.42350907519446845,-145.0,130.0,False,True,False,PIT,CAR,PIT,1.0,0.0,0.5374759385173227,0.5764909248055315,0.42350907519446845,0.11396686332285422,130.0,1.2999999999999998,-145.0,-1.0,-1.0795304839826736,2.5,-3.5795304839826736,-8.0,-10.5
2022,15,2022_15_SF_SEA,SEA,SF,0.4344814515399066,0.5655185484600934,0.3968253968253968,0.6282527881040892,0.3871172000921022,0.6128827999078977,152.0,-169.0,False,False,True,SF,SF,SF,1.0,1.0,0.5655185484600934,0.6128827999078977,0.6128827999078977,-0.04736425144780432,-169.0,0.5917159763313609,-169.0,0.5917159763313609,-1.3059557043517531,-3.0,1.6940442956482469,-8.0,-5.0
2022,15,2022_15_TEN_LAC,LAC,TEN,0.5196148518049638,0.4803851481950362,0.6124031007751938,0.4132231404958678,0.5971016303329377,0.40289836966706233,-158.0,142.0,True,True,True,LAC,LAC,LAC,1.0,1.0,0.5196148518049638,0.5971016303329377,0.5971016303329377,-0.07748677852797392,-158.0,0.6329113924050633,-158.0,0.6329113924050633,0.5037441530452872,3.0,-2.4962558469547127,3.0,0.0
2022,16,2022_16_ATL_BAL,BAL,ATL,0.5886083042939831,0.41139169570601686,0.732620320855615,0.2958579881656805,0.7123342460695936,0.28766575393040644,-274.0,238.0,True,True,True,BAL,BAL,BAL,1.0,1.0,0.5886083042939831,0.7123342460695936,0.7123342460695936,-0.12372594177561047,-274.0,0.36496350364963503,-274.0,0.36496350364963503,1.922484087720373,6.5,-4.577515912279627,8.0,1.5
2022,16,2022_16_BUF_CHI,CHI,BUF,0.2815717574702646,0.7184282425297355,0.24752475247524752,0.782608695652174,0.2402841621395737,0.7597158378604262,304.0,-360.0,False,False,True,BUF,BUF,BUF,1.0,1.0,0.7184282425297355,0.7597158378604262,0.7597158378604262,-0.04128759533069071,-360.0,0.2777777777777777,-360.0,0.2777777777777777,-5.833948656506528,-8.0,2.1660513434934723,-22.0,-14.0
2022,16,2022_16_CIN_NE,NE,CIN,0.4902604613947655,0.5097395386052346,0.423728813559322,0.601593625498008,0.4132639620653319,0.586736037934668,136.0,-151.0,False,False,True,CIN,CIN,CIN,1.0,1.0,0.5097395386052346,0.586736037934668,0.586736037934668,-0.07699649932943342,-151.0,0.6622516556291391,-151.0,0.6622516556291391,-2.1218303855893854,-3.0,0.8781696144106146,-4.0,-1.0
2022,16,2022_16_DEN_LA,LA,DEN,0.4571927838350441,0.542807216164956,0.39215686274509803,0.6336996336996337,0.38227263180004206,0.617727368199958,155.0,-173.0,False,False,True,DEN,DEN,LA,0.0,0.0,0.542807216164956,0.617727368199958,0.617727368199958,-0.07492015203500202,-173.0,-1.0,-173.0,-1.0,-0.2143624890437172,-3.0,2.785637510956283,37.0,40.0
2022,16,2022_16_DET_CAR,CAR,DET,0.3987805217752125,0.6012194782247875,0.4608294930875576,0.5633187772925764,0.4499636492248442,0.5500363507751557,117.0,-129.0,False,False,True,DET,DET,CAR,0.0,0.0,0.6012194782247875,0.5500363507751557,0.5500363507751557,0.05118312744963183,-129.0,-1.0,-129.0,-1.0,-2.4477051826992167,-2.5,0.052294817300783336,14.0,16.5
2022,16,2022_16_GB_MIA,MIA,GB,0.4747598074229477,0.5252401925770522,0.6453900709219859,0.38022813688212925,0.629269318749507,0.37073068125049297,-182.0,163.0,False,True,False,GB,MIA,GB,1.0,0.0,0.5252401925770522,0.629269318749507,0.37073068125049297,0.15450951132655927,163.0,1.63,-182.0,-1.0,2.2262643327929026,3.5,-1.2737356672070974,-6.0,-9.5
2022,16,2022_16_HOU_TEN,TEN,HOU,0.649880715487548,0.350119284512452,0.6296296296296297,0.3952569169960474,0.6143408084559349,0.3856591915440651,-170.0,153.0,True,True,True,TEN,TEN,HOU,0.0,0.0,0.649880715487548,0.6143408084559349,0.6143408084559349,0.03553990703161314,-170.0,-1.0,-170.0,-1.0,1.821795585580536,3.0,-1.178204414419464,-5.0,-8.0
2022,16,2022_16_JAX_NYJ,NYJ,JAX,0.6120382975970179,0.3879617024029821,0.576271186440678,0.4484304932735426,0.562379468921525,0.43762053107847504,-136.0,123.0,True,True,True,NYJ,NYJ,JAX,0.0,0.0,0.6120382975970179,0.562379468921525,0.562379468921525,0.04965882867549287,-136.0,-1.0,-136.0,-1.0,0.8738639151694306,2.5,-1.6261360848305695,-16.0,-18.5
2022,16,2022_16_LAC_IND,IND,LAC,0.3562215685020561,0.6437784314979439,0.37735849056603776,0.6491228070175439,0.3676233473073202,0.6323766526926797,165.0,-185.0,False,False,True,LAC,LAC,LAC,1.0,1.0,0.6437784314979439,0.6323766526926797,0.6323766526926797,0.011401778805264162,-185.0,0.5405405405405406,-185.0,0.5405405405405406,-1.4390008060738098,-3.5,2.0609991939261905,-17.0,-13.5
2022,16,2022_16_LV_PIT,PIT,LV,0.4526365137514896,0.5473634862485104,0.5850622406639004,0.44052863436123346,0.5704635785196144,0.4295364214803857,-141.0,127.0,False,True,False,LV,PIT,PIT,0.0,1.0,0.5473634862485104,0.5704635785196144,0.4295364214803857,0.11782706476812471,127.0,-1.0,-141.0,0.7092198581560285,-1.3691915186096069,2.5,-3.8691915186096066,3.0,0.5
2022,16,2022_16_NO_CLE,CLE,NO,0.5730868521980115,0.4269131478019885,0.6441281138790036,0.3816793893129771,0.6279229893276131,0.37207701067238685,-181.0,162.0,True,True,True,CLE,CLE,NO,0.0,0.0,0.5730868521980115,0.6279229893276131,0.6279229893276131,-0.05483613712960167,-181.0,-1.0,-181.0,-1.0,3.412537094804127,3.0,0.41253709480412715,-7.0,-10.0
2022,16,2022_16_NYG_MIN,MIN,NYG,0.607094272589892,0.392905727410108,0.6825396825396826,0.3436426116838488,0.6651251793972254,0.3348748206027747,-215.0,191.0,True,True,True,MIN,MIN,MIN,1.0,1.0,0.607094272589892,0.6651251793972254,0.6651251793972254,-0.05803090680733336,-215.0,0.4651162790697674,-215.0,0.4651162790697674,3.534000095497172,4.5,-0.9659999045028278,3.0,-1.5
2022,16,2022_16_PHI_DAL,DAL,PHI,0.6108697380456674,0.38913026195433265,0.6666666666666666,0.3597122302158273,0.6495327102803738,0.3504672897196262,-200.0,178.0,True,True,True,DAL,DAL,DAL,1.0,1.0,0.6108697380456674,0.6495327102803738,0.6495327102803738,-0.038662972234706494,-200.0,0.5,-200.0,0.5,3.2340442466938395,4.0,-0.7659557533061605,6.0,2.0
2022,16,2022_16_SEA_KC,KC,SEA,0.7480065496477569,0.2519934503522431,0.8171846435100548,0.21413276231263384,0.7923696806592547,0.2076303193407453,-447.0,367.0,True,True,True,KC,KC,KC,1.0,1.0,0.7480065496477569,0.7923696806592547,0.7923696806592547,-0.0443631310114978,-447.0,0.22371364653243853,-447.0,0.22371364653243853,6.122752383781303,10.5,-4.377247616218697,14.0,3.5
2022,16,2022_16_TB_ARI,ARI,TB,0.3221822363178345,0.6778177636821655,0.2680965147453083,0.7619047619047619,0.26028755577590484,0.7397124442240952,273.0,-320.0,False,False,True,TB,TB,TB,1.0,1.0,0.6778177636821655,0.7397124442240952,0.7397124442240952,-0.0618946805419297,-320.0,0.3125,-320.0,0.3125,-3.758804174321995,-7.5,3.741195825678005,-3.0,4.5
2022,16,2022_16_WAS_SF,SF,WAS,0.6119167814516452,0.3880832185483548,0.7361477572559367,0.2932551319648094,0.7151211298942416,0.28487887010575846,-279.0,241.0,True,True,True,SF,SF,SF,1.0,1.0,0.6119167814516452,0.7151211298942416,0.7151211298942416,-0.1032043484425964,-279.0,0.3584229390681004,-279.0,0.3584229390681004,1.482361046809052,6.5,-5.017638953190948,17.0,10.5
2022,17,2022_17_ARI_ATL,ATL,ARI,0.5751364853591266,0.42486351464087335,0.7361477572559367,0.2932551319648094,0.7151211298942416,0.28487887010575846,-279.0,241.0,True,True,True,ATL,ATL,ATL,1.0,1.0,0.5751364853591266,0.7151211298942416,0.7151211298942416,-0.13998464453511494,-279.0,0.3584229390681004,-279.0,0.3584229390681004,2.798444512082351,7.0,-4.201555487917648,1.0,-6.0
2022,17,2022_17_CAR_TB,TB,CAR,0.6840268880587448,0.3159731119412552,0.647887323943662,0.3787878787878788,0.6310538349615464,0.3689461650384535,-184.0,164.0,True,True,True,TB,TB,TB,1.0,1.0,0.6840268880587448,0.6310538349615464,0.6310538349615464,0.05297305309719835,-184.0,0.5434782608695652,-184.0,0.5434782608695652,5.591748287527483,3.5,2.0917482875274827,6.0,2.5
2022,17,2022_17_CHI_DET,DET,CHI,0.7171482605990078,0.2828517394009922,0.6865203761755486,0.3401360544217687,0.6686953451176703,0.3313046548823297,-219.0,194.0,True,True,True,DET,DET,DET,1.0,1.0,0.7171482605990078,0.6686953451176703,0.6686953451176703,0.048452915481337566,-219.0,0.45662100456621,-219.0,0.45662100456621,3.2060830060489485,4.5,-1.2939169939510515,31.0,26.5
2022,17,2022_17_CLE_WAS,WAS,CLE,0.5020847714617339,0.4979152285382661,0.5391705069124424,0.4854368932038835,0.5262215623771888,0.47377843762281124,-117.0,106.0,True,True,True,WAS,WAS,CLE,0.0,0.0,0.5020847714617339,0.5262215623771888,0.5262215623771888,-0.024136790915454842,-117.0,-1.0,-117.0,-1.0,-0.9035512593292728,1.0,-1.903551259329273,-14.0,-15.0
2022,17,2022_17_DAL_TEN,TEN,DAL,0.3508410258674123,0.6491589741325877,0.15082956259426847,0.8810939357907254,0.14616351195638383,0.8538364880436161,563.0,-741.0,False,False,True,DAL,DAL,DAL,1.0,1.0,0.6491589741325877,0.8538364880436161,0.8538364880436161,-0.2046775139110284,-741.0,0.13495276653171384,-741.0,0.13495276653171384,-5.253994607894991,-14.0,8.746005392105008,-14.0,0.0
2022,17,2022_17_DEN_KC,KC,DEN,0.7577881123769721,0.24221188762302792,0.8766954377311961,0.15527950310559005,0.8495317115164828,0.15046828848351712,-711.0,544.0,True,True,True,KC,KC,KC,1.0,1.0,0.7577881123769721,0.8495317115164828,0.8495317115164828,-0.09174359913951069,-711.0,0.14064697609001398,-711.0,0.14064697609001398,7.988408375126291,13.5,-5.511591624873709,3.0,-10.5
2022,17,2022_17_IND_NYG,NYG,IND,0.6615799745755682,0.33842002542443184,0.6960486322188449,0.33112582781456956,0.6776342863861725,0.3223657136138275,-229.0,202.0,True,True,True,NYG,NYG,NYG,1.0,1.0,0.6615799745755682,0.6776342863861725,0.6776342863861725,-0.01605431181060435,-229.0,0.4366812227074237,-229.0,0.4366812227074237,1.4747607578793365,5.5,-4.025239242120664,28.0,22.5
2022,17,2022_17_JAX_HOU,HOU,JAX,0.4608665363783135,0.5391334636216865,0.37453183520599254,0.6515679442508711,0.3650052779508833,0.6349947220491167,167.0,-187.0,False,False,True,JAX,JAX,JAX,1.0,1.0,0.5391334636216865,0.6349947220491167,0.6349947220491167,-0.09586125842743021,-187.0,0.53475935828877,-187.0,0.53475935828877,-0.7519463376981631,-3.5,2.748053662301837,-28.0,-24.5
2022,17,2022_17_LA_LAC,LAC,LA,0.6996940421899431,0.30030595781005687,0.7389033942558747,0.29069767441860467,0.7176598944357621,0.2823401055642379,-283.0,244.0,True,True,True,LAC,LAC,LAC,1.0,1.0,0.6996940421899431,0.7176598944357621,0.7176598944357621,-0.017965852245818925,-283.0,0.353356890459364,-283.0,0.353356890459364,5.695194686988281,6.5,-0.8048053130117188,21.0,14.5
2022,17,2022_17_MIA_NE,NE,MIA,0.5281269609108037,0.4718730390891963,0.6153846153846154,0.4098360655737705,0.6002460024600246,0.39975399753997537,-160.0,144.0,True,True,True,NE,NE,NE,1.0,1.0,0.5281269609108037,0.6002460024600246,0.6002460024600246,-0.07211904154922089,-160.0,0.625,-160.0,0.625,1.5342480556565887,3.0,-1.4657519443434113,2.0,-1.0
2022,17,2022_17_MIN_GB,GB,MIN,0.485760923564429,0.514239076435571,0.6336996336996337,0.39215686274509803,0.617727368199958,0.38227263180004206,-173.0,155.0,False,True,False,MIN,GB,GB,0.0,1.0,0.514239076435571,0.617727368199958,0.38227263180004206,0.13196644463552892,155.0,-1.0,-173.0,0.5780346820809248,2.496021342022926,3.0,-0.5039786579770742,24.0,21.0
2022,17,2022_17_NO_PHI,PHI,NO,0.6561709079167892,0.3438290920832108,0.6923076923076923,0.33557046979865773,0.6735308890005023,0.32646911099949777,-225.0,198.0,True,True,True,PHI,PHI,NO,0.0,0.0,0.6561709079167892,0.6735308890005023,0.6735308890005023,-0.01735998108371306,-225.0,-1.0,-225.0,-1.0,5.0505079129334485,5.5,-0.4494920870665515,-10.0,-15.5
2022,17,2022_17_NYJ_SEA,SEA,NYJ,0.5242914113297557,0.47570858867024435,0.49504950495049505,0.5305164319248826,0.4827086071703758,0.5172913928296243,102.0,-113.0,True,False,False,SEA,NYJ,SEA,1.0,0.0,0.5242914113297557,0.5172913928296243,0.4827086071703758,0.04158280415937987,102.0,1.02,-113.0,-1.0,0.4341369297224353,-1.0,1.4341369297224353,17.0,18.0
2022,17,2022_17_PIT_BAL,BAL,PIT,0.6042744385101017,0.39572556148989835,0.5475113122171946,0.47619047619047616,0.534834771627026,0.46516522837297414,-121.0,110.0,True,True,True,BAL,BAL,PIT,0.0,0.0,0.6042744385101017,0.534834771627026,0.534834771627026,0.06943966688307568,-121.0,-1.0,-121.0,-1.0,3.8253064594337975,1.0,2.8253064594337975,-3.0,-4.0
2022,17,2022_17_SF_LV,LV,SF,0.2781188358506588,0.7218811641493412,0.21231422505307856,0.8191681735985533,0.20583407465858716,0.7941659253414128,371.0,-453.0,False,False,True,SF,SF,SF,1.0,1.0,0.7218811641493412,0.7941659253414128,0.7941659253414128,-0.07228476119207161,-453.0,0.2207505518763797,-453.0,0.2207505518763797,-5.575220994912166,-10.0,4.424779005087834,-3.0,7.0
2022,18,2022_18_ARI_SF,SF,ARI,0.7759332097568087,0.22406679024319132,0.9138673557278209,0.11723329425556858,0.886302763694837,0.11369723630516299,-1061.0,753.0,True,True,True,SF,SF,SF,1.0,1.0,0.7759332097568087,0.886302763694837,0.886302763694837,-0.11036955393802828,-1061.0,0.09425070688030157,-1061.0,0.09425070688030157,11.08243481487021,14.0,-2.9175651851297904,25.0,11.0
2022,18,2022_18_BAL_CIN,CIN,BAL,0.7166515612725385,0.2833484387274615,0.8577524893314367,0.17421602787456447,0.8311808694065155,0.16881913059348452,-603.0,474.0,True,True,True,CIN,CIN,CIN,1.0,1.0,0.7166515612725385,0.8311808694065155,0.8311808694065155,-0.11452930813397699,-603.0,0.165837479270315,-603.0,0.165837479270315,8.125271399395926,11.0,-2.874728600604074,11.0,0.0
2022,18,2022_18_CAR_NO,NO,CAR,0.5037346596383944,0.49626534036160563,0.6415770609318996,0.38461538461538464,0.6252015045674368,0.3747984954325632,-179.0,160.0,True,True,True,NO,NO,CAR,0.0,0.0,0.5037346596383944,0.6252015045674368,0.6252015045674368,-0.12146684492904247,-179.0,-1.0,-179.0,-1.0,1.9544492456817413,3.5,-1.5455507543182587,-3.0,-6.5
2022,18,2022_18_CLE_PIT,PIT,CLE,0.5801730052575449,0.4198269947424551,0.5867768595041323,0.43859649122807015,0.5722567873303167,0.4277432126696832,-142.0,128.0,True,True,True,PIT,PIT,PIT,1.0,1.0,0.5801730052575449,0.5722567873303167,0.5722567873303167,0.007916217927228186,-142.0,0.704225352112676,-142.0,0.704225352112676,2.3524352201963885,2.5,-0.1475647798036115,14.0,11.5
2022,18,2022_18_DAL_WAS,WAS,DAL,0.3052420983013058,0.6947579016986942,0.26737967914438504,0.7619047619047619,0.25977238990598717,0.7402276100940128,274.0,-320.0,False,False,True,DAL,DAL,WAS,0.0,0.0,0.6947579016986942,0.7402276100940128,0.7402276100940128,-0.04546970839531861,-320.0,-1.0,-320.0,-1.0,-8.692356778271257,-7.5,-1.1923567782712574,20.0,27.5
2022,18,2022_18_DET_GB,GB,DET,0.6625935053383278,0.33740649466167216,0.7319034852546917,0.29673590504451036,0.7115258195992297,0.2884741804007703,-273.0,237.0,True,True,True,GB,GB,DET,0.0,0.0,0.6625935053383278,0.7115258195992297,0.7115258195992297,-0.04893231426090183,-273.0,-1.0,-273.0,-1.0,2.7450798939058374,5.5,-2.7549201060941626,-4.0,-9.5
2022,18,2022_18_HOU_IND,IND,HOU,0.4667782666468568,0.5332217333531433,0.5867768595041323,0.43859649122807015,0.5722567873303167,0.4277432126696832,-142.0,128.0,False,True,False,HOU,IND,HOU,1.0,0.0,0.5332217333531433,0.5722567873303167,0.4277432126696832,0.10547852068346009,128.0,1.2800000000000002,-142.0,-1.0,2.0469678589222404,3.0,-0.9530321410777596,-1.0,-4.0
2022,18,2022_18_KC_LV,LV,KC,0.2783569489787819,0.7216430510212182,0.228310502283105,0.8027613412228797,0.22143025602054453,0.7785697439794554,338.0,-407.0,False,False,True,KC,KC,KC,1.0,1.0,0.7216430510212182,0.7785697439794554,0.7785697439794554,-0.05692669295823727,-407.0,0.24570024570024573,-407.0,0.24570024570024573,-7.945352685914836,-9.0,1.0546473140851642,-18.0,-9.0
2022,18,2022_18_LAC_DEN,DEN,LAC,0.5870029128829339,0.41299708711706606,0.7175141242937854,0.3105590062111801,0.6979212888691675,0.30207871113083246,-254.0,222.0,True,True,True,DEN,DEN,DEN,1.0,1.0,0.5870029128829339,0.6979212888691675,0.6979212888691675,-0.11091837598623355,-254.0,0.39370078740157477,-254.0,0.39370078740157477,1.5860356110025655,6.0,-4.413964388997434,3.0,-3.0
2022,18,2022_18_LA_SEA,SEA,LA,0.6530546209955723,0.3469453790044277,0.691358024691358,0.33557046979865773,0.6732289817653704,0.3267710182346297,-224.0,198.0,True,True,True,SEA,SEA,SEA,1.0,1.0,0.6530546209955723,0.6732289817653704,0.6732289817653704,-0.02017436076979806,-224.0,0.4464285714285714,-224.0,0.4464285714285714,4.12644476113809,5.5,-1.3735552388619103,3.0,-2.5
2022,18,2022_18_MIN_CHI,CHI,MIN,0.3477602495519184,0.6522397504480816,0.3058103975535168,0.7222222222222222,0.2974714923153198,0.7025285076846802,227.0,-260.0,False,False,True,MIN,MIN,MIN,1.0,1.0,0.6522397504480816,0.7025285076846802,0.7025285076846802,-0.05028875723659865,-260.0,0.3846153846153846,-260.0,0.3846153846153846,-5.754982196690949,-6.5,0.7450178033090511,-16.0,-9.5
2022,18,2022_18_NE_BUF,BUF,NE,0.719556888344158,0.280443111655842,0.7885835095137421,0.24154589371980675,0.7655188824223437,0.23448111757765636,-373.0,314.0,True,True,True,BUF,BUF,BUF,1.0,1.0,0.719556888344158,0.7655188824223437,0.7655188824223437,-0.045961994078185686,-373.0,0.26809651474530827,-373.0,0.26809651474530827,4.736164138537035,8.0,-3.2638358614629652,12.0,4.0
2022,18,2022_18_NYG_PHI,PHI,NYG,0.678570365428999,0.32142963457100104,0.9260355029585798,0.10438413361169102,0.8986974530501657,0.10130254694983426,-1252.0,858.0,True,True,True,PHI,PHI,PHI,1.0,1.0,0.678570365428999,0.8986974530501657,0.8986974530501657,-0.22012708762116673,-1252.0,0.07987220447284349,-1252.0,0.07987220447284349,8.609070807589124,16.5,-7.890929192410876,6.0,-10.5
2022,18,2022_18_NYJ_MIA,MIA,NYJ,0.5472675064883642,0.4527324935116358,0.6666666666666666,0.3597122302158273,0.6495327102803738,0.3504672897196262,-200.0,178.0,True,True,True,MIA,MIA,MIA,1.0,1.0,0.5472675064883642,0.6495327102803738,0.6495327102803738,-0.10226520379200965,-200.0,0.5,-200.0,0.5,2.826192381230008,3.5,-0.6738076187699922,5.0,1.5
2022,18,2022_18_TB_ATL,ATL,TB,0.6070749074511702,0.3929250925488298,0.7014925373134329,0.3257328990228013,0.6829002792370676,0.31709972076293247,-235.0,207.0,True,True,True,ATL,ATL,ATL,1.0,1.0,0.6070749074511702,0.6829002792370676,0.6829002792370676,-0.07582537178589743,-235.0,0.42553191489361697,-235.0,0.42553191489361697,1.3953854183252845,6.0,-4.604614581674715,13.0,7.0
2022,18,2022_18_TEN_JAX,JAX,TEN,0.6920160905783115,0.3079839094216885,0.7222222222222222,0.3058103975535168,0.7025285076846802,0.2974714923153198,-260.0,227.0,True,True,True,JAX,JAX,JAX,1.0,1.0,0.6920160905783115,0.7025285076846802,0.7025285076846802,-0.010512417106368743,-260.0,0.3846153846153846,-260.0,0.3846153846153846,3.5590540809247155,6.0,-2.4409459190752845,4.0,-2.0
2022,19,2022_19_BAL_CIN,CIN,BAL,0.7288949533848565,0.27110504661514345,0.7872340425531915,0.24330900243309003,0.7639021449741297,0.2360978550258703,-370.0,311.0,True,True,True,CIN,CIN,CIN,1.0,1.0,0.7288949533848565,0.7639021449741297,0.7639021449741297,-0.03500719158927312,-370.0,0.2702702702702702,-370.0,0.2702702702702702,6.069552896806979,7.5,-1.4304471031930213,7.0,-0.5
2022,19,2022_19_DAL_TB,TB,DAL,0.452801662499629,0.5471983375003711,0.45045045045045046,0.574468085106383,0.43949878436506445,0.5605012156349355,122.0,-135.0,False,False,True,DAL,DAL,DAL,1.0,1.0,0.5471983375003711,0.5605012156349355,0.5605012156349355,-0.013302878134564433,-135.0,0.7407407407407407,-135.0,0.7407407407407407,-0.8020429577921679,-2.5,1.697957042207832,-17.0,-14.5
2022,19,2022_19_LAC_JAX,JAX,LAC,0.4080187378599029,0.591981262140097,0.4672897196261682,0.5575221238938053,0.4559761116939714,0.5440238883060285,114.0,-126.0,False,False,True,LAC,LAC,JAX,0.0,0.0,0.591981262140097,0.5440238883060285,0.5440238883060285,0.047957373834068506,-126.0,-1.0,-126.0,-1.0,-0.2539139970313828,-2.0,1.7460860029686172,1.0,3.0
2022,19,2022_19_MIA_BUF,BUF,MIA,0.7583552029493466,0.24164479705065345,0.8981670061099797,0.13351134846461948,0.8705882042861398,0.12941179571386024,-882.0,649.0,True,True,True,BUF,BUF,BUF,1.0,1.0,0.7583552029493466,0.8705882042861398,0.8705882042861398,-0.11223300133679326,-882.0,0.11337868480725621,-882.0,0.11337868480725621,9.96802482959288,14.0,-4.0319751704071205,3.0,-11.0
2022,19,2022_19_NYG_MIN,MIN,NYG,0.5547961134516561,0.44520388654834386,0.5867768595041323,0.4366812227074236,0.5733276913854508,0.42667230861454913,-142.0,129.0,True,True,True,MIN,MIN,NYG,0.0,0.0,0.5547961134516561,0.5733276913854508,0.5733276913854508,-0.018531577933794674,-142.0,-1.0,-142.0,-1.0,1.5170695857982446,2.5,-0.9829304142017554,-7.0,-9.5
2022,19,2022_19_SEA_SF,SF,SEA,0.7219352898303282,0.2780647101696718,0.8171846435100548,0.21413276231263384,0.7923696806592547,0.2076303193407453,-447.0,367.0,True,True,True,SF,SF,SF,1.0,1.0,0.7219352898303282,0.7923696806592547,0.7923696806592547,-0.07043439082892655,-447.0,0.22371364653243853,-447.0,0.22371364653243853,3.49250884522226,10.0,-6.50749115477774,18.0,8.0
2022,20,2022_20_CIN_BUF,BUF,CIN,0.660286005956283,0.33971399404371705,0.7214484679665738,0.3067484662576687,0.7016637026941679,0.2983362973058321,-259.0,226.0,True,True,True,BUF,BUF,CIN,0.0,0.0,0.660286005956283,0.7016637026941679,0.7016637026941679,-0.04137769673788494,-259.0,-1.0,-259.0,-1.0,4.17648289143277,6.0,-1.8235171085672297,-17.0,-23.0
2022,20,2022_20_DAL_SF,SF,DAL,0.5757743502533925,0.4242256497466075,0.6466431095406361,0.3787878787878788,0.6306061713569676,0.3693938286430324,-183.0,164.0,True,True,True,SF,SF,SF,1.0,1.0,0.5757743502533925,0.6306061713569676,0.6306061713569676,-0.054831821103575096,-183.0,0.5464480874316942,-183.0,0.5464480874316942,1.8623364850038333,3.5,-1.6376635149961667,7.0,3.5
2022,20,2022_20_JAX_KC,KC,JAX,0.7613465124766557,0.23865348752334425,0.82174688057041,0.20964360587002095,0.7967369210534896,0.20326307894651024,-461.0,377.0,True,True,True,KC,KC,KC,1.0,1.0,0.7613465124766557,0.7967369210534896,0.7967369210534896,-0.03539040857683384,-461.0,0.21691973969631229,-461.0,0.21691973969631229,6.246651910747012,10.0,-3.753348089252988,7.0,-3.0
2022,20,2022_20_NYG_PHI,PHI,NYG,0.715793690049501,0.284206309950499,0.782608695652174,0.24752475247524752,0.7597158378604262,0.2402841621395737,-360.0,304.0,True,True,True,PHI,PHI,PHI,1.0,1.0,0.715793690049501,0.7597158378604262,0.7597158378604262,-0.04392214781092518,-360.0,0.2777777777777777,-360.0,0.2777777777777777,6.390459504284434,8.0,-1.6095404957155663,31.0,23.0
2022,21,2022_21_CIN_KC,KC,CIN,0.6143264389827067,0.38567356101729333,0.5670995670995671,0.45662100456621,0.5539593349939177,0.44604066500608236,-131.0,119.0,True,True,True,KC,KC,KC,1.0,1.0,0.6143264389827067,0.5539593349939177,0.5539593349939177,0.06036710398878897,-131.0,0.7633587786259541,-131.0,0.7633587786259541,2.374574626868612,2.0,0.3745746268686121,3.0,1.0
2022,21,2022_21_SF_PHI,PHI,SF,0.5853559238048129,0.41464407619518706,0.5951417004048583,0.4291845493562232,0.5810079557598683,0.41899204424013164,-147.0,133.0,True,True,True,PHI,PHI,PHI,1.0,1.0,0.5853559238048129,0.5810079557598683,0.5810079557598683,0.004347968044944639,-147.0,0.6802721088435373,-147.0,0.6802721088435373,2.137313467727164,2.5,-0.3626865322728361,24.0,21.5
2022,22,2022_22_KC_PHI,PHI,KC,0.4694884270103791,0.5305115729896209,0.5348837209302325,0.49019607843137253,0.521797153024911,0.478202846975089,-115.0,104.0,False,True,False,KC,PHI,KC,1.0,0.0,0.5305115729896209,0.521797153024911,0.478202846975089,0.0523087260145319,104.0,1.04,-115.0,-1.0,0.7405320990279848,1.0,-0.2594679009720152,-3.0,-4.0
2023,1,2023_01_ARI_WAS,WAS,ARI,0.6617437938576924,0.33825620614230756,0.7727272727272727,0.2702702702702703,0.740871613663133,0.2591283863368669,-340.0,270.0,True,True,True,WAS,WAS,WAS,1.0,1.0,0.6617437938576924,0.740871613663133,0.740871613663133,-0.07912781980544059,-340.0,0.2941176470588236,-340.0,0.2941176470588236,2.8810717564982773,7.0,-4.118928243501722,4.0,-3.0
2023,1,2023_01_BUF_NYJ,NYJ,BUF,0.440116510069229,0.559883489930771,0.4672897196261682,0.574468085106383,0.448558885283451,0.551441114716549,114.0,-135.0,False,False,True,BUF,BUF,NYJ,0.0,0.0,0.559883489930771,0.551441114716549,0.551441114716549,0.008442375214221975,-135.0,-1.0,-135.0,-1.0,-0.7839858632353194,-2.5,1.7160141367646806,6.0,8.5
2023,1,2023_01_CAR_ATL,ATL,CAR,0.4948338315162652,0.5051661684837347,0.6575342465753424,0.38461538461538464,0.6309403437815976,0.3690596562184025,-192.0,160.0,False,True,False,CAR,ATL,ATL,0.0,1.0,0.5051661684837347,0.6309403437815976,0.3690596562184025,0.13610651226533227,160.0,-1.0,-192.0,0.5208333333333335,1.386074089467912,3.5,-2.113925910532088,14.0,10.5
2023,1,2023_01_CIN_CLE,CLE,CIN,0.4696424346544794,0.5303575653455206,0.5192307692307693,0.5283018867924528,0.4956702459300312,0.5043297540699688,-108.0,-112.0,False,False,True,CIN,CIN,CLE,0.0,0.0,0.5303575653455206,0.5043297540699688,0.5043297540699688,0.02602781127555176,-112.0,-1.0,-112.0,-1.0,-0.9869056965313598,-1.0,0.013094303468640156,21.0,22.0
2023,1,2023_01_DAL_NYG,NYG,DAL,0.4246098912828364,0.5753901087171636,0.4132231404958678,0.6296296296296297,0.3962430290578221,0.6037569709421778,142.0,-170.0,False,False,True,DAL,DAL,DAL,1.0,1.0,0.5753901087171636,0.6037569709421778,0.6037569709421778,-0.028366862225014278,-170.0,0.5882352941176472,-170.0,0.5882352941176472,-0.7762385446246914,-3.5,2.7237614553753087,-40.0,-36.5
2023,1,2023_01_DET_KC,KC,DET,0.534494317382637,0.465505682617363,0.6644295302013423,0.3787878787878788,0.6369041816941223,0.3630958183058778,-198.0,164.0,True,True,True,KC,KC,DET,0.0,0.0,0.534494317382637,0.6369041816941223,0.6369041816941223,-0.10240986431148535,-198.0,-1.0,-198.0,-1.0,1.3067002373083163,4.0,-2.6932997626916837,-1.0,-5.0
2023,1,2023_01_GB_CHI,CHI,GB,0.4417013560034802,0.5582986439965198,0.5412844036697247,0.504950495049505,0.5173641257162701,0.4826358742837298,-118.0,-102.0,False,True,False,GB,CHI,GB,1.0,0.0,0.5582986439965198,0.5173641257162701,0.4826358742837298,0.07566276971279007,-102.0,0.9803921568627452,-118.0,-1.0,0.7426525630496714,1.0,-0.2573474369503286,-18.0,-19.0
2023,1,2023_01_HOU_BAL,BAL,HOU,0.6750617382584031,0.3249382617415969,0.8333333333333334,0.20833333333333334,0.7999999999999999,0.19999999999999998,-500.0,380.0,True,True,True,BAL,BAL,BAL,1.0,1.0,0.6750617382584031,0.7999999999999999,0.7999999999999999,-0.12493826174159683,-500.0,0.19999999999999996,-500.0,0.19999999999999996,4.17600077806415,9.5,-5.32399922193585,16.0,6.5
2023,1,2023_01_JAX_IND,IND,JAX,0.3793261975711881,0.6206738024288119,0.37037037037037035,0.6721311475409836,0.35527082119976705,0.644729178800233,170.0,-205.0,False,False,True,JAX,JAX,JAX,1.0,1.0,0.6206738024288119,0.644729178800233,0.644729178800233,-0.024055376371421078,-205.0,0.4878048780487805,-205.0,0.4878048780487805,-1.800949931324922,-4.0,2.199050068675078,-10.0,-6.0
2023,1,2023_01_LA_SEA,SEA,LA,0.6196559064200705,0.3803440935799295,0.6855345911949685,0.35714285714285715,0.6574752261956054,0.34252477380439467,-218.0,180.0,True,True,True,SEA,SEA,LA,0.0,0.0,0.6196559064200705,0.6574752261956054,0.6574752261956054,-0.037819319775534876,-218.0,-1.0,-218.0,-1.0,1.51508223833596,4.5,-2.98491776166404,-17.0,-21.5
2023,1,2023_01_LV_DEN,DEN,LV,0.5085554576110975,0.49144454238890245,0.6183206106870229,0.423728813559322,0.593369754159424,0.4066302458405761,-162.0,136.0,True,True,True,DEN,DEN,LV,0.0,0.0,0.5085554576110975,0.593369754159424,0.593369754159424,-0.0848142965483264,-162.0,-1.0,-162.0,-1.0,0.3891732192023728,3.0,-2.6108267807976273,-1.0,-4.0
2023,1,2023_01_MIA_LAC,LAC,MIA,0.5107977247454084,0.4892022752545916,0.6183206106870229,0.423728813559322,0.593369754159424,0.4066302458405761,-162.0,136.0,True,True,True,LAC,LAC,MIA,0.0,0.0,0.5107977247454084,0.593369754159424,0.593369754159424,-0.08257202941401554,-162.0,-1.0,-162.0,-1.0,0.0846059730765226,3.0,-2.9153940269234773,-2.0,-5.0
2023,1,2023_01_PHI_NE,NE,PHI,0.3953019024055477,0.6046980975944523,0.3937007874015748,0.6491228070175439,0.3775334481388264,0.6224665518611737,154.0,-185.0,False,False,True,PHI,PHI,PHI,1.0,1.0,0.6046980975944523,0.6224665518611737,0.6224665518611737,-0.017768454266721467,-185.0,0.5405405405405406,-185.0,0.5405405405405406,-2.540780516931989,-3.5,0.959219483068011,-5.0,-1.5
2023,1,2023_01_SF_PIT,PIT,SF,0.4680576650516432,0.5319423349483567,0.5,0.5454545454545454,0.4782608695652174,0.5217391304347826,100.0,-120.0,False,False,True,SF,SF,SF,1.0,1.0,0.5319423349483567,0.5217391304347826,0.5217391304347826,0.010203204513574149,-120.0,0.8333333333333335,-120.0,0.8333333333333335,-0.4725923184092405,-1.5,1.0274076815907596,-23.0,-21.5
2023,1,2023_01_TB_MIN,MIN,TB,0.5613339395283592,0.4386660604716408,0.6721311475409836,0.37037037037037035,0.644729178800233,0.35527082119976705,-205.0,170.0,True,True,True,MIN,MIN,TB,0.0,0.0,0.5613339395283592,0.644729178800233,0.644729178800233,-0.08339523927187376,-205.0,-1.0,-205.0,-1.0,-0.244231501702643,4.0,-4.244231501702643,-3.0,-7.0
2023,1,2023_01_TEN_NO,NO,TEN,0.456993871000905,0.5430061289990951,0.5967741935483871,0.44642857142857145,0.5720596355604638,0.42794036443953615,-148.0,124.0,False,True,False,TEN,NO,NO,0.0,1.0,0.5430061289990951,0.5720596355604638,0.42794036443953615,0.11506576455955891,124.0,-1.0,-148.0,0.6756756756756757,-0.0681767335128036,3.0,-3.0681767335128036,1.0,-2.0
2023,2,2023_02_BAL_CIN,CIN,BAL,0.5557388334101794,0.4442611665898206,0.6363636363636364,0.40816326530612246,0.6092362344582594,0.39076376554174075,-175.0,145.0,True,True,True,CIN,CIN,BAL,0.0,0.0,0.5557388334101794,0.6092362344582594,0.6092362344582594,-0.053497401048079984,-175.0,-1.0,-175.0,-1.0,1.2231982402883017,3.5,-2.2768017597116983,-3.0,-6.5
2023,2,2023_02_CHI_TB,TB,CHI,0.6278880316320116,0.37211196836798843,0.574468085106383,0.4672897196261682,0.551441114716549,0.448558885283451,-135.0,114.0,True,True,True,TB,TB,TB,1.0,1.0,0.6278880316320116,0.551441114716549,0.551441114716549,0.07644691691546257,-135.0,0.7407407407407407,-135.0,0.7407407407407407,1.0003762450862304,2.5,-1.4996237549137696,10.0,7.5
2023,2,2023_02_CLE_PIT,PIT,CLE,0.45394549382581,0.5460545061741899,0.44642857142857145,0.5967741935483871,0.42794036443953615,0.5720596355604638,124.0,-148.0,False,False,True,CLE,CLE,PIT,0.0,0.0,0.5460545061741899,0.5720596355604638,0.5720596355604638,-0.026005129386273862,-148.0,-1.0,-148.0,-1.0,-0.6298194605234434,-2.5,1.8701805394765567,4.0,6.5
2023,2,2023_02_GB_ATL,ATL,GB,0.5304288218808095,0.46957117811919047,0.5967741935483871,0.44642857142857145,0.5720596355604638,0.42794036443953615,-148.0,124.0,True,True,True,ATL,ATL,ATL,1.0,1.0,0.5304288218808095,0.5720596355604638,0.5720596355604638,-0.041630813679654266,-148.0,0.6756756756756757,-148.0,0.6756756756756757,0.8378472511172795,3.0,-2.1621527488827206,1.0,-2.0
2023,2,2023_02_IND_HOU,HOU,IND,0.5152084473983236,0.4847915526016764,0.5238095238095238,0.5238095238095238,0.5,0.5,-110.0,-110.0,True,True,True,HOU,HOU,IND,0.0,0.0,0.5152084473983236,0.5,0.5,0.01520844739832361,-110.0,-1.0,-110.0,-1.0,-1.649941044821676,-1.0,-0.649941044821676,-11.0,-10.0
2023,2,2023_02_KC_JAX,JAX,KC,0.4418505944748548,0.5581494055251452,0.4132231404958678,0.6296296296296297,0.3962430290578221,0.6037569709421778,142.0,-170.0,False,False,True,KC,KC,KC,1.0,1.0,0.5581494055251452,0.6037569709421778,0.6037569709421778,-0.04560756541703259,-170.0,0.5882352941176472,-170.0,0.5882352941176472,-0.1480723496657407,-3.5,3.351927650334259,-8.0,-4.5
2023,2,2023_02_LAC_TEN,TEN,LAC,0.4463128469523313,0.5536871530476687,0.45454545454545453,0.5867768595041323,0.43650793650793646,0.5634920634920635,120.0,-142.0,False,False,True,LAC,LAC,TEN,0.0,0.0,0.5536871530476687,0.5634920634920635,0.5634920634920635,-0.009804910444394799,-142.0,-1.0,-142.0,-1.0,-1.845984269964639,-2.5,0.6540157300353611,3.0,5.5
2023,2,2023_02_LV_BUF,BUF,LV,0.7195395132275026,0.28046048677249735,0.7802197802197802,0.2631578947368421,0.7477827050997783,0.2522172949002217,-355.0,280.0,True,True,True,BUF,BUF,BUF,1.0,1.0,0.7195395132275026,0.7477827050997783,0.7477827050997783,-0.02824319187227564,-355.0,0.2816901408450705,-355.0,0.2816901408450705,5.014939389236226,7.5,-2.4850606107637736,28.0,20.5
2023,2,2023_02_MIA_NE,NE,MIA,0.4063467563555646,0.5936532436444354,0.47619047619047616,0.5652173913043478,0.4572564612326044,0.5427435387673957,110.0,-130.0,False,False,True,MIA,MIA,MIA,1.0,1.0,0.5936532436444354,0.5427435387673957,0.5427435387673957,0.05090970487703972,-130.0,0.7692307692307692,-130.0,0.7692307692307692,-1.046035773669878,-2.0,0.953964226330122,-7.0,-5.0
2023,2,2023_02_MIN_PHI,PHI,MIN,0.5967795325628544,0.40322046743714557,0.7041420118343196,0.3389830508474576,0.6750312469954812,0.3249687530045188,-238.0,195.0,True,True,True,PHI,PHI,PHI,1.0,1.0,0.5967795325628544,0.6750312469954812,0.6750312469954812,-0.0782517144326268,-238.0,0.4201680672268908,-238.0,0.4201680672268908,1.7563989277574887,6.0,-4.2436010722425115,6.0,0.0
2023,2,2023_02_NO_CAR,CAR,NO,0.531350929579287,0.468649070420713,0.40816326530612246,0.6363636363636364,0.39076376554174075,0.6092362344582594,145.0,-175.0,True,False,False,CAR,NO,NO,0.0,1.0,0.531350929579287,0.6092362344582594,0.39076376554174075,0.14058716403754623,145.0,-1.0,-175.0,0.5714285714285714,-0.3716749186849917,-3.0,2.6283250813150083,-3.0,0.0
2023,2,2023_02_NYG_ARI,ARI,NYG,0.3211181796829264,0.6788818203170737,0.3508771929824561,0.6923076923076923,0.33635187580853815,0.6636481241914618,185.0,-225.0,False,False,True,NYG,NYG,NYG,1.0,1.0,0.6788818203170737,0.6636481241914618,0.6636481241914618,0.015233696125611873,-225.0,0.4444444444444444,-225.0,0.4444444444444444,-2.188394067749526,-5.0,2.811605932250474,-3.0,2.0
2023,2,2023_02_NYJ_DAL,DAL,NYJ,0.7458817571096044,0.25411824289039564,0.7916666666666666,0.25,0.7600000000000001,0.24000000000000005,-380.0,300.0,True,True,True,DAL,DAL,DAL,1.0,1.0,0.7458817571096044,0.7600000000000001,0.7600000000000001,-0.01411824289039576,-380.0,0.26315789473684204,-380.0,0.26315789473684204,5.311943592142529,8.5,-3.188056407857471,20.0,11.5
2023,2,2023_02_SEA_DET,DET,SEA,0.6024290024495824,0.3975709975504176,0.6855345911949685,0.35714285714285715,0.6574752261956054,0.34252477380439467,-218.0,180.0,True,True,True,DET,DET,SEA,0.0,0.0,0.6024290024495824,0.6574752261956054,0.6574752261956054,-0.05504622374602297,-218.0,-1.0,-218.0,-1.0,1.2600456292950402,4.5,-3.23995437070496,-6.0,-10.5
2023,2,2023_02_SF_LA,LA,SF,0.2756134383040329,0.724386561695967,0.2702702702702703,0.7727272727272727,0.2591283863368669,0.740871613663133,270.0,-340.0,False,False,True,SF,SF,SF,1.0,1.0,0.724386561695967,0.740871613663133,0.740871613663133,-0.016485051967165987,-340.0,0.2941176470588236,-340.0,0.2941176470588236,-6.035711893138093,-7.5,1.4642881068619067,-7.0,0.5
2023,2,2023_02_WAS_DEN,DEN,WAS,0.6448689573782256,0.3551310426217744,0.6644295302013423,0.3787878787878788,0.6369041816941223,0.3630958183058778,-198.0,164.0,True,True,True,DEN,DEN,WAS,0.0,0.0,0.6448689573782256,0.6369041816941223,0.6369041816941223,0.007964775684103254,-198.0,-1.0,-198.0,-1.0,1.578252848470742,4.0,-2.421747151529258,-2.0,-6.0
2023,3,2023_03_ATL_DET,DET,ATL,0.5428309443673973,0.4571690556326027,0.6240601503759399,0.4166666666666667,0.5996387718242023,0.4003612281757977,-166.0,140.0,True,True,True,DET,DET,DET,1.0,1.0,0.5428309443673973,0.5996387718242023,0.5996387718242023,-0.056807827456805016,-166.0,0.6024096385542168,-166.0,0.6024096385542168,1.6736132670604886,3.0,-1.3263867329395114,14.0,11.0
2023,3,2023_03_BUF_WAS,WAS,BUF,0.3400312138419149,0.6599687861580851,0.3333333333333333,0.7101449275362319,0.3194444444444444,0.6805555555555556,200.0,-245.0,False,False,True,BUF,BUF,BUF,1.0,1.0,0.6599687861580851,0.6805555555555556,0.6805555555555556,-0.020586769397470506,-245.0,0.40816326530612246,-245.0,0.40816326530612246,-5.271551776708208,-5.5,0.22844822329179237,-34.0,-28.5
2023,3,2023_03_CAR_SEA,SEA,CAR,0.633830453701637,0.36616954629836296,0.6923076923076923,0.3508771929824561,0.6636481241914618,0.33635187580853815,-225.0,185.0,True,True,True,SEA,SEA,SEA,1.0,1.0,0.633830453701637,0.6636481241914618,0.6636481241914618,-0.029817670489824755,-225.0,0.4444444444444444,-225.0,0.4444444444444444,3.5489473637670854,5.0,-1.4510526362329146,10.0,5.0
2023,3,2023_03_CHI_KC,KC,CHI,0.7746549828575883,0.22534501714241173,0.8823529411764706,0.16,0.8465011286681716,0.15349887133182846,-750.0,525.0,True,True,True,KC,KC,KC,1.0,1.0,0.7746549828575883,0.8465011286681716,0.8465011286681716,-0.07184614581058335,-750.0,0.1333333333333333,-750.0,0.1333333333333333,7.703322212746584,13.0,-5.296677787253416,31.0,18.0
2023,3,2023_03_DAL_ARI,ARI,DAL,0.2870720381980263,0.7129279618019737,0.17543859649122806,0.8666666666666667,0.16835016835016833,0.8316498316498315,470.0,-650.0,False,False,True,DAL,DAL,ARI,0.0,0.0,0.7129279618019737,0.8316498316498315,0.8316498316498315,-0.11872186984785782,-650.0,-1.0,-650.0,-1.0,-7.81684481640346,-11.5,3.68315518359654,12.0,23.5
2023,3,2023_03_DEN_MIA,MIA,DEN,0.6432324017651262,0.3567675982348738,0.7142857142857143,0.32786885245901637,0.6853932584269663,0.31460674157303364,-250.0,205.0,True,True,True,MIA,MIA,MIA,1.0,1.0,0.6432324017651262,0.6853932584269663,0.6853932584269663,-0.04216085666184011,-250.0,0.3999999999999999,-250.0,0.3999999999999999,1.4129785657036351,6.0,-4.587021434296365,50.0,44.0
2023,3,2023_03_HOU_JAX,JAX,HOU,0.6659473354631109,0.3340526645368891,0.7916666666666666,0.25,0.7600000000000001,0.24000000000000005,-380.0,300.0,True,True,True,JAX,JAX,HOU,0.0,0.0,0.6659473354631109,0.7600000000000001,0.7600000000000001,-0.09405266453688921,-380.0,-1.0,-380.0,-1.0,3.257844484917798,7.5,-4.242155515082202,-20.0,-27.5
2023,3,2023_03_IND_BAL,BAL,IND,0.7173714148862488,0.2826285851137512,0.7916666666666666,0.25,0.7600000000000001,0.24000000000000005,-380.0,300.0,True,True,True,BAL,BAL,IND,0.0,0.0,0.7173714148862488,0.7600000000000001,0.7600000000000001,-0.04262858511375134,-380.0,-1.0,-380.0,-1.0,3.6206560195502937,7.5,-3.8793439804497063,-3.0,-10.5
2023,3,2023_03_LAC_MIN,MIN,LAC,0.4334022223810345,0.5665977776189655,0.5238095238095238,0.5238095238095238,0.5,0.5,-110.0,-110.0,False,True,False,LAC,MIN,LAC,1.0,0.0,0.5665977776189655,0.5,0.5,0.06659777761896546,-110.0,0.9090909090909092,-110.0,-1.0,-1.3884710265653848,1.0,-2.3884710265653846,-4.0,-5.0
2023,3,2023_03_LA_CIN,CIN,LA,0.5985283994215689,0.4014716005784311,0.6183206106870229,0.423728813559322,0.593369754159424,0.4066302458405761,-162.0,136.0,True,True,True,CIN,CIN,CIN,1.0,1.0,0.5985283994215689,0.593369754159424,0.593369754159424,0.005158645262144934,-162.0,0.617283950617284,-162.0,0.617283950617284,0.8853294018171104,3.0,-2.1146705981828897,3.0,0.0
2023,3,2023_03_NE_NYJ,NYJ,NE,0.432195611582196,0.567804388417804,0.45454545454545453,0.5867768595041323,0.43650793650793646,0.5634920634920635,120.0,-142.0,False,False,True,NE,NE,NE,1.0,1.0,0.567804388417804,0.5634920634920635,0.5634920634920635,0.004312324925740518,-142.0,0.704225352112676,-142.0,0.704225352112676,-0.812027719537304,-2.5,1.687972280462696,-5.0,-2.5
2023,3,2023_03_NO_GB,GB,NO,0.5281477248638259,0.4718522751361741,0.4878048780487805,0.5555555555555556,0.4675324675324675,0.5324675324675325,105.0,-125.0,True,False,False,GB,NO,GB,1.0,0.0,0.5281477248638259,0.5324675324675325,0.4675324675324675,0.06061525733135836,105.0,1.0499999999999998,-125.0,-1.0,-0.5586685069672681,-1.5,0.9413314930327319,1.0,2.5
2023,3,2023_03_NYG_SF,SF,NYG,0.7451123847115888,0.2548876152884112,0.84251968503937,0.2,0.8081570996978852,0.19184290030211482,-535.0,400.0,True,True,True,SF,SF,SF,1.0,1.0,0.7451123847115888,0.8081570996978852,0.8081570996978852,-0.06304471498629638,-535.0,0.1869158878504673,-535.0,0.1869158878504673,8.107002571403271,10.5,-2.392997428596729,18.0,7.5
2023,3,2023_03_PHI_TB,TB,PHI,0.3252813225666692,0.6747186774333308,0.3225806451612903,0.7206703910614525,0.30920711694593195,0.690792883054068,210.0,-258.0,False,False,True,PHI,PHI,PHI,1.0,1.0,0.6747186774333308,0.690792883054068,0.690792883054068,-0.016074205620737247,-258.0,0.3875968992248062,-258.0,0.3875968992248062,-5.937354269184025,-6.0,0.06264573081597469,-14.0,-8.0
2023,3,2023_03_PIT_LV,LV,PIT,0.4904254559775175,0.5095745440224825,0.5967741935483871,0.44642857142857145,0.5720596355604638,0.42794036443953615,-148.0,124.0,False,True,False,PIT,LV,PIT,1.0,0.0,0.5095745440224825,0.5720596355604638,0.42794036443953615,0.08163417958294633,124.0,1.2400000000000002,-148.0,-1.0,0.6494261830367627,3.0,-2.3505738169632373,-5.0,-8.0
2023,3,2023_03_TEN_CLE,CLE,TEN,0.5109731029017988,0.48902689709820124,0.6491228070175439,0.3937007874015748,0.6224665518611737,0.3775334481388264,-185.0,154.0,True,True,True,CLE,CLE,CLE,1.0,1.0,0.5109731029017988,0.6224665518611737,0.6224665518611737,-0.11149344895937496,-185.0,0.5405405405405406,-185.0,0.5405405405405406,1.5382035057982235,3.5,-1.9617964942017765,24.0,20.5
2023,4,2023_04_ARI_SF,SF,ARI,0.7396242985119954,0.2603757014880046,0.9166666666666666,0.125,0.8800000000000001,0.12000000000000002,-1100.0,700.0,True,True,True,SF,SF,SF,1.0,1.0,0.7396242985119954,0.8800000000000001,0.8800000000000001,-0.1403757014880047,-1100.0,0.09090909090909083,-1100.0,0.09090909090909083,9.984596816652038,15.0,-5.015403183347962,19.0,4.0
2023,4,2023_04_ATL_JAX,JAX,ATL,0.6131241033183746,0.38687589668162536,0.6491228070175439,0.3937007874015748,0.6224665518611737,0.3775334481388264,-185.0,154.0,True,True,True,JAX,JAX,JAX,1.0,1.0,0.6131241033183746,0.6224665518611737,0.6224665518611737,-0.009342448542799087,-185.0,0.5405405405405406,-185.0,0.5405405405405406,3.5480669312013524,3.5,0.048066931201352414,16.0,12.5
2023,4,2023_04_BAL_CLE,CLE,BAL,0.3926145342415145,0.6073854657584855,0.4672897196261682,0.574468085106383,0.448558885283451,0.551441114716549,114.0,-135.0,False,False,True,BAL,BAL,BAL,1.0,1.0,0.6073854657584855,0.551441114716549,0.551441114716549,0.05594435104193651,-135.0,0.7407407407407407,-135.0,0.7407407407407407,-1.2817599205633214,-2.0,0.7182400794366786,-25.0,-23.0
2023,4,2023_04_CIN_TEN,TEN,CIN,0.4066070915472941,0.5933929084527059,0.423728813559322,0.6183206106870229,0.4066302458405761,0.593369754159424,136.0,-162.0,False,False,True,CIN,CIN,TEN,0.0,0.0,0.5933929084527059,0.593369754159424,0.593369754159424,2.3154293281923977e-05,-162.0,-1.0,-162.0,-1.0,-1.2206563948858078,-2.5,1.2793436051141922,24.0,26.5
2023,4,2023_04_DEN_CHI,CHI,DEN,0.3960505969243503,0.6039494030756497,0.423728813559322,0.6183206106870229,0.4066302458405761,0.593369754159424,136.0,-162.0,False,False,True,DEN,DEN,DEN,1.0,1.0,0.6039494030756497,0.593369754159424,0.593369754159424,0.010579648916225759,-162.0,0.617283950617284,-162.0,0.617283950617284,-1.07682071636587,-3.0,1.92317928363413,-3.0,0.0
2023,4,2023_04_DET_GB,GB,DET,0.4146202951420974,0.5853797048579026,0.45454545454545453,0.5867768595041323,0.43650793650793646,0.5634920634920635,120.0,-142.0,False,False,True,DET,DET,DET,1.0,1.0,0.5853797048579026,0.5634920634920635,0.5634920634920635,0.021887641365839094,-142.0,0.704225352112676,-142.0,0.704225352112676,-1.304162431209633,-2.5,1.195837568790367,-14.0,-11.5
2023,4,2023_04_KC_NYJ,NYJ,KC,0.3383134036621107,0.6616865963378893,0.2127659574468085,0.8290598290598291,0.2042241228835748,0.7957758771164253,370.0,-485.0,False,False,True,KC,KC,KC,1.0,1.0,0.6616865963378893,0.7957758771164253,0.7957758771164253,-0.134089280778536,-485.0,0.2061855670103092,-485.0,0.2061855670103092,-3.1840633980372144,-9.5,6.315936601962786,-3.0,6.5
2023,4,2023_04_LA_IND,IND,LA,0.4873734625672355,0.5126265374327645,0.5121951219512195,0.5348837209302325,0.4891657638136511,0.5108342361863488,-105.0,-115.0,False,False,True,LA,LA,LA,1.0,1.0,0.5126265374327645,0.5108342361863488,0.5108342361863488,0.0017923012464157173,-115.0,0.8695652173913042,-115.0,0.8695652173913042,-0.5024577067227883,-1.0,0.49754229327721167,-6.0,-5.0
2023,4,2023_04_LV_LAC,LAC,LV,0.700365144169907,0.29963485583009297,0.7560975609756098,0.2857142857142857,0.725752508361204,0.27424749163879597,-310.0,250.0,True,True,True,LAC,LAC,LAC,1.0,1.0,0.700365144169907,0.725752508361204,0.725752508361204,-0.025387364191296946,-310.0,0.32258064516129026,-310.0,0.32258064516129026,3.425719722848837,7.0,-3.574280277151163,7.0,0.0
2023,4,2023_04_MIA_BUF,BUF,MIA,0.5182398398964679,0.48176016010353206,0.5867768595041323,0.45454545454545453,0.5634920634920635,0.43650793650793646,-142.0,120.0,True,True,True,BUF,BUF,BUF,1.0,1.0,0.5182398398964679,0.5634920634920635,0.5634920634920635,-0.04525222359559555,-142.0,0.704225352112676,-142.0,0.704225352112676,1.3819988914649917,2.5,-1.1180011085350083,28.0,25.5
2023,4,2023_04_MIN_CAR,CAR,MIN,0.2985561214250588,0.7014438785749413,0.3508771929824561,0.6923076923076923,0.33635187580853815,0.6636481241914618,185.0,-225.0,False,False,True,MIN,MIN,MIN,1.0,1.0,0.7014438785749413,0.6636481241914618,0.6636481241914618,0.037795754383479485,-225.0,0.4444444444444444,-225.0,0.4444444444444444,-3.08125825254826,-4.5,1.4187417474517399,-8.0,-3.5
2023,4,2023_04_NE_DAL,DAL,NE,0.728122197083286,0.27187780291671404,0.7402597402597403,0.30303030303030304,0.7095435684647302,0.2904564315352697,-285.0,230.0,True,True,True,DAL,DAL,DAL,1.0,1.0,0.728122197083286,0.7095435684647302,0.7095435684647302,0.018578628618555748,-285.0,0.3508771929824561,-285.0,0.3508771929824561,4.207015456822568,6.5,-2.2929845431774316,35.0,28.5
2023,4,2023_04_PIT_HOU,HOU,PIT,0.4813671452625562,0.5186328547374438,0.423728813559322,0.6183206106870229,0.4066302458405761,0.593369754159424,136.0,-162.0,False,False,True,PIT,PIT,HOU,0.0,0.0,0.5186328547374438,0.593369754159424,0.593369754159424,-0.07473689942198014,-162.0,-1.0,-162.0,-1.0,-1.3091499854849868,-3.0,1.6908500145150132,24.0,27.0
2023,4,2023_04_SEA_NYG,NYG,SEA,0.4996937082904443,0.5003062917095558,0.45454545454545453,0.5867768595041323,0.43650793650793646,0.5634920634920635,120.0,-142.0,False,False,True,SEA,SEA,SEA,1.0,1.0,0.5003062917095558,0.5634920634920635,0.5634920634920635,-0.06318577178250773,-142.0,0.704225352112676,-142.0,0.704225352112676,-0.0205364446383083,-2.5,2.4794635553616917,-21.0,-18.5
2023,4,2023_04_TB_NO,NO,TB,0.5043746951495597,0.4956253048504403,0.6721311475409836,0.37037037037037035,0.644729178800233,0.35527082119976705,-205.0,170.0,True,True,True,NO,NO,TB,0.0,0.0,0.5043746951495597,0.644729178800233,0.644729178800233,-0.14035448365067327,-205.0,-1.0,-205.0,-1.0,0.480020105184802,4.0,-3.519979894815198,-17.0,-21.0
2023,4,2023_04_WAS_PHI,PHI,WAS,0.7502188683482462,0.24978113165175375,0.8198198198198198,0.2222222222222222,0.7867435158501441,0.2132564841498559,-455.0,350.0,True,True,True,PHI,PHI,PHI,1.0,1.0,0.7502188683482462,0.7867435158501441,0.7867435158501441,-0.03652464750189788,-455.0,0.2197802197802199,-455.0,0.2197802197802199,5.344942577132644,9.5,-4.155057422867356,3.0,-6.5
2023,5,2023_05_BAL_PIT,PIT,BAL,0.3674273971572261,0.6325726028427738,0.3448275862068966,0.696969696969697,0.33099297893681046,0.6690070210631895,190.0,-230.0,False,False,True,BAL,BAL,PIT,0.0,0.0,0.6325726028427738,0.6690070210631895,0.6690070210631895,-0.03643441822041571,-230.0,-1.0,-230.0,-1.0,-2.521563013017204,-4.5,1.9784369869827958,7.0,11.5
2023,5,2023_05_CAR_DET,DET,CAR,0.7417165479388268,0.2582834520611732,0.8198198198198198,0.2222222222222222,0.7867435158501441,0.2132564841498559,-455.0,350.0,True,True,True,DET,DET,DET,1.0,1.0,0.7417165479388268,0.7867435158501441,0.7867435158501441,-0.04502696791131733,-455.0,0.2197802197802199,-455.0,0.2197802197802199,5.62582749505526,9.5,-3.87417250494474,18.0,8.5
2023,5,2023_05_CHI_WAS,WAS,CHI,0.4815495419306632,0.5184504580693368,0.7206703910614525,0.3225806451612903,0.690792883054068,0.30920711694593195,-258.0,210.0,False,True,False,CHI,WAS,CHI,1.0,0.0,0.5184504580693368,0.690792883054068,0.30920711694593195,0.2092433411234048,210.0,2.1,-258.0,-1.0,1.1864151345129788,6.0,-4.813584865487021,-20.0,-26.0
2023,5,2023_05_CIN_ARI,ARI,CIN,0.4408753251035175,0.5591246748964824,0.4132231404958678,0.6296296296296297,0.3962430290578221,0.6037569709421778,142.0,-170.0,False,False,True,CIN,CIN,CIN,1.0,1.0,0.5591246748964824,0.6037569709421778,0.6037569709421778,-0.04463229604569541,-170.0,0.5882352941176472,-170.0,0.5882352941176472,-1.2096188098906684,-3.0,1.7903811901093316,-14.0,-11.0
2023,5,2023_05_DAL_SF,SF,DAL,0.5985059748555751,0.4014940251444249,0.6428571428571429,0.4,0.6164383561643836,0.3835616438356164,-180.0,150.0,True,True,True,SF,SF,SF,1.0,1.0,0.5985059748555751,0.6164383561643836,0.6164383561643836,-0.017932381308808476,-180.0,0.5555555555555556,-180.0,0.5555555555555556,2.2495169978687404,3.5,-1.2504830021312596,32.0,28.5
2023,5,2023_05_GB_LV,LV,GB,0.4552000741299479,0.5447999258700521,0.5412844036697247,0.504950495049505,0.5173641257162701,0.4826358742837298,-118.0,-102.0,False,True,False,GB,LV,LV,0.0,1.0,0.5447999258700521,0.5173641257162701,0.4826358742837298,0.06216405158632232,-102.0,-1.0,-118.0,0.847457627118644,-0.918127731786434,1.0,-1.918127731786434,4.0,3.0
2023,5,2023_05_HOU_ATL,ATL,HOU,0.4314773967323921,0.5685226032676078,0.5867768595041323,0.45454545454545453,0.5634920634920635,0.43650793650793646,-142.0,120.0,False,True,False,HOU,ATL,ATL,0.0,1.0,0.5685226032676078,0.5634920634920635,0.43650793650793646,0.13201466675967138,120.0,-1.0,-142.0,0.704225352112676,1.8068823022266487,2.5,-0.6931176977733513,2.0,-0.5
2023,5,2023_05_JAX_BUF,BUF,JAX,0.6345659702679836,0.36543402973201644,0.7142857142857143,0.32786885245901637,0.6853932584269663,0.31460674157303364,-250.0,205.0,True,True,True,BUF,BUF,JAX,0.0,0.0,0.6345659702679836,0.6853932584269663,0.6853932584269663,-0.05082728815898274,-250.0,-1.0,-250.0,-1.0,1.407095580493179,5.5,-4.092904419506821,-5.0,-10.5
2023,5,2023_05_KC_MIN,MIN,KC,0.3422327498611817,0.6577672501388183,0.4,0.6428571428571429,0.3835616438356164,0.6164383561643836,150.0,-180.0,False,False,True,KC,KC,KC,1.0,1.0,0.6577672501388183,0.6164383561643836,0.6164383561643836,0.04132889397443473,-180.0,0.5555555555555556,-180.0,0.5555555555555556,-2.683905320456967,-3.5,0.816094679543033,-7.0,-3.5
2023,5,2023_05_NO_NE,NE,NO,0.4751076069848732,0.5248923930151268,0.574468085106383,0.4672897196261682,0.551441114716549,0.448558885283451,-135.0,114.0,False,True,False,NO,NE,NO,1.0,0.0,0.5248923930151268,0.551441114716549,0.448558885283451,0.0763335077316758,114.0,1.1399999999999997,-135.0,-1.0,-0.6468747553998205,2.5,-3.1468747553998204,-34.0,-36.5
2023,5,2023_05_NYG_MIA,MIA,NYG,0.7452198671845887,0.25478013281541134,0.8823529411764706,0.16,0.8465011286681716,0.15349887133182846,-750.0,525.0,True,True,True,MIA,MIA,MIA,1.0,1.0,0.7452198671845887,0.8465011286681716,0.8465011286681716,-0.10128126148358296,-750.0,0.1333333333333333,-750.0,0.1333333333333333,7.446885624082828,12.5,-5.053114375917172,15.0,2.5
2023,5,2023_05_NYJ_DEN,DEN,NYJ,0.6677120162609982,0.3322879837390018,0.574468085106383,0.4672897196261682,0.551441114716549,0.448558885283451,-135.0,114.0,True,True,True,DEN,DEN,NYJ,0.0,0.0,0.6677120162609982,0.551441114716549,0.551441114716549,0.11627090154444919,-135.0,-1.0,-135.0,-1.0,3.878383115875488,2.5,1.3783831158754878,-10.0,-12.5
2023,5,2023_05_PHI_LA,LA,PHI,0.3477309396559433,0.6522690603440566,0.38461538461538464,0.6575342465753424,0.3690596562184025,0.6309403437815976,160.0,-192.0,False,False,True,PHI,PHI,PHI,1.0,1.0,0.6522690603440566,0.6309403437815976,0.6309403437815976,0.02132871656245905,-192.0,0.5208333333333335,-192.0,0.5208333333333335,-2.745887487792721,-3.5,0.7541125122072789,-9.0,-5.5
2023,5,2023_05_TEN_IND,IND,TEN,0.4293473423046408,0.5706526576953592,0.45454545454545453,0.5867768595041323,0.43650793650793646,0.5634920634920635,120.0,-142.0,False,False,True,TEN,TEN,IND,0.0,0.0,0.5706526576953592,0.5634920634920635,0.5634920634920635,0.007160594203295734,-142.0,-1.0,-142.0,-1.0,-0.6815054083657616,-2.5,1.8184945916342383,7.0,9.5
2023,6,2023_06_ARI_LA,LA,ARI,0.6882072223387835,0.3117927776612165,0.7727272727272727,0.2702702702702703,0.740871613663133,0.2591283863368669,-340.0,270.0,True,True,True,LA,LA,LA,1.0,1.0,0.6882072223387835,0.740871613663133,0.740871613663133,-0.052664391324349524,-340.0,0.2941176470588236,-340.0,0.2941176470588236,4.624342255034388,7.0,-2.375657744965612,17.0,10.0
2023,6,2023_06_BAL_TEN,TEN,BAL,0.3126534441137766,0.6873465558862234,0.32786885245901637,0.7142857142857143,0.31460674157303364,0.6853932584269663,205.0,-250.0,False,False,True,BAL,BAL,BAL,1.0,1.0,0.6873465558862234,0.6853932584269663,0.6853932584269663,0.0019532974592570973,-250.0,0.3999999999999999,-250.0,0.3999999999999999,-3.509773045417246,-5.5,1.990226954582754,-8.0,-2.5
2023,6,2023_06_CAR_MIA,MIA,CAR,0.7729201020928747,0.22707989790712535,0.9166666666666666,0.125,0.8800000000000001,0.12000000000000002,-1100.0,700.0,True,True,True,MIA,MIA,MIA,1.0,1.0,0.7729201020928747,0.8800000000000001,0.8800000000000001,-0.10707989790712547,-1100.0,0.09090909090909083,-1100.0,0.09090909090909083,9.494317900738585,14.0,-4.505682099261415,21.0,7.0
2023,6,2023_06_DAL_LAC,LAC,DAL,0.5608480894440299,0.43915191055597014,0.47619047619047616,0.5652173913043478,0.4572564612326044,0.5427435387673957,110.0,-130.0,True,False,False,LAC,DAL,DAL,0.0,1.0,0.5608480894440299,0.5427435387673957,0.4572564612326044,0.10359162821142548,110.0,-1.0,-130.0,0.7692307692307692,0.236170174343934,-1.5,1.736170174343934,-3.0,-1.5
2023,6,2023_06_DEN_KC,KC,DEN,0.7471964896333123,0.2528035103666877,0.8666666666666667,0.17543859649122806,0.8316498316498315,0.16835016835016833,-650.0,470.0,True,True,True,KC,KC,KC,1.0,1.0,0.7471964896333123,0.8316498316498315,0.8316498316498315,-0.08445334201651922,-650.0,0.15384615384615374,-650.0,0.15384615384615374,5.444802837043922,10.5,-5.055197162956078,11.0,0.5
2023,6,2023_06_DET_TB,TB,DET,0.5366358190597929,0.46336418094020715,0.423728813559322,0.6183206106870229,0.4066302458405761,0.593369754159424,136.0,-162.0,True,False,False,TB,DET,DET,0.0,1.0,0.5366358190597929,0.593369754159424,0.4066302458405761,0.13000557321921674,136.0,-1.0,-162.0,0.617283950617284,0.2995111367920585,-3.0,3.2995111367920584,-14.0,-11.0
2023,6,2023_06_IND_JAX,JAX,IND,0.5634167375740182,0.4365832624259818,0.6721311475409836,0.37037037037037035,0.644729178800233,0.35527082119976705,-205.0,170.0,True,True,True,JAX,JAX,JAX,1.0,1.0,0.5634167375740182,0.644729178800233,0.644729178800233,-0.08131244122621473,-205.0,0.4878048780487805,-205.0,0.4878048780487805,1.9625060300487327,4.0,-2.0374939699512673,17.0,13.0
2023,6,2023_06_MIN_CHI,CHI,MIN,0.3657305024242974,0.6342694975757026,0.4166666666666667,0.6240601503759399,0.4003612281757977,0.5996387718242023,140.0,-166.0,False,False,True,MIN,MIN,MIN,1.0,1.0,0.6342694975757026,0.5996387718242023,0.5996387718242023,0.03463072575150028,-166.0,0.6024096385542168,-166.0,0.6024096385542168,-1.7087315226179407,-3.0,1.2912684773820593,-6.0,-3.0
2023,6,2023_06_NE_LV,LV,NE,0.5370625309556663,0.46293746904433375,0.5967741935483871,0.44642857142857145,0.5720596355604638,0.42794036443953615,-148.0,124.0,True,True,True,LV,LV,LV,1.0,1.0,0.5370625309556663,0.5720596355604638,0.5720596355604638,-0.034997104604797546,-148.0,0.6756756756756757,-148.0,0.6756756756756757,-0.9555364028498876,3.0,-3.9555364028498876,4.0,1.0
2023,6,2023_06_NO_HOU,HOU,NO,0.4615795831701009,0.5384204168298992,0.47619047619047616,0.5652173913043478,0.4572564612326044,0.5427435387673957,110.0,-130.0,False,False,True,NO,NO,HOU,0.0,0.0,0.5384204168298992,0.5427435387673957,0.5427435387673957,-0.00432312193749651,-130.0,-1.0,-130.0,-1.0,-2.035087218374435,-2.0,-0.03508721837443485,7.0,9.0
2023,6,2023_06_NYG_BUF,BUF,NYG,0.7756004008988875,0.2243995991011125,0.9230769230769231,0.11764705882352941,0.8869565217391304,0.11304347826086955,-1200.0,750.0,True,True,True,BUF,BUF,BUF,1.0,1.0,0.7756004008988875,0.8869565217391304,0.8869565217391304,-0.11135612084024293,-1200.0,0.08333333333333326,-1200.0,0.08333333333333326,8.520789549431498,15.5,-6.979210450568502,5.0,-10.5
2023,6,2023_06_PHI_NYJ,NYJ,PHI,0.3215532143190741,0.678446785680926,0.2898550724637681,0.7530864197530864,0.27792074112197634,0.7220792588780237,245.0,-305.0,False,False,True,PHI,PHI,NYJ,0.0,0.0,0.678446785680926,0.7220792588780237,0.7220792588780237,-0.04363247319709773,-305.0,-1.0,-305.0,-1.0,-4.829274584772525,-6.5,1.6707254152274746,6.0,12.5
2023,6,2023_06_SEA_CIN,CIN,SEA,0.438219831246207,0.561780168753793,0.6078431372549019,0.43478260869565216,0.5829926410466066,0.4170073589533933,-155.0,130.0,False,True,False,SEA,CIN,CIN,0.0,1.0,0.561780168753793,0.5829926410466066,0.4170073589533933,0.1447728098003997,130.0,-1.0,-155.0,0.6451612903225805,0.8503470498112319,3.0,-2.1496529501887682,4.0,1.0
2023,6,2023_06_SF_CLE,CLE,SF,0.3425992198612086,0.6574007801387913,0.21739130434782608,0.8245614035087719,0.20863836017569545,0.7913616398243045,360.0,-470.0,False,False,True,SF,SF,CLE,0.0,0.0,0.6574007801387913,0.7913616398243045,0.7913616398243045,-0.1339608596855132,-470.0,-1.0,-470.0,-1.0,-6.285577814013722,-9.5,3.214422185986278,2.0,11.5
2023,6,2023_06_WAS_ATL,ATL,WAS,0.5250073923802172,0.4749926076197828,0.5555555555555556,0.4878048780487805,0.5324675324675325,0.4675324675324675,-125.0,105.0,True,True,True,ATL,ATL,WAS,0.0,0.0,0.5250073923802172,0.5324675324675325,0.5324675324675325,-0.007460140087315326,-125.0,-1.0,-125.0,-1.0,0.3881514822431672,1.5,-1.1118485177568327,-8.0,-9.5
2023,7,2023_07_ARI_SEA,SEA,ARI,0.7517785486185578,0.24822145138144225,0.8198198198198198,0.2222222222222222,0.7867435158501441,0.2132564841498559,-455.0,350.0,True,True,True,SEA,SEA,SEA,1.0,1.0,0.7517785486185578,0.7867435158501441,0.7867435158501441,-0.034964967231586375,-455.0,0.2197802197802199,-455.0,0.2197802197802199,6.678942273101055,9.5,-2.821057726898945,10.0,0.5
2023,7,2023_07_ATL_TB,TB,ATL,0.4949403623879908,0.5050596376120092,0.5967741935483871,0.44642857142857145,0.5720596355604638,0.42794036443953615,-148.0,124.0,False,True,False,ATL,TB,ATL,1.0,0.0,0.5050596376120092,0.5720596355604638,0.42794036443953615,0.07711927317247308,124.0,1.2400000000000002,-148.0,-1.0,0.5656832928524334,3.0,-2.4343167071475666,-3.0,-6.0
2023,7,2023_07_BUF_NE,NE,BUF,0.3273777577538657,0.6726222422461343,0.24390243902439024,0.797979797979798,0.23409789548356585,0.7659021045164341,310.0,-395.0,False,False,True,BUF,BUF,NE,0.0,0.0,0.6726222422461343,0.7659021045164341,0.7659021045164341,-0.09327986227029983,-395.0,-1.0,-395.0,-1.0,-6.682080445097484,-7.5,0.8179195549025158,4.0,11.5
2023,7,2023_07_CLE_IND,IND,CLE,0.5259093816655785,0.47409061833442145,0.4,0.6428571428571429,0.3835616438356164,0.6164383561643836,150.0,-180.0,True,False,False,IND,CLE,CLE,0.0,1.0,0.5259093816655785,0.6164383561643836,0.3835616438356164,0.14234773782996213,150.0,-1.0,-180.0,0.5555555555555556,0.7379951726352953,-3.5,4.237995172635295,-1.0,2.5
2023,7,2023_07_DET_BAL,BAL,DET,0.4563210212986114,0.5436789787013886,0.6183206106870229,0.423728813559322,0.593369754159424,0.4066302458405761,-162.0,136.0,False,True,False,DET,BAL,BAL,0.0,1.0,0.5436789787013886,0.593369754159424,0.4066302458405761,0.13704873286081248,136.0,-1.0,-162.0,0.617283950617284,1.3675756330016728,3.0,-1.6324243669983272,32.0,29.0
2023,7,2023_07_GB_DEN,DEN,GB,0.4513654720339684,0.5486345279660316,0.5412844036697247,0.504950495049505,0.5173641257162701,0.4826358742837298,-118.0,-102.0,False,True,False,GB,DEN,DEN,0.0,1.0,0.5486345279660316,0.5173641257162701,0.4826358742837298,0.06599865368230184,-102.0,-1.0,-118.0,0.847457627118644,-1.2275390194256337,1.5,-2.7275390194256337,2.0,0.5
2023,7,2023_07_JAX_NO,NO,JAX,0.5152912183172963,0.4847087816827037,0.5967741935483871,0.44642857142857145,0.5720596355604638,0.42794036443953615,-148.0,124.0,True,True,True,NO,NO,JAX,0.0,0.0,0.5152912183172963,0.5720596355604638,0.5720596355604638,-0.0567684172431675,-148.0,-1.0,-148.0,-1.0,-0.0540195681721337,2.5,-2.5540195681721336,-7.0,-9.5
2023,7,2023_07_LAC_KC,KC,LAC,0.6377203859464244,0.36227961405357556,0.726027397260274,0.31746031746031744,0.6957699520733487,0.30423004792665137,-265.0,215.0,True,True,True,KC,KC,KC,1.0,1.0,0.6377203859464244,0.6957699520733487,0.6957699520733487,-0.058049566126924246,-265.0,0.37735849056603765,-265.0,0.37735849056603765,4.858045841343311,5.5,-0.6419541586566888,14.0,8.5
2023,7,2023_07_LV_CHI,CHI,LV,0.4704849604231229,0.5295150395768771,0.45454545454545453,0.5867768595041323,0.43650793650793646,0.5634920634920635,120.0,-142.0,False,False,True,LV,LV,CHI,0.0,0.0,0.5295150395768771,0.5634920634920635,0.5634920634920635,-0.03397702391518642,-142.0,-1.0,-142.0,-1.0,-0.6573771801947146,-2.5,1.8426228198052854,18.0,20.5
2023,7,2023_07_MIA_PHI,PHI,MIA,0.4929286770011188,0.5070713229988812,0.6078431372549019,0.43478260869565216,0.5829926410466066,0.4170073589533933,-155.0,130.0,False,True,False,MIA,PHI,PHI,0.0,1.0,0.5070713229988812,0.5829926410466066,0.4170073589533933,0.09006396404548794,130.0,-1.0,-155.0,0.6451612903225805,0.6481597948332156,3.0,-2.351840205166784,14.0,11.0
2023,7,2023_07_PIT_LA,LA,PIT,0.6101076621281772,0.38989233787182276,0.6363636363636364,0.40816326530612246,0.6092362344582594,0.39076376554174075,-175.0,145.0,True,True,True,LA,LA,PIT,0.0,0.0,0.6101076621281772,0.6092362344582594,0.6092362344582594,0.0008714276699178791,-175.0,-1.0,-175.0,-1.0,4.38324201521219,3.5,0.8832420152121898,-7.0,-10.5
2023,7,2023_07_SF_MIN,MIN,SF,0.3012582602025846,0.6987417397974154,0.2777777777777778,0.7647058823529411,0.26645768025078376,0.7335423197492164,260.0,-325.0,False,False,True,SF,SF,MIN,0.0,0.0,0.6987417397974154,0.7335423197492164,0.7335423197492164,-0.03480057995180097,-325.0,-1.0,-325.0,-1.0,-4.2697682912781,-7.0,2.7302317087218997,5.0,12.0
2023,7,2023_07_WAS_NYG,NYG,WAS,0.3887224122688141,0.6112775877311859,0.423728813559322,0.6183206106870229,0.4066302458405761,0.593369754159424,136.0,-162.0,False,False,True,WAS,WAS,NYG,0.0,0.0,0.6112775877311859,0.593369754159424,0.593369754159424,0.017907833571761955,-162.0,-1.0,-162.0,-1.0,-4.388709028326856,-3.0,-1.388709028326856,7.0,10.0
2023,8,2023_08_ATL_TEN,TEN,ATL,0.5005997540270622,0.49940024597293775,0.47619047619047616,0.5652173913043478,0.4572564612326044,0.5427435387673957,110.0,-130.0,True,False,False,TEN,ATL,TEN,1.0,0.0,0.5005997540270622,0.5427435387673957,0.4572564612326044,0.043343292794457866,110.0,1.1,-130.0,-1.0,-0.2588428250098799,-2.5,2.24115717499012,5.0,7.5
2023,8,2023_08_BAL_ARI,ARI,BAL,0.2784947590989087,0.7215052409010914,0.20833333333333334,0.8333333333333334,0.19999999999999998,0.7999999999999999,380.0,-500.0,False,False,True,BAL,BAL,BAL,1.0,1.0,0.7215052409010914,0.7999999999999999,0.7999999999999999,-0.07849475909890857,-500.0,0.19999999999999996,-500.0,0.19999999999999996,-6.995944971601394,-9.5,2.5040550283986063,-7.0,2.5
2023,8,2023_08_CHI_LAC,LAC,CHI,0.6926891534719525,0.3073108465280475,0.8148148148148148,0.22727272727272727,0.7819063004846527,0.21809369951534735,-440.0,340.0,True,True,True,LAC,LAC,LAC,1.0,1.0,0.6926891534719525,0.7819063004846527,0.7819063004846527,-0.08921714701270023,-440.0,0.2272727272727273,-440.0,0.2272727272727273,3.7828039835831504,9.5,-5.71719601641685,17.0,7.5
2023,8,2023_08_CIN_SF,SF,CIN,0.5837568128458663,0.41624318715413366,0.6721311475409836,0.37037037037037035,0.644729178800233,0.35527082119976705,-205.0,170.0,True,True,True,SF,SF,CIN,0.0,0.0,0.5837568128458663,0.644729178800233,0.644729178800233,-0.060972365954366614,-205.0,-1.0,-205.0,-1.0,1.6843953661347737,4.0,-2.3156046338652265,-14.0,-18.0
2023,8,2023_08_CLE_SEA,SEA,CLE,0.6937841552129956,0.30621584478700437,0.6644295302013423,0.3787878787878788,0.6369041816941223,0.3630958183058778,-198.0,164.0,True,True,True,SEA,SEA,SEA,1.0,1.0,0.6937841552129956,0.6369041816941223,0.6369041816941223,0.056879973518873306,-198.0,0.5050505050505052,-198.0,0.5050505050505052,0.1808779596370973,4.0,-3.8191220403629025,4.0,0.0
2023,8,2023_08_HOU_CAR,CAR,HOU,0.4700655675683125,0.5299344324316875,0.423728813559322,0.6183206106870229,0.4066302458405761,0.593369754159424,136.0,-162.0,False,False,True,HOU,HOU,CAR,0.0,0.0,0.5299344324316875,0.593369754159424,0.593369754159424,-0.06343532172773647,-162.0,-1.0,-162.0,-1.0,-0.0903895678710205,-3.0,2.9096104321289795,2.0,5.0
2023,8,2023_08_JAX_PIT,PIT,JAX,0.4795648898524179,0.5204351101475821,0.4672897196261682,0.574468085106383,0.448558885283451,0.551441114716549,114.0,-135.0,False,False,True,JAX,JAX,JAX,1.0,1.0,0.5204351101475821,0.551441114716549,0.551441114716549,-0.03100600456896685,-135.0,0.7407407407407407,-135.0,0.7407407407407407,-0.1868179006701478,-2.5,2.313182099329852,-10.0,-7.5
2023,8,2023_08_KC_DEN,DEN,KC,0.3611829325211609,0.6388170674788392,0.2702702702702703,0.7727272727272727,0.2591283863368669,0.740871613663133,270.0,-340.0,False,False,True,KC,KC,DEN,0.0,0.0,0.6388170674788392,0.740871613663133,0.740871613663133,-0.10205454618429388,-340.0,-1.0,-340.0,-1.0,-4.6160196500584965,-7.0,2.3839803499415035,15.0,22.0
2023,8,2023_08_LA_DAL,DAL,LA,0.6070592594649981,0.39294074053500194,0.7560975609756098,0.2857142857142857,0.725752508361204,0.27424749163879597,-310.0,250.0,True,True,True,DAL,DAL,DAL,1.0,1.0,0.6070592594649981,0.725752508361204,0.725752508361204,-0.11869324889620592,-310.0,0.32258064516129026,-310.0,0.32258064516129026,4.936498946263344,6.5,-1.5635010537366556,23.0,16.5
2023,8,2023_08_LV_DET,DET,LV,0.640304837564508,0.35969516243549204,0.7727272727272727,0.2702702702702703,0.740871613663133,0.2591283863368669,-340.0,270.0,True,True,True,DET,DET,DET,1.0,1.0,0.640304837564508,0.740871613663133,0.740871613663133,-0.10056677609862508,-340.0,0.2941176470588236,-340.0,0.2941176470588236,3.5461579093274125,7.0,-3.4538420906725875,12.0,5.0
2023,8,2023_08_MIN_GB,GB,MIN,0.48593147214281,0.5140685278571899,0.5192307692307693,0.5283018867924528,0.4956702459300312,0.5043297540699688,-108.0,-112.0,False,False,True,MIN,MIN,MIN,1.0,1.0,0.5140685278571899,0.5043297540699688,0.5043297540699688,0.0097387737872211,-112.0,0.8928571428571428,-112.0,0.8928571428571428,1.4880996016852417,-1.0,2.4880996016852417,-14.0,-13.0
2023,8,2023_08_NE_MIA,MIA,NE,0.745671264198825,0.254328735801175,0.7916666666666666,0.25,0.7600000000000001,0.24000000000000005,-380.0,300.0,True,True,True,MIA,MIA,MIA,1.0,1.0,0.745671264198825,0.7600000000000001,0.7600000000000001,-0.014328735801175108,-380.0,0.26315789473684204,-380.0,0.26315789473684204,5.616173366557802,7.5,-1.8838266334421983,14.0,6.5
2023,8,2023_08_NO_IND,IND,NO,0.4925015690035145,0.5074984309964855,0.47619047619047616,0.5652173913043478,0.4572564612326044,0.5427435387673957,110.0,-130.0,False,False,True,NO,NO,NO,1.0,1.0,0.5074984309964855,0.5427435387673957,0.5427435387673957,-0.03524510777091017,-130.0,0.7692307692307692,-130.0,0.7692307692307692,0.0368381944491864,-2.0,2.0368381944491865,-11.0,-9.0
2023,8,2023_08_NYJ_NYG,NYG,NYJ,0.5437095989742702,0.4562904010257298,0.423728813559322,0.6183206106870229,0.4066302458405761,0.593369754159424,136.0,-162.0,True,False,False,NYG,NYJ,NYJ,0.0,1.0,0.5437095989742702,0.593369754159424,0.4066302458405761,0.13707935313369407,136.0,-1.0,-162.0,0.617283950617284,1.483498244031615,-3.0,4.483498244031615,-3.0,0.0
2023,8,2023_08_PHI_WAS,WAS,PHI,0.3254748203357464,0.6745251796642536,0.2898550724637681,0.7530864197530864,0.27792074112197634,0.7220792588780237,245.0,-305.0,False,False,True,PHI,PHI,PHI,1.0,1.0,0.6745251796642536,0.7220792588780237,0.7220792588780237,-0.047554079213770084,-305.0,0.3278688524590163,-305.0,0.3278688524590163,-3.626596651443616,-7.0,3.373403348556384,-7.0,0.0
2023,8,2023_08_TB_BUF,BUF,TB,0.7519232226512662,0.2480767773487338,0.8290598290598291,0.2127659574468085,0.7957758771164253,0.2042241228835748,-485.0,370.0,True,True,True,BUF,BUF,BUF,1.0,1.0,0.7519232226512662,0.7957758771164253,0.7957758771164253,-0.04385265446515907,-485.0,0.2061855670103092,-485.0,0.2061855670103092,5.736604102330557,10.0,-4.263395897669443,6.0,-4.0
2023,9,2023_09_ARI_CLE,CLE,ARI,0.7222872711917669,0.27771272880823306,0.8823529411764706,0.16,0.8465011286681716,0.15349887133182846,-750.0,525.0,True,True,True,CLE,CLE,CLE,1.0,1.0,0.7222872711917669,0.8465011286681716,0.8465011286681716,-0.12421385747640468,-750.0,0.1333333333333333,-750.0,0.1333333333333333,6.110252079753089,13.0,-6.889747920246911,27.0,14.0
2023,9,2023_09_BUF_CIN,CIN,BUF,0.5063351523997617,0.4936648476002383,0.5555555555555556,0.4878048780487805,0.5324675324675325,0.4675324675324675,-125.0,105.0,True,True,True,CIN,CIN,CIN,1.0,1.0,0.5063351523997617,0.5324675324675325,0.5324675324675325,-0.026132380067770855,-125.0,0.8,-125.0,0.8,0.0217819846160872,1.5,-1.4782180153839128,6.0,4.5
2023,9,2023_09_CHI_NO,NO,CHI,0.7343627773612735,0.26563722263872647,0.8148148148148148,0.22727272727272727,0.7819063004846527,0.21809369951534735,-440.0,340.0,True,True,True,NO,NO,NO,1.0,1.0,0.7343627773612735,0.7819063004846527,0.7819063004846527,-0.04754352312337917,-440.0,0.2272727272727273,-440.0,0.2272727272727273,6.567078797410382,9.0,-2.4329212025896183,7.0,-2.0
2023,9,2023_09_DAL_PHI,PHI,DAL,0.6036752009687137,0.39632479903128626,0.6363636363636364,0.40816326530612246,0.6092362344582594,0.39076376554174075,-175.0,145.0,True,True,True,PHI,PHI,PHI,1.0,1.0,0.6036752009687137,0.6092362344582594,0.6092362344582594,-0.005561033489545619,-175.0,0.5714285714285714,-175.0,0.5714285714285714,1.956837039235997,3.5,-1.543162960764003,5.0,1.5
2023,9,2023_09_IND_CAR,CAR,IND,0.5050398231820158,0.4949601768179842,0.47619047619047616,0.5652173913043478,0.4572564612326044,0.5427435387673957,110.0,-130.0,True,False,False,CAR,IND,IND,0.0,1.0,0.5050398231820158,0.5427435387673957,0.4572564612326044,0.04778336194941141,110.0,-1.0,-130.0,0.7692307692307692,-0.5897689611630229,-1.5,0.9102310388369771,-14.0,-12.5
2023,9,2023_09_LAC_NYJ,NYJ,LAC,0.4631720175499836,0.5368279824500164,0.4132231404958678,0.6296296296296297,0.3962430290578221,0.6037569709421778,142.0,-170.0,False,False,True,LAC,LAC,LAC,1.0,1.0,0.5368279824500164,0.6037569709421778,0.6037569709421778,-0.06692898849216145,-170.0,0.5882352941176472,-170.0,0.5882352941176472,0.1817438360765569,-3.0,3.181743836076557,-21.0,-18.0
2023,9,2023_09_LA_GB,GB,LA,0.5646186170612684,0.43538138293873163,0.6644295302013423,0.38461538461538464,0.6333661417322834,0.36663385826771655,-198.0,160.0,True,True,True,GB,GB,GB,1.0,1.0,0.5646186170612684,0.6333661417322834,0.6333661417322834,-0.06874752467101508,-198.0,0.5050505050505052,-198.0,0.5050505050505052,2.4037818615989845,3.5,-1.0962181384010155,17.0,13.5
2023,9,2023_09_MIA_KC,KC,MIA,0.4576940195517438,0.5423059804482562,0.5348837209302325,0.5121951219512195,0.5108342361863488,0.4891657638136511,-115.0,-105.0,False,True,False,MIA,KC,KC,0.0,1.0,0.5423059804482562,0.5108342361863488,0.4891657638136511,0.05314021663460505,-105.0,-1.0,-115.0,0.8695652173913042,1.3043638849090309,1.0,0.3043638849090309,7.0,6.0
2023,9,2023_09_MIN_ATL,ATL,MIN,0.527746211504073,0.47225378849592703,0.6575342465753424,0.38461538461538464,0.6309403437815976,0.3690596562184025,-192.0,160.0,True,True,True,ATL,ATL,MIN,0.0,0.0,0.527746211504073,0.6309403437815976,0.6309403437815976,-0.10319413227752461,-192.0,-1.0,-192.0,-1.0,1.8252142085349965,3.5,-1.6747857914650035,-3.0,-6.5
2023,9,2023_09_NYG_LV,LV,NYG,0.5185177801097132,0.48148221989028683,0.5412844036697247,0.504950495049505,0.5173641257162701,0.4826358742837298,-118.0,-102.0,True,True,True,LV,LV,LV,1.0,1.0,0.5185177801097132,0.5173641257162701,0.5173641257162701,0.0011536543934430599,-118.0,0.847457627118644,-118.0,0.847457627118644,-0.2681605685320523,1.0,-1.2681605685320523,24.0,23.0
2023,9,2023_09_SEA_BAL,BAL,SEA,0.6080469761578751,0.39195302384212494,0.7297297297297297,0.3125,0.7001620745542949,0.299837925445705,-270.0,220.0,True,True,True,BAL,BAL,BAL,1.0,1.0,0.6080469761578751,0.7001620745542949,0.7001620745542949,-0.09211509839641985,-270.0,0.37037037037037024,-270.0,0.37037037037037024,2.6251331754226728,6.0,-3.3748668245773272,34.0,28.0
2023,9,2023_09_TB_HOU,HOU,TB,0.6092482174906112,0.3907517825093888,0.5967741935483871,0.44642857142857145,0.5720596355604638,0.42794036443953615,-148.0,124.0,True,True,True,HOU,HOU,HOU,1.0,1.0,0.6092482174906112,0.5720596355604638,0.5720596355604638,0.0371885819301474,-148.0,0.6756756756756757,-148.0,0.6756756756756757,1.81214755140023,2.5,-0.6878524485997699,2.0,-0.5
2023,9,2023_09_TEN_PIT,PIT,TEN,0.4877439242242887,0.5122560757757113,0.6363636363636364,0.40816326530612246,0.6092362344582594,0.39076376554174075,-175.0,145.0,False,True,False,TEN,PIT,PIT,0.0,1.0,0.5122560757757113,0.6092362344582594,0.39076376554174075,0.12149231023397056,145.0,-1.0,-175.0,0.5714285714285714,1.0067619630448053,3.5,-2.4932380369551947,4.0,0.5
2023,9,2023_09_WAS_NE,NE,WAS,0.5159261264236735,0.4840738735763265,0.6078431372549019,0.43478260869565216,0.5829926410466066,0.4170073589533933,-155.0,130.0,True,True,True,NE,NE,WAS,0.0,0.0,0.5159261264236735,0.5829926410466066,0.5829926410466066,-0.06706651462293312,-155.0,-1.0,-155.0,-1.0,4.143256097017482,2.5,1.643256097017482,-3.0,-5.5
2023,10,2023_10_ATL_ARI,ARI,ATL,0.4400435103439089,0.5599564896560911,0.47619047619047616,0.5652173913043478,0.4572564612326044,0.5427435387673957,110.0,-130.0,False,False,True,ATL,ATL,ARI,0.0,0.0,0.5599564896560911,0.5427435387673957,0.5427435387673957,0.017212950888695455,-130.0,-1.0,-130.0,-1.0,-0.7935429784530975,-2.0,1.2064570215469024,2.0,4.0
2023,10,2023_10_CAR_CHI,CHI,CAR,0.5203863506319042,0.4796136493680958,0.6428571428571429,0.4,0.6164383561643836,0.3835616438356164,-180.0,150.0,True,True,True,CHI,CHI,CHI,1.0,1.0,0.5203863506319042,0.6164383561643836,0.6164383561643836,-0.09605200553247939,-180.0,0.5555555555555556,-180.0,0.5555555555555556,0.9997299177612406,3.0,-2.0002700822387594,3.0,0.0
2023,10,2023_10_CLE_BAL,BAL,CLE,0.6287687067975344,0.3712312932024656,0.7206703910614525,0.3225806451612903,0.690792883054068,0.30920711694593195,-258.0,210.0,True,True,True,BAL,BAL,CLE,0.0,0.0,0.6287687067975344,0.690792883054068,0.690792883054068,-0.06202417625653367,-258.0,-1.0,-258.0,-1.0,1.5995664193248895,6.0,-4.40043358067511,-2.0,-8.0
2023,10,2023_10_DEN_BUF,BUF,DEN,0.756723371458879,0.24327662854112098,0.797979797979798,0.24390243902439024,0.7659021045164341,0.23409789548356585,-395.0,310.0,True,True,True,BUF,BUF,DEN,0.0,0.0,0.756723371458879,0.7659021045164341,0.7659021045164341,-0.009178733057555122,-395.0,-1.0,-395.0,-1.0,6.684668890477972,7.5,-0.8153311095220284,-2.0,-9.5
2023,10,2023_10_DET_LAC,LAC,DET,0.4837077292194502,0.5162922707805497,0.45454545454545453,0.5867768595041323,0.43650793650793646,0.5634920634920635,120.0,-142.0,False,False,True,DET,DET,DET,1.0,1.0,0.5162922707805497,0.5634920634920635,0.5634920634920635,-0.047199792711513755,-142.0,0.704225352112676,-142.0,0.704225352112676,-0.404540582145889,-2.5,2.095459417854111,-3.0,-0.5
2023,10,2023_10_GB_PIT,PIT,GB,0.4901424989701498,0.5098575010298503,0.6240601503759399,0.4166666666666667,0.5996387718242023,0.4003612281757977,-166.0,140.0,False,True,False,GB,PIT,PIT,0.0,1.0,0.5098575010298503,0.5996387718242023,0.4003612281757977,0.10949627285405256,140.0,-1.0,-166.0,0.6024096385542168,1.5661648049755548,3.0,-1.4338351950244452,4.0,1.0
2023,10,2023_10_HOU_CIN,CIN,HOU,0.5653900226934091,0.4346099773065909,0.7142857142857143,0.32786885245901637,0.6853932584269663,0.31460674157303364,-250.0,205.0,True,True,True,CIN,CIN,HOU,0.0,0.0,0.5653900226934091,0.6853932584269663,0.6853932584269663,-0.1200032357335572,-250.0,-1.0,-250.0,-1.0,1.2355951201496616,5.5,-4.264404879850338,-3.0,-8.5
2023,10,2023_10_IND_NE,NE,IND,0.5699537627658314,0.43004623723416857,0.504950495049505,0.5412844036697247,0.4826358742837298,0.5173641257162701,-102.0,-118.0,True,False,False,NE,IND,IND,0.0,1.0,0.5699537627658314,0.5173641257162701,0.4826358742837298,0.08731788848210165,-102.0,-1.0,-118.0,0.847457627118644,0.7849769326072671,-1.0,1.784976932607267,-4.0,-3.0
2023,10,2023_10_NO_MIN,MIN,NO,0.4827172904016031,0.517282709598397,0.43478260869565216,0.6078431372549019,0.4170073589533933,0.5829926410466066,130.0,-155.0,False,False,True,NO,NO,MIN,0.0,0.0,0.517282709598397,0.5829926410466066,0.5829926410466066,-0.06570993144820969,-155.0,-1.0,-155.0,-1.0,-0.2687430812472325,-3.0,2.7312569187527673,8.0,11.0
2023,10,2023_10_NYG_DAL,DAL,NYG,0.7270410975246446,0.27295890247535537,0.9545454545454546,0.08333333333333333,0.9197080291970804,0.08029197080291971,-2100.0,1100.0,True,True,True,DAL,DAL,DAL,1.0,1.0,0.7270410975246446,0.9197080291970804,0.9197080291970804,-0.19266693167243576,-2100.0,0.04761904761904767,-2100.0,0.04761904761904767,6.4962373277086165,17.5,-11.003762672291383,32.0,14.5
2023,10,2023_10_NYJ_LV,LV,NYJ,0.5426356056452912,0.45736439435470877,0.5121951219512195,0.5348837209302325,0.4891657638136511,0.5108342361863488,-105.0,-115.0,True,False,False,LV,NYJ,LV,1.0,0.0,0.5426356056452912,0.5108342361863488,0.4891657638136511,0.05346984183164011,-105.0,0.9523809523809523,-115.0,-1.0,0.9995816401340554,-1.0,1.9995816401340554,4.0,5.0
2023,10,2023_10_SF_JAX,JAX,SF,0.4018700411103565,0.5981299588896435,0.4132231404958678,0.6296296296296297,0.3962430290578221,0.6037569709421778,142.0,-170.0,False,False,True,SF,SF,SF,1.0,1.0,0.5981299588896435,0.6037569709421778,0.6037569709421778,-0.0056270120525343525,-170.0,0.5882352941176472,-170.0,0.5882352941176472,-1.3257997729557285,-3.0,1.6742002270442715,-31.0,-28.0
2023,10,2023_10_TEN_TB,TB,TEN,0.5137798542358278,0.48622014576417216,0.5867768595041323,0.45454545454545453,0.5634920634920635,0.43650793650793646,-142.0,120.0,True,True,True,TB,TB,TB,1.0,1.0,0.5137798542358278,0.5634920634920635,0.5634920634920635,-0.04971220925623565,-142.0,0.704225352112676,-142.0,0.704225352112676,1.5039812340642678,2.5,-0.9960187659357322,14.0,11.5
2023,10,2023_10_WAS_SEA,SEA,WAS,0.5696758744544974,0.4303241255455026,0.7297297297297297,0.3125,0.7001620745542949,0.299837925445705,-270.0,220.0,True,True,True,SEA,SEA,SEA,1.0,1.0,0.5696758744544974,0.7001620745542949,0.7001620745542949,-0.1304862000997975,-270.0,0.37037037037037024,-270.0,0.37037037037037024,0.5726370504856296,6.0,-5.427362949514371,3.0,-3.0
2023,11,2023_11_ARI_HOU,HOU,ARI,0.6900181696977641,0.3099818303022359,0.7142857142857143,0.32786885245901637,0.6853932584269663,0.31460674157303364,-250.0,205.0,True,True,True,HOU,HOU,HOU,1.0,1.0,0.6900181696977641,0.6853932584269663,0.6853932584269663,0.004624911270797782,-250.0,0.3999999999999999,-250.0,0.3999999999999999,1.9985571565774176,5.5,-3.5014428434225824,5.0,-0.5
2023,11,2023_11_CHI_DET,DET,CHI,0.6809236470531629,0.3190763529468371,0.8148148148148148,0.22727272727272727,0.7819063004846527,0.21809369951534735,-440.0,340.0,True,True,True,DET,DET,DET,1.0,1.0,0.6809236470531629,0.7819063004846527,0.7819063004846527,-0.10098265343148982,-440.0,0.2272727272727273,-440.0,0.2272727272727273,5.856566919658846,8.0,-2.143433080341154,5.0,-3.0
2023,11,2023_11_CIN_BAL,BAL,CIN,0.5961099632811023,0.40389003671889767,0.6721311475409836,0.37037037037037035,0.644729178800233,0.35527082119976705,-205.0,170.0,True,True,True,BAL,BAL,BAL,1.0,1.0,0.5961099632811023,0.644729178800233,0.644729178800233,-0.04861921551913062,-205.0,0.4878048780487805,-205.0,0.4878048780487805,2.394730595484181,4.0,-1.605269404515819,14.0,10.0
2023,11,2023_11_DAL_CAR,CAR,DAL,0.3963290246482988,0.6036709753517012,0.17543859649122806,0.8666666666666667,0.16835016835016833,0.8316498316498315,470.0,-650.0,False,False,True,DAL,DAL,DAL,1.0,1.0,0.6036709753517012,0.8316498316498315,0.8316498316498315,-0.2279788562981303,-650.0,0.15384615384615374,-650.0,0.15384615384615374,-6.316350714630406,-11.0,4.683649285369594,-23.0,-12.0
2023,11,2023_11_LAC_GB,GB,LAC,0.4434150265608695,0.5565849734391305,0.423728813559322,0.6183206106870229,0.4066302458405761,0.593369754159424,136.0,-162.0,False,False,True,LAC,LAC,GB,0.0,0.0,0.5565849734391305,0.593369754159424,0.593369754159424,-0.03678478072029345,-162.0,-1.0,-162.0,-1.0,-1.318802385028517,-3.0,1.681197614971483,3.0,6.0
2023,11,2023_11_LV_MIA,MIA,LV,0.7140589041322019,0.28594109586779815,0.9166666666666666,0.125,0.8800000000000001,0.12000000000000002,-1100.0,700.0,True,True,True,MIA,MIA,MIA,1.0,1.0,0.7140589041322019,0.8800000000000001,0.8800000000000001,-0.16594109586779826,-1100.0,0.09090909090909083,-1100.0,0.09090909090909083,8.521396367613763,14.0,-5.478603632386237,7.0,-7.0
2023,11,2023_11_MIN_DEN,DEN,MIN,0.4950427047329176,0.5049572952670824,0.5867768595041323,0.45454545454545453,0.5634920634920635,0.43650793650793646,-142.0,120.0,False,True,False,MIN,DEN,DEN,0.0,1.0,0.5049572952670824,0.5634920634920635,0.43650793650793646,0.06844935875914598,120.0,-1.0,-142.0,0.704225352112676,0.3940033390296443,2.5,-2.1059966609703555,1.0,-1.5
2023,11,2023_11_NYG_WAS,WAS,NYG,0.730352278137719,0.26964772186228103,0.797979797979798,0.24390243902439024,0.7659021045164341,0.23409789548356585,-395.0,310.0,True,True,True,WAS,WAS,NYG,0.0,0.0,0.730352278137719,0.7659021045164341,0.7659021045164341,-0.03554982637871518,-395.0,-1.0,-395.0,-1.0,5.746082428171008,7.5,-1.7539175718289917,-12.0,-19.5
2023,11,2023_11_NYJ_BUF,BUF,NYJ,0.7522041964806969,0.24779580351930308,0.797979797979798,0.24390243902439024,0.7659021045164341,0.23409789548356585,-395.0,310.0,True,True,True,BUF,BUF,BUF,1.0,1.0,0.7522041964806969,0.7659021045164341,0.7659021045164341,-0.013697908035737227,-395.0,0.25316455696202533,-395.0,0.25316455696202533,4.853276889028565,8.0,-3.1467231109714353,26.0,18.0
2023,11,2023_11_PHI_KC,KC,PHI,0.557730956658025,0.44226904334197503,0.5967741935483871,0.44642857142857145,0.5720596355604638,0.42794036443953615,-148.0,124.0,True,True,True,KC,KC,PHI,0.0,0.0,0.557730956658025,0.5720596355604638,0.5720596355604638,-0.01432867890243883,-148.0,-1.0,-148.0,-1.0,0.745606715103805,2.5,-1.754393284896195,-4.0,-6.5
2023,11,2023_11_PIT_CLE,CLE,PIT,0.5455481824528183,0.45445181754718167,0.5867768595041323,0.45454545454545453,0.5634920634920635,0.43650793650793646,-142.0,120.0,True,True,True,CLE,CLE,CLE,1.0,1.0,0.5455481824528183,0.5634920634920635,0.5634920634920635,-0.017943881039245158,-142.0,0.704225352112676,-142.0,0.704225352112676,0.2211330184304512,2.5,-2.278866981569549,3.0,0.5
2023,11,2023_11_SEA_LA,LA,SEA,0.4639971946181687,0.5360028053818313,0.574468085106383,0.4672897196261682,0.551441114716549,0.448558885283451,-135.0,114.0,False,True,False,SEA,LA,LA,0.0,1.0,0.5360028053818313,0.551441114716549,0.448558885283451,0.08744392009838031,114.0,-1.0,-135.0,0.7407407407407407,-0.1192982106264166,2.5,-2.6192982106264164,1.0,-1.5
2023,11,2023_11_TB_SF,SF,TB,0.7200970187172624,0.2799029812827376,0.9047619047619048,0.13793103448275862,0.8677165354330709,0.13228346456692913,-950.0,625.0,True,True,True,SF,SF,SF,1.0,1.0,0.7200970187172624,0.8677165354330709,0.8677165354330709,-0.14761951671580853,-950.0,0.10526315789473673,-950.0,0.10526315789473673,7.610276389013617,13.5,-5.889723610986383,13.0,-0.5
2023,11,2023_11_TEN_JAX,JAX,TEN,0.5588945339768455,0.4411054660231545,0.7435897435897436,0.29850746268656714,0.7135512302607419,0.28644876973925815,-290.0,235.0,True,True,True,JAX,JAX,JAX,1.0,1.0,0.5588945339768455,0.7135512302607419,0.7135512302607419,-0.15465669628389633,-290.0,0.3448275862068966,-290.0,0.3448275862068966,3.703403847218561,6.5,-2.796596152781439,20.0,13.5
2023,12,2023_12_BAL_LAC,LAC,BAL,0.4953218109976502,0.5046781890023497,0.4132231404958678,0.6296296296296297,0.3962430290578221,0.6037569709421778,142.0,-170.0,False,False,True,BAL,BAL,BAL,1.0,1.0,0.5046781890023497,0.6037569709421778,0.6037569709421778,-0.09907878193982811,-170.0,0.5882352941176472,-170.0,0.5882352941176472,-0.7893870034335847,-3.0,2.2106129965664154,-10.0,-7.0
2023,12,2023_12_BUF_PHI,PHI,BUF,0.6147323949217902,0.3852676050782098,0.5967741935483871,0.44642857142857145,0.5720596355604638,0.42794036443953615,-148.0,124.0,True,True,True,PHI,PHI,PHI,1.0,1.0,0.6147323949217902,0.5720596355604638,0.5720596355604638,0.04267275936132642,-148.0,0.6756756756756757,-148.0,0.6756756756756757,0.220848608781429,2.5,-2.279151391218571,3.0,0.5
2023,12,2023_12_CAR_TEN,TEN,CAR,0.5667238202189905,0.4332761797810095,0.6363636363636364,0.40816326530612246,0.6092362344582594,0.39076376554174075,-175.0,145.0,True,True,True,TEN,TEN,TEN,1.0,1.0,0.5667238202189905,0.6092362344582594,0.6092362344582594,-0.04251241423926888,-175.0,0.5714285714285714,-175.0,0.5714285714285714,2.099983035812273,3.5,-1.400016964187727,7.0,3.5
2023,12,2023_12_CHI_MIN,MIN,CHI,0.5309900717997884,0.4690099282002116,0.6240601503759399,0.4166666666666667,0.5996387718242023,0.4003612281757977,-166.0,140.0,True,True,True,MIN,MIN,CHI,0.0,0.0,0.5309900717997884,0.5996387718242023,0.5996387718242023,-0.06864870002441392,-166.0,-1.0,-166.0,-1.0,2.452704771872915,3.0,-0.5472952281270849,-2.0,-5.0
2023,12,2023_12_CLE_DEN,DEN,CLE,0.4859888457733547,0.5140111542266452,0.5555555555555556,0.4878048780487805,0.5324675324675325,0.4675324675324675,-125.0,105.0,False,True,False,CLE,DEN,DEN,0.0,1.0,0.5140111542266452,0.5324675324675325,0.4675324675324675,0.04647868669417771,105.0,-1.0,-125.0,0.8,0.0104962012268493,1.5,-1.4895037987731508,17.0,15.5
2023,12,2023_12_GB_DET,DET,GB,0.7432383153412806,0.2567616846587194,0.8095238095238095,0.23255813953488372,0.7768331562167907,0.22316684378320936,-425.0,330.0,True,True,True,DET,DET,GB,0.0,0.0,0.7432383153412806,0.7768331562167907,0.7768331562167907,-0.033594840875510124,-425.0,-1.0,-425.0,-1.0,7.708961380122311,8.5,-0.7910386198776891,-7.0,-15.5
2023,12,2023_12_JAX_HOU,HOU,JAX,0.4905437460588145,0.5094562539411855,0.5121951219512195,0.5348837209302325,0.4891657638136511,0.5108342361863488,-105.0,-115.0,False,False,True,JAX,JAX,JAX,1.0,1.0,0.5094562539411855,0.5108342361863488,0.5108342361863488,-0.0013779822451632784,-115.0,0.8695652173913042,-115.0,0.8695652173913042,1.6132304286538182,-1.0,2.613230428653818,-3.0,-2.0
2023,12,2023_12_KC_LV,LV,KC,0.340197932154262,0.659802067845738,0.20833333333333334,0.8333333333333334,0.19999999999999998,0.7999999999999999,380.0,-500.0,False,False,True,KC,KC,KC,1.0,1.0,0.659802067845738,0.7999999999999999,0.7999999999999999,-0.1401979321542619,-500.0,0.19999999999999996,-500.0,0.19999999999999996,-4.489416023493389,-9.0,4.510583976506611,-14.0,-5.0
2023,12,2023_12_LA_ARI,ARI,LA,0.3599286393257302,0.6400713606742698,0.44642857142857145,0.5967741935483871,0.42794036443953615,0.5720596355604638,124.0,-148.0,False,False,True,LA,LA,LA,1.0,1.0,0.6400713606742698,0.5720596355604638,0.5720596355604638,0.06801172511380604,-148.0,0.6756756756756757,-148.0,0.6756756756756757,-2.5311302126040545,-3.0,0.46886978739594554,-23.0,-20.0
2023,12,2023_12_MIA_NYJ,NYJ,MIA,0.2986914448381359,0.7013085551618641,0.20833333333333334,0.8333333333333334,0.19999999999999998,0.7999999999999999,380.0,-500.0,False,False,True,MIA,MIA,MIA,1.0,1.0,0.7013085551618641,0.7999999999999999,0.7999999999999999,-0.09869144483813586,-500.0,0.19999999999999996,-500.0,0.19999999999999996,-6.18600374882072,-9.5,3.3139962511792804,-21.0,-11.5
2023,12,2023_12_NE_NYG,NYG,NE,0.4118243515890579,0.5881756484109422,0.35714285714285715,0.6855345911949685,0.34252477380439467,0.6574752261956054,180.0,-218.0,False,False,True,NE,NE,NYG,0.0,0.0,0.5881756484109422,0.6574752261956054,0.6574752261956054,-0.06929957778466322,-218.0,-1.0,-218.0,-1.0,-0.9639251591230332,-4.5,3.536074840876967,3.0,7.5
2023,12,2023_12_NO_ATL,ATL,NO,0.3815439395680056,0.6184560604319944,0.47619047619047616,0.5652173913043478,0.4572564612326044,0.5427435387673957,110.0,-130.0,False,False,True,NO,NO,ATL,0.0,0.0,0.6184560604319944,0.5427435387673957,0.5427435387673957,0.07571252166459874,-130.0,-1.0,-130.0,-1.0,-1.4685633114802137,-2.0,0.5314366885197863,9.0,11.0
2023,12,2023_12_PIT_CIN,CIN,PIT,0.4976415579869461,0.5023584420130539,0.4672897196261682,0.574468085106383,0.448558885283451,0.551441114716549,114.0,-135.0,False,False,True,PIT,PIT,PIT,1.0,1.0,0.5023584420130539,0.551441114716549,0.551441114716549,-0.04908267270349509,-135.0,0.7407407407407407,-135.0,0.7407407407407407,0.0414854755574011,-2.0,2.0414854755574012,-6.0,-4.0
2023,12,2023_12_SF_SEA,SEA,SF,0.4160857577152982,0.5839142422847018,0.2631578947368421,0.7802197802197802,0.2522172949002217,0.7477827050997783,280.0,-355.0,False,False,True,SF,SF,SF,1.0,1.0,0.5839142422847018,0.7477827050997783,0.7477827050997783,-0.1638684628150765,-355.0,0.2816901408450705,-355.0,0.2816901408450705,-4.316575111244595,-7.0,2.683424888755405,-18.0,-11.0
2023,12,2023_12_TB_IND,IND,TB,0.5876402208114684,0.4123597791885316,0.6078431372549019,0.43478260869565216,0.5829926410466066,0.4170073589533933,-155.0,130.0,True,True,True,IND,IND,IND,1.0,1.0,0.5876402208114684,0.5829926410466066,0.5829926410466066,0.004647579764861742,-155.0,0.6451612903225805,-155.0,0.6451612903225805,1.0783426370497466,2.5,-1.4216573629502534,7.0,4.5
2023,12,2023_12_WAS_DAL,DAL,WAS,0.7479406956968596,0.2520593043031404,0.8888888888888888,0.15384615384615385,0.8524590163934427,0.1475409836065574,-800.0,550.0,True,True,True,DAL,DAL,DAL,1.0,1.0,0.7479406956968596,0.8524590163934427,0.8524590163934427,-0.10451832069658307,-800.0,0.125,-800.0,0.125,4.910604406290034,13.0,-8.089395593709966,35.0,22.0
2023,13,2023_13_ARI_PIT,PIT,ARI,0.6476132772571725,0.35238672274282745,0.7402597402597403,0.30303030303030304,0.7095435684647302,0.2904564315352697,-285.0,230.0,True,True,True,PIT,PIT,ARI,0.0,0.0,0.6476132772571725,0.7095435684647302,0.7095435684647302,-0.061930291207557664,-285.0,-1.0,-285.0,-1.0,3.9239536445449694,6.0,-2.0760463554550306,-14.0,-20.0
2023,13,2023_13_ATL_NYJ,NYJ,ATL,0.3595030947026854,0.6404969052973146,0.4878048780487805,0.5555555555555556,0.4675324675324675,0.5324675324675325,105.0,-125.0,False,False,True,ATL,ATL,ATL,1.0,1.0,0.6404969052973146,0.5324675324675325,0.5324675324675325,0.10802937282978209,-125.0,0.8,-125.0,0.8,-0.603013697005297,-2.0,1.3969863029947032,-5.0,-3.0
2023,13,2023_13_CAR_TB,TB,CAR,0.6522755204707114,0.34772447952928864,0.6644295302013423,0.3787878787878788,0.6369041816941223,0.3630958183058778,-198.0,164.0,True,True,True,TB,TB,TB,1.0,1.0,0.6522755204707114,0.6369041816941223,0.6369041816941223,0.015371338776589027,-198.0,0.5050505050505052,-198.0,0.5050505050505052,3.391114446062142,4.0,-0.6088855539378581,3.0,-1.0
2023,13,2023_13_CIN_JAX,JAX,CIN,0.6917787343036137,0.3082212656963863,0.8461538461538461,0.19607843137254902,0.8118668596237336,0.18813314037626627,-550.0,410.0,True,True,True,JAX,JAX,CIN,0.0,0.0,0.6917787343036137,0.8118668596237336,0.8118668596237336,-0.12008812532011992,-550.0,-1.0,-550.0,-1.0,4.617622861607974,10.0,-5.382377138392026,-3.0,-13.0
2023,13,2023_13_CLE_LA,LA,CLE,0.5493543005393593,0.4506456994606407,0.6575342465753424,0.38461538461538464,0.6309403437815976,0.3690596562184025,-192.0,160.0,True,True,True,LA,LA,LA,1.0,1.0,0.5493543005393593,0.6309403437815976,0.6309403437815976,-0.08158604324223828,-192.0,0.5208333333333335,-192.0,0.5208333333333335,2.3713772473442005,3.5,-1.1286227526557995,17.0,13.5
2023,13,2023_13_DEN_HOU,HOU,DEN,0.5665814878103502,0.4334185121896498,0.6296296296296297,0.4132231404958678,0.6037569709421778,0.3962430290578221,-170.0,142.0,True,True,True,HOU,HOU,HOU,1.0,1.0,0.5665814878103502,0.6037569709421778,0.6037569709421778,-0.037175483131827614,-170.0,0.5882352941176472,-170.0,0.5882352941176472,4.362327180790295,3.5,0.8623271807902952,5.0,1.5
2023,13,2023_13_DET_NO,NO,DET,0.4031492375215509,0.5968507624784491,0.3787878787878788,0.6644295302013423,0.3630958183058778,0.6369041816941223,164.0,-198.0,False,False,True,DET,DET,DET,1.0,1.0,0.5968507624784491,0.6369041816941223,0.6369041816941223,-0.04005341921567318,-198.0,0.5050505050505052,-198.0,0.5050505050505052,-1.3191822676955065,-4.0,2.6808177323044937,-5.0,-1.0
2023,13,2023_13_IND_TEN,TEN,IND,0.466441713641494,0.533558286358506,0.49504950495049505,0.5495495495495496,0.4739134147382802,0.5260865852617197,102.0,-122.0,False,False,True,IND,IND,IND,1.0,1.0,0.533558286358506,0.5260865852617197,0.5260865852617197,0.0074717010967862985,-122.0,0.819672131147541,-122.0,0.819672131147541,0.4077291826677618,-1.5,1.9077291826677618,-3.0,-1.5
2023,13,2023_13_KC_GB,GB,KC,0.2894709307645141,0.710529069235486,0.31746031746031744,0.726027397260274,0.30423004792665137,0.6957699520733487,215.0,-265.0,False,False,True,KC,KC,GB,0.0,0.0,0.710529069235486,0.6957699520733487,0.6957699520733487,0.014759117162137292,-265.0,-1.0,-265.0,-1.0,-6.032599449460078,-5.5,-0.5325994494600783,8.0,13.5
2023,13,2023_13_LAC_NE,NE,LAC,0.4259250324828403,0.5740749675171597,0.3508771929824561,0.6923076923076923,0.33635187580853815,0.6636481241914618,185.0,-225.0,False,False,True,LAC,LAC,LAC,1.0,1.0,0.5740749675171597,0.6636481241914618,0.6636481241914618,-0.0895731566743021,-225.0,0.4444444444444444,-225.0,0.4444444444444444,-0.2177469476516807,-4.5,4.282253052348319,-6.0,-1.5
2023,13,2023_13_MIA_WAS,WAS,MIA,0.2691660153968009,0.730833984603199,0.2222222222222222,0.8198198198198198,0.2132564841498559,0.7867435158501441,350.0,-455.0,False,False,True,MIA,MIA,MIA,1.0,1.0,0.730833984603199,0.7867435158501441,0.7867435158501441,-0.05590953124694509,-455.0,0.2197802197802199,-455.0,0.2197802197802199,-7.593475150754806,-8.5,0.9065248492451943,-30.0,-21.5
2023,13,2023_13_SEA_DAL,DAL,SEA,0.7411343767657053,0.25886562323429474,0.8333333333333334,0.20833333333333334,0.7999999999999999,0.19999999999999998,-500.0,380.0,True,True,True,DAL,DAL,DAL,1.0,1.0,0.7411343767657053,0.7999999999999999,0.7999999999999999,-0.05886562323429467,-500.0,0.19999999999999996,-500.0,0.19999999999999996,4.829725354077207,9.5,-4.670274645922793,6.0,-3.5
2023,13,2023_13_SF_PHI,PHI,SF,0.5779626653906238,0.4220373346093762,0.44642857142857145,0.5967741935483871,0.42794036443953615,0.5720596355604638,124.0,-148.0,True,False,False,PHI,SF,SF,0.0,1.0,0.5779626653906238,0.5720596355604638,0.42794036443953615,0.15002230095108765,124.0,-1.0,-148.0,0.6756756756756757,-0.1781086922644076,-3.0,2.8218913077355925,-23.0,-20.0
2023,14,2023_14_BUF_KC,KC,BUF,0.4150756415882382,0.5849243584117618,0.5555555555555556,0.4878048780487805,0.5324675324675325,0.4675324675324675,-125.0,105.0,False,True,False,BUF,KC,BUF,1.0,0.0,0.5849243584117618,0.5324675324675325,0.4675324675324675,0.1173918908792943,105.0,1.0499999999999998,-125.0,-1.0,0.0073766474884509,2.0,-1.992623352511549,-3.0,-5.0
2023,14,2023_14_CAR_NO,NO,CAR,0.6486521487681888,0.3513478512318112,0.7101449275362319,0.3333333333333333,0.6805555555555556,0.3194444444444444,-245.0,200.0,True,True,True,NO,NO,NO,1.0,1.0,0.6486521487681888,0.6805555555555556,0.6805555555555556,-0.031903406787366806,-245.0,0.40816326530612246,-245.0,0.40816326530612246,0.4403394056542447,5.5,-5.059660594345756,22.0,16.5
2023,14,2023_14_DEN_LAC,LAC,DEN,0.4911440302255958,0.5088559697744042,0.6183206106870229,0.423728813559322,0.593369754159424,0.4066302458405761,-162.0,136.0,False,True,False,DEN,LAC,DEN,1.0,0.0,0.5088559697744042,0.593369754159424,0.4066302458405761,0.10222572393382806,136.0,1.3600000000000003,-162.0,-1.0,2.837117067201582,3.0,-0.1628829327984178,-17.0,-20.0
2023,14,2023_14_DET_CHI,CHI,DET,0.3732423093106415,0.6267576906893585,0.4132231404958678,0.6296296296296297,0.3962430290578221,0.6037569709421778,142.0,-170.0,False,False,True,DET,DET,CHI,0.0,0.0,0.6267576906893585,0.6037569709421778,0.6037569709421778,0.023000719747180653,-170.0,-1.0,-170.0,-1.0,-2.269112628684722,-3.0,0.7308873713152781,15.0,18.0
2023,14,2023_14_GB_NYG,NYG,GB,0.2624111377128729,0.7375888622871272,0.31746031746031744,0.726027397260274,0.30423004792665137,0.6957699520733487,215.0,-265.0,False,False,True,GB,GB,NYG,0.0,0.0,0.7375888622871272,0.6957699520733487,0.6957699520733487,0.04181891021377848,-265.0,-1.0,-265.0,-1.0,-5.635462865505264,-6.0,0.3645371344947357,2.0,8.0
2023,14,2023_14_HOU_NYJ,NYJ,HOU,0.4790480519333101,0.5209519480666899,0.40816326530612246,0.6363636363636364,0.39076376554174075,0.6092362344582594,145.0,-175.0,False,False,True,HOU,HOU,NYJ,0.0,0.0,0.5209519480666899,0.6092362344582594,0.6092362344582594,-0.08828428639156949,-175.0,-1.0,-175.0,-1.0,-0.2737716677487853,-3.5,3.226228332251215,24.0,27.5
2023,14,2023_14_IND_CIN,CIN,IND,0.5895563575436025,0.41044364245639753,0.5967741935483871,0.44642857142857145,0.5720596355604638,0.42794036443953615,-148.0,124.0,True,True,True,CIN,CIN,CIN,1.0,1.0,0.5895563575436025,0.5720596355604638,0.5720596355604638,0.017496721983138674,-148.0,0.6756756756756757,-148.0,0.6756756756756757,1.1269539654999112,3.0,-1.8730460345000888,20.0,17.0
2023,14,2023_14_JAX_CLE,CLE,JAX,0.5576119149016266,0.44238808509837335,0.5867768595041323,0.45454545454545453,0.5634920634920635,0.43650793650793646,-142.0,120.0,True,True,True,CLE,CLE,CLE,1.0,1.0,0.5576119149016266,0.5634920634920635,0.5634920634920635,-0.00588014859043684,-142.0,0.704225352112676,-142.0,0.704225352112676,0.452388383097392,2.5,-2.047611616902608,4.0,1.5
2023,14,2023_14_LA_BAL,BAL,LA,0.7279622085566853,0.27203779144331475,0.782608695652174,0.2597402597402597,0.7508125677139762,0.2491874322860238,-360.0,285.0,True,True,True,BAL,BAL,BAL,1.0,1.0,0.7279622085566853,0.7508125677139762,0.7508125677139762,-0.022850359157290945,-360.0,0.2777777777777777,-360.0,0.2777777777777777,4.967944895782125,7.5,-2.532055104217875,6.0,-1.5
2023,14,2023_14_MIN_LV,LV,MIN,0.3350052802289039,0.6649947197710961,0.43478260869565216,0.6078431372549019,0.4170073589533933,0.5829926410466066,130.0,-155.0,False,False,True,MIN,MIN,MIN,1.0,1.0,0.6649947197710961,0.5829926410466066,0.5829926410466066,0.0820020787244895,-155.0,0.6451612903225805,-155.0,0.6451612903225805,-1.3262975872505824,-3.0,1.6737024127494176,-3.0,0.0
2023,14,2023_14_NE_PIT,PIT,NE,0.6659981211977986,0.33400187880220145,0.7297297297297297,0.3125,0.7001620745542949,0.299837925445705,-270.0,220.0,True,True,True,PIT,PIT,NE,0.0,0.0,0.6659981211977986,0.7001620745542949,0.7001620745542949,-0.03416395335649636,-270.0,-1.0,-270.0,-1.0,3.400263677093809,6.0,-2.599736322906191,-3.0,-9.0
2023,14,2023_14_PHI_DAL,DAL,PHI,0.6678226132152263,0.3321773867847737,0.6363636363636364,0.40816326530612246,0.6092362344582594,0.39076376554174075,-175.0,145.0,True,True,True,DAL,DAL,DAL,1.0,1.0,0.6678226132152263,0.6092362344582594,0.6092362344582594,0.05858637875696693,-175.0,0.5714285714285714,-175.0,0.5714285714285714,3.281360950136192,3.5,-0.21863904986380822,20.0,16.5
2023,14,2023_14_SEA_SF,SF,SEA,0.7784469668810177,0.22155303311898233,0.9090909090909091,0.13333333333333333,0.8720930232558138,0.12790697674418605,-1000.0,650.0,True,True,True,SF,SF,SF,1.0,1.0,0.7784469668810177,0.8720930232558138,0.8720930232558138,-0.09364605637479617,-1000.0,0.10000000000000009,-1000.0,0.10000000000000009,8.15875188188379,14.5,-6.34124811811621,12.0,-2.5
2023,14,2023_14_TB_ATL,ATL,TB,0.3841814588041917,0.6158185411958084,0.5555555555555556,0.4878048780487805,0.5324675324675325,0.4675324675324675,-125.0,105.0,False,True,False,TB,ATL,TB,1.0,0.0,0.6158185411958084,0.5324675324675325,0.4675324675324675,0.14828607366334084,105.0,1.0499999999999998,-125.0,-1.0,-1.218499987339949,1.5,-2.718499987339949,-4.0,-5.5
2023,14,2023_14_TEN_MIA,MIA,TEN,0.7852576507205036,0.21474234927949643,0.9047619047619048,0.13793103448275862,0.8677165354330709,0.13228346456692913,-950.0,625.0,True,True,True,MIA,MIA,TEN,0.0,0.0,0.7852576507205036,0.8677165354330709,0.8677165354330709,-0.08245888471256735,-950.0,-1.0,-950.0,-1.0,14.331335059258292,14.0,0.33133505925829176,-1.0,-15.0
2023,15,2023_15_ATL_CAR,CAR,ATL,0.4614634746710599,0.53853652532894,0.43478260869565216,0.6078431372549019,0.4170073589533933,0.5829926410466066,130.0,-155.0,False,False,True,ATL,ATL,CAR,0.0,0.0,0.53853652532894,0.5829926410466066,0.5829926410466066,-0.04445611571766661,-155.0,-1.0,-155.0,-1.0,0.6348841753676895,-3.0,3.6348841753676897,2.0,5.0
2023,15,2023_15_BAL_JAX,JAX,BAL,0.3771438650764327,0.6228561349235673,0.3508771929824561,0.6923076923076923,0.33635187580853815,0.6636481241914618,185.0,-225.0,False,False,True,BAL,BAL,BAL,1.0,1.0,0.6228561349235673,0.6636481241914618,0.6636481241914618,-0.04079198926789451,-225.0,0.4444444444444444,-225.0,0.4444444444444444,-0.8625186538112636,-4.0,3.1374813461887365,-16.0,-12.0
2023,15,2023_15_CHI_CLE,CLE,CHI,0.520212929951359,0.47978707004864096,0.5967741935483871,0.44642857142857145,0.5720596355604638,0.42794036443953615,-148.0,124.0,True,True,True,CLE,CLE,CLE,1.0,1.0,0.520212929951359,0.5720596355604638,0.5720596355604638,-0.05184670560910476,-148.0,0.6756756756756757,-148.0,0.6756756756756757,1.6914832116892524,3.0,-1.3085167883107476,3.0,0.0
2023,15,2023_15_DAL_BUF,BUF,DAL,0.520423079417436,0.47957692058256396,0.574468085106383,0.4672897196261682,0.551441114716549,0.448558885283451,-135.0,114.0,True,True,True,BUF,BUF,BUF,1.0,1.0,0.520423079417436,0.551441114716549,0.551441114716549,-0.031018035299112956,-135.0,0.7407407407407407,-135.0,0.7407407407407407,-0.4833103872232102,2.0,-2.4833103872232103,21.0,19.0
2023,15,2023_15_DEN_DET,DET,DEN,0.6331971604890189,0.36680283951098114,0.7206703910614525,0.3225806451612903,0.690792883054068,0.30920711694593195,-258.0,210.0,True,True,True,DET,DET,DET,1.0,1.0,0.6331971604890189,0.690792883054068,0.690792883054068,-0.05759572256504919,-258.0,0.3875968992248062,-258.0,0.3875968992248062,3.488492765608912,5.5,-2.011507234391088,25.0,19.5
2023,15,2023_15_HOU_TEN,TEN,HOU,0.5534670805999294,0.44653291940007056,0.6296296296296297,0.4132231404958678,0.6037569709421778,0.3962430290578221,-170.0,142.0,True,True,True,TEN,TEN,HOU,0.0,0.0,0.5534670805999294,0.6037569709421778,0.6037569709421778,-0.0502898903422484,-170.0,-1.0,-170.0,-1.0,0.9800097264063506,3.0,-2.0199902735936495,-3.0,-6.0
2023,15,2023_15_KC_NE,NE,KC,0.2847617069121395,0.7152382930878605,0.2127659574468085,0.8290598290598291,0.2042241228835748,0.7957758771164253,370.0,-485.0,False,False,True,KC,KC,KC,1.0,1.0,0.7152382930878605,0.7957758771164253,0.7957758771164253,-0.08053758402856481,-485.0,0.2061855670103092,-485.0,0.2061855670103092,-7.007530802944058,-10.0,2.992469197055942,-10.0,0.0
2023,15,2023_15_LAC_LV,LV,LAC,0.458045472595264,0.5419545274047359,0.6183206106870229,0.423728813559322,0.593369754159424,0.4066302458405761,-162.0,136.0,False,True,False,LAC,LV,LV,0.0,1.0,0.5419545274047359,0.593369754159424,0.4066302458405761,0.13532428156415982,136.0,-1.0,-162.0,0.617283950617284,0.2873047241369272,3.0,-2.712695275863073,42.0,39.0
2023,15,2023_15_MIN_CIN,CIN,MIN,0.6102874995915744,0.38971250040842564,0.6363636363636364,0.40816326530612246,0.6092362344582594,0.39076376554174075,-175.0,145.0,True,True,True,CIN,CIN,CIN,1.0,1.0,0.6102874995915744,0.6092362344582594,0.6092362344582594,0.0010512651333149936,-175.0,0.5714285714285714,-175.0,0.5714285714285714,2.234161707695716,3.0,-0.7658382923042839,3.0,0.0
2023,15,2023_15_NYG_NO,NO,NYG,0.6607512807361285,0.33924871926387146,0.7142857142857143,0.32786885245901637,0.6853932584269663,0.31460674157303364,-250.0,205.0,True,True,True,NO,NO,NO,1.0,1.0,0.6607512807361285,0.6853932584269663,0.6853932584269663,-0.024641977690837757,-250.0,0.3999999999999999,-250.0,0.3999999999999999,2.9789928722041235,6.0,-3.0210071277958765,18.0,12.0
2023,15,2023_15_NYJ_MIA,MIA,NYJ,0.7201599705206965,0.27984002947930353,0.7752808988764045,0.26666666666666666,0.7440690150970525,0.2559309849029475,-345.0,275.0,True,True,True,MIA,MIA,MIA,1.0,1.0,0.7201599705206965,0.7440690150970525,0.7440690150970525,-0.02390904457635601,-345.0,0.28985507246376807,-345.0,0.28985507246376807,5.538728151974094,7.5,-1.9612718480259064,30.0,22.5
2023,15,2023_15_PHI_SEA,SEA,PHI,0.3131774424473073,0.6868225575526927,0.3389830508474576,0.7041420118343196,0.3249687530045188,0.6750312469954812,195.0,-238.0,False,False,True,PHI,PHI,SEA,0.0,0.0,0.6868225575526927,0.6750312469954812,0.6750312469954812,0.011791310557211498,-238.0,-1.0,-238.0,-1.0,-4.627911959191454,-5.0,0.37208804080854563,3.0,8.0
2023,15,2023_15_PIT_IND,IND,PIT,0.4835391288738929,0.5164608711261072,0.5495495495495496,0.49504950495049505,0.5260865852617197,0.4739134147382802,-122.0,102.0,False,True,False,PIT,IND,IND,0.0,1.0,0.5164608711261072,0.5260865852617197,0.4739134147382802,0.042547456387826976,102.0,-1.0,-122.0,0.819672131147541,0.4168905346503462,1.5,-1.0831094653496538,17.0,15.5
2023,15,2023_15_SF_ARI,ARI,SF,0.3205845397429557,0.6794154602570444,0.16,0.8823529411764706,0.15349887133182846,0.8465011286681716,525.0,-750.0,False,False,True,SF,SF,SF,1.0,1.0,0.6794154602570444,0.8465011286681716,0.8465011286681716,-0.16708566841112726,-750.0,0.1333333333333333,-750.0,0.1333333333333333,-7.776612185447081,-12.5,4.723387814552919,-16.0,-3.5
2023,15,2023_15_TB_GB,GB,TB,0.6864209466095024,0.31357905339049763,0.6855345911949685,0.35714285714285715,0.6574752261956054,0.34252477380439467,-218.0,180.0,True,True,True,GB,GB,TB,0.0,0.0,0.6864209466095024,0.6574752261956054,0.6574752261956054,0.02894572041389698,-218.0,-1.0,-218.0,-1.0,2.59658985692314,4.0,-1.4034101430768602,-14.0,-18.0
2023,15,2023_15_WAS_LA,LA,WAS,0.5889929616798238,0.41100703832017615,0.7487437185929648,0.29411764705882354,0.7179705215419501,0.2820294784580499,-298.0,240.0,True,True,True,LA,LA,LA,1.0,1.0,0.5889929616798238,0.7179705215419501,0.7179705215419501,-0.12897755986212622,-298.0,0.3355704697986577,-298.0,0.3355704697986577,3.208002368569376,6.5,-3.291997631430624,8.0,1.5
2023,16,2023_16_ARI_CHI,CHI,ARI,0.5848306473287627,0.41516935267123733,0.6855345911949685,0.35714285714285715,0.6574752261956054,0.34252477380439467,-218.0,180.0,True,True,True,CHI,CHI,CHI,1.0,1.0,0.5848306473287627,0.6574752261956054,0.6574752261956054,-0.07264457886684272,-218.0,0.45871559633027514,-218.0,0.45871559633027514,5.218607323133215,4.5,0.7186073231332148,11.0,6.5
2023,16,2023_16_BAL_SF,SF,BAL,0.7282043117739084,0.27179568822609157,0.7752808988764045,0.26666666666666666,0.7440690150970525,0.2559309849029475,-345.0,275.0,True,True,True,SF,SF,BAL,0.0,0.0,0.7282043117739084,0.7440690150970525,0.7440690150970525,-0.015864703323144047,-345.0,-1.0,-345.0,-1.0,4.752292457974337,6.5,-1.7477075420256627,-14.0,-20.5
2023,16,2023_16_BUF_LAC,LAC,BUF,0.2925176189846715,0.7074823810153286,0.15384615384615385,0.8888888888888888,0.1475409836065574,0.8524590163934427,550.0,-800.0,False,False,True,BUF,BUF,BUF,1.0,1.0,0.7074823810153286,0.8524590163934427,0.8524590163934427,-0.14497663537811412,-800.0,0.125,-800.0,0.125,-3.568155459622043,-13.0,9.431844540377957,-2.0,11.0
2023,16,2023_16_CIN_PIT,PIT,CIN,0.5472369347019114,0.45276306529808863,0.43478260869565216,0.6078431372549019,0.4170073589533933,0.5829926410466066,130.0,-155.0,True,False,False,PIT,CIN,PIT,1.0,0.0,0.5472369347019114,0.5829926410466066,0.4170073589533933,0.13022957574851807,130.0,1.2999999999999998,-155.0,-1.0,2.979492648941245,-3.0,5.979492648941245,23.0,26.0
2023,16,2023_16_CLE_HOU,HOU,CLE,0.4154685454466781,0.5845314545533219,0.423728813559322,0.6183206106870229,0.4066302458405761,0.593369754159424,136.0,-162.0,False,False,True,CLE,CLE,CLE,1.0,1.0,0.5845314545533219,0.593369754159424,0.593369754159424,-0.008838299606102051,-162.0,0.617283950617284,-162.0,0.617283950617284,-0.5762126017997694,-3.0,2.4237873982002305,-14.0,-11.0
2023,16,2023_16_DAL_MIA,MIA,DAL,0.4851434968557795,0.5148565031442205,0.5495495495495496,0.49504950495049505,0.5260865852617197,0.4739134147382802,-122.0,102.0,False,True,False,DAL,MIA,MIA,0.0,1.0,0.5148565031442205,0.5260865852617197,0.4739134147382802,0.0409430884059403,102.0,-1.0,-122.0,0.819672131147541,1.2311596321154068,1.5,-0.2688403678845932,2.0,0.5
2023,16,2023_16_DET_MIN,MIN,DET,0.4252936743422054,0.5747063256577947,0.44642857142857145,0.5967741935483871,0.42794036443953615,0.5720596355604638,124.0,-148.0,False,False,True,DET,DET,DET,1.0,1.0,0.5747063256577947,0.5720596355604638,0.5720596355604638,0.0026466900973308727,-148.0,0.6756756756756757,-148.0,0.6756756756756757,-1.4195473884632417,-2.5,1.0804526115367583,-6.0,-3.5
2023,16,2023_16_GB_CAR,CAR,GB,0.4421502230845226,0.5578497769154773,0.3787878787878788,0.6644295302013423,0.3630958183058778,0.6369041816941223,164.0,-198.0,False,False,True,GB,GB,GB,1.0,1.0,0.5578497769154773,0.6369041816941223,0.6369041816941223,-0.079054404778645,-198.0,0.5050505050505052,-198.0,0.5050505050505052,-1.0062145447312445,-3.5,2.4937854552687555,-3.0,0.5
2023,16,2023_16_IND_ATL,ATL,IND,0.4713146050835082,0.5286853949164918,0.6078431372549019,0.43478260869565216,0.5829926410466066,0.4170073589533933,-155.0,130.0,False,True,False,IND,ATL,ATL,0.0,1.0,0.5286853949164918,0.5829926410466066,0.4170073589533933,0.1116780359630985,130.0,-1.0,-155.0,0.6451612903225805,1.4458132827236496,3.0,-1.5541867172763504,19.0,16.0
2023,16,2023_16_JAX_TB,TB,JAX,0.4621477636799208,0.5378522363200793,0.4878048780487805,0.5555555555555556,0.4675324675324675,0.5324675324675325,105.0,-125.0,False,False,True,JAX,JAX,TB,0.0,0.0,0.5378522363200793,0.5324675324675325,0.5324675324675325,0.005384703852546746,-125.0,-1.0,-125.0,-1.0,-1.489784869491896,-2.0,0.510215130508104,18.0,20.0
2023,16,2023_16_LV_KC,KC,LV,0.7574711696161748,0.24252883038382522,0.8571428571428571,0.18518518518518517,0.8223350253807106,0.17766497461928932,-600.0,440.0,True,True,True,KC,KC,LV,0.0,0.0,0.7574711696161748,0.8223350253807106,0.8223350253807106,-0.0648638557645358,-600.0,-1.0,-600.0,-1.0,8.139629790318999,11.0,-2.860370209681001,-6.0,-17.0
2023,16,2023_16_NE_DEN,DEN,NE,0.7410793718043778,0.2589206281956222,0.7727272727272727,0.2702702702702703,0.740871613663133,0.2591283863368669,-340.0,270.0,True,True,True,DEN,DEN,NE,0.0,0.0,0.7410793718043778,0.740871613663133,0.740871613663133,0.00020775814124474046,-340.0,-1.0,-340.0,-1.0,5.096652847836361,7.0,-1.9033471521636391,-3.0,-10.0
2023,16,2023_16_NO_LA,LA,NO,0.6163642342393796,0.3836357657606204,0.6855345911949685,0.35714285714285715,0.6574752261956054,0.34252477380439467,-218.0,180.0,True,True,True,LA,LA,LA,1.0,1.0,0.6163642342393796,0.6574752261956054,0.6574752261956054,-0.041110991956225806,-218.0,0.45871559633027514,-218.0,0.45871559633027514,3.011087173744718,4.0,-0.988912826255282,8.0,4.0
2023,16,2023_16_NYG_PHI,PHI,NYG,0.7874651982180414,0.2125348017819586,0.9,0.14285714285714285,0.863013698630137,0.136986301369863,-900.0,600.0,True,True,True,PHI,PHI,PHI,1.0,1.0,0.7874651982180414,0.863013698630137,0.863013698630137,-0.0755485004120956,-900.0,0.11111111111111116,-900.0,0.11111111111111116,8.137219988863329,14.0,-5.862780011136671,8.0,-6.0
2023,16,2023_16_SEA_TEN,TEN,SEA,0.5023987737490268,0.49760122625097325,0.4166666666666667,0.6240601503759399,0.4003612281757977,0.5996387718242023,140.0,-166.0,True,False,False,TEN,SEA,SEA,0.0,1.0,0.5023987737490268,0.5996387718242023,0.4003612281757977,0.10203754557322903,140.0,-1.0,-166.0,0.6024096385542168,-0.1705405645136007,-3.0,2.8294594354863993,-3.0,0.0
2023,16,2023_16_WAS_NYJ,NYJ,WAS,0.4465960931147725,0.5534039068852274,0.6240601503759399,0.4166666666666667,0.5996387718242023,0.4003612281757977,-166.0,140.0,False,True,False,WAS,NYJ,NYJ,0.0,1.0,0.5534039068852274,0.5996387718242023,0.4003612281757977,0.15304267870942972,140.0,-1.0,-166.0,0.6024096385542168,-0.4182670250598298,3.0,-3.41826702505983,2.0,-1.0
2023,17,2023_17_ARI_PHI,PHI,ARI,0.7758081172383673,0.2241918827616327,0.8823529411764706,0.16,0.8465011286681716,0.15349887133182846,-750.0,525.0,True,True,True,PHI,PHI,ARI,0.0,0.0,0.7758081172383673,0.8465011286681716,0.8465011286681716,-0.07069301142980433,-750.0,-1.0,-750.0,-1.0,14.041175223427922,12.0,2.0411752234279223,-4.0,-16.0
2023,17,2023_17_ATL_CHI,CHI,ATL,0.5375483300043836,0.4624516699956164,0.6078431372549019,0.43478260869565216,0.5829926410466066,0.4170073589533933,-155.0,130.0,True,True,True,CHI,CHI,CHI,1.0,1.0,0.5375483300043836,0.5829926410466066,0.5829926410466066,-0.04544431104222302,-155.0,0.6451612903225805,-155.0,0.6451612903225805,0.2939608107153764,3.0,-2.7060391892846236,20.0,17.0
2023,17,2023_17_CAR_JAX,JAX,CAR,0.5966092270682986,0.40339077293170145,0.6575342465753424,0.38461538461538464,0.6309403437815976,0.3690596562184025,-192.0,160.0,True,True,True,JAX,JAX,JAX,1.0,1.0,0.5966092270682986,0.6309403437815976,0.6309403437815976,-0.034331116713299026,-192.0,0.5208333333333335,-192.0,0.5208333333333335,2.8912825892143617,3.5,-0.6087174107856383,26.0,22.5
2023,17,2023_17_CIN_KC,KC,CIN,0.6873083524449146,0.3126916475550854,0.7752808988764045,0.26666666666666666,0.7440690150970525,0.2559309849029475,-345.0,275.0,True,True,True,KC,KC,KC,1.0,1.0,0.6873083524449146,0.7440690150970525,0.7440690150970525,-0.05676066265213786,-345.0,0.28985507246376807,-345.0,0.28985507246376807,4.628541781468959,7.5,-2.871458218531041,8.0,0.5
2023,17,2023_17_DET_DAL,DAL,DET,0.5236945067398482,0.4763054932601518,0.7041420118343196,0.3389830508474576,0.6750312469954812,0.3249687530045188,-238.0,195.0,True,True,True,DAL,DAL,DAL,1.0,1.0,0.5236945067398482,0.6750312469954812,0.6750312469954812,-0.15133674025563304,-238.0,0.4201680672268908,-238.0,0.4201680672268908,1.5886091812803744,5.5,-3.9113908187196254,1.0,-4.5
2023,17,2023_17_GB_MIN,MIN,GB,0.4456791684159504,0.5543208315840495,0.5283018867924528,0.5192307692307693,0.5043297540699688,0.4956702459300312,-112.0,-108.0,False,True,False,GB,MIN,GB,1.0,0.0,0.5543208315840495,0.5043297540699688,0.4956702459300312,0.05865058565401837,-108.0,0.925925925925926,-112.0,-1.0,-2.298718175463357,1.0,-3.298718175463357,-23.0,-24.0
2023,17,2023_17_LAC_DEN,DEN,LAC,0.7312849089890069,0.2687150910109931,0.6644295302013423,0.3787878787878788,0.6369041816941223,0.3630958183058778,-198.0,164.0,True,True,True,DEN,DEN,DEN,1.0,1.0,0.7312849089890069,0.6369041816941223,0.6369041816941223,0.09438072729488456,-198.0,0.5050505050505052,-198.0,0.5050505050505052,5.645380289118497,3.5,2.1453802891184974,7.0,3.5
2023,17,2023_17_LA_NYG,NYG,LA,0.281981444782664,0.7180185552173359,0.29411764705882354,0.7487437185929648,0.2820294784580499,0.7179705215419501,240.0,-298.0,False,False,True,LA,LA,LA,1.0,1.0,0.7180185552173359,0.7179705215419501,0.7179705215419501,4.803367538586123e-05,-298.0,0.3355704697986577,-298.0,0.3355704697986577,-7.3593162241947105,-6.0,-1.3593162241947105,-1.0,5.0
2023,17,2023_17_LV_IND,IND,LV,0.5317595248993539,0.46824047510064615,0.6428571428571429,0.4,0.6164383561643836,0.3835616438356164,-180.0,150.0,True,True,True,IND,IND,IND,1.0,1.0,0.5317595248993539,0.6164383561643836,0.6164383561643836,-0.08467883126502973,-180.0,0.5555555555555556,-180.0,0.5555555555555556,2.491235079083765,3.5,-1.008764920916235,3.0,-0.5
2023,17,2023_17_MIA_BAL,BAL,MIA,0.5452735315558618,0.4547264684441382,0.6428571428571429,0.4,0.6164383561643836,0.3835616438356164,-180.0,150.0,True,True,True,BAL,BAL,BAL,1.0,1.0,0.5452735315558618,0.6164383561643836,0.6164383561643836,-0.0711648246085218,-180.0,0.5555555555555556,-180.0,0.5555555555555556,-0.3820624036285656,3.0,-3.3820624036285656,37.0,34.0
2023,17,2023_17_NE_BUF,BUF,NE,0.7944496812222575,0.20555031877774255,0.9230769230769231,0.11764705882352941,0.8869565217391304,0.11304347826086955,-1200.0,750.0,True,True,True,BUF,BUF,BUF,1.0,1.0,0.7944496812222575,0.8869565217391304,0.8869565217391304,-0.09250684051687297,-1200.0,0.08333333333333326,-1200.0,0.08333333333333326,9.666074072305197,15.0,-5.3339259276948034,6.0,-9.0
2023,17,2023_17_NO_TB,TB,NO,0.5742527672659734,0.4257472327340266,0.5967741935483871,0.44642857142857145,0.5720596355604638,0.42794036443953615,-148.0,124.0,True,True,True,TB,TB,NO,0.0,0.0,0.5742527672659734,0.5720596355604638,0.5720596355604638,0.00219313170550961,-148.0,-1.0,-148.0,-1.0,0.989079689666028,2.5,-1.510920310333972,-10.0,-12.5
2023,17,2023_17_NYJ_CLE,CLE,NYJ,0.6914351863217025,0.30856481367829747,0.7752808988764045,0.2702702702702703,0.7415045018878884,0.25849549811211153,-345.0,270.0,True,True,True,CLE,CLE,CLE,1.0,1.0,0.6914351863217025,0.7415045018878884,0.7415045018878884,-0.05006931556618588,-345.0,0.28985507246376807,-345.0,0.28985507246376807,3.422270535373117,6.5,-3.077729464626883,17.0,10.5
2023,17,2023_17_PIT_SEA,SEA,PIT,0.5852611656422517,0.4147388343577483,0.6923076923076923,0.3508771929824561,0.6636481241914618,0.33635187580853815,-225.0,185.0,True,True,True,SEA,SEA,PIT,0.0,0.0,0.5852611656422517,0.6636481241914618,0.6636481241914618,-0.07838695854921007,-225.0,-1.0,-225.0,-1.0,1.2951605625259912,4.5,-3.204839437474009,-7.0,-11.5
2023,17,2023_17_SF_WAS,WAS,SF,0.3162637798667839,0.6837362201332161,0.12903225806451613,0.9130434782608695,0.12382234185733514,0.8761776581426649,675.0,-1050.0,False,False,True,SF,SF,SF,1.0,1.0,0.6837362201332161,0.8761776581426649,0.8761776581426649,-0.1924414380094488,-1050.0,0.09523809523809534,-1050.0,0.09523809523809534,-4.722632395763719,-14.0,9.277367604236282,-17.0,-3.0
2023,17,2023_17_TEN_HOU,HOU,TEN,0.5023640241748628,0.4976359758251372,0.696969696969697,0.3448275862068966,0.6690070210631895,0.33099297893681046,-230.0,190.0,True,True,True,HOU,HOU,HOU,1.0,1.0,0.5023640241748628,0.6690070210631895,0.6690070210631895,-0.16664299688832673,-230.0,0.4347826086956521,-230.0,0.4347826086956521,1.49304093504994,5.0,-3.5069590649500597,23.0,18.0
2023,18,2023_18_ATL_NO,NO,ATL,0.4724606036082276,0.5275393963917724,0.6363636363636364,0.40816326530612246,0.6092362344582594,0.39076376554174075,-175.0,145.0,False,True,False,ATL,NO,NO,0.0,1.0,0.5275393963917724,0.6092362344582594,0.39076376554174075,0.13677563085003164,145.0,-1.0,-175.0,0.5714285714285714,0.9635139259936936,3.5,-2.5364860740063064,31.0,27.5
2023,18,2023_18_BUF_MIA,MIA,BUF,0.5271883057427704,0.4728116942572296,0.43478260869565216,0.6078431372549019,0.4170073589533933,0.5829926410466066,130.0,-155.0,True,False,False,MIA,BUF,BUF,0.0,1.0,0.5271883057427704,0.5829926410466066,0.4170073589533933,0.11018094678937712,130.0,-1.0,-155.0,0.6451612903225805,0.9438745352466196,-2.5,3.4438745352466196,-7.0,-4.5
2023,18,2023_18_CHI_GB,GB,CHI,0.6528755702949677,0.3471244297050323,0.5967741935483871,0.44642857142857145,0.5720596355604638,0.42794036443953615,-148.0,124.0,True,True,True,GB,GB,GB,1.0,1.0,0.6528755702949677,0.5720596355604638,0.5720596355604638,0.08081593473450388,-148.0,0.6756756756756757,-148.0,0.6756756756756757,2.2888724970002308,2.5,-0.21112750299976923,8.0,5.5
2023,18,2023_18_CLE_CIN,CIN,CLE,0.6837724687069957,0.3162275312930043,0.782608695652174,0.2597402597402597,0.7508125677139762,0.2491874322860238,-360.0,285.0,True,True,True,CIN,CIN,CIN,1.0,1.0,0.6837724687069957,0.7508125677139762,0.7508125677139762,-0.06704009900698049,-360.0,0.2777777777777777,-360.0,0.2777777777777777,2.933828670923254,7.5,-4.566171329076746,17.0,9.5
2023,18,2023_18_DAL_WAS,WAS,DAL,0.3442314822858547,0.6557685177141452,0.14814814814814814,0.8947368421052632,0.14205607476635515,0.8579439252336449,575.0,-850.0,False,False,True,DAL,DAL,DAL,1.0,1.0,0.6557685177141452,0.8579439252336449,0.8579439252336449,-0.2021754075194997,-850.0,0.11764705882352944,-850.0,0.11764705882352944,-6.75175599792148,-13.0,6.24824400207852,-28.0,-15.0
2023,18,2023_18_DEN_LV,LV,DEN,0.4424595217356756,0.5575404782643244,0.6363636363636364,0.40816326530612246,0.6092362344582594,0.39076376554174075,-175.0,145.0,False,True,False,DEN,LV,LV,0.0,1.0,0.5575404782643244,0.6092362344582594,0.39076376554174075,0.16677671272258365,145.0,-1.0,-175.0,0.5714285714285714,3.5140216376637183,3.5,0.014021637663718334,13.0,9.5
2023,18,2023_18_HOU_IND,IND,HOU,0.5022582035829043,0.4977417964170957,0.4878048780487805,0.5555555555555556,0.4675324675324675,0.5324675324675325,105.0,-125.0,True,False,False,IND,HOU,HOU,0.0,1.0,0.5022582035829043,0.5324675324675325,0.4675324675324675,0.03472573605043677,105.0,-1.0,-125.0,0.8,-0.2332219642780401,-1.5,1.26677803572196,-4.0,-2.5
2023,18,2023_18_JAX_TEN,TEN,JAX,0.4392998096502219,0.5607001903497781,0.3937007874015748,0.6491228070175439,0.3775334481388264,0.6224665518611737,154.0,-185.0,False,False,True,JAX,JAX,TEN,0.0,0.0,0.5607001903497781,0.6224665518611737,0.6224665518611737,-0.061766361511395584,-185.0,-1.0,-185.0,-1.0,-0.96641424686259,-3.5,2.5335857531374097,8.0,11.5
2023,18,2023_18_KC_LAC,LAC,KC,0.5314937998923323,0.46850620010766775,0.6491228070175439,0.3937007874015748,0.6224665518611737,0.3775334481388264,-185.0,154.0,True,True,True,LAC,LAC,KC,0.0,0.0,0.5314937998923323,0.6224665518611737,0.6224665518611737,-0.09097275196884147,-185.0,-1.0,-185.0,-1.0,1.26698525796615,3.5,-2.23301474203385,-1.0,-4.5
2023,18,2023_18_LA_SF,SF,LA,0.6315175910268958,0.36848240897310425,0.7101449275362319,0.3333333333333333,0.6805555555555556,0.3194444444444444,-245.0,200.0,True,True,True,SF,SF,LA,0.0,0.0,0.6315175910268958,0.6805555555555556,0.6805555555555556,-0.04903796452865983,-245.0,-1.0,-245.0,-1.0,1.7213323569370629,5.5,-3.778667643062937,-1.0,-6.5
2023,18,2023_18_MIN_DET,DET,MIN,0.6630571141520927,0.3369428858479073,0.6721311475409836,0.37037037037037035,0.644729178800233,0.35527082119976705,-205.0,170.0,True,True,True,DET,DET,DET,1.0,1.0,0.6630571141520927,0.644729178800233,0.644729178800233,0.018327935351859725,-205.0,0.4878048780487805,-205.0,0.4878048780487805,2.86409645346518,3.5,-0.63590354653482,10.0,6.5
2023,18,2023_18_NYJ_NE,NE,NYJ,0.5255748012187615,0.47442519878123846,0.5867768595041323,0.45454545454545453,0.5634920634920635,0.43650793650793646,-142.0,120.0,True,True,True,NE,NE,NYJ,0.0,0.0,0.5255748012187615,0.5634920634920635,0.5634920634920635,-0.037917262273301944,-142.0,-1.0,-142.0,-1.0,2.382506473277501,2.5,-0.11749352672249902,-14.0,-16.5
2023,18,2023_18_PHI_NYG,NYG,PHI,0.3721479927100643,0.6278520072899356,0.3448275862068966,0.7041420118343196,0.32872981910134214,0.6712701808986579,190.0,-238.0,False,False,True,PHI,PHI,NYG,0.0,0.0,0.6278520072899356,0.6712701808986579,0.6712701808986579,-0.043418173608722244,-238.0,-1.0,-238.0,-1.0,-2.782829510511041,-4.5,1.717170489488959,17.0,21.5
2023,18,2023_18_PIT_BAL,BAL,PIT,0.4905451277696132,0.5094548722303869,0.43478260869565216,0.6078431372549019,0.4170073589533933,0.5829926410466066,130.0,-155.0,False,False,True,PIT,PIT,PIT,1.0,1.0,0.5094548722303869,0.5829926410466066,0.5829926410466066,-0.07353776881621976,-155.0,0.6451612903225805,-155.0,0.6451612903225805,1.0752570906600112,-3.0,4.075257090660012,-7.0,-4.0
2023,18,2023_18_SEA_ARI,ARI,SEA,0.3761793023825491,0.623820697617451,0.43478260869565216,0.6078431372549019,0.4170073589533933,0.5829926410466066,130.0,-155.0,False,False,True,SEA,SEA,SEA,1.0,1.0,0.623820697617451,0.5829926410466066,0.5829926410466066,0.04082805657084432,-155.0,0.6451612903225805,-155.0,0.6451612903225805,-3.6975431122270335,-2.5,-1.1975431122270335,-1.0,1.5
2023,18,2023_18_TB_CAR,CAR,TB,0.3038565227343183,0.6961434772656817,0.3333333333333333,0.7101449275362319,0.3194444444444444,0.6805555555555556,200.0,-245.0,False,False,True,TB,TB,TB,1.0,1.0,0.6961434772656817,0.6805555555555556,0.6805555555555556,0.01558792171012613,-245.0,0.40816326530612246,-245.0,0.40816326530612246,-4.928186279960442,-5.0,0.07181372003955833,-9.0,-4.0
2023,19,2023_19_CLE_HOU,HOU,CLE,0.4075937872085873,0.5924062127914127,0.44642857142857145,0.5967741935483871,0.42794036443953615,0.5720596355604638,124.0,-148.0,False,False,True,CLE,CLE,HOU,0.0,0.0,0.5924062127914127,0.5720596355604638,0.5720596355604638,0.020346577230948903,-148.0,-1.0,-148.0,-1.0,-1.4615539401967326,-2.5,1.0384460598032674,31.0,33.5
2023,19,2023_19_GB_DAL,DAL,GB,0.6536491450164058,0.3463508549835942,0.7752808988764045,0.26666666666666666,0.7440690150970525,0.2559309849029475,-345.0,275.0,True,True,True,DAL,DAL,GB,0.0,0.0,0.6536491450164058,0.7440690150970525,0.7440690150970525,-0.09041987008064667,-345.0,-1.0,-345.0,-1.0,4.73009484496349,7.0,-2.2699051550365104,-16.0,-23.0
2023,19,2023_19_LA_DET,DET,LA,0.6272107342379042,0.3727892657620958,0.6183206106870229,0.423728813559322,0.593369754159424,0.4066302458405761,-162.0,136.0,True,True,True,DET,DET,DET,1.0,1.0,0.6272107342379042,0.593369754159424,0.593369754159424,0.03384098007848024,-162.0,0.617283950617284,-162.0,0.617283950617284,2.278397411205166,3.5,-1.221602588794834,1.0,-2.5
2023,19,2023_19_MIA_KC,KC,MIA,0.590341633060325,0.40965836693967494,0.696969696969697,0.3448275862068966,0.6690070210631895,0.33099297893681046,-230.0,190.0,True,True,True,KC,KC,KC,1.0,1.0,0.590341633060325,0.6690070210631895,0.6690070210631895,-0.07866538800286449,-230.0,0.4347826086956521,-230.0,0.4347826086956521,1.877101195033976,4.5,-2.622898804966024,19.0,14.5
2023,19,2023_19_PHI_TB,TB,PHI,0.3804707696780691,0.6195292303219309,0.423728813559322,0.6183206106870229,0.4066302458405761,0.593369754159424,136.0,-162.0,False,False,True,PHI,PHI,TB,0.0,0.0,0.6195292303219309,0.593369754159424,0.593369754159424,0.02615947616250691,-162.0,-1.0,-162.0,-1.0,-5.010385422464034,-2.5,-2.510385422464034,23.0,25.5
2023,19,2023_19_PIT_BUF,BUF,PIT,0.7516094228439847,0.2483905771560153,0.8290598290598291,0.2127659574468085,0.7957758771164253,0.2042241228835748,-485.0,370.0,True,True,True,BUF,BUF,BUF,1.0,1.0,0.7516094228439847,0.7957758771164253,0.7957758771164253,-0.04416645427244059,-485.0,0.2061855670103092,-485.0,0.2061855670103092,4.169125348742084,10.0,-5.830874651257916,14.0,4.0
2023,20,2023_20_GB_SF,SF,GB,0.7516305512229806,0.24836944877701939,0.8245614035087719,0.21739130434782608,0.7913616398243045,0.20863836017569545,-470.0,360.0,True,True,True,SF,SF,SF,1.0,1.0,0.7516305512229806,0.7913616398243045,0.7913616398243045,-0.039731088601323905,-470.0,0.2127659574468086,-470.0,0.2127659574468086,6.550215264367236,10.5,-3.9497847356327638,3.0,-7.5
2023,20,2023_20_HOU_BAL,BAL,HOU,0.6282004547735276,0.3717995452264724,0.8095238095238095,0.23255813953488372,0.7768331562167907,0.22316684378320936,-425.0,330.0,True,True,True,BAL,BAL,BAL,1.0,1.0,0.6282004547735276,0.7768331562167907,0.7768331562167907,-0.14863270144326313,-425.0,0.23529411764705888,-425.0,0.23529411764705888,6.066437943701092,10.0,-3.933562056298908,24.0,14.0
2023,20,2023_20_KC_BUF,BUF,KC,0.5536373411907574,0.44636265880924264,0.5867768595041323,0.45454545454545453,0.5634920634920635,0.43650793650793646,-142.0,120.0,True,True,True,BUF,BUF,KC,0.0,0.0,0.5536373411907574,0.5634920634920635,0.5634920634920635,-0.00985472230130613,-142.0,-1.0,-142.0,-1.0,2.8311178713433773,2.5,0.33111787134337733,-3.0,-5.5
2023,20,2023_20_TB_DET,DET,TB,0.568952176734107,0.43104782326589297,0.7354497354497355,0.3076923076923077,0.705033164260632,0.2949668357393679,-278.0,225.0,True,True,True,DET,DET,DET,1.0,1.0,0.568952176734107,0.705033164260632,0.705033164260632,-0.13608098752652498,-278.0,0.3597122302158273,-278.0,0.3597122302158273,-1.0300502006036014,6.0,-7.030050200603601,8.0,2.0
2023,21,2023_21_DET_SF,SF,DET,0.6711587479992491,0.32884125200075087,0.7647058823529411,0.2777777777777778,0.7335423197492164,0.26645768025078376,-325.0,260.0,True,True,True,SF,SF,SF,1.0,1.0,0.6711587479992491,0.7335423197492164,0.7335423197492164,-0.062383571749967226,-325.0,0.3076923076923077,-325.0,0.3076923076923077,5.3619664646948575,7.5,-2.1380335353051425,3.0,-4.5
2023,21,2023_21_KC_BAL,BAL,KC,0.6311582586876991,0.36884174131230085,0.6855345911949685,0.35714285714285715,0.6574752261956054,0.34252477380439467,-218.0,180.0,True,True,True,BAL,BAL,KC,0.0,0.0,0.6311582586876991,0.6574752261956054,0.6574752261956054,-0.02631696750790624,-218.0,-1.0,-218.0,-1.0,3.943684226050176,4.5,-0.5563157739498239,-7.0,-11.5
2023,22,2023_22_SF_KC,KC,SF,0.4771261627867806,0.5228738372132193,0.5,0.5454545454545454,0.4782608695652174,0.5217391304347826,100.0,-120.0,False,False,True,SF,SF,KC,0.0,0.0,0.5228738372132193,0.5217391304347826,0.5217391304347826,0.0011347067784367448,-120.0,-1.0,-120.0,-1.0,-0.3348973633799181,-1.5,1.1651026366200818,3.0,4.5
2024,1,2024_01_ARI_BUF,BUF,ARI,0.6784895564708376,0.32151044352916236,0.7560975609756098,0.2857142857142857,0.725752508361204,0.27424749163879597,-310.0,250.0,True,True,True,BUF,BUF,BUF,1.0,1.0,0.6784895564708376,0.725752508361204,0.725752508361204,-0.047262951890366334,-310.0,0.32258064516129026,-310.0,0.32258064516129026,3.883759256588789,6.5,-2.616240743411211,6.0,-0.5
2024,1,2024_01_BAL_KC,KC,BAL,0.496165537516872,0.503834462483128,0.5967741935483871,0.44642857142857145,0.5720596355604638,0.42794036443953615,-148.0,124.0,False,True,False,BAL,KC,KC,0.0,1.0,0.503834462483128,0.5720596355604638,0.42794036443953615,0.07589409804359187,124.0,-1.0,-148.0,0.6756756756756757,-0.1037646934741133,3.0,-3.103764693474113,7.0,4.0
2024,1,2024_01_CAR_NO,NO,CAR,0.5282602048529219,0.4717397951470781,0.6575342465753424,0.38461538461538464,0.6309403437815976,0.3690596562184025,-192.0,160.0,True,True,True,NO,NO,NO,1.0,1.0,0.5282602048529219,0.6309403437815976,0.6309403437815976,-0.10268013892867567,-192.0,0.5208333333333335,-192.0,0.5208333333333335,1.491177793679676,3.5,-2.008822206320324,37.0,33.5
2024,1,2024_01_DAL_CLE,CLE,DAL,0.4476625291448375,0.5523374708551625,0.5652173913043478,0.47619047619047616,0.5427435387673957,0.4572564612326044,-130.0,110.0,False,True,False,DAL,CLE,DAL,1.0,0.0,0.5523374708551625,0.5427435387673957,0.4572564612326044,0.09508100962255811,110.0,1.1,-130.0,-1.0,-0.4869583030741535,2.5,-2.9869583030741533,-16.0,-18.5
2024,1,2024_01_DEN_SEA,SEA,DEN,0.6543120984916152,0.3456879015083848,0.7354497354497355,0.3076923076923077,0.705033164260632,0.2949668357393679,-278.0,225.0,True,True,True,SEA,SEA,SEA,1.0,1.0,0.6543120984916152,0.705033164260632,0.705033164260632,-0.050721065769016804,-278.0,0.3597122302158273,-278.0,0.3597122302158273,3.0178478283172514,6.5,-3.4821521716827486,6.0,-0.5
2024,1,2024_01_GB_PHI,PHI,GB,0.4924256161709303,0.5075743838290697,0.5652173913043478,0.47619047619047616,0.5427435387673957,0.4572564612326044,-130.0,110.0,False,True,False,GB,PHI,PHI,0.0,1.0,0.5075743838290697,0.5427435387673957,0.4572564612326044,0.050317922596465336,110.0,-1.0,-130.0,0.7692307692307692,0.0158616110484159,2.0,-1.984138388951584,5.0,3.0
2024,1,2024_01_HOU_IND,IND,HOU,0.3827112776297275,0.6172887223702725,0.43478260869565216,0.6078431372549019,0.4170073589533933,0.5829926410466066,130.0,-155.0,False,False,True,HOU,HOU,HOU,1.0,1.0,0.6172887223702725,0.5829926410466066,0.5829926410466066,0.034296081323665906,-155.0,0.6451612903225805,-155.0,0.6451612903225805,-1.371841923394881,-3.0,1.628158076605119,-2.0,1.0
2024,1,2024_01_JAX_MIA,MIA,JAX,0.4360955744210939,0.5639044255789061,0.6428571428571429,0.4,0.6164383561643836,0.3835616438356164,-180.0,150.0,False,True,False,JAX,MIA,MIA,0.0,1.0,0.5639044255789061,0.6164383561643836,0.3835616438356164,0.18034278174328966,150.0,-1.0,-180.0,0.5555555555555556,0.3756426192907334,3.5,-3.1243573807092666,3.0,-0.5
2024,1,2024_01_LA_DET,DET,LA,0.4618241012987912,0.5381758987012089,0.6923076923076923,0.3508771929824561,0.6636481241914618,0.33635187580853815,-225.0,185.0,False,True,False,LA,DET,DET,0.0,1.0,0.5381758987012089,0.6636481241914618,0.33635187580853815,0.2018240228926707,185.0,-1.0,-225.0,0.4444444444444444,1.4158106660659862,5.0,-3.584189333934014,6.0,1.0
2024,1,2024_01_LV_LAC,LAC,LV,0.5035924674499525,0.49640753255004755,0.6078431372549019,0.43478260869565216,0.5829926410466066,0.4170073589533933,-155.0,130.0,True,True,True,LAC,LAC,LAC,1.0,1.0,0.5035924674499525,0.5829926410466066,0.5829926410466066,-0.07940017359665419,-155.0,0.6451612903225805,-155.0,0.6451612903225805,1.5024561059158543,3.0,-1.4975438940841457,12.0,9.0
2024,1,2024_01_MIN_NYG,NYG,MIN,0.4697096797538423,0.5302903202461577,0.5121951219512195,0.5348837209302325,0.4891657638136511,0.5108342361863488,-105.0,-115.0,False,False,True,MIN,MIN,MIN,1.0,1.0,0.5302903202461577,0.5108342361863488,0.5108342361863488,0.01945608405980892,-115.0,0.8695652173913042,-115.0,0.8695652173913042,-1.3599502232958958,-1.0,-0.35995022329589577,-22.0,-21.0
2024,1,2024_01_NE_CIN,CIN,NE,0.6423839069244172,0.35761609307558284,0.7894736842105263,0.25316455696202533,0.7571884984025559,0.2428115015974441,-375.0,295.0,True,True,True,CIN,CIN,NE,0.0,0.0,0.6423839069244172,0.7571884984025559,0.7571884984025559,-0.1148045914781387,-375.0,-1.0,-375.0,-1.0,2.798353472411637,8.0,-5.2016465275883625,-6.0,-14.0
2024,1,2024_01_NYJ_SF,SF,NYJ,0.4348300179033544,0.5651699820966456,0.6428571428571429,0.4,0.6164383561643836,0.3835616438356164,-180.0,150.0,False,True,False,NYJ,SF,SF,0.0,1.0,0.5651699820966456,0.6164383561643836,0.3835616438356164,0.18160833826102918,150.0,-1.0,-180.0,0.5555555555555556,1.4937950661825907,3.5,-2.0062049338174095,13.0,9.5
2024,1,2024_01_PIT_ATL,ATL,PIT,0.4722686133280307,0.5277313866719693,0.6575342465753424,0.38461538461538464,0.6309403437815976,0.3690596562184025,-192.0,160.0,False,True,False,PIT,ATL,PIT,1.0,0.0,0.5277313866719693,0.6309403437815976,0.3690596562184025,0.1586717304535668,160.0,1.6,-192.0,-1.0,1.840832122873292,4.0,-2.159167877126708,-8.0,-12.0
2024,1,2024_01_TEN_CHI,CHI,TEN,0.5695186820826388,0.4304813179173612,0.6644295302013423,0.3787878787878788,0.6369041816941223,0.3630958183058778,-198.0,164.0,True,True,True,CHI,CHI,CHI,1.0,1.0,0.5695186820826388,0.6369041816941223,0.6369041816941223,-0.06738549961148355,-198.0,0.5050505050505052,-198.0,0.5050505050505052,1.1736953218100932,4.0,-2.826304678189907,7.0,3.0
2024,1,2024_01_WAS_TB,TB,WAS,0.5606663827671854,0.4393336172328146,0.6644295302013423,0.3787878787878788,0.6369041816941223,0.3630958183058778,-198.0,164.0,True,True,True,TB,TB,TB,1.0,1.0,0.5606663827671854,0.6369041816941223,0.6369041816941223,-0.07623779892693694,-198.0,0.5050505050505052,-198.0,0.5050505050505052,2.237727458690844,4.0,-1.762272541309156,17.0,13.0
2024,2,2024_02_ATL_PHI,PHI,ATL,0.6485938682119468,0.35140613178805324,0.726027397260274,0.31746031746031744,0.6957699520733487,0.30423004792665137,-265.0,215.0,True,True,True,PHI,PHI,ATL,0.0,0.0,0.6485938682119468,0.6957699520733487,0.6957699520733487,-0.04717608386140193,-265.0,-1.0,-265.0,-1.0,1.5703359288089962,5.5,-3.929664071191004,-1.0,-6.5
2024,2,2024_02_BUF_MIA,MIA,BUF,0.5750681393911536,0.42493186060884636,0.574468085106383,0.4672897196261682,0.551441114716549,0.448558885283451,-135.0,114.0,True,True,True,MIA,MIA,BUF,0.0,0.0,0.5750681393911536,0.551441114716549,0.551441114716549,0.023627024674604646,-135.0,-1.0,-135.0,-1.0,-0.4714244519168434,2.5,-2.9714244519168433,-21.0,-23.5
2024,2,2024_02_CHI_HOU,HOU,CHI,0.6473406219041041,0.35265937809589587,0.7206703910614525,0.3225806451612903,0.690792883054068,0.30920711694593195,-258.0,210.0,True,True,True,HOU,HOU,HOU,1.0,1.0,0.6473406219041041,0.690792883054068,0.690792883054068,-0.04345226114996392,-258.0,0.3875968992248062,-258.0,0.3875968992248062,2.621040181133095,6.0,-3.378959818866905,6.0,0.0
2024,2,2024_02_CIN_KC,KC,CIN,0.6638745950002607,0.3361254049997393,0.7435897435897436,0.29850746268656714,0.7135512302607419,0.28644876973925815,-290.0,235.0,True,True,True,KC,KC,KC,1.0,1.0,0.6638745950002607,0.7135512302607419,0.7135512302607419,-0.04967663526048116,-290.0,0.3448275862068966,-290.0,0.3448275862068966,6.1405725601163175,6.5,-0.35942743988368253,1.0,-5.5
2024,2,2024_02_CLE_JAX,JAX,CLE,0.617146906506017,0.382853093493983,0.6296296296296297,0.4132231404958678,0.6037569709421778,0.3962430290578221,-170.0,142.0,True,True,True,JAX,JAX,CLE,0.0,0.0,0.617146906506017,0.6037569709421778,0.6037569709421778,0.013389935563839162,-170.0,-1.0,-170.0,-1.0,3.0898854559548705,3.0,0.08988545595487052,-5.0,-8.0
2024,2,2024_02_IND_GB,GB,IND,0.5287846999738288,0.4712153000261712,0.45454545454545453,0.5867768595041323,0.43650793650793646,0.5634920634920635,120.0,-142.0,True,False,False,GB,IND,GB,1.0,0.0,0.5287846999738288,0.5634920634920635,0.43650793650793646,0.09227676346589236,120.0,1.2000000000000002,-142.0,-1.0,-0.3371246046668101,-3.0,2.66287539533319,6.0,9.0
2024,2,2024_02_LAC_CAR,CAR,LAC,0.4486584974254939,0.5513415025745061,0.3508771929824561,0.6923076923076923,0.33635187580853815,0.6636481241914618,185.0,-225.0,False,False,True,LAC,LAC,LAC,1.0,1.0,0.5513415025745061,0.6636481241914618,0.6636481241914618,-0.1123066216169557,-225.0,0.4444444444444444,-225.0,0.4444444444444444,-0.7500224904404883,-5.0,4.249977509559511,-23.0,-18.0
2024,2,2024_02_LA_ARI,ARI,LA,0.4360536254489894,0.5639463745510106,0.5192307692307693,0.5283018867924528,0.4956702459300312,0.5043297540699688,-108.0,-112.0,False,False,True,LA,LA,ARI,0.0,0.0,0.5639463745510106,0.5043297540699688,0.5043297540699688,0.05961662048104177,-112.0,-1.0,-112.0,-1.0,-0.9559101894359088,-1.0,0.044089810564091225,31.0,32.0
2024,2,2024_02_LV_BAL,BAL,LV,0.6992559757889836,0.3007440242110164,0.8198198198198198,0.2222222222222222,0.7867435158501441,0.2132564841498559,-455.0,350.0,True,True,True,BAL,BAL,LV,0.0,0.0,0.6992559757889836,0.7867435158501441,0.7867435158501441,-0.08748754006116055,-455.0,-1.0,-455.0,-1.0,5.755221709950178,9.0,-3.2447782900498217,-3.0,-12.0
2024,2,2024_02_NO_DAL,DAL,NO,0.6686849539420263,0.3313150460579737,0.7435897435897436,0.29850746268656714,0.7135512302607419,0.28644876973925815,-290.0,235.0,True,True,True,DAL,DAL,NO,0.0,0.0,0.6686849539420263,0.7135512302607419,0.7135512302607419,-0.04486627631871554,-290.0,-1.0,-290.0,-1.0,5.617453902130879,6.5,-0.8825460978691213,-25.0,-31.5
2024,2,2024_02_NYG_WAS,WAS,NYG,0.5242488383654436,0.47575116163455644,0.5555555555555556,0.4878048780487805,0.5324675324675325,0.4675324675324675,-125.0,105.0,True,True,True,WAS,WAS,WAS,1.0,1.0,0.5242488383654436,0.5324675324675325,0.5324675324675325,-0.008218694102088975,-125.0,0.8,-125.0,0.8,0.0174037979700313,1.5,-1.4825962020299688,3.0,1.5
2024,2,2024_02_NYJ_TEN,TEN,NYJ,0.4238053598671987,0.5761946401328013,0.4,0.6428571428571429,0.3835616438356164,0.6164383561643836,150.0,-180.0,False,False,True,NYJ,NYJ,NYJ,1.0,1.0,0.5761946401328013,0.6164383561643836,0.6164383561643836,-0.04024371603158228,-180.0,0.5555555555555556,-180.0,0.5555555555555556,-1.2493975754413316,-3.5,2.2506024245586684,-7.0,-3.5
2024,2,2024_02_PIT_DEN,DEN,PIT,0.4021034213661072,0.5978965786338928,0.43478260869565216,0.6078431372549019,0.4170073589533933,0.5829926410466066,130.0,-155.0,False,False,True,PIT,PIT,PIT,1.0,1.0,0.5978965786338928,0.5829926410466066,0.5829926410466066,0.014903937587286142,-155.0,0.6451612903225805,-155.0,0.6451612903225805,-1.0222922010684494,-3.0,1.9777077989315506,-7.0,-4.0
2024,2,2024_02_SEA_NE,NE,SEA,0.4420018867356304,0.5579981132643697,0.4132231404958678,0.6296296296296297,0.3962430290578221,0.6037569709421778,142.0,-170.0,False,False,True,SEA,SEA,SEA,1.0,1.0,0.5579981132643697,0.6037569709421778,0.6037569709421778,-0.045758857677808185,-170.0,0.5882352941176472,-170.0,0.5882352941176472,-1.702742206366214,-3.5,1.797257793633786,-3.0,0.5
2024,2,2024_02_SF_MIN,MIN,SF,0.418497662319771,0.5815023376802291,0.35714285714285715,0.6855345911949685,0.34252477380439467,0.6574752261956054,180.0,-218.0,False,False,True,SF,SF,MIN,0.0,0.0,0.5815023376802291,0.6574752261956054,0.6574752261956054,-0.07597288851537631,-218.0,-1.0,-218.0,-1.0,-1.5003488168507733,-4.5,2.9996511831492265,6.0,10.5
2024,2,2024_02_TB_DET,DET,TB,0.6806366617720138,0.31936333822798624,0.7894736842105263,0.25316455696202533,0.7571884984025559,0.2428115015974441,-375.0,295.0,True,True,True,DET,DET,TB,0.0,0.0,0.6806366617720138,0.7571884984025559,0.7571884984025559,-0.0765518366305421,-375.0,-1.0,-375.0,-1.0,4.422400223583558,7.5,-3.0775997764164416,-4.0,-11.5
2024,3,2024_03_BAL_DAL,DAL,BAL,0.492252321322588,0.507747678677412,0.5,0.5454545454545454,0.4782608695652174,0.5217391304347826,100.0,-120.0,False,False,True,BAL,BAL,BAL,1.0,1.0,0.507747678677412,0.5217391304347826,0.5217391304347826,-0.013991451757370599,-120.0,0.8333333333333335,-120.0,0.8333333333333335,-1.2484996957095356,-1.5,0.25150030429046444,-3.0,-1.5
2024,3,2024_03_CAR_LV,LV,CAR,0.633981818429918,0.36601818157008204,0.7101449275362319,0.3333333333333333,0.6805555555555556,0.3194444444444444,-245.0,200.0,True,True,True,LV,LV,CAR,0.0,0.0,0.633981818429918,0.6805555555555556,0.6805555555555556,-0.046573737125637615,-245.0,-1.0,-245.0,-1.0,1.4738655575016415,5.5,-4.026134442498359,-14.0,-19.5
2024,3,2024_03_CHI_IND,IND,CHI,0.5326060837337717,0.4673939162662283,0.5555555555555556,0.4878048780487805,0.5324675324675325,0.4675324675324675,-125.0,105.0,True,True,True,IND,IND,IND,1.0,1.0,0.5326060837337717,0.5324675324675325,0.5324675324675325,0.00013855126623918412,-125.0,0.8,-125.0,0.8,-0.0447519297116136,1.5,-1.5447519297116137,5.0,3.5
2024,3,2024_03_DEN_TB,TB,DEN,0.6107607641624199,0.38923923583758013,0.7101449275362319,0.3333333333333333,0.6805555555555556,0.3194444444444444,-245.0,200.0,True,True,True,TB,TB,DEN,0.0,0.0,0.6107607641624199,0.6805555555555556,0.6805555555555556,-0.06979479139313571,-245.0,-1.0,-245.0,-1.0,3.7633168957057377,6.0,-2.2366831042942623,-19.0,-25.0
2024,3,2024_03_DET_ARI,ARI,DET,0.4398382773365477,0.5601617226634523,0.44642857142857145,0.5967741935483871,0.42794036443953615,0.5720596355604638,124.0,-148.0,False,False,True,DET,DET,DET,1.0,1.0,0.5601617226634523,0.5720596355604638,0.5720596355604638,-0.011897912897011476,-148.0,0.6756756756756757,-148.0,0.6756756756756757,-1.0151694389843358,-3.0,1.9848305610156642,-7.0,-4.0
2024,3,2024_03_GB_TEN,TEN,GB,0.5495477767056683,0.45045222329433166,0.6183206106870229,0.423728813559322,0.593369754159424,0.4066302458405761,-162.0,136.0,True,True,True,TEN,TEN,GB,0.0,0.0,0.5495477767056683,0.593369754159424,0.593369754159424,-0.0438219774537556,-162.0,-1.0,-162.0,-1.0,1.366746099508799,3.0,-1.633253900491201,-16.0,-19.0
2024,3,2024_03_HOU_MIN,MIN,HOU,0.3966841360709831,0.6033158639290169,0.4672897196261682,0.574468085106383,0.448558885283451,0.551441114716549,114.0,-135.0,False,False,True,HOU,HOU,MIN,0.0,0.0,0.6033158639290169,0.551441114716549,0.551441114716549,0.05187474921246793,-135.0,-1.0,-135.0,-1.0,-1.8012512483716183,-2.0,0.19874875162838168,27.0,29.0
2024,3,2024_03_JAX_BUF,BUF,JAX,0.589239280648688,0.410760719351312,0.6855345911949685,0.35714285714285715,0.6574752261956054,0.34252477380439467,-218.0,180.0,True,True,True,BUF,BUF,BUF,1.0,1.0,0.589239280648688,0.6574752261956054,0.6574752261956054,-0.06823594554691736,-218.0,0.45871559633027514,-218.0,0.45871559633027514,2.160211820580218,4.0,-1.8397881794197821,37.0,33.0
2024,3,2024_03_KC_ATL,ATL,KC,0.4722870273241897,0.5277129726758103,0.4132231404958678,0.6296296296296297,0.3962430290578221,0.6037569709421778,142.0,-170.0,False,False,True,KC,KC,KC,1.0,1.0,0.5277129726758103,0.6037569709421778,0.6037569709421778,-0.07604399826636754,-170.0,0.5882352941176472,-170.0,0.5882352941176472,-2.000607700813769,-3.0,0.9993922991862312,-5.0,-2.0
2024,3,2024_03_LAC_PIT,PIT,LAC,0.5644265626508932,0.4355734373491068,0.5967741935483871,0.44642857142857145,0.5720596355604638,0.42794036443953615,-148.0,124.0,True,True,True,PIT,PIT,PIT,1.0,1.0,0.5644265626508932,0.5720596355604638,0.5720596355604638,-0.007633072909570604,-148.0,0.6756756756756757,-148.0,0.6756756756756757,1.1545024215510646,3.0,-1.8454975784489354,10.0,7.0
2024,3,2024_03_MIA_SEA,SEA,MIA,0.6353758868093354,0.36462411319066457,0.6721311475409836,0.37037037037037035,0.644729178800233,0.35527082119976705,-205.0,170.0,True,True,True,SEA,SEA,SEA,1.0,1.0,0.6353758868093354,0.644729178800233,0.644729178800233,-0.009353291990897517,-205.0,0.4878048780487805,-205.0,0.4878048780487805,1.906301527176595,4.0,-2.093698472823405,21.0,17.0
2024,3,2024_03_NE_NYJ,NYJ,NE,0.7354873554264976,0.26451264457350243,0.7402597402597403,0.30303030303030304,0.7095435684647302,0.2904564315352697,-285.0,230.0,True,True,True,NYJ,NYJ,NYJ,1.0,1.0,0.7354873554264976,0.7095435684647302,0.7095435684647302,0.025943786961767357,-285.0,0.3508771929824561,-285.0,0.3508771929824561,5.057946211991178,6.5,-1.4420537880088222,21.0,14.5
2024,3,2024_03_NYG_CLE,CLE,NYG,0.6418083224815797,0.3581916775184203,0.7297297297297297,0.3125,0.7001620745542949,0.299837925445705,-270.0,220.0,True,True,True,CLE,CLE,NYG,0.0,0.0,0.6418083224815797,0.7001620745542949,0.7001620745542949,-0.058353752072715204,-270.0,-1.0,-270.0,-1.0,1.778317635113356,6.5,-4.721682364886644,-6.0,-12.5
2024,3,2024_03_PHI_NO,NO,PHI,0.6219565068838373,0.3780434931161627,0.5867768595041323,0.45454545454545453,0.5634920634920635,0.43650793650793646,-142.0,120.0,True,True,True,NO,NO,PHI,0.0,0.0,0.6219565068838373,0.5634920634920635,0.5634920634920635,0.05846444339177381,-142.0,-1.0,-142.0,-1.0,-0.0244899231633299,2.5,-2.5244899231633298,-3.0,-5.5
2024,3,2024_03_SF_LA,LA,SF,0.3505312364920335,0.6494687635079666,0.3225806451612903,0.7206703910614525,0.30920711694593195,0.690792883054068,210.0,-258.0,False,False,True,SF,SF,LA,0.0,0.0,0.6494687635079666,0.690792883054068,0.690792883054068,-0.04132411954610149,-258.0,-1.0,-258.0,-1.0,-3.536000643541,-6.0,2.463999356459,3.0,9.0
2024,3,2024_03_WAS_CIN,CIN,WAS,0.6607396828743428,0.3392603171256572,0.7802197802197802,0.2631578947368421,0.7477827050997783,0.2522172949002217,-355.0,280.0,True,True,True,CIN,CIN,WAS,0.0,0.0,0.6607396828743428,0.7477827050997783,0.7477827050997783,-0.08704302222543547,-355.0,-1.0,-355.0,-1.0,3.88176041567484,7.5,-3.61823958432516,-5.0,-12.5
2024,4,2024_04_BUF_BAL,BAL,BUF,0.4551188670296058,0.5448811329703942,0.574468085106383,0.4672897196261682,0.551441114716549,0.448558885283451,-135.0,114.0,False,True,False,BUF,BAL,BAL,0.0,1.0,0.5448811329703942,0.551441114716549,0.448558885283451,0.0963222476869432,114.0,-1.0,-135.0,0.7407407407407407,-0.3976625994177746,2.5,-2.8976625994177745,25.0,22.5
2024,4,2024_04_CIN_CAR,CAR,CIN,0.3625126675767188,0.6374873324232813,0.37037037037037035,0.6721311475409836,0.35527082119976705,0.644729178800233,170.0,-205.0,False,False,True,CIN,CIN,CIN,1.0,1.0,0.6374873324232813,0.644729178800233,0.644729178800233,-0.007241846376951688,-205.0,0.4878048780487805,-205.0,0.4878048780487805,-2.9867120395880424,-4.5,1.5132879604119576,-10.0,-5.5
2024,4,2024_04_CLE_LV,LV,CLE,0.4238409851075192,0.5761590148924808,0.4672897196261682,0.574468085106383,0.448558885283451,0.551441114716549,114.0,-135.0,False,False,True,CLE,CLE,LV,0.0,0.0,0.5761590148924808,0.551441114716549,0.551441114716549,0.024717900175931784,-135.0,-1.0,-135.0,-1.0,-0.907961021028908,-2.5,1.592038978971092,4.0,6.5
2024,4,2024_04_DAL_NYG,NYG,DAL,0.2754413013929972,0.7245586986070027,0.32786885245901637,0.7142857142857143,0.31460674157303364,0.6853932584269663,205.0,-250.0,False,False,True,DAL,DAL,DAL,1.0,1.0,0.7245586986070027,0.6853932584269663,0.6853932584269663,0.039165440180036426,-250.0,0.3999999999999999,-250.0,0.3999999999999999,-6.266389323702501,-5.5,-0.7663893237025006,-5.0,0.5
2024,4,2024_04_DEN_NYJ,NYJ,DEN,0.7508593746734407,0.24914062532655934,0.8095238095238095,0.23255813953488372,0.7768331562167907,0.22316684378320936,-425.0,330.0,True,True,True,NYJ,NYJ,DEN,0.0,0.0,0.7508593746734407,0.7768331562167907,0.7768331562167907,-0.02597378154335006,-425.0,-1.0,-425.0,-1.0,6.546153089358247,7.5,-0.9538469106417526,-1.0,-8.5
2024,4,2024_04_JAX_HOU,HOU,JAX,0.581577440283485,0.418422559716515,0.7041420118343196,0.3389830508474576,0.6750312469954812,0.3249687530045188,-238.0,195.0,True,True,True,HOU,HOU,HOU,1.0,1.0,0.581577440283485,0.6750312469954812,0.6750312469954812,-0.09345380671199621,-238.0,0.4201680672268908,-238.0,0.4201680672268908,2.657096221495985,5.5,-2.842903778504015,4.0,-1.5
2024,4,2024_04_KC_LAC,LAC,KC,0.2945526231666256,0.7054473768333744,0.26666666666666666,0.7752808988764045,0.2559309849029475,0.7440690150970525,275.0,-345.0,False,False,True,KC,KC,KC,1.0,1.0,0.7054473768333744,0.7440690150970525,0.7440690150970525,-0.03862163826367804,-345.0,0.28985507246376807,-345.0,0.28985507246376807,-7.091085500789239,-7.5,0.40891449921076095,-7.0,0.5
2024,4,2024_04_LA_CHI,CHI,LA,0.5270494977141406,0.47295050228585944,0.6183206106870229,0.423728813559322,0.593369754159424,0.4066302458405761,-162.0,136.0,True,True,True,CHI,CHI,CHI,1.0,1.0,0.5270494977141406,0.593369754159424,0.593369754159424,-0.06632025644528339,-162.0,0.617283950617284,-162.0,0.617283950617284,1.4027014379422411,3.0,-1.5972985620577589,6.0,3.0
2024,4,2024_04_MIN_GB,GB,MIN,0.514982080898159,0.485017919101841,0.574468085106383,0.4672897196261682,0.551441114716549,0.448558885283451,-135.0,114.0,True,True,True,GB,GB,MIN,0.0,0.0,0.514982080898159,0.551441114716549,0.551441114716549,-0.036459033818389996,-135.0,-1.0,-135.0,-1.0,0.2571514353509484,2.5,-2.2428485646490515,-2.0,-4.5
2024,4,2024_04_NE_SF,SF,NE,0.7566989946389815,0.2433010053610185,0.8461538461538461,0.19607843137254902,0.8118668596237336,0.18813314037626627,-550.0,410.0,True,True,True,SF,SF,SF,1.0,1.0,0.7566989946389815,0.8118668596237336,0.8118668596237336,-0.055167864984752124,-550.0,0.18181818181818188,-550.0,0.18181818181818188,6.332619737380459,10.5,-4.167380262619541,17.0,6.5
2024,4,2024_04_NO_ATL,ATL,NO,0.5463884783318583,0.45361152166814167,0.5867768595041323,0.45454545454545453,0.5634920634920635,0.43650793650793646,-142.0,120.0,True,True,True,ATL,ATL,ATL,1.0,1.0,0.5463884783318583,0.5634920634920635,0.5634920634920635,-0.01710358516020516,-142.0,0.704225352112676,-142.0,0.704225352112676,-0.6659294323638555,2.5,-3.1659294323638556,2.0,-0.5
2024,4,2024_04_PHI_TB,TB,PHI,0.5327782437603212,0.46722175623967876,0.5121951219512195,0.5348837209302325,0.4891657638136511,0.5108342361863488,-105.0,-115.0,True,False,False,TB,PHI,TB,1.0,0.0,0.5327782437603212,0.5108342361863488,0.4891657638136511,0.04361247994667011,-105.0,0.9523809523809523,-115.0,-1.0,0.0102444886628845,-1.0,1.0102444886628845,17.0,18.0
2024,4,2024_04_PIT_IND,IND,PIT,0.4341586689190134,0.5658413310809867,0.47619047619047616,0.5652173913043478,0.4572564612326044,0.5427435387673957,110.0,-130.0,False,False,True,PIT,PIT,IND,0.0,0.0,0.5658413310809867,0.5427435387673957,0.5427435387673957,0.023097792313590992,-130.0,-1.0,-130.0,-1.0,-0.9948268490785064,-2.5,1.5051731509214936,3.0,5.5
2024,4,2024_04_SEA_DET,DET,SEA,0.5348292502558901,0.4651707497441099,0.6491228070175439,0.3937007874015748,0.6224665518611737,0.3775334481388264,-185.0,154.0,True,True,True,DET,DET,DET,1.0,1.0,0.5348292502558901,0.6224665518611737,0.6224665518611737,-0.0876373016052836,-185.0,0.5405405405405406,-185.0,0.5405405405405406,1.1746982994919686,3.5,-2.3253017005080316,13.0,9.5
2024,4,2024_04_TEN_MIA,MIA,TEN,0.5808826838652056,0.4191173161347944,0.574468085106383,0.4672897196261682,0.551441114716549,0.448558885283451,-135.0,114.0,True,True,True,MIA,MIA,TEN,0.0,0.0,0.5808826838652056,0.551441114716549,0.551441114716549,0.029441569148656588,-135.0,-1.0,-135.0,-1.0,2.568666256064435,2.5,0.06866625606443488,-19.0,-21.5
2024,4,2024_04_WAS_ARI,ARI,WAS,0.5462848773873394,0.45371512261266056,0.6428571428571429,0.4,0.6164383561643836,0.3835616438356164,-180.0,150.0,True,True,True,ARI,ARI,WAS,0.0,0.0,0.5462848773873394,0.6164383561643836,0.6164383561643836,-0.07015347877704414,-180.0,-1.0,-180.0,-1.0,3.2796206253824063,3.5,-0.22037937461759372,-28.0,-31.5
2024,5,2024_05_ARI_SF,SF,ARI,0.6507225105382499,0.3492774894617501,0.7647058823529411,0.2777777777777778,0.7335423197492164,0.26645768025078376,-325.0,260.0,True,True,True,SF,SF,ARI,0.0,0.0,0.6507225105382499,0.7335423197492164,0.7335423197492164,-0.08281980921096643,-325.0,-1.0,-325.0,-1.0,4.070525253125687,7.0,-2.9294747468743134,-1.0,-8.0
2024,5,2024_05_BAL_CIN,CIN,BAL,0.4909432017840375,0.5090567982159625,0.44642857142857145,0.5967741935483871,0.42794036443953615,0.5720596355604638,124.0,-148.0,False,False,True,BAL,BAL,BAL,1.0,1.0,0.5090567982159625,0.5720596355604638,0.5720596355604638,-0.0630028373445013,-148.0,0.6756756756756757,-148.0,0.6756756756756757,-0.7427283005363006,-2.5,1.7572716994636994,-3.0,-0.5
2024,5,2024_05_BUF_HOU,HOU,BUF,0.5334733882466728,0.4665266117533272,0.5412844036697247,0.504950495049505,0.5173641257162701,0.4826358742837298,-118.0,-102.0,True,True,True,HOU,HOU,HOU,1.0,1.0,0.5334733882466728,0.5173641257162701,0.5173641257162701,0.01610926253040268,-118.0,0.847457627118644,-118.0,0.847457627118644,0.430407448979924,1.0,-0.569592551020076,3.0,2.0
2024,5,2024_05_CAR_CHI,CHI,CAR,0.5608235276750395,0.4391764723249605,0.6644295302013423,0.3787878787878788,0.6369041816941223,0.3630958183058778,-198.0,164.0,True,True,True,CHI,CHI,CHI,1.0,1.0,0.5608235276750395,0.6369041816941223,0.6369041816941223,-0.07608065401908282,-198.0,0.5050505050505052,-198.0,0.5050505050505052,2.748649694680777,4.0,-1.2513503053192232,26.0,22.0
2024,5,2024_05_CLE_WAS,WAS,CLE,0.6613021029219331,0.33869789707806686,0.6078431372549019,0.43478260869565216,0.5829926410466066,0.4170073589533933,-155.0,130.0,True,True,True,WAS,WAS,WAS,1.0,1.0,0.6613021029219331,0.5829926410466066,0.5829926410466066,0.0783094618753265,-155.0,0.6451612903225805,-155.0,0.6451612903225805,2.698114934374158,3.0,-0.30188506562584205,21.0,18.0
2024,5,2024_05_DAL_PIT,PIT,DAL,0.447813571683088,0.552186428316912,0.574468085106383,0.4672897196261682,0.551441114716549,0.448558885283451,-135.0,114.0,False,True,False,DAL,PIT,DAL,1.0,0.0,0.552186428316912,0.551441114716549,0.448558885283451,0.103627543033461,114.0,1.1399999999999997,-135.0,-1.0,-0.9961417687306996,2.5,-3.4961417687306997,-3.0,-5.5
2024,5,2024_05_GB_LA,LA,GB,0.4772845285799224,0.5227154714200777,0.43478260869565216,0.6078431372549019,0.4170073589533933,0.5829926410466066,130.0,-155.0,False,False,True,GB,GB,GB,1.0,1.0,0.5227154714200777,0.5829926410466066,0.5829926410466066,-0.06027716962652896,-155.0,0.6451612903225805,-155.0,0.6451612903225805,-0.4084639299286487,-3.0,2.5915360700713514,-5.0,-2.0
2024,5,2024_05_IND_JAX,JAX,IND,0.4041767718782577,0.5958232281217424,0.6491228070175439,0.3937007874015748,0.6224665518611737,0.3775334481388264,-185.0,154.0,False,True,False,IND,JAX,JAX,0.0,1.0,0.5958232281217424,0.6224665518611737,0.3775334481388264,0.218289779982916,154.0,-1.0,-185.0,0.5405405405405406,1.5311089092666683,3.5,-1.9688910907333317,3.0,-0.5
2024,5,2024_05_LV_DEN,DEN,LV,0.5140660076801242,0.4859339923198758,0.6078431372549019,0.43478260869565216,0.5829926410466066,0.4170073589533933,-155.0,130.0,True,True,True,DEN,DEN,DEN,1.0,1.0,0.5140660076801242,0.5829926410466066,0.5829926410466066,-0.06892663336648241,-155.0,0.6451612903225805,-155.0,0.6451612903225805,0.6470672304265596,3.0,-2.3529327695734406,16.0,13.0
2024,5,2024_05_MIA_NE,NE,MIA,0.4500787308988221,0.5499212691011779,0.47619047619047616,0.5652173913043478,0.4572564612326044,0.5427435387673957,110.0,-130.0,False,False,True,MIA,MIA,MIA,1.0,1.0,0.5499212691011779,0.5427435387673957,0.5427435387673957,0.007177730333782217,-130.0,0.7692307692307692,-130.0,0.7692307692307692,-1.3317336998726264,-2.0,0.6682663001273736,-5.0,-3.0
2024,5,2024_05_NO_KC,KC,NO,0.6337823503680913,0.3662176496319087,0.696969696969697,0.3448275862068966,0.6690070210631895,0.33099297893681046,-230.0,190.0,True,True,True,KC,KC,KC,1.0,1.0,0.6337823503680913,0.6690070210631895,0.6690070210631895,-0.03522467069509827,-230.0,0.4347826086956521,-230.0,0.4347826086956521,4.794758841611014,5.5,-0.7052411583889864,13.0,7.5
2024,5,2024_05_NYG_SEA,SEA,NYG,0.7349790499591587,0.26502095004084125,0.7560975609756098,0.2857142857142857,0.725752508361204,0.27424749163879597,-310.0,250.0,True,True,True,SEA,SEA,NYG,0.0,0.0,0.7349790499591587,0.725752508361204,0.725752508361204,0.009226541597954774,-310.0,-1.0,-310.0,-1.0,4.775492039540623,7.0,-2.224507960459377,-9.0,-16.0
2024,5,2024_05_NYJ_MIN,MIN,NYJ,0.5414286847586571,0.45857131524134287,0.5867768595041323,0.45454545454545453,0.5634920634920635,0.43650793650793646,-142.0,120.0,True,True,True,MIN,MIN,MIN,1.0,1.0,0.5414286847586571,0.5634920634920635,0.5634920634920635,-0.022063378733406358,-142.0,0.704225352112676,-142.0,0.704225352112676,-0.5049586851177505,2.5,-3.0049586851177503,6.0,3.5
2024,5,2024_05_TB_ATL,ATL,TB,0.5632163902683875,0.43678360973161245,0.5867768595041323,0.45454545454545453,0.5634920634920635,0.43650793650793646,-142.0,120.0,True,True,True,ATL,ATL,ATL,1.0,1.0,0.5632163902683875,0.5634920634920635,0.5634920634920635,-0.00027567322367594294,-142.0,0.704225352112676,-142.0,0.704225352112676,1.064716979906306,2.5,-1.435283020093694,6.0,3.5
2024,6,2024_06_ARI_GB,GB,ARI,0.5515202590114909,0.44847974098850907,0.7041420118343196,0.3389830508474576,0.6750312469954812,0.3249687530045188,-238.0,195.0,True,True,True,GB,GB,GB,1.0,1.0,0.5515202590114909,0.6750312469954812,0.6750312469954812,-0.1235109879839903,-238.0,0.4201680672268908,-238.0,0.4201680672268908,3.3684731886827914,5.5,-2.1315268113172086,21.0,15.5
2024,6,2024_06_ATL_CAR,CAR,ATL,0.3396722433161764,0.6603277566838236,0.3225806451612903,0.7206703910614525,0.30920711694593195,0.690792883054068,210.0,-258.0,False,False,True,ATL,ATL,ATL,1.0,1.0,0.6603277566838236,0.690792883054068,0.690792883054068,-0.030465126370244455,-258.0,0.3875968992248062,-258.0,0.3875968992248062,-4.678824452202571,-6.0,1.321175547797429,-18.0,-12.0
2024,6,2024_06_BUF_NYJ,NYJ,BUF,0.4139944732073645,0.5860055267926355,0.49504950495049505,0.5495495495495496,0.4739134147382802,0.5260865852617197,102.0,-122.0,False,False,True,BUF,BUF,BUF,1.0,1.0,0.5860055267926355,0.5260865852617197,0.5260865852617197,0.059918941530915815,-122.0,0.819672131147541,-122.0,0.819672131147541,-0.533520750351588,-1.0,0.46647924964841203,-3.0,-2.0
2024,6,2024_06_CIN_NYG,NYG,CIN,0.3671130963409184,0.6328869036590816,0.3448275862068966,0.696969696969697,0.33099297893681046,0.6690070210631895,190.0,-230.0,False,False,True,CIN,CIN,CIN,1.0,1.0,0.6328869036590816,0.6690070210631895,0.6690070210631895,-0.03612011740410792,-230.0,0.4347826086956521,-230.0,0.4347826086956521,-3.764594865338277,-4.5,0.7354051346617232,-10.0,-5.5
2024,6,2024_06_CLE_PHI,PHI,CLE,0.7292385524146606,0.2707614475853394,0.8095238095238095,0.23255813953488372,0.7768331562167907,0.22316684378320936,-425.0,330.0,True,True,True,PHI,PHI,PHI,1.0,1.0,0.7292385524146606,0.7768331562167907,0.7768331562167907,-0.0475946038021301,-425.0,0.23529411764705888,-425.0,0.23529411764705888,4.781095631206707,8.0,-3.218904368793293,4.0,-4.0
2024,6,2024_06_DET_DAL,DAL,DET,0.4021574181928101,0.59784258180719,0.4,0.6428571428571429,0.3835616438356164,0.6164383561643836,150.0,-180.0,False,False,True,DET,DET,DET,1.0,1.0,0.59784258180719,0.6164383561643836,0.6164383561643836,-0.018595774357193617,-180.0,0.5555555555555556,-180.0,0.5555555555555556,-0.0905336561837932,-3.5,3.4094663438162067,-38.0,-34.5
2024,6,2024_06_HOU_NE,NE,HOU,0.4283266912396848,0.5716733087603152,0.31746031746031744,0.726027397260274,0.30423004792665137,0.6957699520733487,215.0,-265.0,False,False,True,HOU,HOU,HOU,1.0,1.0,0.5716733087603152,0.6957699520733487,0.6957699520733487,-0.1240966433130335,-265.0,0.37735849056603765,-265.0,0.37735849056603765,-3.970851024064943,-6.5,2.529148975935057,-20.0,-13.5
2024,6,2024_06_IND_TEN,TEN,IND,0.5553486612762297,0.4446513387237703,0.574468085106383,0.4672897196261682,0.551441114716549,0.448558885283451,-135.0,114.0,True,True,True,TEN,TEN,IND,0.0,0.0,0.5553486612762297,0.551441114716549,0.551441114716549,0.00390754655968073,-135.0,-1.0,-135.0,-1.0,0.0751449554949632,2.5,-2.424855044505037,-3.0,-5.5
2024,6,2024_06_JAX_CHI,CHI,JAX,0.4495409803827924,0.5504590196172077,0.5,0.5454545454545454,0.4782608695652174,0.5217391304347826,100.0,-120.0,False,False,True,JAX,JAX,CHI,0.0,0.0,0.5504590196172077,0.5217391304347826,0.5217391304347826,0.028719889182425073,-120.0,-1.0,-120.0,-1.0,-1.8638813420464369,-1.5,-0.36388134204643685,19.0,20.5
2024,6,2024_06_LAC_DEN,DEN,LAC,0.5594236353911313,0.44057636460886873,0.43478260869565216,0.6078431372549019,0.4170073589533933,0.5829926410466066,130.0,-155.0,True,False,False,DEN,LAC,LAC,0.0,1.0,0.5594236353911313,0.5829926410466066,0.4170073589533933,0.14241627643773797,130.0,-1.0,-155.0,0.6451612903225805,-0.2865244608256541,-3.0,2.713475539174346,-7.0,-4.0
2024,6,2024_06_PIT_LV,LV,PIT,0.3990779386329882,0.6009220613670119,0.4,0.6428571428571429,0.3835616438356164,0.6164383561643836,150.0,-180.0,False,False,True,PIT,PIT,PIT,1.0,1.0,0.6009220613670119,0.6164383561643836,0.6164383561643836,-0.01551629479737171,-180.0,0.5555555555555556,-180.0,0.5555555555555556,-0.9148664388007012,-3.5,2.585133561199299,-19.0,-15.5
2024,6,2024_06_SF_SEA,SEA,SF,0.5235791151198051,0.47642088488019485,0.3787878787878788,0.6644295302013423,0.3630958183058778,0.6369041816941223,164.0,-198.0,True,False,False,SEA,SF,SF,0.0,1.0,0.5235791151198051,0.6369041816941223,0.3630958183058778,0.16048329681392737,164.0,-1.0,-198.0,0.5050505050505052,-0.8597080795643285,-3.5,2.6402919204356716,-12.0,-8.5
2024,6,2024_06_TB_NO,NO,TB,0.3682214723121583,0.6317785276878417,0.40816326530612246,0.6363636363636364,0.39076376554174075,0.6092362344582594,145.0,-175.0,False,False,True,TB,TB,TB,1.0,1.0,0.6317785276878417,0.6092362344582594,0.6092362344582594,0.022542293229582344,-175.0,0.5714285714285714,-175.0,0.5714285714285714,-1.6737006671448935,-3.5,1.8262993328551065,-24.0,-20.5
2024,6,2024_06_WAS_BAL,BAL,WAS,0.6244930702095981,0.3755069297904019,0.7402597402597403,0.30303030303030304,0.7095435684647302,0.2904564315352697,-285.0,230.0,True,True,True,BAL,BAL,BAL,1.0,1.0,0.6244930702095981,0.7095435684647302,0.7095435684647302,-0.08505049825513211,-285.0,0.3508771929824561,-285.0,0.3508771929824561,2.0162380017019084,6.5,-4.483761998298092,7.0,0.5
2024,7,2024_07_BAL_TB,TB,BAL,0.359245237068835,0.640754762931165,0.3508771929824561,0.6923076923076923,0.33635187580853815,0.6636481241914618,185.0,-225.0,False,False,True,BAL,BAL,BAL,1.0,1.0,0.640754762931165,0.6636481241914618,0.6636481241914618,-0.02289336126029684,-225.0,0.4444444444444444,-225.0,0.4444444444444444,-2.257162867618854,-4.5,2.242837132381146,-10.0,-5.5
2024,7,2024_07_CAR_WAS,WAS,CAR,0.7410924795431816,0.2589075204568184,0.84251968503937,0.2,0.8081570996978852,0.19184290030211482,-535.0,400.0,True,True,True,WAS,WAS,WAS,1.0,1.0,0.7410924795431816,0.8081570996978852,0.8081570996978852,-0.0670646201547036,-535.0,0.1869158878504673,-535.0,0.1869158878504673,5.176217505489475,10.0,-4.823782494510525,33.0,23.0
2024,7,2024_07_CIN_CLE,CLE,CIN,0.3643665393211201,0.6356334606788798,0.3448275862068966,0.696969696969697,0.33099297893681046,0.6690070210631895,190.0,-230.0,False,False,True,CIN,CIN,CIN,1.0,1.0,0.6356334606788798,0.6690070210631895,0.6690070210631895,-0.03337356038430972,-230.0,0.4347826086956521,-230.0,0.4347826086956521,-3.2295438967022827,-5.5,2.2704561032977173,-7.0,-1.5
2024,7,2024_07_DEN_NO,NO,DEN,0.4376573694567074,0.5623426305432926,0.44642857142857145,0.5967741935483871,0.42794036443953615,0.5720596355604638,124.0,-148.0,False,False,True,DEN,DEN,DEN,1.0,1.0,0.5623426305432926,0.5720596355604638,0.5720596355604638,-0.00971700501717121,-148.0,0.6756756756756757,-148.0,0.6756756756756757,-0.0006456489123861,-2.5,2.499354351087614,-23.0,-20.5
2024,7,2024_07_DET_MIN,MIN,DET,0.4594369860245108,0.5405630139754892,0.5412844036697247,0.504950495049505,0.5173641257162701,0.4826358742837298,-118.0,-102.0,False,True,False,DET,MIN,DET,1.0,0.0,0.5405630139754892,0.5173641257162701,0.4826358742837298,0.057927139691759444,-102.0,0.9803921568627452,-118.0,-1.0,-1.6058652757303424,1.0,-2.605865275730342,-2.0,-3.0
2024,7,2024_07_HOU_GB,GB,HOU,0.5600236986302286,0.4399763013697714,0.6296296296296297,0.4132231404958678,0.6037569709421778,0.3962430290578221,-170.0,142.0,True,True,True,GB,GB,GB,1.0,1.0,0.5600236986302286,0.6037569709421778,0.6037569709421778,-0.043733272311949234,-170.0,0.5882352941176472,-170.0,0.5882352941176472,1.0448921439522634,3.0,-1.9551078560477366,2.0,-1.0
2024,7,2024_07_KC_SF,SF,KC,0.5909578512693829,0.40904214873061706,0.5867768595041323,0.45454545454545453,0.5634920634920635,0.43650793650793646,-142.0,120.0,True,True,True,SF,SF,KC,0.0,0.0,0.5909578512693829,0.5634920634920635,0.5634920634920635,0.02746578777731945,-142.0,-1.0,-142.0,-1.0,0.8450969452007255,2.5,-1.6549030547992745,-10.0,-12.5
2024,7,2024_07_LAC_ARI,ARI,LAC,0.4698799051298933,0.5301200948701067,0.49504950495049505,0.5495495495495496,0.4739134147382802,0.5260865852617197,102.0,-122.0,False,False,True,LAC,LAC,ARI,0.0,0.0,0.5301200948701067,0.5260865852617197,0.5260865852617197,0.004033509608386998,-122.0,-1.0,-122.0,-1.0,0.8230677169904063,-1.0,1.8230677169904062,2.0,3.0
2024,7,2024_07_LV_LA,LA,LV,0.6544695128108174,0.34553048718918256,0.7802197802197802,0.2631578947368421,0.7477827050997783,0.2522172949002217,-355.0,280.0,True,True,True,LA,LA,LA,1.0,1.0,0.6544695128108174,0.7477827050997783,0.7477827050997783,-0.09331319228896084,-355.0,0.2816901408450705,-355.0,0.2816901408450705,3.685570984114919,7.0,-3.314429015885081,5.0,-2.0
2024,7,2024_07_MIA_IND,IND,MIA,0.6515540841092498,0.34844591589075025,0.6078431372549019,0.43478260869565216,0.5829926410466066,0.4170073589533933,-155.0,130.0,True,True,True,IND,IND,IND,1.0,1.0,0.6515540841092498,0.5829926410466066,0.5829926410466066,0.06856144306264311,-155.0,0.6451612903225805,-155.0,0.6451612903225805,1.1029382095179747,3.0,-1.8970617904820253,6.0,3.0
2024,7,2024_07_NE_JAX,JAX,NE,0.732227970088272,0.267772029911728,0.7487437185929648,0.29411764705882354,0.7179705215419501,0.2820294784580499,-298.0,240.0,True,True,True,JAX,JAX,JAX,1.0,1.0,0.732227970088272,0.7179705215419501,0.7179705215419501,0.014257448546321938,-298.0,0.3355704697986577,-298.0,0.3355704697986577,4.673992827282609,6.5,-1.8260071727173912,16.0,9.5
2024,7,2024_07_NYJ_PIT,PIT,NYJ,0.4525126312524635,0.5474873687475366,0.4166666666666667,0.6240601503759399,0.4003612281757977,0.5996387718242023,140.0,-166.0,False,False,True,NYJ,NYJ,PIT,0.0,0.0,0.5474873687475366,0.5996387718242023,0.5996387718242023,-0.05215140307666577,-166.0,-1.0,-166.0,-1.0,0.1733484654464498,-3.0,3.1733484654464497,22.0,25.0
2024,7,2024_07_PHI_NYG,NYG,PHI,0.4524494240827479,0.5475505759172521,0.4166666666666667,0.6240601503759399,0.4003612281757977,0.5996387718242023,140.0,-166.0,False,False,True,PHI,PHI,PHI,1.0,1.0,0.5475505759172521,0.5996387718242023,0.5996387718242023,-0.05208819590695024,-166.0,0.6024096385542168,-166.0,0.6024096385542168,-2.024001596119396,-3.0,0.9759984038806042,-25.0,-22.0
2024,7,2024_07_SEA_ATL,ATL,SEA,0.5377061290665028,0.46229387093349716,0.6183206106870229,0.423728813559322,0.593369754159424,0.4066302458405761,-162.0,136.0,True,True,True,ATL,ATL,SEA,0.0,0.0,0.5377061290665028,0.593369754159424,0.593369754159424,-0.05566362509292111,-162.0,-1.0,-162.0,-1.0,2.7987323807579045,3.0,-0.20126761924209546,-20.0,-23.0
2024,7,2024_07_TEN_BUF,BUF,TEN,0.7258602140833299,0.2741397859166701,0.84251968503937,0.2,0.8081570996978852,0.19184290030211482,-535.0,400.0,True,True,True,BUF,BUF,BUF,1.0,1.0,0.7258602140833299,0.8081570996978852,0.8081570996978852,-0.08229688561455528,-535.0,0.1869158878504673,-535.0,0.1869158878504673,6.959407953323491,9.5,-2.540592046676509,24.0,14.5
2024,8,2024_08_ARI_MIA,MIA,ARI,0.569992094263512,0.43000790573648795,0.6644295302013423,0.3787878787878788,0.6369041816941223,0.3630958183058778,-198.0,164.0,True,True,True,MIA,MIA,ARI,0.0,0.0,0.569992094263512,0.6369041816941223,0.6369041816941223,-0.06691208743061028,-198.0,-1.0,-198.0,-1.0,1.472452919199908,4.0,-2.527547080800092,-1.0,-5.0
2024,8,2024_08_ATL_TB,TB,ATL,0.4930862179579705,0.5069137820420295,0.49504950495049505,0.5495495495495496,0.4739134147382802,0.5260865852617197,102.0,-122.0,False,False,True,ATL,ATL,ATL,1.0,1.0,0.5069137820420295,0.5260865852617197,0.5260865852617197,-0.01917280321969017,-122.0,0.819672131147541,-122.0,0.819672131147541,-0.8060900041724163,-1.5,0.6939099958275837,-5.0,-3.5
2024,8,2024_08_BAL_CLE,CLE,BAL,0.3071328603628525,0.6928671396371475,0.25,0.7916666666666666,0.24000000000000005,0.7600000000000001,300.0,-380.0,False,False,True,BAL,BAL,CLE,0.0,0.0,0.6928671396371475,0.7600000000000001,0.7600000000000001,-0.0671328603628526,-380.0,-1.0,-380.0,-1.0,-5.306661686058484,-7.5,2.193338313941516,5.0,12.5
2024,8,2024_08_BUF_SEA,SEA,BUF,0.5923019936404792,0.4076980063595208,0.4132231404958678,0.6296296296296297,0.3962430290578221,0.6037569709421778,142.0,-170.0,True,False,False,SEA,BUF,BUF,0.0,1.0,0.5923019936404792,0.6037569709421778,0.3962430290578221,0.1960589645826571,142.0,-1.0,-170.0,0.5882352941176472,2.841610151884748,-3.0,5.841610151884748,-21.0,-18.0
2024,8,2024_08_CAR_DEN,DEN,CAR,0.7803324745657529,0.21966752543424706,0.8823529411764706,0.16,0.8465011286681716,0.15349887133182846,-750.0,525.0,True,True,True,DEN,DEN,DEN,1.0,1.0,0.7803324745657529,0.8465011286681716,0.8465011286681716,-0.06616865410241868,-750.0,0.1333333333333333,-750.0,0.1333333333333333,6.474829177812927,13.0,-6.525170822187073,14.0,1.0
2024,8,2024_08_CHI_WAS,WAS,CHI,0.5955132724661737,0.4044867275338263,0.5495495495495496,0.49504950495049505,0.5260865852617197,0.4739134147382802,-122.0,102.0,True,True,True,WAS,WAS,WAS,1.0,1.0,0.5955132724661737,0.5260865852617197,0.5260865852617197,0.069426687204454,-122.0,0.819672131147541,-122.0,0.819672131147541,1.4891618848252923,1.5,-0.010838115174707674,3.0,1.5
2024,8,2024_08_DAL_SF,SF,DAL,0.6412519061659077,0.35874809383409234,0.7041420118343196,0.3389830508474576,0.6750312469954812,0.3249687530045188,-238.0,195.0,True,True,True,SF,SF,SF,1.0,1.0,0.6412519061659077,0.6750312469954812,0.6750312469954812,-0.03377934082957357,-238.0,0.4201680672268908,-238.0,0.4201680672268908,3.020027717849241,5.5,-2.479972282150759,6.0,0.5
2024,8,2024_08_GB_JAX,JAX,GB,0.3629198330028943,0.6370801669971057,0.38461538461538464,0.6575342465753424,0.3690596562184025,0.6309403437815976,160.0,-192.0,False,False,True,GB,GB,GB,1.0,1.0,0.6370801669971057,0.6309403437815976,0.6309403437815976,0.0061398232155081,-192.0,0.5208333333333335,-192.0,0.5208333333333335,-1.103955425470971,-3.5,2.396044574529029,-3.0,0.5
2024,8,2024_08_IND_HOU,HOU,IND,0.5730486982837029,0.42695130171629714,0.6923076923076923,0.3508771929824561,0.6636481241914618,0.33635187580853815,-225.0,185.0,True,True,True,HOU,HOU,HOU,1.0,1.0,0.5730486982837029,0.6636481241914618,0.6636481241914618,-0.09059942590775893,-225.0,0.4444444444444444,-225.0,0.4444444444444444,1.1602078625979266,5.0,-3.8397921374020734,3.0,-2.0
2024,8,2024_08_KC_LV,LV,KC,0.2555423518991356,0.7444576481008645,0.22727272727272727,0.8148148148148148,0.21809369951534735,0.7819063004846527,340.0,-440.0,False,False,True,KC,KC,KC,1.0,1.0,0.7444576481008645,0.7819063004846527,0.7819063004846527,-0.03744865238378825,-440.0,0.2272727272727273,-440.0,0.2272727272727273,-5.6844244085610285,-9.0,3.3155755914389715,-7.0,2.0
2024,8,2024_08_MIN_LA,LA,MIN,0.4949939183200168,0.5050060816799832,0.43478260869565216,0.6078431372549019,0.4170073589533933,0.5829926410466066,130.0,-155.0,False,False,True,MIN,MIN,LA,0.0,0.0,0.5050060816799832,0.5829926410466066,0.5829926410466066,-0.07798655936662346,-155.0,-1.0,-155.0,-1.0,0.8050580495495548,-3.0,3.805058049549555,10.0,13.0
2024,8,2024_08_NO_LAC,LAC,NO,0.63643026290812,0.36356973709188,0.7560975609756098,0.2857142857142857,0.725752508361204,0.27424749163879597,-310.0,250.0,True,True,True,LAC,LAC,LAC,1.0,1.0,0.63643026290812,0.725752508361204,0.725752508361204,-0.08932224545308398,-310.0,0.32258064516129026,-310.0,0.32258064516129026,5.203147353380566,7.0,-1.796852646619434,18.0,11.0
2024,8,2024_08_NYG_PIT,PIT,NYG,0.7395264344584462,0.26047356554155376,0.7297297297297297,0.3125,0.7001620745542949,0.299837925445705,-270.0,220.0,True,True,True,PIT,PIT,PIT,1.0,1.0,0.7395264344584462,0.7001620745542949,0.7001620745542949,0.039364359904151325,-270.0,0.37037037037037024,-270.0,0.37037037037037024,3.094051474540144,6.0,-2.905948525459856,8.0,2.0
2024,8,2024_08_NYJ_NE,NE,NYJ,0.2791881838678945,0.7208118161321055,0.2898550724637681,0.7530864197530864,0.27792074112197634,0.7220792588780237,245.0,-305.0,False,False,True,NYJ,NYJ,NE,0.0,0.0,0.7208118161321055,0.7220792588780237,0.7220792588780237,-0.001267442745918168,-305.0,-1.0,-305.0,-1.0,-5.886737262913309,-7.0,1.113262737086691,3.0,10.0
2024,8,2024_08_PHI_CIN,CIN,PHI,0.5461563529971997,0.45384364700280033,0.5967741935483871,0.44642857142857145,0.5720596355604638,0.42794036443953615,-148.0,124.0,True,True,True,CIN,CIN,PHI,0.0,0.0,0.5461563529971997,0.5720596355604638,0.5720596355604638,-0.02590328256326413,-148.0,-1.0,-148.0,-1.0,1.5213573910374616,2.5,-0.9786426089625384,-20.0,-22.5
2024,8,2024_08_TEN_DET,DET,TEN,0.7377807728439265,0.2622192271560735,0.8888888888888888,0.15384615384615385,0.8524590163934427,0.1475409836065574,-800.0,550.0,True,True,True,DET,DET,DET,1.0,1.0,0.7377807728439265,0.8524590163934427,0.8524590163934427,-0.11467824354951617,-800.0,0.125,-800.0,0.125,5.579750445201358,12.5,-6.920249554798642,38.0,25.5
2024,9,2024_09_CHI_ARI,ARI,CHI,0.4058539656803118,0.5941460343196883,0.5454545454545454,0.5,0.5217391304347826,0.4782608695652174,-120.0,100.0,False,True,False,CHI,ARI,ARI,0.0,1.0,0.5941460343196883,0.5217391304347826,0.4782608695652174,0.11588516475447086,100.0,-1.0,-120.0,0.8333333333333335,0.4276976780439493,1.5,-1.0723023219560508,20.0,18.5
2024,9,2024_09_DAL_ATL,ATL,DAL,0.5656707871171636,0.43432921288283644,0.6240601503759399,0.4166666666666667,0.5996387718242023,0.4003612281757977,-166.0,140.0,True,True,True,ATL,ATL,ATL,1.0,1.0,0.5656707871171636,0.5996387718242023,0.5996387718242023,-0.03396798470703877,-166.0,0.6024096385542168,-166.0,0.6024096385542168,2.734743043457459,3.0,-0.2652569565425411,6.0,3.0
2024,9,2024_09_DEN_BAL,BAL,DEN,0.697707687218088,0.30229231278191204,0.8148148148148148,0.23255813953488372,0.7779605263157894,0.2220394736842105,-440.0,330.0,True,True,True,BAL,BAL,BAL,1.0,1.0,0.697707687218088,0.7779605263157894,0.7779605263157894,-0.08025283909770142,-440.0,0.2272727272727273,-440.0,0.2272727272727273,3.1443389752684543,9.0,-5.855661024731546,31.0,22.0
2024,9,2024_09_DET_GB,GB,DET,0.4451417055168492,0.5548582944831508,0.43478260869565216,0.6078431372549019,0.4170073589533933,0.5829926410466066,130.0,-155.0,False,False,True,DET,DET,DET,1.0,1.0,0.5548582944831508,0.5829926410466066,0.5829926410466066,-0.028134346563455814,-155.0,0.6451612903225805,-155.0,0.6451612903225805,-0.4875231310801129,-2.5,2.012476868919887,-10.0,-7.5
2024,9,2024_09_HOU_NYJ,NYJ,HOU,0.5088259689831023,0.4911740310168977,0.5967741935483871,0.44642857142857145,0.5720596355604638,0.42794036443953615,-148.0,124.0,True,True,True,NYJ,NYJ,NYJ,1.0,1.0,0.5088259689831023,0.5720596355604638,0.5720596355604638,-0.06323366657736151,-148.0,0.6756756756756757,-148.0,0.6756756756756757,0.1270472600826865,2.5,-2.3729527399173134,8.0,5.5
2024,9,2024_09_IND_MIN,MIN,IND,0.6167996729561968,0.38320032704380325,0.7487437185929648,0.29411764705882354,0.7179705215419501,0.2820294784580499,-298.0,240.0,True,True,True,MIN,MIN,MIN,1.0,1.0,0.6167996729561968,0.7179705215419501,0.7179705215419501,-0.10117084858575331,-298.0,0.3355704697986577,-298.0,0.3355704697986577,3.2275716379705126,6.5,-3.2724283620294874,8.0,1.5
2024,9,2024_09_JAX_PHI,PHI,JAX,0.676913280340337,0.32308671965966296,0.7727272727272727,0.2702702702702703,0.740871613663133,0.2591283863368669,-340.0,270.0,True,True,True,PHI,PHI,PHI,1.0,1.0,0.676913280340337,0.740871613663133,0.740871613663133,-0.06395833332279599,-340.0,0.2941176470588236,-340.0,0.2941176470588236,5.070171010215683,7.5,-2.4298289897843173,5.0,-2.5
2024,9,2024_09_LAC_CLE,CLE,LAC,0.4489806413955627,0.5510193586044373,0.47619047619047616,0.5652173913043478,0.4572564612326044,0.5427435387673957,110.0,-130.0,False,False,True,LAC,LAC,LAC,1.0,1.0,0.5510193586044373,0.5427435387673957,0.5427435387673957,0.00827581983704162,-130.0,0.7692307692307692,-130.0,0.7692307692307692,-0.8994904404395662,-2.0,1.1005095595604337,-17.0,-15.0
2024,9,2024_09_LA_SEA,SEA,LA,0.4988156942765718,0.5011843057234282,0.4878048780487805,0.5555555555555556,0.4675324675324675,0.5324675324675325,105.0,-125.0,False,False,True,LA,LA,LA,1.0,1.0,0.5011843057234282,0.5324675324675325,0.5324675324675325,-0.03128322674410433,-125.0,0.8,-125.0,0.8,1.937032415762936,-1.5,3.437032415762936,-6.0,-4.5
2024,9,2024_09_LV_CIN,CIN,LV,0.7101753742526646,0.28982462574733536,0.803921568627451,0.23809523809523808,0.771505376344086,0.22849462365591394,-410.0,320.0,True,True,True,CIN,CIN,CIN,1.0,1.0,0.7101753742526646,0.771505376344086,0.771505376344086,-0.061330002091421365,-410.0,0.24390243902439024,-410.0,0.24390243902439024,4.352843276606711,8.0,-3.647156723393289,17.0,9.0
2024,9,2024_09_MIA_BUF,BUF,MIA,0.7082731057539371,0.2917268942460629,0.7402597402597403,0.30303030303030304,0.7095435684647302,0.2904564315352697,-285.0,230.0,True,True,True,BUF,BUF,BUF,1.0,1.0,0.7082731057539371,0.7095435684647302,0.7095435684647302,-0.0012704627107931188,-285.0,0.3508771929824561,-285.0,0.3508771929824561,3.107404806296761,6.5,-3.392595193703239,3.0,-3.5
2024,9,2024_09_NE_TEN,TEN,NE,0.5040151712060508,0.49598482879394923,0.6183206106870229,0.423728813559322,0.593369754159424,0.4066302458405761,-162.0,136.0,True,True,True,TEN,TEN,TEN,1.0,1.0,0.5040151712060508,0.593369754159424,0.593369754159424,-0.08935458295337317,-162.0,0.617283950617284,-162.0,0.617283950617284,1.2893267175135843,3.0,-1.7106732824864157,3.0,0.0
2024,9,2024_09_NO_CAR,CAR,NO,0.3309534062896656,0.6690465937103345,0.26666666666666666,0.7752808988764045,0.2559309849029475,0.7440690150970525,275.0,-345.0,False,False,True,NO,NO,CAR,0.0,0.0,0.6690465937103345,0.7440690150970525,0.7440690150970525,-0.075022421386718,-345.0,-1.0,-345.0,-1.0,-1.480602142387193,-7.0,5.519397857612807,1.0,8.0
2024,9,2024_09_TB_KC,KC,TB,0.6766933624190368,0.32330663758096323,0.8095238095238095,0.23255813953488372,0.7768331562167907,0.22316684378320936,-425.0,330.0,True,True,True,KC,KC,KC,1.0,1.0,0.6766933624190368,0.7768331562167907,0.7768331562167907,-0.10013979379775395,-425.0,0.23529411764705888,-425.0,0.23529411764705888,5.270659408880436,9.0,-3.7293405911195636,6.0,-3.0
2024,9,2024_09_WAS_NYG,NYG,WAS,0.3939565171037191,0.6060434828962808,0.35714285714285715,0.6855345911949685,0.34252477380439467,0.6574752261956054,180.0,-218.0,False,False,True,WAS,WAS,WAS,1.0,1.0,0.6060434828962808,0.6574752261956054,0.6574752261956054,-0.05143174329932454,-218.0,0.45871559633027514,-218.0,0.45871559633027514,-2.346379678927445,-4.5,2.153620321072555,-5.0,-0.5
2024,10,2024_10_ATL_NO,NO,ATL,0.4712753900491279,0.5287246099508721,0.38461538461538464,0.6575342465753424,0.3690596562184025,0.6309403437815976,160.0,-192.0,False,False,True,ATL,ATL,NO,0.0,0.0,0.5287246099508721,0.6309403437815976,0.6309403437815976,-0.10221573383072546,-192.0,-1.0,-192.0,-1.0,-0.9445891190377071,-3.5,2.5554108809622926,3.0,6.5
2024,10,2024_10_BUF_IND,IND,BUF,0.390266519410979,0.609733480589021,0.3448275862068966,0.696969696969697,0.33099297893681046,0.6690070210631895,190.0,-230.0,False,False,True,BUF,BUF,BUF,1.0,1.0,0.609733480589021,0.6690070210631895,0.6690070210631895,-0.05927354047416855,-230.0,0.4347826086956521,-230.0,0.4347826086956521,-1.593789624646491,-4.5,2.906210375353509,-10.0,-5.5
2024,10,2024_10_CIN_BAL,BAL,CIN,0.6740707123053082,0.32592928769469176,0.7297297297297297,0.3125,0.7001620745542949,0.299837925445705,-270.0,220.0,True,True,True,BAL,BAL,BAL,1.0,1.0,0.6740707123053082,0.7001620745542949,0.7001620745542949,-0.02609136224898667,-270.0,0.37037037037037024,-270.0,0.37037037037037024,2.691513749261884,6.0,-3.308486250738116,1.0,-5.0
2024,10,2024_10_DEN_KC,KC,DEN,0.6912385059787869,0.3087614940212131,0.7916666666666666,0.25,0.7600000000000001,0.24000000000000005,-380.0,300.0,True,True,True,KC,KC,KC,1.0,1.0,0.6912385059787869,0.7600000000000001,0.7600000000000001,-0.06876149402121323,-380.0,0.26315789473684204,-380.0,0.26315789473684204,5.300543549825867,7.5,-2.199456450174133,2.0,-5.5
2024,10,2024_10_DET_HOU,HOU,DET,0.3536059429042773,0.6463940570957227,0.3448275862068966,0.696969696969697,0.33099297893681046,0.6690070210631895,190.0,-230.0,False,False,True,DET,DET,DET,1.0,1.0,0.6463940570957227,0.6690070210631895,0.6690070210631895,-0.022612963967466815,-230.0,0.4347826086956521,-230.0,0.4347826086956521,-2.9086116294420665,-4.5,1.5913883705579335,-3.0,1.5
2024,10,2024_10_MIA_LA,LA,MIA,0.6204962668112853,0.37950373318871466,0.5867768595041323,0.45454545454545453,0.5634920634920635,0.43650793650793646,-142.0,120.0,True,True,True,LA,LA,MIA,0.0,0.0,0.6204962668112853,0.5634920634920635,0.5634920634920635,0.05700420331922185,-142.0,-1.0,-142.0,-1.0,2.65732227409093,2.5,0.15732227409093014,-8.0,-10.5
2024,10,2024_10_MIN_JAX,JAX,MIN,0.3312275827850592,0.6687724172149407,0.2631578947368421,0.7752808988764045,0.25341685649202733,0.7465831435079726,280.0,-345.0,False,False,True,MIN,MIN,MIN,1.0,1.0,0.6687724172149407,0.7465831435079726,0.7465831435079726,-0.07781072629303187,-345.0,0.28985507246376807,-345.0,0.28985507246376807,-5.27113002778474,-7.0,1.7288699722152598,-5.0,2.0
2024,10,2024_10_NE_CHI,CHI,NE,0.6584886817830061,0.3415113182169939,0.7647058823529411,0.2777777777777778,0.7335423197492164,0.26645768025078376,-325.0,260.0,True,True,True,CHI,CHI,NE,0.0,0.0,0.6584886817830061,0.7335423197492164,0.7335423197492164,-0.07505363796621023,-325.0,-1.0,-325.0,-1.0,4.662211223633007,6.5,-1.8377887763669927,-16.0,-22.5
2024,10,2024_10_NYG_CAR,CAR,NYG,0.3555194390278164,0.6444805609721835,0.29411764705882354,0.7487437185929648,0.2820294784580499,0.7179705215419501,240.0,-298.0,False,False,True,NYG,NYG,CAR,0.0,0.0,0.6444805609721835,0.7179705215419501,0.7179705215419501,-0.07348996056976653,-298.0,-1.0,-298.0,-1.0,-4.973461775941662,-6.5,1.5265382240583376,3.0,9.5
2024,10,2024_10_NYJ_ARI,ARI,NYJ,0.472579655283492,0.527420344716508,0.47619047619047616,0.5652173913043478,0.4572564612326044,0.5427435387673957,110.0,-130.0,False,False,True,NYJ,NYJ,ARI,0.0,0.0,0.527420344716508,0.5427435387673957,0.5427435387673957,-0.015323194050887667,-130.0,-1.0,-130.0,-1.0,-0.5382917560809496,-2.0,1.4617082439190505,25.0,27.0
2024,10,2024_10_PHI_DAL,DAL,PHI,0.2560309334392215,0.7439690665607785,0.2597402597402597,0.782608695652174,0.2491874322860238,0.7508125677139762,285.0,-360.0,False,False,True,PHI,PHI,PHI,1.0,1.0,0.7439690665607785,0.7508125677139762,0.7508125677139762,-0.006843501153197651,-360.0,0.2777777777777777,-360.0,0.2777777777777777,-8.724859045766598,-7.5,-1.224859045766598,-28.0,-20.5
2024,10,2024_10_PIT_WAS,WAS,PIT,0.4932952291528183,0.5067047708471817,0.5495495495495496,0.49504950495049505,0.5260865852617197,0.4739134147382802,-122.0,102.0,False,True,False,PIT,WAS,PIT,1.0,0.0,0.5067047708471817,0.5260865852617197,0.4739134147382802,0.03279135610890149,102.0,1.02,-122.0,-1.0,0.5370615332344291,1.5,-0.9629384667655709,-1.0,-2.5
2024,10,2024_10_SF_TB,TB,SF,0.296617745208439,0.703382254791561,0.29411764705882354,0.7487437185929648,0.2820294784580499,0.7179705215419501,240.0,-298.0,False,False,True,SF,SF,SF,1.0,1.0,0.703382254791561,0.7179705215419501,0.7179705215419501,-0.014588266750389045,-298.0,0.3355704697986577,-298.0,0.3355704697986577,-5.6754716667760885,-6.5,0.8245283332239115,-3.0,3.5
2024,10,2024_10_TEN_LAC,LAC,TEN,0.7077273237588548,0.29227267624114517,0.7916666666666666,0.25,0.7600000000000001,0.24000000000000005,-380.0,300.0,True,True,True,LAC,LAC,LAC,1.0,1.0,0.7077273237588548,0.7600000000000001,0.7600000000000001,-0.05227267624114529,-380.0,0.26315789473684204,-380.0,0.26315789473684204,4.040172228213508,8.0,-3.9598277717864923,10.0,2.0
2024,11,2024_11_ATL_DEN,DEN,ATL,0.4926507756577844,0.5073492243422155,0.574468085106383,0.4672897196261682,0.551441114716549,0.448558885283451,-135.0,114.0,False,True,False,ATL,DEN,DEN,0.0,1.0,0.5073492243422155,0.551441114716549,0.448558885283451,0.05879033905876452,114.0,-1.0,-135.0,0.7407407407407407,-0.7523330891831801,2.0,-2.75233308918318,32.0,30.0
2024,11,2024_11_BAL_PIT,PIT,BAL,0.5045188701222444,0.4954811298777556,0.40816326530612246,0.6363636363636364,0.39076376554174075,0.6092362344582594,145.0,-175.0,True,False,False,PIT,BAL,PIT,1.0,0.0,0.5045188701222444,0.6092362344582594,0.39076376554174075,0.11375510458050364,145.0,1.4500000000000002,-175.0,-1.0,-0.7713622810935392,-3.0,2.2286377189064606,2.0,5.0
2024,11,2024_11_CIN_LAC,LAC,CIN,0.4402628319789046,0.5597371680210954,0.5238095238095238,0.5238095238095238,0.5,0.5,-110.0,-110.0,False,True,False,CIN,LAC,LAC,0.0,1.0,0.5597371680210954,0.5,0.5,0.05973716802109541,-110.0,-1.0,-110.0,0.9090909090909092,-1.214982464662126,1.0,-2.2149824646621257,7.0,6.0
2024,11,2024_11_CLE_NO,NO,CLE,0.5108077241109554,0.48919227588904457,0.5121951219512195,0.5348837209302325,0.4891657638136511,0.5108342361863488,-105.0,-115.0,True,False,False,NO,CLE,NO,1.0,0.0,0.5108077241109554,0.5108342361863488,0.4891657638136511,0.021641960297304308,-105.0,0.9523809523809523,-115.0,-1.0,0.4432025721656631,-1.0,1.4432025721656632,21.0,22.0
2024,11,2024_11_GB_CHI,CHI,GB,0.4383609062873752,0.5616390937126248,0.31746031746031744,0.726027397260274,0.30423004792665137,0.6957699520733487,215.0,-265.0,False,False,True,GB,GB,GB,1.0,1.0,0.5616390937126248,0.6957699520733487,0.6957699520733487,-0.13413085836072391,-265.0,0.37735849056603765,-265.0,0.37735849056603765,-4.2574908323623735,-6.0,1.7425091676376265,-1.0,5.0
2024,11,2024_11_HOU_DAL,DAL,HOU,0.2729111170434752,0.7270888829565247,0.2597402597402597,0.782608695652174,0.2491874322860238,0.7508125677139762,285.0,-360.0,False,False,True,HOU,HOU,HOU,1.0,1.0,0.7270888829565247,0.7508125677139762,0.7508125677139762,-0.023723684757451458,-360.0,0.2777777777777777,-360.0,0.2777777777777777,-4.946156374642949,-7.5,2.553843625357051,-24.0,-16.5
2024,11,2024_11_IND_NYJ,NYJ,IND,0.6885889581321033,0.3114110418678967,0.6721311475409836,0.37037037037037035,0.644729178800233,0.35527082119976705,-205.0,170.0,True,True,True,NYJ,NYJ,IND,0.0,0.0,0.6885889581321033,0.644729178800233,0.644729178800233,0.04385977933187035,-205.0,-1.0,-205.0,-1.0,3.3389800577314976,4.0,-0.6610199422685024,-1.0,-5.0
2024,11,2024_11_JAX_DET,DET,JAX,0.7433301776277378,0.2566698223722622,0.9090909090909091,0.13333333333333333,0.8720930232558138,0.12790697674418605,-1000.0,650.0,True,True,True,DET,DET,DET,1.0,1.0,0.7433301776277378,0.8720930232558138,0.8720930232558138,-0.12876284562807605,-1000.0,0.10000000000000009,-1000.0,0.10000000000000009,10.488444442381589,14.0,-3.5115555576184114,46.0,32.0
2024,11,2024_11_KC_BUF,BUF,KC,0.6432432653473286,0.35675673465267144,0.5867768595041323,0.45454545454545453,0.5634920634920635,0.43650793650793646,-142.0,120.0,True,True,True,BUF,BUF,BUF,1.0,1.0,0.6432432653473286,0.5634920634920635,0.5634920634920635,0.07975120185526507,-142.0,0.704225352112676,-142.0,0.704225352112676,2.009000743578076,2.5,-0.4909992564219241,9.0,6.5
2024,11,2024_11_LA_NE,NE,LA,0.3770116912606703,0.6229883087393298,0.3787878787878788,0.6644295302013423,0.3630958183058778,0.6369041816941223,164.0,-198.0,False,False,True,LA,LA,LA,1.0,1.0,0.6229883087393298,0.6369041816941223,0.6369041816941223,-0.013915872954792574,-198.0,0.5050505050505052,-198.0,0.5050505050505052,-2.451477210271131,-4.0,1.5485227897288691,-6.0,-2.0
2024,11,2024_11_LV_MIA,MIA,LV,0.7536167443639594,0.24638325563604058,0.8095238095238095,0.23255813953488372,0.7768331562167907,0.22316684378320936,-425.0,330.0,True,True,True,MIA,MIA,MIA,1.0,1.0,0.7536167443639594,0.7768331562167907,0.7768331562167907,-0.023216411852831298,-425.0,0.23529411764705888,-425.0,0.23529411764705888,6.423749087099442,8.0,-1.5762509129005577,15.0,7.0
2024,11,2024_11_MIN_TEN,TEN,MIN,0.2907174511217648,0.7092825488782353,0.29850746268656714,0.7435897435897436,0.28644876973925815,0.7135512302607419,235.0,-290.0,False,False,True,MIN,MIN,MIN,1.0,1.0,0.7092825488782353,0.7135512302607419,0.7135512302607419,-0.004268681382506578,-290.0,0.3448275862068966,-290.0,0.3448275862068966,-6.379408450715145,-6.0,-0.37940845071514495,-10.0,-4.0
2024,11,2024_11_SEA_SF,SF,SEA,0.6174608002721053,0.38253919972789474,0.726027397260274,0.31746031746031744,0.6957699520733487,0.30423004792665137,-265.0,215.0,True,True,True,SF,SF,SEA,0.0,0.0,0.6174608002721053,0.6957699520733487,0.6957699520733487,-0.07830915180124343,-265.0,-1.0,-265.0,-1.0,3.660957072517525,6.0,-2.339042927482475,-3.0,-9.0
2024,11,2024_11_WAS_PHI,PHI,WAS,0.5135094346165041,0.4864905653834959,0.696969696969697,0.3448275862068966,0.6690070210631895,0.33099297893681046,-230.0,190.0,True,True,True,PHI,PHI,PHI,1.0,1.0,0.5135094346165041,0.6690070210631895,0.6690070210631895,-0.15549758644668543,-230.0,0.4347826086956521,-230.0,0.4347826086956521,2.3775173871104487,4.5,-2.1224826128895513,8.0,3.5
2024,12,2024_12_ARI_SEA,SEA,ARI,0.5545810206087541,0.44541897939124586,0.5121951219512195,0.5348837209302325,0.4891657638136511,0.5108342361863488,-105.0,-115.0,True,False,False,SEA,ARI,SEA,1.0,0.0,0.5545810206087541,0.5108342361863488,0.4891657638136511,0.06541525679510302,-105.0,0.9523809523809523,-115.0,-1.0,-0.1218465893052796,-1.0,0.8781534106947204,10.0,11.0
2024,12,2024_12_BAL_LAC,LAC,BAL,0.3740183608334192,0.6259816391665808,0.4166666666666667,0.6240601503759399,0.4003612281757977,0.5996387718242023,140.0,-166.0,False,False,True,BAL,BAL,BAL,1.0,1.0,0.6259816391665808,0.5996387718242023,0.5996387718242023,0.02634286734237845,-166.0,0.6024096385542168,-166.0,0.6024096385542168,-2.226889635807221,-3.0,0.773110364192779,-7.0,-4.0
2024,12,2024_12_DAL_WAS,WAS,DAL,0.7851385789402818,0.21486142105971817,0.8620689655172413,0.18018018018018017,0.827123695976155,0.17287630402384502,-625.0,455.0,True,True,True,WAS,WAS,DAL,0.0,0.0,0.7851385789402818,0.827123695976155,0.827123695976155,-0.041985117035873154,-625.0,-1.0,-625.0,-1.0,7.801791934082799,10.5,-2.6982080659172007,-8.0,-18.5
2024,12,2024_12_DEN_LV,LV,DEN,0.3109992707846357,0.6890007292153644,0.3076923076923077,0.7354497354497355,0.2949668357393679,0.705033164260632,225.0,-278.0,False,False,True,DEN,DEN,DEN,1.0,1.0,0.6890007292153644,0.705033164260632,0.705033164260632,-0.016032435045267635,-278.0,0.3597122302158273,-278.0,0.3597122302158273,-4.698055722610758,-6.5,1.801944277389242,-10.0,-3.5
2024,12,2024_12_DET_IND,IND,DET,0.3501868866075168,0.6498131133924832,0.25316455696202533,0.7894736842105263,0.2428115015974441,0.7571884984025559,295.0,-375.0,False,False,True,DET,DET,DET,1.0,1.0,0.6498131133924832,0.7571884984025559,0.7571884984025559,-0.10737538501007271,-375.0,0.2666666666666666,-375.0,0.2666666666666666,-3.159268063373306,-7.0,3.840731936626694,-18.0,-11.0
2024,12,2024_12_KC_CAR,CAR,KC,0.321628052864512,0.678371947135488,0.16666666666666666,0.875,0.15999999999999998,0.84,500.0,-700.0,False,False,True,KC,KC,KC,1.0,1.0,0.678371947135488,0.84,0.84,-0.16162805286451198,-700.0,0.1428571428571428,-700.0,0.1428571428571428,-4.320216407074183,-11.0,6.679783592925817,-3.0,8.0
2024,12,2024_12_MIN_CHI,CHI,MIN,0.5020145870789264,0.49798541292107357,0.40816326530612246,0.6363636363636364,0.39076376554174075,0.6092362344582594,145.0,-175.0,True,False,False,CHI,MIN,MIN,0.0,1.0,0.5020145870789264,0.6092362344582594,0.39076376554174075,0.11125082153718568,145.0,-1.0,-175.0,0.5714285714285714,-1.4228317134377826,-3.0,1.5771682865622174,-3.0,0.0
2024,12,2024_12_NE_MIA,MIA,NE,0.7529672329479062,0.24703276705209376,0.782608695652174,0.2597402597402597,0.7508125677139762,0.2491874322860238,-360.0,285.0,True,True,True,MIA,MIA,MIA,1.0,1.0,0.7529672329479062,0.7508125677139762,0.7508125677139762,0.002154665233930042,-360.0,0.2777777777777777,-360.0,0.2777777777777777,5.175942306185741,7.5,-2.324057693814259,19.0,11.5
2024,12,2024_12_PHI_LA,LA,PHI,0.3803310226276213,0.6196689773723787,0.4132231404958678,0.6296296296296297,0.3962430290578221,0.6037569709421778,142.0,-170.0,False,False,True,PHI,PHI,PHI,1.0,1.0,0.6196689773723787,0.6037569709421778,0.6037569709421778,0.015912006430200853,-170.0,0.5882352941176472,-170.0,0.5882352941176472,-0.8697688460401738,-3.0,2.1302311539598264,-17.0,-14.0
2024,12,2024_12_PIT_CLE,CLE,PIT,0.5048822464744455,0.49511775352555454,0.37037037037037035,0.6721311475409836,0.35527082119976705,0.644729178800233,170.0,-205.0,True,False,False,CLE,PIT,CLE,1.0,0.0,0.5048822464744455,0.644729178800233,0.35527082119976705,0.1496114252746784,170.0,1.7000000000000002,-205.0,-1.0,-0.8426879841673159,-3.5,2.657312015832684,5.0,8.5
2024,12,2024_12_SF_GB,GB,SF,0.6292629568061558,0.37073704319384415,0.7435897435897436,0.29850746268656714,0.7135512302607419,0.28644876973925815,-290.0,235.0,True,True,True,GB,GB,GB,1.0,1.0,0.6292629568061558,0.7135512302607419,0.7135512302607419,-0.084288273454586,-290.0,0.3448275862068966,-290.0,0.3448275862068966,8.307420480814661,6.5,1.8074204808146614,28.0,21.5
2024,12,2024_12_TB_NYG,NYG,TB,0.3539197503199496,0.6460802496800504,0.29411764705882354,0.7487437185929648,0.2820294784580499,0.7179705215419501,240.0,-298.0,False,False,True,TB,TB,TB,1.0,1.0,0.6460802496800504,0.7179705215419501,0.7179705215419501,-0.07189027186189967,-298.0,0.3355704697986577,-298.0,0.3355704697986577,-4.030767558637867,-6.5,2.4692324413621334,-23.0,-16.5
2024,12,2024_12_TEN_HOU,HOU,TEN,0.690825513234694,0.309174486765306,0.7894736842105263,0.25316455696202533,0.7571884984025559,0.2428115015974441,-375.0,295.0,True,True,True,HOU,HOU,TEN,0.0,0.0,0.690825513234694,0.7571884984025559,0.7571884984025559,-0.06636298516786188,-375.0,-1.0,-375.0,-1.0,5.31494787780742,8.0,-2.6850521221925803,-5.0,-13.0
2024,13,2024_13_ARI_MIN,MIN,ARI,0.5859453784186511,0.41405462158134887,0.6491228070175439,0.3937007874015748,0.6224665518611737,0.3775334481388264,-185.0,154.0,True,True,True,MIN,MIN,MIN,1.0,1.0,0.5859453784186511,0.6224665518611737,0.6224665518611737,-0.03652117344252259,-185.0,0.5405405405405406,-185.0,0.5405405405405406,3.4193808758360538,3.5,-0.08061912416394623,1.0,-2.5
2024,13,2024_13_CHI_DET,DET,CHI,0.729442466043166,0.270557533956834,0.8387096774193549,0.20408163265306123,0.8042929292929294,0.19570707070707072,-520.0,390.0,True,True,True,DET,DET,DET,1.0,1.0,0.729442466043166,0.8042929292929294,0.8042929292929294,-0.07485046324976341,-520.0,0.1923076923076923,-520.0,0.1923076923076923,4.83494517076139,9.5,-4.66505482923861,3.0,-6.5
2024,13,2024_13_CLE_DEN,DEN,CLE,0.6741649537409473,0.3258350462590527,0.7435897435897436,0.29850746268656714,0.7135512302607419,0.28644876973925815,-290.0,235.0,True,True,True,DEN,DEN,DEN,1.0,1.0,0.6741649537409473,0.7135512302607419,0.7135512302607419,-0.03938627651979454,-290.0,0.3448275862068966,-290.0,0.3448275862068966,4.833059413283943,6.5,-1.6669405867160574,9.0,2.5
2024,13,2024_13_HOU_JAX,JAX,HOU,0.415827287316141,0.584172712683859,0.38461538461538464,0.6575342465753424,0.3690596562184025,0.6309403437815976,160.0,-192.0,False,False,True,HOU,HOU,HOU,1.0,1.0,0.584172712683859,0.6309403437815976,0.6309403437815976,-0.04676763109773863,-192.0,0.5208333333333335,-192.0,0.5208333333333335,-1.7175522977426296,-3.5,1.7824477022573704,-3.0,0.5
2024,13,2024_13_IND_NE,NE,IND,0.431297312055164,0.568702687944836,0.4672897196261682,0.574468085106383,0.448558885283451,0.551441114716549,114.0,-135.0,False,False,True,IND,IND,IND,1.0,1.0,0.568702687944836,0.551441114716549,0.551441114716549,0.01726157322828703,-135.0,0.7407407407407407,-135.0,0.7407407407407407,-0.9085674666282404,-2.5,1.5914325333717596,-1.0,1.5
2024,13,2024_13_LAC_ATL,ATL,LAC,0.4836682722233281,0.5163317277766719,0.504950495049505,0.5412844036697247,0.4826358742837298,0.5173641257162701,-102.0,-118.0,False,False,True,LAC,LAC,LAC,1.0,1.0,0.5163317277766719,0.5173641257162701,0.5173641257162701,-0.0010323979395981953,-118.0,0.847457627118644,-118.0,0.847457627118644,0.3819201470024817,-1.0,1.3819201470024818,-4.0,-3.0
2024,13,2024_13_LA_NO,NO,LA,0.5399382529266147,0.4600617470733853,0.45454545454545453,0.5867768595041323,0.43650793650793646,0.5634920634920635,120.0,-142.0,True,False,False,NO,LA,LA,0.0,1.0,0.5399382529266147,0.5634920634920635,0.43650793650793646,0.10343031641867823,120.0,-1.0,-142.0,0.704225352112676,-2.021635647690048,-2.5,0.4783643523099519,-7.0,-4.5
2024,13,2024_13_LV_KC,KC,LV,0.7926632840235894,0.20733671597641057,0.8888888888888888,0.15384615384615385,0.8524590163934427,0.1475409836065574,-800.0,550.0,True,True,True,KC,KC,KC,1.0,1.0,0.7926632840235894,0.8524590163934427,0.8524590163934427,-0.05979573236985325,-800.0,0.125,-800.0,0.125,9.777121983409495,13.5,-3.7228780165905047,2.0,-11.5
2024,13,2024_13_MIA_GB,GB,MIA,0.5338204886293196,0.46617951137068037,0.6363636363636364,0.40816326530612246,0.6092362344582594,0.39076376554174075,-175.0,145.0,True,True,True,GB,GB,GB,1.0,1.0,0.5338204886293196,0.6092362344582594,0.6092362344582594,-0.07541574582893973,-175.0,0.5714285714285714,-175.0,0.5714285714285714,1.720968404867934,3.5,-1.779031595132066,13.0,9.5
2024,13,2024_13_NYG_DAL,DAL,NYG,0.5477351477624943,0.4522648522375057,0.6855345911949685,0.3508771929824561,0.661450015969339,0.33854998403066117,-218.0,185.0,True,True,True,DAL,DAL,DAL,1.0,1.0,0.5477351477624943,0.661450015969339,0.661450015969339,-0.11371486820684462,-218.0,0.45871559633027514,-218.0,0.45871559633027514,3.1309874932017627,4.5,-1.3690125067982373,7.0,2.5
2024,13,2024_13_PHI_BAL,BAL,PHI,0.5506499190157838,0.44935008098421625,0.6183206106870229,0.423728813559322,0.593369754159424,0.4066302458405761,-162.0,136.0,True,True,True,BAL,BAL,PHI,0.0,0.0,0.5506499190157838,0.593369754159424,0.593369754159424,-0.042719835143640195,-162.0,-1.0,-162.0,-1.0,0.8849196657260111,3.0,-2.115080334273989,-5.0,-8.0
2024,13,2024_13_PIT_CIN,CIN,PIT,0.648761912449294,0.35123808755070596,0.6078431372549019,0.43478260869565216,0.5829926410466066,0.4170073589533933,-155.0,130.0,True,True,True,CIN,CIN,PIT,0.0,0.0,0.648761912449294,0.5829926410466066,0.5829926410466066,0.0657692714026874,-155.0,-1.0,-155.0,-1.0,3.779109372131996,3.0,0.7791093721319959,-6.0,-9.0
2024,13,2024_13_SEA_NYJ,NYJ,SEA,0.5325375115988116,0.4674624884011884,0.5348837209302325,0.5121951219512195,0.5108342361863488,0.4891657638136511,-115.0,-105.0,True,True,True,NYJ,NYJ,SEA,0.0,0.0,0.5325375115988116,0.5108342361863488,0.5108342361863488,0.021703275412462752,-115.0,-1.0,-115.0,-1.0,0.5340954353597742,1.0,-0.4659045646402258,-5.0,-6.0
2024,13,2024_13_SF_BUF,BUF,SF,0.7305738067148269,0.26942619328517314,0.7727272727272727,0.2702702702702703,0.740871613663133,0.2591283863368669,-340.0,270.0,True,True,True,BUF,BUF,BUF,1.0,1.0,0.7305738067148269,0.740871613663133,0.740871613663133,-0.010297806948306176,-340.0,0.2941176470588236,-340.0,0.2941176470588236,5.453039698761619,6.5,-1.0469603012383812,25.0,18.5
2024,13,2024_13_TB_CAR,CAR,TB,0.333089215478069,0.666910784521931,0.29850746268656714,0.7435897435897436,0.28644876973925815,0.7135512302607419,235.0,-290.0,False,False,True,TB,TB,TB,1.0,1.0,0.666910784521931,0.7135512302607419,0.7135512302607419,-0.046640445738810876,-290.0,0.3448275862068966,-290.0,0.3448275862068966,-6.815789411922875,-6.5,-0.315789411922875,-3.0,3.5
2024,13,2024_13_TEN_WAS,WAS,TEN,0.7202948819305725,0.27970511806942755,0.7142857142857143,0.32786885245901637,0.6853932584269663,0.31460674157303364,-250.0,205.0,True,True,True,WAS,WAS,WAS,1.0,1.0,0.7202948819305725,0.6853932584269663,0.6853932584269663,0.03490162350360615,-250.0,0.3999999999999999,-250.0,0.3999999999999999,5.822171579011845,6.0,-0.17782842098815532,23.0,17.0
2024,14,2024_14_ATL_MIN,MIN,ATL,0.5960647036648076,0.40393529633519243,0.7142857142857143,0.32786885245901637,0.6853932584269663,0.31460674157303364,-250.0,205.0,True,True,True,MIN,MIN,MIN,1.0,1.0,0.5960647036648076,0.6853932584269663,0.6853932584269663,-0.08932855476215873,-250.0,0.3999999999999999,-250.0,0.3999999999999999,1.7955376618766503,6.0,-4.204462338123349,21.0,15.0
2024,14,2024_14_BUF_LA,LA,BUF,0.4571136067125698,0.5428863932874302,0.38461538461538464,0.6575342465753424,0.3690596562184025,0.6309403437815976,160.0,-192.0,False,False,True,BUF,BUF,LA,0.0,0.0,0.5428863932874302,0.6309403437815976,0.6309403437815976,-0.08805395049416742,-192.0,-1.0,-192.0,-1.0,-1.3315358220396656,-3.5,2.1684641779603346,2.0,5.5
2024,14,2024_14_CAR_PHI,PHI,CAR,0.7341089424086822,0.2658910575913178,0.9047619047619048,0.13793103448275862,0.8677165354330709,0.13228346456692913,-950.0,625.0,True,True,True,PHI,PHI,PHI,1.0,1.0,0.7341089424086822,0.8677165354330709,0.8677165354330709,-0.13360759302438874,-950.0,0.10526315789473673,-950.0,0.10526315789473673,6.573734576534017,14.0,-7.426265423465983,6.0,-8.0
2024,14,2024_14_CHI_SF,SF,CHI,0.6248274384713128,0.37517256152868717,0.6183206106870229,0.423728813559322,0.593369754159424,0.4066302458405761,-162.0,136.0,True,True,True,SF,SF,SF,1.0,1.0,0.6248274384713128,0.593369754159424,0.593369754159424,0.03145768431188889,-162.0,0.617283950617284,-162.0,0.617283950617284,3.591562640087964,3.0,0.5915626400879641,25.0,22.0
2024,14,2024_14_CIN_DAL,DAL,CIN,0.4740303447505435,0.5259696552494565,0.3448275862068966,0.696969696969697,0.33099297893681046,0.6690070210631895,190.0,-230.0,False,False,True,CIN,CIN,CIN,1.0,1.0,0.5259696552494565,0.6690070210631895,0.6690070210631895,-0.14303736581373305,-230.0,0.4347826086956521,-230.0,0.4347826086956521,-1.717082097971428,-5.0,3.282917902028572,-7.0,-2.0
2024,14,2024_14_CLE_PIT,PIT,CLE,0.5887626410314553,0.41123735896854474,0.7206703910614525,0.3225806451612903,0.690792883054068,0.30920711694593195,-258.0,210.0,True,True,True,PIT,PIT,PIT,1.0,1.0,0.5887626410314553,0.690792883054068,0.690792883054068,-0.1020302420226128,-258.0,0.3875968992248062,-258.0,0.3875968992248062,2.812168107057022,6.0,-3.187831892942978,13.0,7.0
2024,14,2024_14_GB_DET,DET,GB,0.5618102818084668,0.4381897181915332,0.6296296296296297,0.4132231404958678,0.6037569709421778,0.3962430290578221,-170.0,142.0,True,True,True,DET,DET,DET,1.0,1.0,0.5618102818084668,0.6037569709421778,0.6037569709421778,-0.041946689133711024,-170.0,0.5882352941176472,-170.0,0.5882352941176472,3.312985346635563,3.0,0.3129853466355632,3.0,0.0
2024,14,2024_14_JAX_TEN,TEN,JAX,0.5047369851205281,0.4952630148794719,0.6296296296296297,0.4132231404958678,0.6037569709421778,0.3962430290578221,-170.0,142.0,True,True,True,TEN,TEN,JAX,0.0,0.0,0.5047369851205281,0.6037569709421778,0.6037569709421778,-0.09901998582164973,-170.0,-1.0,-170.0,-1.0,0.3675832108884463,3.0,-2.6324167891115535,-4.0,-7.0
2024,14,2024_14_LAC_KC,KC,LAC,0.6024822819979061,0.3975177180020939,0.7041420118343196,0.3389830508474576,0.6750312469954812,0.3249687530045188,-238.0,195.0,True,True,True,KC,KC,KC,1.0,1.0,0.6024822819979061,0.6750312469954812,0.6750312469954812,-0.07254896499757513,-238.0,0.4201680672268908,-238.0,0.4201680672268908,1.6307039844167444,5.0,-3.369296015583256,2.0,-3.0
2024,14,2024_14_LV_TB,TB,LV,0.7477821129287078,0.2522178870712922,0.7647058823529411,0.2777777777777778,0.7335423197492164,0.26645768025078376,-325.0,260.0,True,True,True,TB,TB,TB,1.0,1.0,0.7477821129287078,0.7335423197492164,0.7335423197492164,0.014239793179491422,-325.0,0.3076923076923077,-325.0,0.3076923076923077,7.096611486998415,7.0,0.09661148699841515,15.0,8.0
2024,14,2024_14_NO_NYG,NYG,NO,0.343346722877408,0.656653277122592,0.3333333333333333,0.7101449275362319,0.3194444444444444,0.6805555555555556,200.0,-245.0,False,False,True,NO,NO,NO,1.0,1.0,0.656653277122592,0.6805555555555556,0.6805555555555556,-0.023902278432963553,-245.0,0.40816326530612246,-245.0,0.40816326530612246,-4.948239013475571,-5.5,0.5517609865244291,-3.0,2.5
2024,14,2024_14_NYJ_MIA,MIA,NYJ,0.6899962833897516,0.3100037166102484,0.7487437185929648,0.29411764705882354,0.7179705215419501,0.2820294784580499,-298.0,240.0,True,True,True,MIA,MIA,MIA,1.0,1.0,0.6899962833897516,0.7179705215419501,0.7179705215419501,-0.02797423815219846,-298.0,0.3355704697986577,-298.0,0.3355704697986577,4.444619298182049,6.5,-2.055380701817951,6.0,-0.5
2024,14,2024_14_SEA_ARI,ARI,SEA,0.552109017433485,0.44789098256651505,0.6363636363636364,0.40816326530612246,0.6092362344582594,0.39076376554174075,-175.0,145.0,True,True,True,ARI,ARI,SEA,0.0,0.0,0.552109017433485,0.6092362344582594,0.6092362344582594,-0.05712721702477441,-175.0,-1.0,-175.0,-1.0,2.016510345296652,3.0,-0.983489654703348,-12.0,-15.0
2024,15,2024_15_ATL_LV,LV,ATL,0.3039523486751265,0.6960476513248735,0.26666666666666666,0.7752808988764045,0.2559309849029475,0.7440690150970525,275.0,-345.0,False,False,True,ATL,ATL,ATL,1.0,1.0,0.6960476513248735,0.7440690150970525,0.7440690150970525,-0.048021363772179027,-345.0,0.28985507246376807,-345.0,0.28985507246376807,-3.4022054181743497,-6.5,3.0977945818256503,-6.0,0.5
2024,15,2024_15_BAL_NYG,NYG,BAL,0.3037077339631858,0.6962922660368143,0.09090909090909091,0.9473684210526315,0.08755760368663595,0.912442396313364,1000.0,-1800.0,False,False,True,BAL,BAL,BAL,1.0,1.0,0.6962922660368143,0.912442396313364,0.912442396313364,-0.21615013027654972,-1800.0,0.05555555555555558,-1800.0,0.05555555555555558,-5.826258967643303,-16.5,10.673741032356697,-21.0,-4.5
2024,15,2024_15_BUF_DET,DET,BUF,0.5411862269259392,0.4588137730740608,0.5652173913043478,0.47619047619047616,0.5427435387673957,0.4572564612326044,-130.0,110.0,True,True,True,DET,DET,BUF,0.0,0.0,0.5411862269259392,0.5427435387673957,0.5427435387673957,-0.0015573118414564657,-130.0,-1.0,-130.0,-1.0,1.5710200726197412,2.5,-0.9289799273802588,-6.0,-8.5
2024,15,2024_15_CHI_MIN,MIN,CHI,0.6848764143337926,0.31512358566620735,0.7647058823529411,0.2777777777777778,0.7335423197492164,0.26645768025078376,-325.0,260.0,True,True,True,MIN,MIN,MIN,1.0,1.0,0.6848764143337926,0.7335423197492164,0.7335423197492164,-0.048665905415423705,-325.0,0.3076923076923077,-325.0,0.3076923076923077,5.545552726056275,7.0,-1.4544472739437246,18.0,11.0
2024,15,2024_15_CIN_TEN,TEN,CIN,0.3573410835315582,0.6426589164684418,0.32786885245901637,0.7142857142857143,0.31460674157303364,0.6853932584269663,205.0,-250.0,False,False,True,CIN,CIN,CIN,1.0,1.0,0.6426589164684418,0.6853932584269663,0.6853932584269663,-0.04273434195852455,-250.0,0.3999999999999999,-250.0,0.3999999999999999,-1.6019734201738884,-6.0,4.398026579826111,-10.0,-4.0
2024,15,2024_15_DAL_CAR,CAR,DAL,0.4518865107759348,0.5481134892240652,0.5867768595041323,0.45454545454545453,0.5634920634920635,0.43650793650793646,-142.0,120.0,False,True,False,DAL,CAR,DAL,1.0,0.0,0.5481134892240652,0.5634920634920635,0.43650793650793646,0.11160555271612876,120.0,1.2000000000000002,-142.0,-1.0,-0.6718892011706479,2.5,-3.171889201170648,-16.0,-18.5
2024,15,2024_15_GB_SEA,SEA,GB,0.3850145435372963,0.6149854564627038,0.423728813559322,0.6183206106870229,0.4066302458405761,0.593369754159424,136.0,-162.0,False,False,True,GB,GB,GB,1.0,1.0,0.6149854564627038,0.593369754159424,0.593369754159424,0.021615702303279805,-162.0,0.617283950617284,-162.0,0.617283950617284,-0.8115281153368537,-3.0,2.188471884663146,-17.0,-14.0
2024,15,2024_15_IND_DEN,DEN,IND,0.5790877887678408,0.42091221123215916,0.7041420118343196,0.3389830508474576,0.6750312469954812,0.3249687530045188,-238.0,195.0,True,True,True,DEN,DEN,DEN,1.0,1.0,0.5790877887678408,0.6750312469954812,0.6750312469954812,-0.09594345822764039,-238.0,0.4201680672268908,-238.0,0.4201680672268908,2.540357218319815,4.5,-1.9596427816801851,18.0,13.5
2024,15,2024_15_KC_CLE,CLE,KC,0.3436507281839277,0.6563492718160723,0.3448275862068966,0.696969696969697,0.33099297893681046,0.6690070210631895,190.0,-230.0,False,False,True,KC,KC,KC,1.0,1.0,0.6563492718160723,0.6690070210631895,0.6690070210631895,-0.012657749247117267,-230.0,0.4347826086956521,-230.0,0.4347826086956521,-3.5372942740001925,-4.5,0.9627057259998075,-14.0,-9.5
2024,15,2024_15_LA_SF,SF,LA,0.6012365417919956,0.3987634582080044,0.6078431372549019,0.43478260869565216,0.5829926410466066,0.4170073589533933,-155.0,130.0,True,True,True,SF,SF,LA,0.0,0.0,0.6012365417919956,0.5829926410466066,0.5829926410466066,0.018243900745388952,-155.0,-1.0,-155.0,-1.0,1.5242799671647964,3.0,-1.4757200328352036,-6.0,-9.0
2024,15,2024_15_MIA_HOU,HOU,MIA,0.5522526812324562,0.4477473187675438,0.6078431372549019,0.43478260869565216,0.5829926410466066,0.4170073589533933,-155.0,130.0,True,True,True,HOU,HOU,HOU,1.0,1.0,0.5522526812324562,0.5829926410466066,0.5829926410466066,-0.030739959814150453,-155.0,0.6451612903225805,-155.0,0.6451612903225805,0.3615201704092116,2.5,-2.1384798295907883,8.0,5.5
2024,15,2024_15_NE_ARI,ARI,NE,0.6274882177350914,0.37251178226490855,0.7206703910614525,0.3225806451612903,0.690792883054068,0.30920711694593195,-258.0,210.0,True,True,True,ARI,ARI,ARI,1.0,1.0,0.6274882177350914,0.690792883054068,0.690792883054068,-0.0633046653189766,-258.0,0.3875968992248062,-258.0,0.3875968992248062,4.651902710027724,6.0,-1.3480972899722756,13.0,7.0
2024,15,2024_15_NYJ_JAX,JAX,NYJ,0.3536263160195967,0.6463736839804033,0.40816326530612246,0.6363636363636364,0.39076376554174075,0.6092362344582594,145.0,-175.0,False,False,True,NYJ,NYJ,NYJ,1.0,1.0,0.6463736839804033,0.6092362344582594,0.6092362344582594,0.03713744952214393,-175.0,0.5714285714285714,-175.0,0.5714285714285714,-2.229574981309309,-3.5,1.2704250186906911,-7.0,-3.5
2024,15,2024_15_PIT_PHI,PHI,PIT,0.6209593057843404,0.37904069421565956,0.726027397260274,0.31746031746031744,0.6957699520733487,0.30423004792665137,-265.0,215.0,True,True,True,PHI,PHI,PHI,1.0,1.0,0.6209593057843404,0.6957699520733487,0.6957699520733487,-0.07481064628900824,-265.0,0.37735849056603765,-265.0,0.37735849056603765,3.153070048689957,5.5,-2.346929951310043,14.0,8.5
2024,15,2024_15_TB_LAC,LAC,TB,0.5136926161068983,0.4863073838931017,0.6183206106870229,0.423728813559322,0.593369754159424,0.4066302458405761,-162.0,136.0,True,True,True,LAC,LAC,TB,0.0,0.0,0.5136926161068983,0.593369754159424,0.593369754159424,-0.07967713805252563,-162.0,-1.0,-162.0,-1.0,1.3907438679502515,3.0,-1.6092561320497485,-23.0,-26.0
2024,15,2024_15_WAS_NO,NO,WAS,0.3371457887166382,0.6628542112833617,0.25316455696202533,0.7894736842105263,0.2428115015974441,0.7571884984025559,295.0,-375.0,False,False,True,WAS,WAS,WAS,1.0,1.0,0.6628542112833617,0.7571884984025559,0.7571884984025559,-0.09433428711919412,-375.0,0.2666666666666666,-375.0,0.2666666666666666,-3.715754194963973,-7.5,3.784245805036027,-1.0,6.5
2024,16,2024_16_ARI_CAR,CAR,ARI,0.4832703925623793,0.5167296074376206,0.3333333333333333,0.7101449275362319,0.3194444444444444,0.6805555555555556,200.0,-245.0,False,False,True,ARI,ARI,CAR,0.0,0.0,0.5167296074376206,0.6805555555555556,0.6805555555555556,-0.16382594811793494,-245.0,-1.0,-245.0,-1.0,-3.678202103767569,-5.5,1.821797896232431,6.0,11.5
2024,16,2024_16_CLE_CIN,CIN,CLE,0.7706747027168619,0.2293252972831381,0.8518518518518519,0.19047619047619047,0.817258883248731,0.18274111675126903,-575.0,425.0,True,True,True,CIN,CIN,CIN,1.0,1.0,0.7706747027168619,0.817258883248731,0.817258883248731,-0.04658418053186908,-575.0,0.17391304347826075,-575.0,0.17391304347826075,7.656040517441149,10.0,-2.3439594825588506,18.0,8.0
2024,16,2024_16_DEN_LAC,LAC,DEN,0.5410152461451384,0.4589847538548616,0.5967741935483871,0.44642857142857145,0.5720596355604638,0.42794036443953615,-148.0,124.0,True,True,True,LAC,LAC,LAC,1.0,1.0,0.5410152461451384,0.5720596355604638,0.5720596355604638,-0.03104438941532539,-148.0,0.6756756756756757,-148.0,0.6756756756756757,2.06951323028462,3.0,-0.93048676971538,7.0,4.0
2024,16,2024_16_DET_CHI,CHI,DET,0.3027997750449341,0.697200224955066,0.2702702702702703,0.7727272727272727,0.2591283863368669,0.740871613663133,270.0,-340.0,False,False,True,DET,DET,DET,1.0,1.0,0.697200224955066,0.740871613663133,0.740871613663133,-0.04367138870806708,-340.0,0.2941176470588236,-340.0,0.2941176470588236,-4.625936902590871,-7.0,2.3740630974091292,-17.0,-10.0
2024,16,2024_16_HOU_KC,KC,HOU,0.5150152009052332,0.48498479909476677,0.6428571428571429,0.4,0.6164383561643836,0.3835616438356164,-180.0,150.0,True,True,True,KC,KC,KC,1.0,1.0,0.5150152009052332,0.6164383561643836,0.6164383561643836,-0.10142315525915035,-180.0,0.5555555555555556,-180.0,0.5555555555555556,2.0353676342078493,3.5,-1.4646323657921507,8.0,4.5
2024,16,2024_16_JAX_LV,LV,JAX,0.4762638091946884,0.5237361908053115,0.5652173913043478,0.47619047619047616,0.5427435387673957,0.4572564612326044,-130.0,110.0,False,True,False,JAX,LV,LV,0.0,1.0,0.5237361908053115,0.5427435387673957,0.4572564612326044,0.06647972957270715,110.0,-1.0,-130.0,0.7692307692307692,-0.5993811261608094,2.5,-3.0993811261608095,5.0,2.5
2024,16,2024_16_LA_NYJ,NYJ,LA,0.5087927649333964,0.4912072350666036,0.423728813559322,0.6183206106870229,0.4066302458405761,0.593369754159424,136.0,-162.0,True,False,False,NYJ,LA,LA,0.0,1.0,0.5087927649333964,0.593369754159424,0.4066302458405761,0.10216251909282031,136.0,-1.0,-162.0,0.617283950617284,1.541244507410874,-3.0,4.541244507410874,-10.0,-7.0
2024,16,2024_16_MIN_SEA,SEA,MIN,0.5089245809216166,0.49107541907838337,0.44642857142857145,0.5967741935483871,0.42794036443953615,0.5720596355604638,124.0,-148.0,True,False,False,SEA,MIN,MIN,0.0,1.0,0.5089245809216166,0.5720596355604638,0.42794036443953615,0.08098421648208048,124.0,-1.0,-148.0,0.6756756756756757,0.2878813848287248,-2.5,2.787881384828725,-3.0,-0.5
2024,16,2024_16_NE_BUF,BUF,NE,0.7988674983997911,0.2011325016002089,0.9166666666666666,0.125,0.8800000000000001,0.12000000000000002,-1100.0,700.0,True,True,True,BUF,BUF,BUF,1.0,1.0,0.7988674983997911,0.8800000000000001,0.8800000000000001,-0.08113250160020902,-1100.0,0.09090909090909083,-1100.0,0.09090909090909083,8.679782123031073,14.0,-5.320217876968927,3.0,-11.0
2024,16,2024_16_NO_GB,GB,NO,0.7789200635068492,0.22107993649315083,0.9047619047619048,0.13793103448275862,0.8677165354330709,0.13228346456692913,-950.0,625.0,True,True,True,GB,GB,GB,1.0,1.0,0.7789200635068492,0.8677165354330709,0.8677165354330709,-0.08879647192622175,-950.0,0.10526315789473673,-950.0,0.10526315789473673,7.531381237749626,14.0,-6.468618762250374,34.0,20.0
2024,16,2024_16_NYG_ATL,ATL,NYG,0.7429716223450664,0.2570283776549336,0.8461538461538461,0.19607843137254902,0.8118668596237336,0.18813314037626627,-550.0,410.0,True,True,True,ATL,ATL,ATL,1.0,1.0,0.7429716223450664,0.8118668596237336,0.8118668596237336,-0.0688952372786672,-550.0,0.18181818181818188,-550.0,0.18181818181818188,9.289227596085174,9.5,-0.21077240391482555,27.0,17.5
2024,16,2024_16_PHI_WAS,WAS,PHI,0.4237213836436281,0.5762786163563719,0.35714285714285715,0.6855345911949685,0.34252477380439467,0.6574752261956054,180.0,-218.0,False,False,True,PHI,PHI,WAS,0.0,0.0,0.5762786163563719,0.6574752261956054,0.6574752261956054,-0.08119660983923349,-218.0,-1.0,-218.0,-1.0,-0.5167766266135432,-4.0,3.4832233733864566,3.0,7.0
2024,16,2024_16_PIT_BAL,BAL,PIT,0.68713078376258,0.31286921623742003,0.7752808988764045,0.26666666666666666,0.7440690150970525,0.2559309849029475,-345.0,275.0,True,True,True,BAL,BAL,BAL,1.0,1.0,0.68713078376258,0.7440690150970525,0.7440690150970525,-0.05693823133447251,-345.0,0.28985507246376807,-345.0,0.28985507246376807,6.3594937372155655,7.0,-0.6405062627844345,17.0,10.0
2024,16,2024_16_SF_MIA,MIA,SF,0.4767558296799641,0.5232441703200359,0.4878048780487805,0.5555555555555556,0.4675324675324675,0.5324675324675325,105.0,-125.0,False,False,True,SF,SF,MIA,0.0,0.0,0.5232441703200359,0.5324675324675325,0.5324675324675325,-0.009223362147496639,-125.0,-1.0,-125.0,-1.0,1.499176468244264,-2.0,3.499176468244264,12.0,14.0
2024,16,2024_16_TB_DAL,DAL,TB,0.3841685128891425,0.6158314871108574,0.35714285714285715,0.6855345911949685,0.34252477380439467,0.6574752261956054,180.0,-218.0,False,False,True,TB,TB,DAL,0.0,0.0,0.6158314871108574,0.6574752261956054,0.6574752261956054,-0.041643739084747944,-218.0,-1.0,-218.0,-1.0,-2.2195934261522576,-4.5,2.2804065738477424,2.0,6.5
2024,16,2024_16_TEN_IND,IND,TEN,0.5583392892990839,0.44166071070091606,0.6644295302013423,0.3787878787878788,0.6369041816941223,0.3630958183058778,-198.0,164.0,True,True,True,IND,IND,IND,1.0,1.0,0.5583392892990839,0.6369041816941223,0.6369041816941223,-0.07856489239503839,-198.0,0.5050505050505052,-198.0,0.5050505050505052,2.286350314862697,4.0,-1.713649685137303,8.0,4.0
2024,17,2024_17_ARI_LA,LA,ARI,0.5949583974880859,0.4050416025119141,0.7727272727272727,0.2702702702702703,0.740871613663133,0.2591283863368669,-340.0,270.0,True,True,True,LA,LA,LA,1.0,1.0,0.5949583974880859,0.740871613663133,0.740871613663133,-0.14591321617504716,-340.0,0.2941176470588236,-340.0,0.2941176470588236,8.181470099331746,6.5,1.6814700993317455,4.0,-2.5
2024,17,2024_17_ATL_WAS,WAS,ATL,0.5966205664010326,0.40337943359896744,0.6575342465753424,0.38461538461538464,0.6309403437815976,0.3690596562184025,-192.0,160.0,True,True,True,WAS,WAS,WAS,1.0,1.0,0.5966205664010326,0.6309403437815976,0.6309403437815976,-0.03431977738056502,-192.0,0.5208333333333335,-192.0,0.5208333333333335,1.5435146436823153,3.5,-1.9564853563176847,6.0,2.5
2024,17,2024_17_BAL_HOU,HOU,BAL,0.3196554347332728,0.6803445652667273,0.3333333333333333,0.7101449275362319,0.3194444444444444,0.6805555555555556,200.0,-245.0,False,False,True,BAL,BAL,BAL,1.0,1.0,0.6803445652667273,0.6805555555555556,0.6805555555555556,-0.0002109902888283166,-245.0,0.40816326530612246,-245.0,0.40816326530612246,-3.658858906311392,-5.5,1.841141093688608,-29.0,-23.5
2024,17,2024_17_CAR_TB,TB,CAR,0.7401740383313589,0.25982596166864114,0.8333333333333334,0.20833333333333334,0.7999999999999999,0.19999999999999998,-500.0,380.0,True,True,True,TB,TB,TB,1.0,1.0,0.7401740383313589,0.7999999999999999,0.7999999999999999,-0.05982596166864107,-500.0,0.19999999999999996,-500.0,0.19999999999999996,5.6488701811331765,9.5,-3.8511298188668235,34.0,24.5
2024,17,2024_17_DAL_PHI,PHI,DAL,0.7085072937013531,0.2914927062986469,0.7647058823529411,0.2777777777777778,0.7335423197492164,0.26645768025078376,-325.0,260.0,True,True,True,PHI,PHI,PHI,1.0,1.0,0.7085072937013531,0.7335423197492164,0.7335423197492164,-0.02503502604786323,-325.0,0.3076923076923077,-325.0,0.3076923076923077,1.9133025286611416,7.5,-5.586697471338859,34.0,26.5
2024,17,2024_17_DEN_CIN,CIN,DEN,0.6222026701984056,0.3777973298015944,0.6363636363636364,0.40816326530612246,0.6092362344582594,0.39076376554174075,-175.0,145.0,True,True,True,CIN,CIN,CIN,1.0,1.0,0.6222026701984056,0.6092362344582594,0.6092362344582594,0.01296643574014622,-175.0,0.5714285714285714,-175.0,0.5714285714285714,3.068176139215964,3.5,-0.4318238607840361,6.0,2.5
2024,17,2024_17_DET_SF,SF,DET,0.4353700558896849,0.5646299441103151,0.3448275862068966,0.696969696969697,0.33099297893681046,0.6690070210631895,190.0,-230.0,False,False,True,DET,DET,DET,1.0,1.0,0.5646299441103151,0.6690070210631895,0.6690070210631895,-0.10437707695287446,-230.0,0.4347826086956521,-230.0,0.4347826086956521,-0.2158533590994132,-4.0,3.7841466409005866,-6.0,-2.0
2024,17,2024_17_GB_MIN,MIN,GB,0.5704467369650597,0.42955326303494035,0.5192307692307693,0.5283018867924528,0.4956702459300312,0.5043297540699688,-108.0,-112.0,True,False,False,MIN,GB,MIN,1.0,0.0,0.5704467369650597,0.5043297540699688,0.4956702459300312,0.07477649103502848,-108.0,0.925925925925926,-112.0,-1.0,1.026529655605035,-1.0,2.026529655605035,2.0,3.0
2024,17,2024_17_IND_NYG,NYG,IND,0.311644516017513,0.688355483982487,0.23809523809523808,0.803921568627451,0.22849462365591394,0.771505376344086,320.0,-410.0,False,False,True,IND,IND,NYG,0.0,0.0,0.688355483982487,0.771505376344086,0.771505376344086,-0.08314989236159898,-410.0,-1.0,-410.0,-1.0,-6.676990621140159,-7.5,0.8230093788598412,12.0,19.5
2024,17,2024_17_KC_PIT,PIT,KC,0.4704551678625301,0.5295448321374698,0.423728813559322,0.6183206106870229,0.4066302458405761,0.593369754159424,136.0,-162.0,False,False,True,KC,KC,KC,1.0,1.0,0.5295448321374698,0.593369754159424,0.593369754159424,-0.06382492202195411,-162.0,0.617283950617284,-162.0,0.617283950617284,-0.500338358782592,-3.0,2.4996616412174077,-19.0,-16.0
2024,17,2024_17_LAC_NE,NE,LAC,0.2593077163157398,0.7406922836842602,0.2898550724637681,0.7530864197530864,0.27792074112197634,0.7220792588780237,245.0,-305.0,False,False,True,LAC,LAC,LAC,1.0,1.0,0.7406922836842602,0.7220792588780237,0.7220792588780237,0.0186130248062365,-305.0,0.3278688524590163,-305.0,0.3278688524590163,-6.772410759872059,-6.0,-0.7724107598720593,-33.0,-27.0
2024,17,2024_17_LV_NO,NO,LV,0.4444125430424196,0.5555874569575804,0.4878048780487805,0.5555555555555556,0.4675324675324675,0.5324675324675325,105.0,-125.0,False,False,True,LV,LV,LV,1.0,1.0,0.5555874569575804,0.5324675324675325,0.5324675324675325,0.02311992449004785,-125.0,0.8,-125.0,0.8,0.2594930040144555,-2.0,2.2594930040144554,-15.0,-13.0
2024,17,2024_17_MIA_CLE,CLE,MIA,0.476916881922486,0.523083118077514,0.4132231404958678,0.6296296296296297,0.3962430290578221,0.6037569709421778,142.0,-170.0,False,False,True,MIA,MIA,MIA,1.0,1.0,0.523083118077514,0.6037569709421778,0.6037569709421778,-0.08067385286466389,-170.0,0.5882352941176472,-170.0,0.5882352941176472,-0.2383725567178319,-3.0,2.761627443282168,-17.0,-14.0
2024,17,2024_17_NYJ_BUF,BUF,NYJ,0.7449491576807787,0.25505084231922126,0.8387096774193549,0.20408163265306123,0.8042929292929294,0.19570707070707072,-520.0,390.0,True,True,True,BUF,BUF,BUF,1.0,1.0,0.7449491576807787,0.8042929292929294,0.8042929292929294,-0.05934377161215065,-520.0,0.1923076923076923,-520.0,0.1923076923076923,7.379433756761447,10.0,-2.620566243238553,26.0,16.0
2024,17,2024_17_SEA_CHI,CHI,SEA,0.3329851783013972,0.6670148216986028,0.38461538461538464,0.6575342465753424,0.3690596562184025,0.6309403437815976,160.0,-192.0,False,False,True,SEA,SEA,SEA,1.0,1.0,0.6670148216986028,0.6309403437815976,0.6309403437815976,0.03607447791700524,-192.0,0.5208333333333335,-192.0,0.5208333333333335,-4.441342082027004,-3.5,-0.9413420820270044,-3.0,0.5
2024,17,2024_17_TEN_JAX,JAX,TEN,0.3777534008479102,0.6222465991520898,0.5283018867924528,0.5192307692307693,0.5043297540699688,0.4956702459300312,-112.0,-108.0,False,True,False,TEN,JAX,JAX,0.0,1.0,0.6222465991520898,0.5043297540699688,0.4956702459300312,0.12657635322205862,-108.0,-1.0,-112.0,0.8928571428571428,-0.8964083696282343,-1.0,0.10359163037176566,7.0,8.0
2024,18,2024_18_BUF_NE,NE,BUF,0.4512404050877096,0.5487595949122904,0.4166666666666667,0.6240601503759399,0.4003612281757977,0.5996387718242023,140.0,-166.0,False,False,True,BUF,BUF,NE,0.0,0.0,0.5487595949122904,0.5996387718242023,0.5996387718242023,-0.050879176911911905,-166.0,-1.0,-166.0,-1.0,-0.7681506643677981,-3.0,2.231849335632202,7.0,10.0
2024,18,2024_18_CAR_ATL,ATL,CAR,0.7072363534167991,0.29276364658320086,0.7916666666666666,0.25,0.7600000000000001,0.24000000000000005,-380.0,300.0,True,True,True,ATL,ATL,CAR,0.0,0.0,0.7072363534167991,0.7600000000000001,0.7600000000000001,-0.052763646583200985,-380.0,-1.0,-380.0,-1.0,5.016543050644607,7.5,-2.483456949355393,-6.0,-13.5
2024,18,2024_18_CHI_GB,GB,CHI,0.7552910686736753,0.24470893132632465,0.803921568627451,0.23809523809523808,0.771505376344086,0.22849462365591394,-410.0,320.0,True,True,True,GB,GB,CHI,0.0,0.0,0.7552910686736753,0.771505376344086,0.771505376344086,-0.016214307670410655,-410.0,-1.0,-410.0,-1.0,4.816612946651158,10.0,-5.183387053348842,-2.0,-12.0
2024,18,2024_18_CIN_PIT,PIT,CIN,0.4463171964304664,0.5536828035695336,0.44642857142857145,0.5967741935483871,0.42794036443953615,0.5720596355604638,124.0,-148.0,False,False,True,CIN,CIN,CIN,1.0,1.0,0.5536828035695336,0.5720596355604638,0.5720596355604638,-0.01837683199093021,-148.0,0.6756756756756757,-148.0,0.6756756756756757,1.1206692762090122,-2.5,3.6206692762090125,-2.0,0.5
2024,18,2024_18_CLE_BAL,BAL,CLE,0.7732419987399705,0.22675800126002954,0.96,0.07692307692307693,0.9258160237388724,0.0741839762611276,-2400.0,1200.0,True,True,True,BAL,BAL,BAL,1.0,1.0,0.7732419987399705,0.9258160237388724,0.9258160237388724,-0.15257402499890194,-2400.0,0.04166666666666674,-2400.0,0.04166666666666674,7.840888649610111,19.5,-11.659111350389889,25.0,5.5
2024,18,2024_18_HOU_TEN,TEN,HOU,0.5727983406380066,0.4272016593619934,0.5867768595041323,0.45454545454545453,0.5634920634920635,0.43650793650793646,-142.0,120.0,True,True,True,TEN,TEN,HOU,0.0,0.0,0.5727983406380066,0.5634920634920635,0.5634920634920635,0.00930627714594312,-142.0,-1.0,-142.0,-1.0,0.4069247192470705,2.5,-2.0930752807529296,-9.0,-11.5
2024,18,2024_18_JAX_IND,IND,JAX,0.5067618948623657,0.49323810513763433,0.6428571428571429,0.4,0.6164383561643836,0.3835616438356164,-180.0,150.0,True,True,True,IND,IND,IND,1.0,1.0,0.5067618948623657,0.6164383561643836,0.6164383561643836,-0.10967646130201791,-180.0,0.5555555555555556,-180.0,0.5555555555555556,2.836873377008573,3.5,-0.663126622991427,3.0,-0.5
2024,18,2024_18_KC_DEN,DEN,KC,0.6419032198641819,0.35809678013581814,0.8290598290598291,0.2127659574468085,0.7957758771164253,0.2042241228835748,-485.0,370.0,True,True,True,DEN,DEN,DEN,1.0,1.0,0.6419032198641819,0.7957758771164253,0.7957758771164253,-0.15387265725224342,-485.0,0.2061855670103092,-485.0,0.2061855670103092,8.05298152395551,10.5,-2.447018476044491,38.0,27.5
2024,18,2024_18_LAC_LV,LV,LAC,0.2844483322773351,0.7155516677226649,0.26666666666666666,0.7752808988764045,0.2559309849029475,0.7440690150970525,275.0,-345.0,False,False,True,LAC,LAC,LAC,1.0,1.0,0.7155516677226649,0.7440690150970525,0.7440690150970525,-0.028517347374387603,-345.0,0.28985507246376807,-345.0,0.28985507246376807,-5.7361600918284985,-7.0,1.2638399081715015,-14.0,-7.0
2024,18,2024_18_MIA_NYJ,NYJ,MIA,0.5104715800499604,0.4895284199500396,0.5495495495495496,0.49504950495049505,0.5260865852617197,0.4739134147382802,-122.0,102.0,True,True,True,NYJ,NYJ,NYJ,1.0,1.0,0.5104715800499604,0.5260865852617197,0.5260865852617197,-0.015615005211759292,-122.0,0.819672131147541,-122.0,0.819672131147541,0.3297595717076965,1.5,-1.1702404282923036,12.0,10.5
2024,18,2024_18_MIN_DET,DET,MIN,0.5976725446054801,0.40232745539451986,0.5967741935483871,0.44642857142857145,0.5720596355604638,0.42794036443953615,-148.0,124.0,True,True,True,DET,DET,DET,1.0,1.0,0.5976725446054801,0.5720596355604638,0.5720596355604638,0.02561290904501634,-148.0,0.6756756756756757,-148.0,0.6756756756756757,0.7182204554274781,3.0,-2.281779544572522,22.0,19.0
2024,18,2024_18_NO_TB,TB,NO,0.7511099910393657,0.2488900089606343,0.9130434782608695,0.12903225806451613,0.8761776581426649,0.12382234185733514,-1050.0,675.0,True,True,True,TB,TB,TB,1.0,1.0,0.7511099910393657,0.8761776581426649,0.8761776581426649,-0.1250676671032992,-1050.0,0.09523809523809534,-1050.0,0.09523809523809534,9.10724841632896,14.5,-5.392751583671039,8.0,-6.5
2024,18,2024_18_NYG_PHI,PHI,NYG,0.6147904016486405,0.3852095983513595,0.6078431372549019,0.43478260869565216,0.5829926410466066,0.4170073589533933,-155.0,130.0,True,True,True,PHI,PHI,PHI,1.0,1.0,0.6147904016486405,0.5829926410466066,0.5829926410466066,0.031797760602033875,-155.0,0.6451612903225805,-155.0,0.6451612903225805,4.3482227961777,3.0,1.3482227961776996,7.0,4.0
2024,18,2024_18_SEA_LA,LA,SEA,0.2604572145079498,0.7395427854920502,0.2597402597402597,0.782608695652174,0.2491874322860238,0.7508125677139762,285.0,-360.0,False,False,True,SEA,SEA,SEA,1.0,1.0,0.7395427854920502,0.7508125677139762,0.7508125677139762,-0.011269782221925984,-360.0,0.2777777777777777,-360.0,0.2777777777777777,-4.579435711566749,-7.5,2.920564288433251,-5.0,2.5
2024,18,2024_18_SF_ARI,ARI,SF,0.4957048226368453,0.5042951773631548,0.6575342465753424,0.38461538461538464,0.6309403437815976,0.3690596562184025,-192.0,160.0,False,True,False,SF,ARI,ARI,0.0,1.0,0.5042951773631548,0.6309403437815976,0.3690596562184025,0.1352355211447523,160.0,-1.0,-192.0,0.5208333333333335,1.8831177491094344,4.5,-2.6168822508905656,23.0,18.5
2024,18,2024_18_WAS_DAL,DAL,WAS,0.2867297723785007,0.7132702276214993,0.2857142857142857,0.7560975609756098,0.27424749163879597,0.725752508361204,250.0,-310.0,False,False,True,WAS,WAS,WAS,1.0,1.0,0.7132702276214993,0.725752508361204,0.725752508361204,-0.012482280739704699,-310.0,0.32258064516129026,-310.0,0.32258064516129026,-4.25229077249076,-7.0,2.7477092275092403,-4.0,3.0
2024,19,2024_19_DEN_BUF,BUF,DEN,0.7256863367287275,0.2743136632712725,0.8095238095238095,0.23255813953488372,0.7768331562167907,0.22316684378320936,-425.0,330.0,True,True,True,BUF,BUF,BUF,1.0,1.0,0.7256863367287275,0.7768331562167907,0.7768331562167907,-0.05114681948806321,-425.0,0.23529411764705888,-425.0,0.23529411764705888,3.874206330061336,7.5,-3.625793669938664,24.0,16.5
2024,19,2024_19_GB_PHI,PHI,GB,0.6098330197721075,0.39016698022789253,0.7142857142857143,0.32786885245901637,0.6853932584269663,0.31460674157303364,-250.0,205.0,True,True,True,PHI,PHI,PHI,1.0,1.0,0.6098330197721075,0.6853932584269663,0.6853932584269663,-0.07556023865485884,-250.0,0.3999999999999999,-250.0,0.3999999999999999,1.324149491482029,5.5,-4.175850508517971,12.0,6.5
2024,19,2024_19_LAC_HOU,HOU,LAC,0.519761237072527,0.48023876292747303,0.423728813559322,0.6183206106870229,0.4066302458405761,0.593369754159424,136.0,-162.0,True,False,False,HOU,LAC,HOU,1.0,0.0,0.519761237072527,0.593369754159424,0.4066302458405761,0.11313099123195086,136.0,1.3600000000000003,-162.0,-1.0,-0.5393984415165036,-3.0,2.4606015584834964,20.0,23.0
2024,19,2024_19_MIN_LA,LA,MIN,0.496767599525097,0.5032324004749029,0.45454545454545453,0.5867768595041323,0.43650793650793646,0.5634920634920635,120.0,-142.0,False,False,True,MIN,MIN,LA,0.0,0.0,0.5032324004749029,0.5634920634920635,0.5634920634920635,-0.06025966301716057,-142.0,-1.0,-142.0,-1.0,2.2641000311484087,-2.5,4.764100031148409,18.0,20.5
2024,19,2024_19_PIT_BAL,BAL,PIT,0.7282495717014046,0.2717504282985954,0.8387096774193549,0.20408163265306123,0.8042929292929294,0.19570707070707072,-520.0,390.0,True,True,True,BAL,BAL,BAL,1.0,1.0,0.7282495717014046,0.8042929292929294,0.8042929292929294,-0.07604335759152481,-520.0,0.1923076923076923,-520.0,0.1923076923076923,5.638904149464388,9.5,-3.8610958505356123,14.0,4.5
2024,19,2024_19_WAS_TB,TB,WAS,0.6496049792925475,0.35039502070745254,0.6183206106870229,0.423728813559322,0.593369754159424,0.4066302458405761,-162.0,136.0,True,True,True,TB,TB,WAS,0.0,0.0,0.6496049792925475,0.593369754159424,0.593369754159424,0.05623522513312351,-162.0,-1.0,-162.0,-1.0,3.4209497949543923,3.0,0.42094979495439233,-3.0,-6.0
2024,20,2024_20_BAL_BUF,BUF,BAL,0.535878190344901,0.46412180965509897,0.504950495049505,0.5412844036697247,0.4826358742837298,0.5173641257162701,-102.0,-118.0,True,False,False,BUF,BAL,BUF,1.0,0.0,0.535878190344901,0.5173641257162701,0.4826358742837298,0.053242316061171246,-102.0,0.9803921568627452,-118.0,-1.0,0.9800077255465244,-1.5,2.4800077255465243,2.0,3.5
2024,20,2024_20_HOU_KC,KC,HOU,0.712114982457306,0.287885017542694,0.8461538461538461,0.19607843137254902,0.8118668596237336,0.18813314037626627,-550.0,410.0,True,True,True,KC,KC,KC,1.0,1.0,0.712114982457306,0.8118668596237336,0.8118668596237336,-0.09975187716642764,-550.0,0.18181818181818188,-550.0,0.18181818181818188,5.463682498633445,9.5,-4.036317501366555,9.0,-0.5
2024,20,2024_20_LA_PHI,PHI,LA,0.6983196488923917,0.30168035110760827,0.7647058823529411,0.2777777777777778,0.7335423197492164,0.26645768025078376,-325.0,260.0,True,True,True,PHI,PHI,PHI,1.0,1.0,0.6983196488923917,0.7335423197492164,0.7335423197492164,-0.03522267085682462,-325.0,0.3076923076923077,-325.0,0.3076923076923077,4.301866484666746,7.0,-2.6981335153332537,6.0,-1.0
2024,20,2024_20_WAS_DET,DET,WAS,0.6814835456334869,0.3185164543665131,0.8387096774193549,0.20408163265306123,0.8042929292929294,0.19570707070707072,-520.0,390.0,True,True,True,DET,DET,WAS,0.0,0.0,0.6814835456334869,0.8042929292929294,0.8042929292929294,-0.1228093836594425,-520.0,-1.0,-520.0,-1.0,4.085257172779039,8.5,-4.414742827220961,-14.0,-22.5
2024,21,2024_21_BUF_KC,KC,BUF,0.5522905615668569,0.44770943843314315,0.5412844036697247,0.504950495049505,0.5173641257162701,0.4826358742837298,-118.0,-102.0,True,True,True,KC,KC,KC,1.0,1.0,0.5522905615668569,0.5173641257162701,0.5173641257162701,0.034926435850586746,-118.0,0.847457627118644,-118.0,0.847457627118644,0.6118043752756797,1.5,-0.8881956247243203,3.0,1.5
2024,21,2024_21_WAS_PHI,PHI,WAS,0.6921291761558297,0.3078708238441703,0.7142857142857143,0.32786885245901637,0.6853932584269663,0.31460674157303364,-250.0,205.0,True,True,True,PHI,PHI,PHI,1.0,1.0,0.6921291761558297,0.6853932584269663,0.6853932584269663,0.006735917728863394,-250.0,0.3999999999999999,-250.0,0.3999999999999999,3.50282001283204,6.0,-2.49717998716796,32.0,26.0
2024,22,2024_22_KC_PHI,PHI,KC,0.5356582492931897,0.4643417507068103,0.5,0.5454545454545454,0.4782608695652174,0.5217391304347826,100.0,-120.0,True,False,False,PHI,KC,PHI,1.0,0.0,0.5356582492931897,0.5217391304347826,0.4782608695652174,0.05739737972797232,100.0,1.0,-120.0,-1.0,1.3580169308883032,-1.5,2.8580169308883034,18.0,19.5
2025,1,2025_01_ARI_NO,NO,ARI,0.3249430223977758,0.6750569776022242,0.3125,0.7297297297297297,0.299837925445705,0.7001620745542949,220.0,-270.0,False,False,True,ARI,ARI,ARI,1.0,1.0,0.6750569776022242,0.7001620745542949,0.7001620745542949,-0.02510509695207075,-270.0,0.37037037037037024,-270.0,0.37037037037037024,-5.35094200668672,-6.0,0.6490579933132796,-7.0,-1.0
2025,1,2025_01_BAL_BUF,BUF,BAL,0.4947745733423436,0.5052254266576564,0.47619047619047616,0.5652173913043478,0.4572564612326044,0.5427435387673957,110.0,-130.0,False,False,True,BAL,BAL,BUF,0.0,0.0,0.5052254266576564,0.5427435387673957,0.5427435387673957,-0.03751811210973932,-130.0,-1.0,-130.0,-1.0,-0.0272180574874645,-1.5,1.4727819425125355,1.0,2.5
2025,1,2025_01_CAR_JAX,JAX,CAR,0.6263574210123877,0.37364257898761233,0.6721311475409836,0.37037037037037035,0.644729178800233,0.35527082119976705,-205.0,170.0,True,True,True,JAX,JAX,JAX,1.0,1.0,0.6263574210123877,0.644729178800233,0.644729178800233,-0.018371757787845278,-205.0,0.4878048780487805,-205.0,0.4878048780487805,2.15579388439361,4.5,-2.34420611560639,16.0,11.5
2025,1,2025_01_CIN_CLE,CLE,CIN,0.3671001065996466,0.6328998934003534,0.3389830508474576,0.7041420118343196,0.3249687530045188,0.6750312469954812,195.0,-238.0,False,False,True,CIN,CIN,CIN,1.0,1.0,0.6328998934003534,0.6750312469954812,0.6750312469954812,-0.042131353595127874,-238.0,0.4201680672268908,-238.0,0.4201680672268908,-3.464250894682506,-5.5,2.035749105317494,-1.0,4.5
2025,1,2025_01_DAL_PHI,PHI,DAL,0.6966293581371821,0.3033706418628179,0.8095238095238095,0.23255813953488372,0.7768331562167907,0.22316684378320936,-425.0,330.0,True,True,True,PHI,PHI,PHI,1.0,1.0,0.6966293581371821,0.7768331562167907,0.7768331562167907,-0.08020379807960865,-425.0,0.23529411764705888,-425.0,0.23529411764705888,5.477409867846843,8.5,-3.022590132153157,4.0,-4.5
2025,1,2025_01_DET_GB,GB,DET,0.4871984808531658,0.5128015191468343,0.5454545454545454,0.5,0.5217391304347826,0.4782608695652174,-120.0,100.0,False,True,False,DET,GB,GB,0.0,1.0,0.5128015191468343,0.5217391304347826,0.4782608695652174,0.034540649581616845,100.0,-1.0,-120.0,0.8333333333333335,-0.8319347226199951,1.5,-2.3319347226199953,14.0,12.5
2025,1,2025_01_HOU_LA,LA,HOU,0.478623548377015,0.5213764516229851,0.6240601503759399,0.4166666666666667,0.5996387718242023,0.4003612281757977,-166.0,140.0,False,True,False,HOU,LA,LA,0.0,1.0,0.5213764516229851,0.5996387718242023,0.4003612281757977,0.12101522344718735,140.0,-1.0,-166.0,0.6024096385542168,1.5526339081363458,3.5,-1.9473660918636542,5.0,1.5
2025,1,2025_01_KC_LAC,LAC,KC,0.4501225921585434,0.5498774078414566,0.40816326530612246,0.6363636363636364,0.39076376554174075,0.6092362344582594,145.0,-175.0,False,False,True,KC,KC,LAC,0.0,0.0,0.5498774078414566,0.6092362344582594,0.6092362344582594,-0.05935882661680281,-175.0,-1.0,-175.0,-1.0,0.5188065454794843,-3.0,3.5188065454794843,6.0,9.0
2025,1,2025_01_LV_NE,NE,LV,0.4521305501413781,0.5478694498586218,0.6078431372549019,0.43478260869565216,0.5829926410466066,0.4170073589533933,-155.0,130.0,False,True,False,LV,NE,LV,1.0,0.0,0.5478694498586218,0.5829926410466066,0.4170073589533933,0.13086209090522855,130.0,1.2999999999999998,-155.0,-1.0,-0.1122095378662815,2.5,-2.6122095378662813,-7.0,-9.5
2025,1,2025_01_MIA_IND,IND,MIA,0.3455948088219656,0.6544051911780344,0.5283018867924528,0.5192307692307693,0.5043297540699688,0.4956702459300312,-112.0,-108.0,False,True,False,MIA,IND,IND,0.0,1.0,0.6544051911780344,0.5043297540699688,0.4956702459300312,0.15873494524800325,-108.0,-1.0,-112.0,0.8928571428571428,-2.4916236033565293,1.5,-3.9916236033565293,25.0,23.5
2025,1,2025_01_MIN_CHI,CHI,MIN,0.400040190889145,0.599959809110855,0.5192307692307693,0.5283018867924528,0.4956702459300312,0.5043297540699688,-108.0,-112.0,False,False,True,MIN,MIN,MIN,1.0,1.0,0.599959809110855,0.5043297540699688,0.5043297540699688,0.09563005504088617,-112.0,0.8928571428571428,-112.0,0.8928571428571428,-0.4558814058226036,-1.5,1.0441185941773963,-3.0,-1.5
2025,1,2025_01_NYG_WAS,WAS,NYG,0.6676161477337352,0.33238385226626477,0.7487437185929648,0.29411764705882354,0.7179705215419501,0.2820294784580499,-298.0,240.0,True,True,True,WAS,WAS,WAS,1.0,1.0,0.6676161477337352,0.7179705215419501,0.7179705215419501,-0.050354373808214836,-298.0,0.3355704697986577,-298.0,0.3355704697986577,3.8211227841120174,6.0,-2.1788772158879826,15.0,9.0
2025,1,2025_01_PIT_NYJ,NYJ,PIT,0.4641827297533771,0.5358172702466228,0.43478260869565216,0.6078431372549019,0.4170073589533933,0.5829926410466066,130.0,-155.0,False,False,True,PIT,PIT,PIT,1.0,1.0,0.5358172702466228,0.5829926410466066,0.5829926410466066,-0.047175370799983796,-155.0,0.6451612903225805,-155.0,0.6451612903225805,-0.3639029529269422,-3.0,2.636097047073058,-2.0,1.0
2025,1,2025_01_SF_SEA,SEA,SF,0.3428442962566655,0.6571557037433344,0.4672897196261682,0.574468085106383,0.448558885283451,0.551441114716549,114.0,-135.0,False,False,True,SF,SF,SF,1.0,1.0,0.6571557037433344,0.551441114716549,0.551441114716549,0.10571458902678543,-135.0,0.7407407407407407,-135.0,0.7407407407407407,-2.0533871732078706,-2.5,0.44661282679212944,-4.0,-1.5
2025,1,2025_01_TB_ATL,ATL,TB,0.4089242357153655,0.5910757642846345,0.5121951219512195,0.5348837209302325,0.4891657638136511,0.5108342361863488,-105.0,-115.0,False,False,True,TB,TB,TB,1.0,1.0,0.5910757642846345,0.5108342361863488,0.5108342361863488,0.08024152809828566,-115.0,0.8695652173913042,-115.0,0.8695652173913042,-1.2352394844851502,-1.5,0.2647605155148498,-3.0,-1.5
2025,1,2025_01_TEN_DEN,DEN,TEN,0.6713362011729049,0.32866379882709507,0.8198198198198198,0.2222222222222222,0.7867435158501441,0.2132564841498559,-455.0,350.0,True,True,True,DEN,DEN,DEN,1.0,1.0,0.6713362011729049,0.7867435158501441,0.7867435158501441,-0.11540731467723919,-455.0,0.2197802197802199,-455.0,0.2197802197802199,3.001575377789127,8.5,-5.498424622210873,8.0,-0.5
2025,2,2025_02_ATL_MIN,MIN,ATL,0.547248240604188,0.452751759395812,0.6428571428571429,0.4,0.6164383561643836,0.3835616438356164,-180.0,150.0,True,True,True,MIN,MIN,ATL,0.0,0.0,0.547248240604188,0.6164383561643836,0.6164383561643836,-0.06919011556019561,-180.0,-1.0,-180.0,-1.0,3.538713356741673,3.5,0.03871335674167309,-16.0,-19.5
2025,2,2025_02_BUF_NYJ,NYJ,BUF,0.2634430027316808,0.7365569972683192,0.29850746268656714,0.7435897435897436,0.28644876973925815,0.7135512302607419,235.0,-290.0,False,False,True,BUF,BUF,BUF,1.0,1.0,0.7365569972683192,0.7135512302607419,0.7135512302607419,0.023005767007577393,-290.0,0.3448275862068966,-290.0,0.3448275862068966,-6.713045376439126,-6.0,-0.7130453764391262,-20.0,-14.0
2025,2,2025_02_CAR_ARI,ARI,CAR,0.6335576169188996,0.36644238308110044,0.7560975609756098,0.2857142857142857,0.725752508361204,0.27424749163879597,-310.0,250.0,True,True,True,ARI,ARI,ARI,1.0,1.0,0.6335576169188996,0.725752508361204,0.725752508361204,-0.09219489144230442,-310.0,0.32258064516129026,-310.0,0.32258064516129026,3.4854196405790536,7.0,-3.5145803594209464,5.0,-2.0
2025,2,2025_02_CHI_DET,DET,CHI,0.6347486354834913,0.36525136451650875,0.7297297297297297,0.3125,0.7001620745542949,0.299837925445705,-270.0,220.0,True,True,True,DET,DET,DET,1.0,1.0,0.6347486354834913,0.7001620745542949,0.7001620745542949,-0.06541343907080366,-270.0,0.37037037037037024,-270.0,0.37037037037037024,1.9372944643354737,6.0,-4.062705535664526,31.0,25.0
2025,2,2025_02_CLE_BAL,BAL,CLE,0.765397902492617,0.23460209750738303,0.9,0.14285714285714285,0.863013698630137,0.136986301369863,-900.0,600.0,True,True,True,BAL,BAL,BAL,1.0,1.0,0.765397902492617,0.863013698630137,0.863013698630137,-0.09761579613752003,-900.0,0.11111111111111116,-900.0,0.11111111111111116,8.414999793897072,12.5,-4.085000206102928,24.0,11.5
2025,2,2025_02_DEN_IND,IND,DEN,0.5395741774924564,0.4604258225075436,0.47619047619047616,0.5652173913043478,0.4572564612326044,0.5427435387673957,110.0,-130.0,True,False,False,IND,DEN,IND,1.0,0.0,0.5395741774924564,0.5427435387673957,0.4572564612326044,0.08231771625985201,110.0,1.1,-130.0,-1.0,1.6604164866180389,-2.5,4.160416486618039,1.0,3.5
2025,2,2025_02_JAX_CIN,CIN,JAX,0.5610772381127915,0.43892276188720847,0.6575342465753424,0.38461538461538464,0.6309403437815976,0.3690596562184025,-192.0,160.0,True,True,True,CIN,CIN,CIN,1.0,1.0,0.5610772381127915,0.6309403437815976,0.6309403437815976,-0.06986310566880605,-192.0,0.5208333333333335,-192.0,0.5208333333333335,2.079030053583004,3.5,-1.4209699464169958,4.0,0.5
2025,2,2025_02_LAC_LV,LV,LAC,0.432531512716137,0.567468487283863,0.3787878787878788,0.6644295302013423,0.3630958183058778,0.6369041816941223,164.0,-198.0,False,False,True,LAC,LAC,LAC,1.0,1.0,0.567468487283863,0.6369041816941223,0.6369041816941223,-0.06943569441025932,-198.0,0.5050505050505052,-198.0,0.5050505050505052,-1.4931979506055806,-3.5,2.0068020493944196,-11.0,-7.5
2025,2,2025_02_LA_TEN,TEN,LA,0.3078664500393369,0.6921335499606631,0.32786885245901637,0.7142857142857143,0.31460674157303364,0.6853932584269663,205.0,-250.0,False,False,True,LA,LA,LA,1.0,1.0,0.6921335499606631,0.6853932584269663,0.6853932584269663,0.006740291533696818,-250.0,0.3999999999999999,-250.0,0.3999999999999999,-6.253407351289506,-5.5,-0.7534073512895061,-14.0,-8.5
2025,2,2025_02_NE_MIA,MIA,NE,0.567793717612868,0.432206282387132,0.5555555555555556,0.4878048780487805,0.5324675324675325,0.4675324675324675,-125.0,105.0,True,True,True,MIA,MIA,NE,0.0,0.0,0.567793717612868,0.5324675324675325,0.5324675324675325,0.035326185145335476,-125.0,-1.0,-125.0,-1.0,0.3811507731538812,1.5,-1.1188492268461188,-6.0,-7.5
2025,2,2025_02_NYG_DAL,DAL,NYG,0.5070296788737768,0.4929703211262232,0.7041420118343196,0.3389830508474576,0.6750312469954812,0.3249687530045188,-238.0,195.0,True,True,True,DAL,DAL,DAL,1.0,1.0,0.5070296788737768,0.6750312469954812,0.6750312469954812,-0.16800156812170441,-238.0,0.4201680672268908,-238.0,0.4201680672268908,0.8017233589614814,4.5,-3.6982766410385186,3.0,-1.5
2025,2,2025_02_PHI_KC,KC,PHI,0.5181860422607418,0.48181395773925817,0.49504950495049505,0.5495495495495496,0.4739134147382802,0.5260865852617197,102.0,-122.0,True,False,False,KC,PHI,PHI,0.0,1.0,0.5181860422607418,0.5260865852617197,0.4739134147382802,0.04427262752246164,102.0,-1.0,-122.0,0.819672131147541,-0.3555333760902023,-1.5,1.1444666239097976,-3.0,-1.5
2025,2,2025_02_SEA_PIT,PIT,SEA,0.5361898090379953,0.4638101909620047,0.6575342465753424,0.38461538461538464,0.6309403437815976,0.3690596562184025,-192.0,160.0,True,True,True,PIT,PIT,SEA,0.0,0.0,0.5361898090379953,0.6309403437815976,0.6309403437815976,-0.09475053474360229,-192.0,-1.0,-192.0,-1.0,1.822719295654324,3.5,-1.677280704345676,-14.0,-17.5
2025,2,2025_02_SF_NO,NO,SF,0.3966982542790463,0.6033017457209537,0.4166666666666667,0.6240601503759399,0.4003612281757977,0.5996387718242023,140.0,-166.0,False,False,True,SF,SF,SF,1.0,1.0,0.6033017457209537,0.5996387718242023,0.5996387718242023,0.003662973896751409,-166.0,0.6024096385542168,-166.0,0.6024096385542168,-1.989519768012006,-3.0,1.010480231987994,-5.0,-2.0
2025,2,2025_02_TB_HOU,HOU,TB,0.4536886681285921,0.5463113318714079,0.574468085106383,0.4672897196261682,0.551441114716549,0.448558885283451,-135.0,114.0,False,True,False,TB,HOU,TB,1.0,0.0,0.5463113318714079,0.551441114716549,0.448558885283451,0.0977524465879569,114.0,1.1399999999999997,-135.0,-1.0,-0.1962485096623053,2.5,-2.6962485096623054,-1.0,-3.5
2025,2,2025_02_WAS_GB,GB,WAS,0.5856670345876405,0.41433296541235953,0.6491228070175439,0.3937007874015748,0.6224665518611737,0.3775334481388264,-185.0,154.0,True,True,True,GB,GB,GB,1.0,1.0,0.5856670345876405,0.6224665518611737,0.6224665518611737,-0.036799517273533255,-185.0,0.5405405405405406,-185.0,0.5405405405405406,1.659386925454695,3.5,-1.840613074545305,9.0,5.5
2025,3,2025_03_ARI_SF,SF,ARI,0.5918267577986882,0.4081732422013118,0.5555555555555556,0.4878048780487805,0.5324675324675325,0.4675324675324675,-125.0,105.0,True,True,True,SF,SF,SF,1.0,1.0,0.5918267577986882,0.5324675324675325,0.5324675324675325,0.059359225331155674,-125.0,0.8,-125.0,0.8,0.7064643256452288,1.5,-0.7935356743547712,1.0,-0.5
2025,3,2025_03_ATL_CAR,CAR,ATL,0.3246200312844628,0.6753799687155372,0.3508771929824561,0.6923076923076923,0.33635187580853815,0.6636481241914618,185.0,-225.0,False,False,True,ATL,ATL,CAR,0.0,0.0,0.6753799687155372,0.6636481241914618,0.6636481241914618,0.011731844524075385,-225.0,-1.0,-225.0,-1.0,-1.9346345878450864,-5.5,3.5653654121549136,30.0,35.5
2025,3,2025_03_CIN_MIN,MIN,CIN,0.4978678380620684,0.5021321619379315,0.6183206106870229,0.423728813559322,0.593369754159424,0.4066302458405761,-162.0,136.0,False,True,False,CIN,MIN,MIN,0.0,1.0,0.5021321619379315,0.593369754159424,0.4066302458405761,0.09550191609735542,136.0,-1.0,-162.0,0.617283950617284,1.585865449003441,3.0,-1.414134550996559,38.0,35.0
2025,3,2025_03_DAL_CHI,CHI,DAL,0.4420928242377097,0.5579071757622903,0.4878048780487805,0.5555555555555556,0.4675324675324675,0.5324675324675325,105.0,-125.0,False,False,True,DAL,DAL,CHI,0.0,0.0,0.5579071757622903,0.5324675324675325,0.5324675324675325,0.025439643294757786,-125.0,-1.0,-125.0,-1.0,-1.3193703085456527,-1.5,0.18062969145434726,17.0,18.5
2025,3,2025_03_DEN_LAC,LAC,DEN,0.5735874358090012,0.4264125641909988,0.6078431372549019,0.43478260869565216,0.5829926410466066,0.4170073589533933,-155.0,130.0,True,True,True,LAC,LAC,LAC,1.0,1.0,0.5735874358090012,0.5829926410466066,0.5829926410466066,-0.009405205237605463,-155.0,0.6451612903225805,-155.0,0.6451612903225805,1.7679913844503612,2.5,-0.7320086155496388,3.0,0.5
2025,3,2025_03_DET_BAL,BAL,DET,0.5159662936689333,0.4840337063310667,0.7101449275362319,0.3333333333333333,0.6805555555555556,0.3194444444444444,-245.0,200.0,True,True,True,BAL,BAL,DET,0.0,0.0,0.5159662936689333,0.6805555555555556,0.6805555555555556,-0.16458926188662226,-245.0,-1.0,-245.0,-1.0,3.3041073376727184,4.5,-1.1958926623272816,-8.0,-12.5
2025,3,2025_03_GB_CLE,CLE,GB,0.3514620778929367,0.6485379221070633,0.21739130434782608,0.8245614035087719,0.20863836017569545,0.7913616398243045,360.0,-470.0,False,False,True,GB,GB,CLE,0.0,0.0,0.6485379221070633,0.7913616398243045,0.7913616398243045,-0.14282371771724123,-470.0,-1.0,-470.0,-1.0,-5.534164499280039,-8.5,2.965835500719961,3.0,11.5
2025,3,2025_03_HOU_JAX,JAX,HOU,0.5243574143042802,0.4756425856957198,0.5555555555555556,0.4878048780487805,0.5324675324675325,0.4675324675324675,-125.0,105.0,True,True,True,JAX,JAX,JAX,1.0,1.0,0.5243574143042802,0.5324675324675325,0.5324675324675325,-0.008110118163252356,-125.0,0.8,-125.0,0.8,0.9505049715383568,1.5,-0.5494950284616432,7.0,5.5
2025,3,2025_03_IND_TEN,TEN,IND,0.3850978327229367,0.6149021672770634,0.3333333333333333,0.7101449275362319,0.3194444444444444,0.6805555555555556,200.0,-245.0,False,False,True,IND,IND,IND,1.0,1.0,0.6149021672770634,0.6805555555555556,0.6805555555555556,-0.06565338827849221,-245.0,0.40816326530612246,-245.0,0.40816326530612246,-3.74928407013698,-6.0,2.25071592986302,-21.0,-15.0
2025,3,2025_03_KC_NYG,NYG,KC,0.2972831744992612,0.7027168255007388,0.2777777777777778,0.7647058823529411,0.26645768025078376,0.7335423197492164,260.0,-325.0,False,False,True,KC,KC,KC,1.0,1.0,0.7027168255007388,0.7335423197492164,0.7335423197492164,-0.03082549424847758,-325.0,0.3076923076923077,-325.0,0.3076923076923077,-4.421045304781201,-6.0,1.5789546952187994,-13.0,-7.0
2025,3,2025_03_LA_PHI,PHI,LA,0.6212575877728387,0.3787424122271613,0.6644295302013423,0.3787878787878788,0.6369041816941223,0.3630958183058778,-198.0,164.0,True,True,True,PHI,PHI,PHI,1.0,1.0,0.6212575877728387,0.6369041816941223,0.6369041816941223,-0.015646593921283647,-198.0,0.5050505050505052,-198.0,0.5050505050505052,2.977332061961778,3.5,-0.522667938038222,7.0,3.5
2025,3,2025_03_LV_WAS,WAS,LV,0.4924626460416689,0.5075373539583311,0.6078431372549019,0.43478260869565216,0.5829926410466066,0.4170073589533933,-155.0,130.0,False,True,False,LV,WAS,WAS,0.0,1.0,0.5075373539583311,0.5829926410466066,0.4170073589533933,0.0905299950049378,130.0,-1.0,-155.0,0.6451612903225805,1.3086791349164326,2.5,-1.1913208650835674,17.0,14.5
2025,3,2025_03_MIA_BUF,BUF,MIA,0.7539566777719351,0.2460433222280649,0.8888888888888888,0.15384615384615385,0.8524590163934427,0.1475409836065574,-800.0,550.0,True,True,True,BUF,BUF,BUF,1.0,1.0,0.7539566777719351,0.8524590163934427,0.8524590163934427,-0.09850233862150759,-800.0,0.125,-800.0,0.125,8.250914256759259,12.5,-4.249085743240741,10.0,-2.5
2025,3,2025_03_NO_SEA,SEA,NO,0.6223389218921542,0.37766107810784577,0.7894736842105263,0.25316455696202533,0.7571884984025559,0.2428115015974441,-375.0,295.0,True,True,True,SEA,SEA,SEA,1.0,1.0,0.6223389218921542,0.7571884984025559,0.7571884984025559,-0.13484957651040164,-375.0,0.2666666666666666,-375.0,0.2666666666666666,3.5654201621487163,7.5,-3.9345798378512837,31.0,23.5
2025,3,2025_03_NYJ_TB,TB,NYJ,0.6782034198951978,0.32179658010480217,0.7752808988764045,0.26666666666666666,0.7440690150970525,0.2559309849029475,-345.0,275.0,True,True,True,TB,TB,TB,1.0,1.0,0.6782034198951978,0.7440690150970525,0.7440690150970525,-0.06586559520185464,-345.0,0.28985507246376807,-345.0,0.28985507246376807,6.280917057332241,6.5,-0.21908294266775918,2.0,-4.5
2025,3,2025_03_PIT_NE,NE,PIT,0.5439601560874816,0.4560398439125184,0.5,0.5454545454545454,0.4782608695652174,0.5217391304347826,100.0,-120.0,True,False,False,NE,PIT,PIT,0.0,1.0,0.5439601560874816,0.5217391304347826,0.4782608695652174,0.0656992865222642,100.0,-1.0,-120.0,0.8333333333333335,-0.3007819564577212,-1.5,1.1992180435422788,-7.0,-5.5
2025,4,2025_04_BAL_KC,KC,BAL,0.5265535367285932,0.4734464632714068,0.44642857142857145,0.5967741935483871,0.42794036443953615,0.5720596355604638,124.0,-148.0,True,False,False,KC,BAL,KC,1.0,0.0,0.5265535367285932,0.5720596355604638,0.42794036443953615,0.09861317228905703,124.0,1.2400000000000002,-148.0,-1.0,-1.4015629192847832,-2.5,1.0984370807152168,17.0,19.5
2025,4,2025_04_CAR_NE,NE,CAR,0.6345554774663462,0.3654445225336538,0.726027397260274,0.31746031746031744,0.6957699520733487,0.30423004792665137,-265.0,215.0,True,True,True,NE,NE,NE,1.0,1.0,0.6345554774663462,0.6957699520733487,0.6957699520733487,-0.06121447460700247,-265.0,0.37735849056603765,-265.0,0.37735849056603765,2.236194023319205,5.5,-3.263805976680795,29.0,23.5
2025,4,2025_04_CHI_LV,LV,CHI,0.4294008186612998,0.5705991813387001,0.5555555555555556,0.4878048780487805,0.5324675324675325,0.4675324675324675,-125.0,105.0,False,True,False,CHI,LV,CHI,1.0,0.0,0.5705991813387001,0.5324675324675325,0.4675324675324675,0.10306671380623261,105.0,1.0499999999999998,-125.0,-1.0,-0.9388420512482526,1.5,-2.4388420512482525,-1.0,-2.5
2025,4,2025_04_CIN_DEN,DEN,CIN,0.6752359315993646,0.32476406840063543,0.8245614035087719,0.21739130434782608,0.7913616398243045,0.20863836017569545,-470.0,360.0,True,True,True,DEN,DEN,DEN,1.0,1.0,0.6752359315993646,0.7913616398243045,0.7913616398243045,-0.11612570822493995,-470.0,0.2127659574468086,-470.0,0.2127659574468086,4.4123472098788215,7.5,-3.0876527901211785,25.0,17.5
2025,4,2025_04_CLE_DET,DET,CLE,0.7454911569513769,0.2545088430486231,0.8461538461538461,0.19607843137254902,0.8118668596237336,0.18813314037626627,-550.0,410.0,True,True,True,DET,DET,DET,1.0,1.0,0.7454911569513769,0.8118668596237336,0.8118668596237336,-0.0663757026723567,-550.0,0.18181818181818188,-550.0,0.18181818181818188,6.713605791518173,10.0,-3.286394208481827,24.0,14.0
2025,4,2025_04_IND_LA,LA,IND,0.6066581166968095,0.39334188330319053,0.6491228070175439,0.3937007874015748,0.6224665518611737,0.3775334481388264,-185.0,154.0,True,True,True,LA,LA,LA,1.0,1.0,0.6066581166968095,0.6224665518611737,0.6224665518611737,-0.015808435164364254,-185.0,0.5405405405405406,-185.0,0.5405405405405406,1.9183094561452303,3.5,-1.5816905438547697,7.0,3.5
2025,4,2025_04_JAX_SF,SF,JAX,0.5622832119361215,0.4377167880638785,0.6428571428571429,0.4,0.6164383561643836,0.3835616438356164,-180.0,150.0,True,True,True,SF,SF,JAX,0.0,0.0,0.5622832119361215,0.6164383561643836,0.6164383561643836,-0.054155144228262064,-180.0,-1.0,-180.0,-1.0,2.17825935511738,3.5,-1.3217406448826199,-5.0,-8.5
2025,4,2025_04_LAC_NYG,NYG,LAC,0.2863506541505859,0.7136493458494141,0.30303030303030304,0.7402597402597403,0.2904564315352697,0.7095435684647302,230.0,-285.0,False,False,True,LAC,LAC,NYG,0.0,0.0,0.7136493458494141,0.7095435684647302,0.7095435684647302,0.004105777384683873,-285.0,-1.0,-285.0,-1.0,-5.652499211783271,-6.0,0.34750078821672936,3.0,9.0
2025,4,2025_04_MIN_PIT,PIT,MIN,0.4760291349040936,0.5239708650959064,0.44642857142857145,0.5967741935483871,0.42794036443953615,0.5720596355604638,124.0,-148.0,False,False,True,MIN,MIN,PIT,0.0,0.0,0.5239708650959064,0.5720596355604638,0.5720596355604638,-0.048088770464557395,-148.0,-1.0,-148.0,-1.0,0.2330633676840387,-2.5,2.733063367684039,3.0,5.5
2025,4,2025_04_NO_BUF,BUF,NO,0.790890323116366,0.20910967688363402,0.9310344827586207,0.1111111111111111,0.8933823529411765,0.10661764705882354,-1350.0,800.0,True,True,True,BUF,BUF,BUF,1.0,1.0,0.790890323116366,0.8933823529411765,0.8933823529411765,-0.10249202982481054,-1350.0,0.07407407407407396,-1350.0,0.07407407407407396,8.942080254086266,15.5,-6.557919745913734,12.0,-3.5
2025,4,2025_04_NYJ_MIA,MIA,NYJ,0.4947911655340895,0.5052088344659105,0.5967741935483871,0.44642857142857145,0.5720596355604638,0.42794036443953615,-148.0,124.0,False,True,False,NYJ,MIA,MIA,0.0,1.0,0.5052088344659105,0.5720596355604638,0.42794036443953615,0.07726847002637433,124.0,-1.0,-148.0,0.6756756756756757,0.0125687636615753,2.5,-2.487431236338425,6.0,3.5
2025,4,2025_04_PHI_TB,TB,PHI,0.4044484029326936,0.5955515970673064,0.3937007874015748,0.6491228070175439,0.3775334481388264,0.6224665518611737,154.0,-185.0,False,False,True,PHI,PHI,PHI,1.0,1.0,0.5955515970673064,0.6224665518611737,0.6224665518611737,-0.026914954793867296,-185.0,0.5405405405405406,-185.0,0.5405405405405406,-1.8421534073609127,-3.5,1.6578465926390873,-6.0,-2.5
2025,4,2025_04_SEA_ARI,ARI,SEA,0.3963848912890669,0.6036151087109332,0.4878048780487805,0.5555555555555556,0.4675324675324675,0.5324675324675325,105.0,-125.0,False,False,True,SEA,SEA,SEA,1.0,1.0,0.6036151087109332,0.5324675324675325,0.5324675324675325,0.07114757624340062,-125.0,0.8,-125.0,0.8,-1.4855108406654391,-1.5,0.014489159334560853,-3.0,-1.5
2025,4,2025_04_TEN_HOU,HOU,TEN,0.6773685229165906,0.32263147708340945,0.8148148148148148,0.22727272727272727,0.7819063004846527,0.21809369951534735,-440.0,340.0,True,True,True,HOU,HOU,HOU,1.0,1.0,0.6773685229165906,0.7819063004846527,0.7819063004846527,-0.10453777756806215,-440.0,0.2272727272727273,-440.0,0.2272727272727273,4.359852290776339,7.5,-3.140147709223661,26.0,18.5
2025,4,2025_04_WAS_ATL,ATL,WAS,0.4902927409500933,0.5097072590499068,0.5867768595041323,0.45454545454545453,0.5634920634920635,0.43650793650793646,-142.0,120.0,False,True,False,WAS,ATL,ATL,0.0,1.0,0.5097072590499068,0.5634920634920635,0.43650793650793646,0.07319932254197031,120.0,-1.0,-142.0,0.704225352112676,-1.8289993715931792,2.5,-4.328999371593179,7.0,4.5
2025,5,2025_05_DAL_NYJ,NYJ,DAL,0.4962346304543249,0.5037653695456751,0.5348837209302325,0.5121951219512195,0.5108342361863488,0.4891657638136511,-115.0,-105.0,False,True,False,DAL,NYJ,DAL,1.0,0.0,0.5037653695456751,0.5108342361863488,0.4891657638136511,0.014599605732023957,-105.0,0.9523809523809523,-115.0,-1.0,-0.3851805070209578,1.5,-1.8851805070209577,-15.0,-16.5
2025,5,2025_05_DEN_PHI,PHI,DEN,0.5014940768984987,0.4985059231015013,0.6855345911949685,0.35714285714285715,0.6574752261956054,0.34252477380439467,-218.0,180.0,True,True,True,PHI,PHI,DEN,0.0,0.0,0.5014940768984987,0.6574752261956054,0.6574752261956054,-0.1559811492971067,-218.0,-1.0,-218.0,-1.0,1.721965797925274,3.5,-1.778034202074726,-4.0,-7.5
2025,5,2025_05_DET_CIN,CIN,DET,0.3609355691690654,0.6390644308309346,0.19047619047619047,0.8518518518518519,0.18274111675126903,0.817258883248731,425.0,-575.0,False,False,True,DET,DET,DET,1.0,1.0,0.6390644308309346,0.817258883248731,0.817258883248731,-0.1781944524177964,-575.0,0.17391304347826075,-575.0,0.17391304347826075,-5.288396075524431,-10.5,5.211603924475569,-13.0,-2.5
2025,5,2025_05_HOU_BAL,BAL,HOU,0.4103975217324621,0.589602478267538,0.44642857142857145,0.5967741935483871,0.42794036443953615,0.5720596355604638,124.0,-148.0,False,False,True,HOU,HOU,HOU,1.0,1.0,0.589602478267538,0.5720596355604638,0.5720596355604638,0.01754284270707418,-148.0,0.6756756756756757,-148.0,0.6756756756756757,-0.9541349131056984,-2.5,1.5458650868943016,-34.0,-31.5
2025,5,2025_05_KC_JAX,JAX,KC,0.3475377550781027,0.6524622449218973,0.3787878787878788,0.6644295302013423,0.3630958183058778,0.6369041816941223,164.0,-198.0,False,False,True,KC,KC,JAX,0.0,0.0,0.6524622449218973,0.6369041816941223,0.6369041816941223,0.015558063227774976,-198.0,-1.0,-198.0,-1.0,-2.7400183844104298,-3.5,0.7599816155895702,3.0,6.5
2025,5,2025_05_LV_IND,IND,LV,0.6577178664716524,0.3422821335283476,0.782608695652174,0.2597402597402597,0.7508125677139762,0.2491874322860238,-360.0,285.0,True,True,True,IND,IND,IND,1.0,1.0,0.6577178664716524,0.7508125677139762,0.7508125677139762,-0.09309470124232377,-360.0,0.2777777777777777,-360.0,0.2777777777777777,2.426933901979713,7.0,-4.573066098020287,34.0,27.0
2025,5,2025_05_MIA_CAR,CAR,MIA,0.374306624652958,0.625693375347042,0.5,0.5454545454545454,0.4782608695652174,0.5217391304347826,100.0,-120.0,False,False,True,MIA,MIA,CAR,0.0,0.0,0.625693375347042,0.5217391304347826,0.5217391304347826,0.10395424491225935,-120.0,-1.0,-120.0,-1.0,-1.680461483300736,-1.5,-0.18046148330073608,3.0,4.5
2025,5,2025_05_MIN_CLE,CLE,MIN,0.3751286183586161,0.6248713816413839,0.3787878787878788,0.6644295302013423,0.3630958183058778,0.6369041816941223,164.0,-198.0,False,False,True,MIN,MIN,MIN,1.0,1.0,0.6248713816413839,0.6369041816941223,0.6369041816941223,-0.012032800052738435,-198.0,0.5050505050505052,-198.0,0.5050505050505052,-3.0312460635702365,-3.5,0.4687539364297635,-4.0,-0.5
2025,5,2025_05_NE_BUF,BUF,NE,0.6389543874428496,0.3610456125571504,0.797979797979798,0.24390243902439024,0.7659021045164341,0.23409789548356585,-395.0,310.0,True,True,True,BUF,BUF,NE,0.0,0.0,0.6389543874428496,0.7659021045164341,0.7659021045164341,-0.12694771707358454,-395.0,-1.0,-395.0,-1.0,4.798917699752577,7.5,-2.701082300247423,-3.0,-10.5
2025,5,2025_05_NYG_NO,NO,NYG,0.3911455146522314,0.6088544853477686,0.5454545454545454,0.5,0.5217391304347826,0.4782608695652174,-120.0,100.0,False,True,False,NYG,NO,NO,0.0,1.0,0.6088544853477686,0.5217391304347826,0.4782608695652174,0.13059361578255124,100.0,-1.0,-120.0,0.8333333333333335,-1.4383197139341588,1.5,-2.938319713934159,12.0,10.5
2025,5,2025_05_SF_LA,LA,SF,0.6806937594205944,0.3193062405794056,0.8148148148148148,0.22727272727272727,0.7819063004846527,0.21809369951534735,-440.0,340.0,True,True,True,LA,LA,SF,0.0,0.0,0.6806937594205944,0.7819063004846527,0.7819063004846527,-0.1012125410640583,-440.0,-1.0,-440.0,-1.0,3.5191225059920783,8.5,-4.980877494007922,-3.0,-11.5
2025,5,2025_05_TB_SEA,SEA,TB,0.4347958559488681,0.565204144051132,0.6428571428571429,0.4,0.6164383561643836,0.3835616438356164,-180.0,150.0,False,True,False,TB,SEA,TB,1.0,0.0,0.565204144051132,0.6164383561643836,0.3835616438356164,0.18164250021551553,150.0,1.5,-180.0,-1.0,0.6387757356607044,3.5,-2.8612242643392953,-3.0,-6.5
2025,5,2025_05_TEN_ARI,ARI,TEN,0.7225733114629795,0.27742668853702046,0.8095238095238095,0.23255813953488372,0.7768331562167907,0.22316684378320936,-425.0,330.0,True,True,True,ARI,ARI,TEN,0.0,0.0,0.7225733114629795,0.7768331562167907,0.7768331562167907,-0.05425984475381118,-425.0,-1.0,-425.0,-1.0,5.596863156180793,7.5,-1.9031368438192073,-1.0,-8.5
2025,5,2025_05_WAS_LAC,LAC,WAS,0.5136903910139983,0.48630960898600173,0.6078431372549019,0.43478260869565216,0.5829926410466066,0.4170073589533933,-155.0,130.0,True,True,True,LAC,LAC,WAS,0.0,0.0,0.5136903910139983,0.5829926410466066,0.5829926410466066,-0.06930225003260837,-155.0,-1.0,-155.0,-1.0,-0.5963438346682584,2.5,-3.096343834668258,-17.0,-19.5
2025,6,2025_06_ARI_IND,IND,ARI,0.7097718455654228,0.29022815443457717,0.8245614035087719,0.21739130434782608,0.7913616398243045,0.20863836017569545,-470.0,360.0,True,True,True,IND,IND,IND,1.0,1.0,0.7097718455654228,0.7913616398243045,0.7913616398243045,-0.08158979425888169,-470.0,0.2127659574468086,-470.0,0.2127659574468086,4.24547032641404,8.5,-4.25452967358596,4.0,-4.5
2025,6,2025_06_BUF_ATL,ATL,BUF,0.4179388330106801,0.5820611669893199,0.37037037037037035,0.6721311475409836,0.35527082119976705,0.644729178800233,170.0,-205.0,False,False,True,BUF,BUF,ATL,0.0,0.0,0.5820611669893199,0.644729178800233,0.644729178800233,-0.06266801181091308,-205.0,-1.0,-205.0,-1.0,-1.3610347083310947,-3.5,2.1389652916689053,10.0,13.5
2025,6,2025_06_CHI_WAS,WAS,CHI,0.5677847290586292,0.4322152709413708,0.7206703910614525,0.3225806451612903,0.690792883054068,0.30920711694593195,-258.0,210.0,True,True,True,WAS,WAS,CHI,0.0,0.0,0.5677847290586292,0.690792883054068,0.690792883054068,-0.12300815399543885,-258.0,-1.0,-258.0,-1.0,2.556847742601485,5.5,-2.943152257398515,-1.0,-6.5
2025,6,2025_06_CIN_GB,GB,CIN,0.7828651321383411,0.21713486786165892,0.9090909090909091,0.13333333333333333,0.8720930232558138,0.12790697674418605,-1000.0,650.0,True,True,True,GB,GB,GB,1.0,1.0,0.7828651321383411,0.8720930232558138,0.8720930232558138,-0.08922789111747276,-1000.0,0.10000000000000009,-1000.0,0.10000000000000009,8.886028563239377,14.0,-5.1139714367606235,9.0,-5.0
2025,6,2025_06_CLE_PIT,PIT,CLE,0.7317592228794358,0.26824077712056416,0.7354497354497355,0.3076923076923077,0.705033164260632,0.2949668357393679,-278.0,225.0,True,True,True,PIT,PIT,PIT,1.0,1.0,0.7317592228794358,0.705033164260632,0.705033164260632,0.02672605861880384,-278.0,0.3597122302158273,-278.0,0.3597122302158273,4.663543928090806,5.5,-0.8364560719091942,14.0,8.5
2025,6,2025_06_DAL_CAR,CAR,DAL,0.352978134746533,0.6470218652534669,0.40816326530612246,0.6363636363636364,0.39076376554174075,0.6092362344582594,145.0,-175.0,False,False,True,DAL,DAL,CAR,0.0,0.0,0.6470218652534669,0.6092362344582594,0.6092362344582594,0.03778563079520758,-175.0,-1.0,-175.0,-1.0,-1.1850495791671534,-3.0,1.8149504208328466,3.0,6.0
2025,6,2025_06_DEN_NYJ,NYJ,DEN,0.3871833515524112,0.6128166484475888,0.24390243902439024,0.797979797979798,0.23409789548356585,0.7659021045164341,310.0,-395.0,False,False,True,DEN,DEN,DEN,1.0,1.0,0.6128166484475888,0.7659021045164341,0.7659021045164341,-0.15308545606884538,-395.0,0.25316455696202533,-395.0,0.25316455696202533,-3.2221033978980453,-7.5,4.277896602101954,-2.0,5.5
2025,6,2025_06_DET_KC,KC,DET,0.5644533386767525,0.4355466613232475,0.5867768595041323,0.45454545454545453,0.5634920634920635,0.43650793650793646,-142.0,120.0,True,True,True,KC,KC,KC,1.0,1.0,0.5644533386767525,0.5634920634920635,0.5634920634920635,0.0009612751846890255,-142.0,0.704225352112676,-142.0,0.704225352112676,1.5425727918577017,2.5,-0.9574272081422983,13.0,10.5
2025,6,2025_06_LAC_MIA,MIA,LAC,0.4107697310100312,0.5892302689899688,0.37037037037037035,0.6721311475409836,0.35527082119976705,0.644729178800233,170.0,-205.0,False,False,True,LAC,LAC,LAC,1.0,1.0,0.5892302689899688,0.644729178800233,0.644729178800233,-0.055498909810264174,-205.0,0.4878048780487805,-205.0,0.4878048780487805,-2.1957436572935203,-3.5,1.3042563427064797,-2.0,1.5
2025,6,2025_06_LA_BAL,BAL,LA,0.3424824794860515,0.6575175205139485,0.2631578947368421,0.7802197802197802,0.2522172949002217,0.7477827050997783,280.0,-355.0,False,False,True,LA,LA,LA,1.0,1.0,0.6575175205139485,0.7477827050997783,0.7477827050997783,-0.09026518458582977,-355.0,0.2816901408450705,-355.0,0.2816901408450705,-4.654145825701521,-7.0,2.345854174298479,-14.0,-7.0
2025,6,2025_06_NE_NO,NO,NE,0.501240250705458,0.49875974929454203,0.38461538461538464,0.6575342465753424,0.3690596562184025,0.6309403437815976,160.0,-192.0,True,False,False,NO,NE,NE,0.0,1.0,0.501240250705458,0.6309403437815976,0.3690596562184025,0.1321805944870555,160.0,-1.0,-192.0,0.5208333333333335,-0.4636396301540044,-3.5,3.0363603698459958,-6.0,-2.5
2025,6,2025_06_PHI_NYG,NYG,PHI,0.3135092481195742,0.6864907518804257,0.24390243902439024,0.797979797979798,0.23409789548356585,0.7659021045164341,310.0,-395.0,False,False,True,PHI,PHI,NYG,0.0,0.0,0.6864907518804257,0.7659021045164341,0.7659021045164341,-0.0794113526360084,-395.0,-1.0,-395.0,-1.0,-4.044837480267013,-7.0,2.955162519732987,17.0,24.0
2025,6,2025_06_SEA_JAX,JAX,SEA,0.3727097122980238,0.6272902877019761,0.5121951219512195,0.5348837209302325,0.4891657638136511,0.5108342361863488,-105.0,-115.0,False,False,True,SEA,SEA,SEA,1.0,1.0,0.6272902877019761,0.5108342361863488,0.5108342361863488,0.11645605151562732,-115.0,0.8695652173913042,-115.0,0.8695652173913042,-2.17214135133644,-1.5,-0.6721413513364398,-8.0,-6.5
2025,6,2025_06_SF_TB,TB,SF,0.5904578181908202,0.4095421818091798,0.6575342465753424,0.38461538461538464,0.6309403437815976,0.3690596562184025,-192.0,160.0,True,True,True,TB,TB,TB,1.0,1.0,0.5904578181908202,0.6309403437815976,0.6309403437815976,-0.04048252559077736,-192.0,0.5208333333333335,-192.0,0.5208333333333335,2.509991705647215,3.5,-0.9900082943527848,11.0,7.5
2025,6,2025_06_TEN_LV,LV,TEN,0.5721373659152631,0.4278626340847369,0.6491228070175439,0.3937007874015748,0.6224665518611737,0.3775334481388264,-185.0,154.0,True,True,True,LV,LV,LV,1.0,1.0,0.5721373659152631,0.6224665518611737,0.6224665518611737,-0.050329185945910626,-185.0,0.5405405405405406,-185.0,0.5405405405405406,2.041677087847786,3.5,-1.458322912152214,10.0,6.5
2025,7,2025_07_ATL_SF,SF,ATL,0.5540122474184912,0.4459877525815088,0.5348837209302325,0.5121951219512195,0.5108342361863488,0.4891657638136511,-115.0,-105.0,True,True,True,SF,SF,SF,1.0,1.0,0.5540122474184912,0.5108342361863488,0.5108342361863488,0.04317801123214238,-115.0,0.8695652173913042,-115.0,0.8695652173913042,0.8952505862685124,1.5,-0.6047494137314876,10.0,8.5
2025,7,2025_07_CAR_NYJ,NYJ,CAR,0.521823046112984,0.478176953887016,0.5283018867924528,0.5192307692307693,0.5043297540699688,0.4956702459300312,-112.0,-108.0,True,True,True,NYJ,NYJ,CAR,0.0,0.0,0.521823046112984,0.5043297540699688,0.5043297540699688,0.017493292043015196,-112.0,-1.0,-112.0,-1.0,0.9627033582923984,1.5,-0.5372966417076016,-7.0,-8.5
2025,7,2025_07_GB_ARI,ARI,GB,0.3370723940349885,0.6629276059650115,0.24390243902439024,0.797979797979798,0.23409789548356585,0.7659021045164341,310.0,-395.0,False,False,True,GB,GB,GB,1.0,1.0,0.6629276059650115,0.7659021045164341,0.7659021045164341,-0.1029744985514226,-395.0,0.25316455696202533,-395.0,0.25316455696202533,-5.279530330175501,-7.0,1.7204696698244986,-4.0,3.0
2025,7,2025_07_HOU_SEA,SEA,HOU,0.4852344731232111,0.5147655268767889,0.6240601503759399,0.4166666666666667,0.5996387718242023,0.4003612281757977,-166.0,140.0,False,True,False,HOU,SEA,SEA,0.0,1.0,0.5147655268767889,0.5996387718242023,0.4003612281757977,0.11440429870099117,140.0,-1.0,-166.0,0.6024096385542168,0.9928426819221288,3.0,-2.007157318077871,8.0,5.0
2025,7,2025_07_IND_LAC,LAC,IND,0.5709303976667593,0.42906960233324065,0.574468085106383,0.4672897196261682,0.551441114716549,0.448558885283451,-135.0,114.0,True,True,True,LAC,LAC,IND,0.0,0.0,0.5709303976667593,0.551441114716549,0.551441114716549,0.01948928295021035,-135.0,-1.0,-135.0,-1.0,0.3164649408887827,2.5,-2.1835350591112173,-14.0,-16.5
2025,7,2025_07_LA_JAX,JAX,LA,0.3118999724152839,0.6881000275847161,0.4166666666666667,0.6240601503759399,0.4003612281757977,0.5996387718242023,140.0,-166.0,False,False,True,LA,LA,LA,1.0,1.0,0.6881000275847161,0.5996387718242023,0.5996387718242023,0.08846125576051378,-166.0,0.6024096385542168,-166.0,0.6024096385542168,-2.957642169333196,-3.0,0.04235783066680421,-28.0,-25.0
2025,7,2025_07_LV_KC,KC,LV,0.7440306477550482,0.25596935224495176,0.9047619047619048,0.13793103448275862,0.8677165354330709,0.13228346456692913,-950.0,625.0,True,True,True,KC,KC,KC,1.0,1.0,0.7440306477550482,0.8677165354330709,0.8677165354330709,-0.12368588767802269,-950.0,0.10526315789473673,-950.0,0.10526315789473673,8.70637294505082,13.5,-4.79362705494918,31.0,17.5
2025,7,2025_07_MIA_CLE,CLE,MIA,0.4638931885706703,0.5361068114293297,0.5967741935483871,0.44642857142857145,0.5720596355604638,0.42794036443953615,-148.0,124.0,False,True,False,MIA,CLE,CLE,0.0,1.0,0.5361068114293297,0.5720596355604638,0.42794036443953615,0.10816644698979355,124.0,-1.0,-148.0,0.6756756756756757,0.3079362871907858,2.5,-2.1920637128092144,25.0,22.5
2025,7,2025_07_NE_TEN,TEN,NE,0.2869975332542925,0.7130024667457076,0.29850746268656714,0.7435897435897436,0.28644876973925815,0.7135512302607419,235.0,-290.0,False,False,True,NE,NE,NE,1.0,1.0,0.7130024667457076,0.7135512302607419,0.7135512302607419,-0.0005487635150343007,-290.0,0.3448275862068966,-290.0,0.3448275862068966,-4.358890620955909,-6.5,2.1411093790440914,-18.0,-11.5
2025,7,2025_07_NO_CHI,CHI,NO,0.6063529050936934,0.39364709490630656,0.6923076923076923,0.3508771929824561,0.6636481241914618,0.33635187580853815,-225.0,185.0,True,True,True,CHI,CHI,CHI,1.0,1.0,0.6063529050936934,0.6636481241914618,0.6636481241914618,-0.05729521909776836,-225.0,0.4444444444444444,-225.0,0.4444444444444444,2.7007450077003385,4.5,-1.7992549922996615,12.0,7.5
2025,7,2025_07_NYG_DEN,DEN,NYG,0.7188184813888557,0.28118151861114427,0.8095238095238095,0.23255813953488372,0.7768331562167907,0.22316684378320936,-425.0,330.0,True,True,True,DEN,DEN,DEN,1.0,1.0,0.7188184813888557,0.7768331562167907,0.7768331562167907,-0.05801467482793499,-425.0,0.23529411764705888,-425.0,0.23529411764705888,6.958979346024488,7.5,-0.5410206539755116,1.0,-6.5
2025,7,2025_07_PHI_MIN,MIN,PHI,0.407409376943141,0.592590623056859,0.44642857142857145,0.5967741935483871,0.42794036443953615,0.5720596355604638,124.0,-148.0,False,False,True,PHI,PHI,PHI,1.0,1.0,0.592590623056859,0.5720596355604638,0.5720596355604638,0.020530987496395148,-148.0,0.6756756756756757,-148.0,0.6756756756756757,-1.5785349801702653,-2.5,0.9214650198297347,-6.0,-3.5
2025,7,2025_07_PIT_CIN,CIN,PIT,0.2881522910494813,0.7118477089505186,0.3333333333333333,0.7101449275362319,0.3194444444444444,0.6805555555555556,200.0,-245.0,False,False,True,PIT,PIT,CIN,0.0,0.0,0.7118477089505186,0.6805555555555556,0.6805555555555556,0.03129215339496305,-245.0,-1.0,-245.0,-1.0,-4.582830615935831,-5.5,0.9171693840641693,2.0,7.5
2025,7,2025_07_TB_DET,DET,TB,0.6573673183249478,0.34263268167505223,0.7354497354497355,0.3076923076923077,0.705033164260632,0.2949668357393679,-278.0,225.0,True,True,True,DET,DET,DET,1.0,1.0,0.6573673183249478,0.705033164260632,0.705033164260632,-0.04766584593568424,-278.0,0.3597122302158273,-278.0,0.3597122302158273,2.8976300813616,6.0,-3.1023699186384,15.0,9.0
2025,7,2025_07_WAS_DAL,DAL,WAS,0.4538047491830874,0.5461952508169126,0.5555555555555556,0.4878048780487805,0.5324675324675325,0.4675324675324675,-125.0,105.0,False,True,False,WAS,DAL,DAL,0.0,1.0,0.5461952508169126,0.5324675324675325,0.4675324675324675,0.07866278328444504,105.0,-1.0,-125.0,0.8,-1.2416785699737003,1.5,-2.7416785699737005,22.0,20.5
2025,8,2025_08_BUF_CAR,CAR,BUF,0.3102716636386292,0.6897283363613709,0.24390243902439024,0.797979797979798,0.23409789548356585,0.7659021045164341,310.0,-395.0,False,False,True,BUF,BUF,BUF,1.0,1.0,0.6897283363613709,0.7659021045164341,0.7659021045164341,-0.07617376815506327,-395.0,0.25316455696202533,-395.0,0.25316455696202533,-3.3439080184946204,-7.0,3.6560919815053796,-31.0,-24.0
2025,8,2025_08_CHI_BAL,BAL,CHI,0.4997328440514931,0.5002671559485069,0.5967741935483871,0.44642857142857145,0.5720596355604638,0.42794036443953615,-148.0,124.0,False,True,False,CHI,BAL,BAL,0.0,1.0,0.5002671559485069,0.5720596355604638,0.42794036443953615,0.07232679150897076,124.0,-1.0,-148.0,0.6756756756756757,0.6069044735239317,2.5,-1.8930955264760683,14.0,11.5
2025,8,2025_08_CLE_NE,NE,CLE,0.689631967189283,0.310368032810717,0.7916666666666666,0.25,0.7600000000000001,0.24000000000000005,-380.0,300.0,True,True,True,NE,NE,NE,1.0,1.0,0.689631967189283,0.7600000000000001,0.7600000000000001,-0.07036803281071713,-380.0,0.26315789473684204,-380.0,0.26315789473684204,4.472239297888564,7.0,-2.5277607021114363,19.0,12.0
2025,8,2025_08_DAL_DEN,DEN,DAL,0.6016994877207407,0.39830051227925933,0.6575342465753424,0.38461538461538464,0.6309403437815976,0.3690596562184025,-192.0,160.0,True,True,True,DEN,DEN,DEN,1.0,1.0,0.6016994877207407,0.6309403437815976,0.6309403437815976,-0.029240856060856912,-192.0,0.5208333333333335,-192.0,0.5208333333333335,4.21016259134009,3.5,0.7101625913400902,20.0,16.5
2025,8,2025_08_GB_PIT,PIT,GB,0.39070680905837,0.6092931909416299,0.43478260869565216,0.6078431372549019,0.4170073589533933,0.5829926410466066,130.0,-155.0,False,False,True,GB,GB,GB,1.0,1.0,0.6092931909416299,0.5829926410466066,0.5829926410466066,0.026300549895023284,-155.0,0.6451612903225805,-155.0,0.6451612903225805,-2.1247308485054086,-3.0,0.8752691514945914,-10.0,-7.0
2025,8,2025_08_MIA_ATL,ATL,MIA,0.6431767420302648,0.35682325796973524,0.7802197802197802,0.2631578947368421,0.7477827050997783,0.2522172949002217,-355.0,280.0,True,True,True,ATL,ATL,MIA,0.0,0.0,0.6431767420302648,0.7477827050997783,0.7477827050997783,-0.10460596306951353,-355.0,-1.0,-355.0,-1.0,2.6497202735527634,7.0,-4.350279726447237,-24.0,-31.0
2025,8,2025_08_MIN_LAC,LAC,MIN,0.6077426382208806,0.3922573617791194,0.6296296296296297,0.4132231404958678,0.6037569709421778,0.3962430290578221,-170.0,142.0,True,True,True,LAC,LAC,LAC,1.0,1.0,0.6077426382208806,0.6037569709421778,0.6037569709421778,0.003985667278702754,-170.0,0.5882352941176472,-170.0,0.5882352941176472,2.6553360350518656,3.0,-0.34466396494813445,27.0,24.0
2025,8,2025_08_NYG_PHI,PHI,NYG,0.7032938616244073,0.2967061383755927,0.7916666666666666,0.25,0.7600000000000001,0.24000000000000005,-380.0,300.0,True,True,True,PHI,PHI,PHI,1.0,1.0,0.7032938616244073,0.7600000000000001,0.7600000000000001,-0.056706138375592796,-380.0,0.26315789473684204,-380.0,0.26315789473684204,5.344829638533913,7.0,-1.6551703614660873,18.0,11.0
2025,8,2025_08_NYJ_CIN,CIN,NYJ,0.6165039998773454,0.3834960001226546,0.7206703910614525,0.3225806451612903,0.690792883054068,0.30920711694593195,-258.0,210.0,True,True,True,CIN,CIN,NYJ,0.0,0.0,0.6165039998773454,0.690792883054068,0.690792883054068,-0.07428888317672266,-258.0,-1.0,-258.0,-1.0,3.285484714961568,5.5,-2.214515285038432,-1.0,-6.5
2025,8,2025_08_SF_HOU,HOU,SF,0.5461095210028856,0.45389047899711443,0.6078431372549019,0.43478260869565216,0.5829926410466066,0.4170073589533933,-155.0,130.0,True,True,True,HOU,HOU,HOU,1.0,1.0,0.5461095210028856,0.5829926410466066,0.5829926410466066,-0.036883120043721074,-155.0,0.6451612903225805,-155.0,0.6451612903225805,0.966212277926527,2.5,-1.533787722073473,11.0,8.5
2025,8,2025_08_TB_NO,NO,TB,0.3267659857101416,0.6732340142898584,0.35714285714285715,0.6855345911949685,0.34252477380439467,0.6574752261956054,180.0,-218.0,False,False,True,TB,TB,TB,1.0,1.0,0.6732340142898584,0.6574752261956054,0.6574752261956054,0.015758788094253018,-218.0,0.45871559633027514,-218.0,0.45871559633027514,-1.3061783660281596,-4.5,3.19382163397184,-20.0,-15.5
2025,8,2025_08_TEN_IND,IND,TEN,0.7805908780773471,0.21940912192265294,0.9428571428571428,0.09523809523809523,0.9082568807339451,0.09174311926605505,-1650.0,950.0,True,True,True,IND,IND,IND,1.0,1.0,0.7805908780773471,0.9082568807339451,0.9082568807339451,-0.127666002656598,-1650.0,0.06060606060606055,-1650.0,0.06060606060606055,6.725169917536573,15.5,-8.774830082463428,24.0,8.5
2025,8,2025_08_WAS_KC,KC,WAS,0.7718039033333891,0.2281960966666109,0.875,0.16666666666666666,0.84,0.15999999999999998,-700.0,500.0,True,True,True,KC,KC,KC,1.0,1.0,0.7718039033333891,0.84,0.84,-0.06819609666661086,-700.0,0.1428571428571428,-700.0,0.1428571428571428,8.329793557995965,10.5,-2.1702064420040355,21.0,10.5
2025,9,2025_09_ARI_DAL,DAL,ARI,0.6492014649094553,0.3507985350905447,0.6363636363636364,0.40816326530612246,0.6092362344582594,0.39076376554174075,-175.0,145.0,True,True,True,DAL,DAL,ARI,0.0,0.0,0.6492014649094553,0.6092362344582594,0.6092362344582594,0.03996523045119593,-175.0,-1.0,-175.0,-1.0,1.8429674740148867,3.5,-1.6570325259851133,-10.0,-13.5
2025,9,2025_09_ATL_NE,NE,ATL,0.6595620381659915,0.34043796183400854,0.7142857142857143,0.32786885245901637,0.6853932584269663,0.31460674157303364,-250.0,205.0,True,True,True,NE,NE,NE,1.0,1.0,0.6595620381659915,0.6853932584269663,0.6853932584269663,-0.02583122026097484,-250.0,0.3999999999999999,-250.0,0.3999999999999999,5.656820140732657,5.5,0.15682014073265726,1.0,-4.5
2025,9,2025_09_BAL_MIA,MIA,BAL,0.2942122540028737,0.7057877459971262,0.2222222222222222,0.8198198198198198,0.2132564841498559,0.7867435158501441,350.0,-455.0,False,False,True,BAL,BAL,BAL,1.0,1.0,0.7057877459971262,0.7867435158501441,0.7867435158501441,-0.08095576985301789,-455.0,0.2197802197802199,-455.0,0.2197802197802199,-3.958629315121149,-7.5,3.541370684878851,-22.0,-14.5
2025,9,2025_09_CAR_GB,GB,CAR,0.7599663113668709,0.24003368863312913,0.9090909090909091,0.13333333333333333,0.8720930232558138,0.12790697674418605,-1000.0,650.0,True,True,True,GB,GB,CAR,0.0,0.0,0.7599663113668709,0.8720930232558138,0.8720930232558138,-0.11212671188894296,-1000.0,-1.0,-1000.0,-1.0,8.865026603071685,12.5,-3.6349733969283147,-3.0,-15.5
2025,9,2025_09_CHI_CIN,CIN,CHI,0.5111250379654886,0.4888749620345114,0.423728813559322,0.6183206106870229,0.4066302458405761,0.593369754159424,136.0,-162.0,True,False,False,CIN,CHI,CHI,0.0,1.0,0.5111250379654886,0.593369754159424,0.4066302458405761,0.10449479212491247,136.0,-1.0,-162.0,0.617283950617284,-0.5686035287355158,-3.0,2.431396471264484,-5.0,-2.0
2025,9,2025_09_DEN_HOU,HOU,DEN,0.5476933640827389,0.45230663591726106,0.5555555555555556,0.4878048780487805,0.5324675324675325,0.4675324675324675,-125.0,105.0,True,True,True,HOU,HOU,DEN,0.0,0.0,0.5476933640827389,0.5324675324675325,0.5324675324675325,0.015225831615206409,-125.0,-1.0,-125.0,-1.0,0.4736015991178972,1.5,-1.0263984008821028,-3.0,-4.5
2025,9,2025_09_IND_PIT,PIT,IND,0.4337747098407372,0.5662252901592628,0.3937007874015748,0.6491228070175439,0.3775334481388264,0.6224665518611737,154.0,-185.0,False,False,True,IND,IND,PIT,0.0,0.0,0.5662252901592628,0.6224665518611737,0.6224665518611737,-0.056241261701910905,-185.0,-1.0,-185.0,-1.0,0.1646161012150825,-3.5,3.6646161012150826,7.0,10.5
2025,9,2025_09_JAX_LV,LV,JAX,0.4842566652790927,0.5157433347209073,0.47619047619047616,0.5652173913043478,0.4572564612326044,0.5427435387673957,110.0,-130.0,False,False,True,JAX,JAX,JAX,1.0,1.0,0.5157433347209073,0.5427435387673957,0.5427435387673957,-0.027000204046488396,-130.0,0.7692307692307692,-130.0,0.7692307692307692,-1.710560560837166,-2.5,0.7894394391628341,-1.0,1.5
2025,9,2025_09_KC_BUF,BUF,KC,0.5525073394496963,0.4474926605503037,0.4672897196261682,0.574468085106383,0.448558885283451,0.551441114716549,114.0,-135.0,True,False,False,BUF,KC,BUF,1.0,0.0,0.5525073394496963,0.551441114716549,0.448558885283451,0.10394845416624532,114.0,1.1399999999999997,-135.0,-1.0,-0.9250603004489298,-2.5,1.57493969955107,7.0,9.5
2025,9,2025_09_LAC_TEN,TEN,LAC,0.3020488908031022,0.6979511091968977,0.17543859649122806,0.8666666666666667,0.16835016835016833,0.8316498316498315,470.0,-650.0,False,False,True,LAC,LAC,LAC,1.0,1.0,0.6979511091968977,0.8316498316498315,0.8316498316498315,-0.1336987224529338,-650.0,0.15384615384615374,-650.0,0.15384615384615374,-7.824590759646836,-10.0,2.175409240353164,-7.0,3.0
2025,9,2025_09_MIN_DET,DET,MIN,0.7352615121670449,0.26473848783295506,0.8461538461538461,0.19607843137254902,0.8118668596237336,0.18813314037626627,-550.0,410.0,True,True,True,DET,DET,MIN,0.0,0.0,0.7352615121670449,0.8118668596237336,0.8118668596237336,-0.07660534745668868,-550.0,-1.0,-550.0,-1.0,5.371212401340251,9.5,-4.128787598659749,-3.0,-12.5
2025,9,2025_09_NO_LA,LA,NO,0.7817026525706813,0.21829734742931872,0.9230769230769231,0.11764705882352941,0.8869565217391304,0.11304347826086955,-1200.0,750.0,True,True,True,LA,LA,LA,1.0,1.0,0.7817026525706813,0.8869565217391304,0.8869565217391304,-0.10525386916844914,-1200.0,0.08333333333333326,-1200.0,0.08333333333333326,8.544616116712797,14.0,-5.455383883287203,24.0,10.0
2025,9,2025_09_SEA_WAS,WAS,SEA,0.3843882665242223,0.6156117334757777,0.44642857142857145,0.5967741935483871,0.42794036443953615,0.5720596355604638,124.0,-148.0,False,False,True,SEA,SEA,SEA,1.0,1.0,0.6156117334757777,0.5720596355604638,0.5720596355604638,0.04355209791531389,-148.0,0.6756756756756757,-148.0,0.6756756756756757,-1.2176945449432048,-2.5,1.2823054550567952,-24.0,-21.5
2025,9,2025_09_SF_NYG,NYG,SF,0.3953814097225483,0.6046185902774517,0.44642857142857145,0.5967741935483871,0.42794036443953615,0.5720596355604638,124.0,-148.0,False,False,True,SF,SF,SF,1.0,1.0,0.6046185902774517,0.5720596355604638,0.5720596355604638,0.03255895471698789,-148.0,0.6756756756756757,-148.0,0.6756756756756757,-2.4280846012333064,-2.5,0.07191539876669362,-10.0,-7.5
2025,10,2025_10_ARI_SEA,SEA,ARI,0.6821602990904376,0.3178397009095624,0.7727272727272727,0.2702702702702703,0.740871613663133,0.2591283863368669,-340.0,270.0,True,True,True,SEA,SEA,SEA,1.0,1.0,0.6821602990904376,0.740871613663133,0.740871613663133,-0.058711314572695406,-340.0,0.2941176470588236,-340.0,0.2941176470588236,3.6862688954465055,7.0,-3.3137311045534945,22.0,15.0
2025,10,2025_10_ATL_IND,IND,ATL,0.7116966335429046,0.2883033664570954,0.7560975609756098,0.2857142857142857,0.725752508361204,0.27424749163879597,-310.0,250.0,True,True,True,IND,IND,IND,1.0,1.0,0.7116966335429046,0.725752508361204,0.725752508361204,-0.014055874818299396,-310.0,0.32258064516129026,-310.0,0.32258064516129026,4.055923756690897,6.5,-2.4440762433091026,6.0,-0.5
2025,10,2025_10_BAL_MIN,MIN,BAL,0.3716738399179363,0.6283261600820638,0.3448275862068966,0.696969696969697,0.33099297893681046,0.6690070210631895,190.0,-230.0,False,False,True,BAL,BAL,BAL,1.0,1.0,0.6283261600820638,0.6690070210631895,0.6690070210631895,-0.04068086098112578,-230.0,0.4347826086956521,-230.0,0.4347826086956521,-2.221025389653628,-4.5,2.278974610346372,-8.0,-3.5
2025,10,2025_10_BUF_MIA,MIA,BUF,0.3829603218350476,0.6170396781649524,0.2222222222222222,0.8198198198198198,0.2132564841498559,0.7867435158501441,350.0,-455.0,False,False,True,BUF,BUF,MIA,0.0,0.0,0.6170396781649524,0.7867435158501441,0.7867435158501441,-0.1697038376851917,-455.0,-1.0,-455.0,-1.0,-2.626245158366136,-8.5,5.873754841633864,17.0,25.5
2025,10,2025_10_CLE_NYJ,NYJ,CLE,0.5451557476418161,0.45484425235818393,0.47619047619047616,0.5652173913043478,0.4572564612326044,0.5427435387673957,110.0,-130.0,True,False,False,NYJ,CLE,NYJ,1.0,0.0,0.5451557476418161,0.5427435387673957,0.4572564612326044,0.08789928640921169,110.0,1.1,-130.0,-1.0,0.5654358882216863,-1.5,2.0654358882216863,7.0,8.5
2025,10,2025_10_DET_WAS,WAS,DET,0.3310868360442379,0.6689131639557622,0.2222222222222222,0.8198198198198198,0.2132564841498559,0.7867435158501441,350.0,-455.0,False,False,True,DET,DET,DET,1.0,1.0,0.6689131639557622,0.7867435158501441,0.7867435158501441,-0.11783035189438196,-455.0,0.2197802197802199,-455.0,0.2197802197802199,-3.932967659717211,-8.5,4.567032340282789,-22.0,-13.5
2025,10,2025_10_JAX_HOU,HOU,JAX,0.3836802685309844,0.6163197314690156,0.5121951219512195,0.5348837209302325,0.4891657638136511,0.5108342361863488,-105.0,-115.0,False,False,True,JAX,JAX,HOU,0.0,0.0,0.6163197314690156,0.5108342361863488,0.5108342361863488,0.10548549528266682,-115.0,-1.0,-115.0,-1.0,-1.488915642476625,-1.5,0.011084357523375,7.0,8.5
2025,10,2025_10_LA_SF,SF,LA,0.3723043886516917,0.6276956113483083,0.3225806451612903,0.7206703910614525,0.30920711694593195,0.690792883054068,210.0,-258.0,False,False,True,LA,LA,LA,1.0,1.0,0.6276956113483083,0.690792883054068,0.690792883054068,-0.06309727170575974,-258.0,0.3875968992248062,-258.0,0.3875968992248062,-5.707633843961561,-5.5,-0.2076338439615606,-16.0,-10.5
2025,10,2025_10_LV_DEN,DEN,LV,0.7433580058742966,0.25664199412570343,0.8333333333333334,0.20833333333333334,0.7999999999999999,0.19999999999999998,-500.0,380.0,True,True,True,DEN,DEN,DEN,1.0,1.0,0.7433580058742966,0.7999999999999999,0.7999999999999999,-0.056641994125703365,-500.0,0.19999999999999996,-500.0,0.19999999999999996,4.73302941610633,9.5,-4.76697058389367,3.0,-6.5
2025,10,2025_10_NE_TB,TB,NE,0.6052558574915634,0.3947441425084366,0.5967741935483871,0.44642857142857145,0.5720596355604638,0.42794036443953615,-148.0,124.0,True,True,True,TB,TB,NE,0.0,0.0,0.6052558574915634,0.5720596355604638,0.5720596355604638,0.03319622193109961,-148.0,-1.0,-148.0,-1.0,1.7201794723451744,2.5,-0.7798205276548256,-5.0,-7.5
2025,10,2025_10_NO_CAR,CAR,NO,0.6574670761950793,0.34253292380492073,0.7101449275362319,0.3333333333333333,0.6805555555555556,0.3194444444444444,-245.0,200.0,True,True,True,CAR,CAR,NO,0.0,0.0,0.6574670761950793,0.6805555555555556,0.6805555555555556,-0.02308847936047631,-245.0,-1.0,-245.0,-1.0,3.952874408429565,5.5,-1.5471255915704352,-10.0,-15.5
2025,10,2025_10_NYG_CHI,CHI,NYG,0.718670374951788,0.281329625048212,0.6855345911949685,0.35714285714285715,0.6574752261956054,0.34252477380439467,-218.0,180.0,True,True,True,CHI,CHI,CHI,1.0,1.0,0.718670374951788,0.6574752261956054,0.6574752261956054,0.061195148756182594,-218.0,0.45871559633027514,-218.0,0.45871559633027514,5.338929750356667,4.5,0.8389297503566668,4.0,-0.5
2025,10,2025_10_PHI_GB,GB,PHI,0.4722587798617501,0.5277412201382499,0.5238095238095238,0.5238095238095238,0.5,0.5,-110.0,-110.0,False,True,False,PHI,GB,PHI,1.0,0.0,0.5277412201382499,0.5,0.5,0.027741220138249867,-110.0,0.9090909090909092,-110.0,-1.0,-0.561743666044846,1.5,-2.061743666044846,-3.0,-4.5
2025,10,2025_10_PIT_LAC,LAC,PIT,0.55582571139124,0.44417428860875996,0.6183206106870229,0.423728813559322,0.593369754159424,0.4066302458405761,-162.0,136.0,True,True,True,LAC,LAC,LAC,1.0,1.0,0.55582571139124,0.593369754159424,0.593369754159424,-0.037544042768183905,-162.0,0.617283950617284,-162.0,0.617283950617284,2.6731481114930284,3.0,-0.32685188850697156,15.0,12.0
2025,11,2025_11_BAL_CLE,CLE,BAL,0.3593387849507905,0.6406612150492095,0.22727272727272727,0.8148148148148148,0.21809369951534735,0.7819063004846527,340.0,-440.0,False,False,True,BAL,BAL,BAL,1.0,1.0,0.6406612150492095,0.7819063004846527,0.7819063004846527,-0.14124508543544323,-440.0,0.2272727272727273,-440.0,0.2272727272727273,-1.118372298849988,-7.5,6.381627701150012,-7.0,0.5
2025,11,2025_11_CAR_ATL,ATL,CAR,0.5631184317177385,0.43688156828226155,0.6855345911949685,0.35714285714285715,0.6574752261956054,0.34252477380439467,-218.0,180.0,True,True,True,ATL,ATL,CAR,0.0,0.0,0.5631184317177385,0.6574752261956054,0.6574752261956054,-0.09435679447786693,-218.0,-1.0,-218.0,-1.0,5.500716817197957,4.5,1.000716817197957,-3.0,-7.5
2025,11,2025_11_CHI_MIN,MIN,CHI,0.4722474186301092,0.5277525813698908,0.5967741935483871,0.44642857142857145,0.5720596355604638,0.42794036443953615,-148.0,124.0,False,True,False,CHI,MIN,CHI,1.0,0.0,0.5277525813698908,0.5720596355604638,0.42794036443953615,0.09981221693035464,124.0,1.2400000000000002,-148.0,-1.0,1.3215132481861616,3.0,-1.6784867518138384,-2.0,-5.0
2025,11,2025_11_CIN_PIT,PIT,CIN,0.6178350335149958,0.3821649664850042,0.7142857142857143,0.32786885245901637,0.6853932584269663,0.31460674157303364,-250.0,205.0,True,True,True,PIT,PIT,PIT,1.0,1.0,0.6178350335149958,0.6853932584269663,0.6853932584269663,-0.0675582249119705,-250.0,0.3999999999999999,-250.0,0.3999999999999999,0.560246392939172,5.5,-4.939753607060828,22.0,16.5
2025,11,2025_11_DAL_LV,LV,DAL,0.3620125429102656,0.6379874570897344,0.3787878787878788,0.6644295302013423,0.3630958183058778,0.6369041816941223,164.0,-198.0,False,False,True,DAL,DAL,DAL,1.0,1.0,0.6379874570897344,0.6369041816941223,0.6369041816941223,0.0010832753956120378,-198.0,0.5050505050505052,-198.0,0.5050505050505052,-4.144704091028244,-3.5,-0.6447040910282444,-17.0,-13.5
2025,11,2025_11_DET_PHI,PHI,DET,0.5038856126293918,0.4961143873706082,0.6078431372549019,0.43478260869565216,0.5829926410466066,0.4170073589533933,-155.0,130.0,True,True,True,PHI,PHI,PHI,1.0,1.0,0.5038856126293918,0.5829926410466066,0.5829926410466066,-0.07910702841721484,-155.0,0.6451612903225805,-155.0,0.6451612903225805,3.687057105629256,2.5,1.1870571056292558,7.0,4.5
2025,11,2025_11_GB_NYG,NYG,GB,0.3481302053858761,0.6518697946141239,0.22727272727272727,0.8148148148148148,0.21809369951534735,0.7819063004846527,340.0,-440.0,False,False,True,GB,GB,GB,1.0,1.0,0.6518697946141239,0.7819063004846527,0.7819063004846527,-0.13003650587052884,-440.0,0.2272727272727273,-440.0,0.2272727272727273,-3.365871617975332,-7.5,4.134128382024668,-7.0,0.5
2025,11,2025_11_HOU_TEN,TEN,HOU,0.3673563570320655,0.6326436429679345,0.31746031746031744,0.726027397260274,0.30423004792665137,0.6957699520733487,215.0,-265.0,False,False,True,HOU,HOU,HOU,1.0,1.0,0.6326436429679345,0.6957699520733487,0.6957699520733487,-0.06312630910541417,-265.0,0.37735849056603765,-265.0,0.37735849056603765,-3.796112077532032,-5.5,1.7038879224679682,-3.0,2.5
2025,11,2025_11_KC_DEN,DEN,KC,0.4367609824643479,0.5632390175356521,0.35714285714285715,0.6855345911949685,0.34252477380439467,0.6574752261956054,180.0,-218.0,False,False,True,KC,KC,DEN,0.0,0.0,0.5632390175356521,0.6574752261956054,0.6574752261956054,-0.0942362086599533,-218.0,-1.0,-218.0,-1.0,-1.3884260772420818,-3.5,2.111573922757918,3.0,6.5
2025,11,2025_11_LAC_JAX,JAX,LAC,0.4233071893759036,0.5766928106240964,0.43478260869565216,0.6078431372549019,0.4170073589533933,0.5829926410466066,130.0,-155.0,False,False,True,LAC,LAC,JAX,0.0,0.0,0.5766928106240964,0.5829926410466066,0.5829926410466066,-0.006299830422510255,-155.0,-1.0,-155.0,-1.0,-2.1357080724417536,-3.0,0.8642919275582464,29.0,32.0
2025,11,2025_11_NYJ_NE,NE,NYJ,0.7566649076137497,0.24333509238625028,0.9047619047619048,0.13793103448275862,0.8677165354330709,0.13228346456692913,-950.0,625.0,True,True,True,NE,NE,NE,1.0,1.0,0.7566649076137497,0.8677165354330709,0.8677165354330709,-0.11105162781932121,-950.0,0.10526315789473673,-950.0,0.10526315789473673,7.228872336613168,12.5,-5.271127663386832,13.0,0.5
2025,11,2025_11_SEA_LA,LA,SEA,0.4917617554725894,0.5082382445274106,0.6363636363636364,0.40816326530612246,0.6092362344582594,0.39076376554174075,-175.0,145.0,False,True,False,SEA,LA,LA,0.0,1.0,0.5082382445274106,0.6092362344582594,0.39076376554174075,0.11747447898566987,145.0,-1.0,-175.0,0.5714285714285714,2.2267929414675924,3.0,-0.7732070585324076,2.0,-1.0
2025,11,2025_11_SF_ARI,ARI,SF,0.3411465044963165,0.6588534955036836,0.38461538461538464,0.6575342465753424,0.3690596562184025,0.6309403437815976,160.0,-192.0,False,False,True,SF,SF,SF,1.0,1.0,0.6588534955036836,0.6309403437815976,0.6309403437815976,0.02791315172208597,-192.0,0.5208333333333335,-192.0,0.5208333333333335,-4.856730362932557,-3.5,-1.3567303629325567,-19.0,-15.5
2025,11,2025_11_TB_BUF,BUF,TB,0.6938094792836402,0.30619052071635977,0.7402597402597403,0.30303030303030304,0.7095435684647302,0.2904564315352697,-285.0,230.0,True,True,True,BUF,BUF,BUF,1.0,1.0,0.6938094792836402,0.7095435684647302,0.7095435684647302,-0.015734089181089983,-285.0,0.3508771929824561,-285.0,0.3508771929824561,4.524620916400861,6.0,-1.4753790835991394,12.0,6.0
2025,11,2025_11_WAS_MIA,MIA,WAS,0.538002677528919,0.46199732247108105,0.5967741935483871,0.44642857142857145,0.5720596355604638,0.42794036443953615,-148.0,124.0,True,True,True,MIA,MIA,MIA,1.0,1.0,0.538002677528919,0.5720596355604638,0.5720596355604638,-0.03405695803154485,-148.0,0.6756756756756757,-148.0,0.6756756756756757,0.7106595655965704,2.5,-1.7893404344034296,3.0,0.5
2025,12,2025_12_ATL_NO,NO,ATL,0.4568712811842116,0.5431287188157884,0.5495495495495496,0.49504950495049505,0.5260865852617197,0.4739134147382802,-122.0,102.0,False,True,False,ATL,NO,ATL,1.0,0.0,0.5431287188157884,0.5260865852617197,0.4739134147382802,0.0692153040775082,102.0,1.02,-122.0,-1.0,-0.8308230149427115,1.5,-2.3308230149427116,-14.0,-15.5
2025,12,2025_12_BUF_HOU,HOU,BUF,0.2892580525139069,0.7107419474860931,0.3225806451612903,0.7206703910614525,0.30920711694593195,0.690792883054068,210.0,-258.0,False,False,True,BUF,BUF,HOU,0.0,0.0,0.7107419474860931,0.690792883054068,0.690792883054068,0.019949064432025043,-258.0,-1.0,-258.0,-1.0,-5.162803428901505,-5.5,0.3371965710984952,4.0,9.5
2025,12,2025_12_CAR_SF,SF,CAR,0.7536978222857154,0.24630217771428464,0.797979797979798,0.24390243902439024,0.7659021045164341,0.23409789548356585,-395.0,310.0,True,True,True,SF,SF,SF,1.0,1.0,0.7536978222857154,0.7659021045164341,0.7659021045164341,-0.012204282230718788,-395.0,0.25316455696202533,-395.0,0.25316455696202533,6.064648656547046,7.5,-1.435351343452954,11.0,3.5
2025,12,2025_12_CLE_LV,LV,CLE,0.6010198251438201,0.39898017485617987,0.6183206106870229,0.423728813559322,0.593369754159424,0.4066302458405761,-162.0,136.0,True,True,True,LV,LV,CLE,0.0,0.0,0.6010198251438201,0.593369754159424,0.593369754159424,0.0076500709843961845,-162.0,-1.0,-162.0,-1.0,3.953349462822026,3.0,0.9533494628220258,-14.0,-17.0
2025,12,2025_12_IND_KC,KC,IND,0.5660131771752291,0.43398682282477086,0.6855345911949685,0.35714285714285715,0.6574752261956054,0.34252477380439467,-218.0,180.0,True,True,True,KC,KC,KC,1.0,1.0,0.5660131771752291,0.6574752261956054,0.6574752261956054,-0.09146204902037625,-218.0,0.45871559633027514,-218.0,0.45871559633027514,1.939225801226348,3.5,-1.560774198773652,3.0,-0.5
2025,12,2025_12_JAX_ARI,ARI,JAX,0.4616259931822867,0.5383740068177133,0.4672897196261682,0.574468085106383,0.448558885283451,0.551441114716549,114.0,-135.0,False,False,True,JAX,JAX,JAX,1.0,1.0,0.5383740068177133,0.551441114716549,0.551441114716549,-0.013067107898835695,-135.0,0.7407407407407407,-135.0,0.7407407407407407,0.0585604977770222,-2.5,2.558560497777022,-3.0,-0.5
2025,12,2025_12_MIN_GB,GB,MIN,0.6306210896337384,0.3693789103662616,0.7435897435897436,0.29850746268656714,0.7135512302607419,0.28644876973925815,-290.0,235.0,True,True,True,GB,GB,GB,1.0,1.0,0.6306210896337384,0.7135512302607419,0.7135512302607419,-0.08293014062700343,-290.0,0.3448275862068966,-290.0,0.3448275862068966,4.428984647195876,6.5,-2.0710153528041237,17.0,10.5
2025,12,2025_12_NE_CIN,CIN,NE,0.3482354080149888,0.6517645919850112,0.24390243902439024,0.797979797979798,0.23409789548356585,0.7659021045164341,310.0,-395.0,False,False,True,NE,NE,NE,1.0,1.0,0.6517645919850112,0.7659021045164341,0.7659021045164341,-0.1141375125314229,-395.0,0.25316455696202533,-395.0,0.25316455696202533,-6.367844288840397,-7.5,1.1321557111596032,-6.0,1.5
2025,12,2025_12_NYG_DET,DET,NYG,0.7437477820109015,0.2562522179890985,0.9130434782608695,0.12903225806451613,0.8761776581426649,0.12382234185733514,-1050.0,675.0,True,True,True,DET,DET,DET,1.0,1.0,0.7437477820109015,0.8761776581426649,0.8761776581426649,-0.13242987613176338,-1050.0,0.09523809523809534,-1050.0,0.09523809523809534,9.065996725083584,14.0,-4.9340032749164155,7.0,-7.0
2025,12,2025_12_NYJ_BAL,BAL,NYJ,0.7775007274846076,0.22249927251539237,0.9130434782608695,0.12903225806451613,0.8761776581426649,0.12382234185733514,-1050.0,675.0,True,True,True,BAL,BAL,BAL,1.0,1.0,0.7775007274846076,0.8761776581426649,0.8761776581426649,-0.09867693065805727,-1050.0,0.09523809523809534,-1050.0,0.09523809523809534,9.950855309635251,14.0,-4.0491446903647486,13.0,-1.0
2025,12,2025_12_PHI_DAL,DAL,PHI,0.4049380084590437,0.5950619915409563,0.423728813559322,0.6183206106870229,0.4066302458405761,0.593369754159424,136.0,-162.0,False,False,True,PHI,PHI,DAL,0.0,0.0,0.5950619915409563,0.593369754159424,0.593369754159424,0.0016922373815323466,-162.0,-1.0,-162.0,-1.0,0.3990418096149566,-3.0,3.399041809614957,3.0,6.0
2025,12,2025_12_PIT_CHI,CHI,PIT,0.550359353437379,0.44964064656262104,0.6078431372549019,0.43478260869565216,0.5829926410466066,0.4170073589533933,-155.0,130.0,True,True,True,CHI,CHI,CHI,1.0,1.0,0.550359353437379,0.5829926410466066,0.5829926410466066,-0.03263328760922768,-155.0,0.6451612903225805,-155.0,0.6451612903225805,1.201169884775238,3.0,-1.798830115224762,3.0,0.0
2025,12,2025_12_SEA_TEN,TEN,SEA,0.4101370789010485,0.5898629210989514,0.13793103448275862,0.9047619047619048,0.13228346456692913,0.8677165354330709,625.0,-950.0,False,False,True,SEA,SEA,SEA,1.0,1.0,0.5898629210989514,0.8677165354330709,0.8677165354330709,-0.2778536143341195,-950.0,0.10526315789473673,-950.0,0.10526315789473673,-2.712544936544952,-12.5,9.787455063455049,-6.0,6.5
2025,12,2025_12_TB_LA,LA,TB,0.6826913847990341,0.31730861520096587,0.7894736842105263,0.25316455696202533,0.7571884984025559,0.2428115015974441,-375.0,295.0,True,True,True,LA,LA,LA,1.0,1.0,0.6826913847990341,0.7571884984025559,0.7571884984025559,-0.07449711360352174,-375.0,0.2666666666666666,-375.0,0.2666666666666666,4.3745574627807935,7.0,-2.6254425372192065,27.0,20.0
2025,13,2025_13_ARI_TB,TB,ARI,0.5607953590171709,0.4392046409828291,0.6644295302013423,0.3787878787878788,0.6369041816941223,0.3630958183058778,-198.0,164.0,True,True,True,TB,TB,TB,1.0,1.0,0.5607953590171709,0.6369041816941223,0.6369041816941223,-0.0761088226769514,-198.0,0.5050505050505052,-198.0,0.5050505050505052,1.8161406299052565,4.5,-2.6838593700947433,3.0,-1.5
2025,13,2025_13_ATL_NYJ,NYJ,ATL,0.4944786216386052,0.5055213783613948,0.4166666666666667,0.6240601503759399,0.4003612281757977,0.5996387718242023,140.0,-166.0,False,False,True,ATL,ATL,NYJ,0.0,0.0,0.5055213783613948,0.5996387718242023,0.5996387718242023,-0.09411739346280756,-166.0,-1.0,-166.0,-1.0,1.3736568428134768,-3.0,4.373656842813476,3.0,6.0
2025,13,2025_13_BUF_PIT,PIT,BUF,0.4059605571313244,0.5940394428686756,0.4166666666666667,0.6240601503759399,0.4003612281757977,0.5996387718242023,140.0,-166.0,False,False,True,BUF,BUF,BUF,1.0,1.0,0.5940394428686756,0.5996387718242023,0.5996387718242023,-0.005599328955526728,-166.0,0.6024096385542168,-166.0,0.6024096385542168,-0.8252722841552078,-3.0,2.174727715844792,-19.0,-16.0
2025,13,2025_13_CHI_PHI,PHI,CHI,0.6379520767437942,0.36204792325620583,0.7727272727272727,0.2702702702702703,0.740871613663133,0.2591283863368669,-340.0,270.0,True,True,True,PHI,PHI,CHI,0.0,0.0,0.6379520767437942,0.740871613663133,0.740871613663133,-0.10291953691933886,-340.0,-1.0,-340.0,-1.0,4.302528723744419,7.0,-2.6974712762555813,-9.0,-16.0
2025,13,2025_13_CIN_BAL,BAL,CIN,0.6719386596749185,0.3280613403250815,0.7894736842105263,0.25316455696202533,0.7571884984025559,0.2428115015974441,-375.0,295.0,True,True,True,BAL,BAL,CIN,0.0,0.0,0.6719386596749185,0.7571884984025559,0.7571884984025559,-0.08524983872763736,-375.0,-1.0,-375.0,-1.0,6.168949257735393,7.0,-0.8310507422646074,-18.0,-25.0
2025,13,2025_13_DEN_WAS,WAS,DEN,0.4042719151121263,0.5957280848878737,0.2857142857142857,0.7560975609756098,0.27424749163879597,0.725752508361204,250.0,-310.0,False,False,True,DEN,DEN,DEN,1.0,1.0,0.5957280848878737,0.725752508361204,0.725752508361204,-0.13002442347333032,-310.0,0.32258064516129026,-310.0,0.32258064516129026,-3.9783023053499926,-6.5,2.5216976946500074,-1.0,5.5
2025,13,2025_13_GB_DET,DET,GB,0.6183989704953077,0.3816010295046923,0.6078431372549019,0.43478260869565216,0.5829926410466066,0.4170073589533933,-155.0,130.0,True,True,True,DET,DET,GB,0.0,0.0,0.6183989704953077,0.5829926410466066,0.5829926410466066,0.035406329448701035,-155.0,-1.0,-155.0,-1.0,3.721934002837048,2.5,1.221934002837048,-7.0,-9.5
2025,13,2025_13_HOU_IND,IND,HOU,0.5574690380011258,0.4425309619988742,0.6296296296296297,0.4132231404958678,0.6037569709421778,0.3962430290578221,-170.0,142.0,True,True,True,IND,IND,HOU,0.0,0.0,0.5574690380011258,0.6037569709421778,0.6037569709421778,-0.046287932941052046,-170.0,-1.0,-170.0,-1.0,2.8871232793042387,3.0,-0.11287672069576127,-4.0,-7.0
2025,13,2025_13_JAX_TEN,TEN,JAX,0.2951810007506052,0.7048189992493947,0.3125,0.7297297297297297,0.299837925445705,0.7001620745542949,220.0,-270.0,False,False,True,JAX,JAX,JAX,1.0,1.0,0.7048189992493947,0.7001620745542949,0.7001620745542949,0.004656924695099818,-270.0,0.37037037037037024,-270.0,0.37037037037037024,-4.767457598864975,-6.0,1.2325424011350252,-22.0,-16.0
2025,13,2025_13_KC_DAL,DAL,KC,0.4001878475854935,0.5998121524145066,0.3937007874015748,0.6491228070175439,0.3775334481388264,0.6224665518611737,154.0,-185.0,False,False,True,KC,KC,DAL,0.0,0.0,0.5998121524145066,0.6224665518611737,0.6224665518611737,-0.02265439944666714,-185.0,-1.0,-185.0,-1.0,-1.5691338193556554,-3.5,1.9308661806443446,3.0,6.5
2025,13,2025_13_LA_CAR,CAR,LA,0.2755002364531401,0.72449976354686,0.19047619047619047,0.8518518518518519,0.18274111675126903,0.817258883248731,425.0,-575.0,False,False,True,LA,LA,CAR,0.0,0.0,0.72449976354686,0.817258883248731,0.817258883248731,-0.092759119701871,-575.0,-1.0,-575.0,-1.0,-5.926675698553107,-10.0,4.073324301446893,3.0,13.0
2025,13,2025_13_LV_LAC,LAC,LV,0.7666925401758831,0.23330745982411694,0.8571428571428571,0.18518518518518517,0.8223350253807106,0.17766497461928932,-600.0,440.0,True,True,True,LAC,LAC,LAC,1.0,1.0,0.7666925401758831,0.8223350253807106,0.8223350253807106,-0.05564248520482751,-600.0,0.16666666666666674,-600.0,0.16666666666666674,9.6491064357386,10.0,-0.3508935642613995,17.0,7.0
2025,13,2025_13_MIN_SEA,SEA,MIN,0.7998890942546169,0.20011090574538315,0.9,0.14285714285714285,0.863013698630137,0.136986301369863,-900.0,600.0,True,True,True,SEA,SEA,SEA,1.0,1.0,0.7998890942546169,0.863013698630137,0.863013698630137,-0.06312460437552014,-900.0,0.11111111111111116,-900.0,0.11111111111111116,9.763943328558629,12.5,-2.7360566714413714,26.0,13.5
2025,13,2025_13_NO_MIA,MIA,NO,0.6734376339171151,0.3265623660828849,0.7142857142857143,0.32786885245901637,0.6853932584269663,0.31460674157303364,-250.0,205.0,True,True,True,MIA,MIA,MIA,1.0,1.0,0.6734376339171151,0.6853932584269663,0.6853932584269663,-0.011955624509851215,-250.0,0.3999999999999999,-250.0,0.3999999999999999,3.628600270183485,5.5,-1.871399729816515,4.0,-1.5
2025,13,2025_13_NYG_NE,NE,NYG,0.7314195914156026,0.26858040858439736,0.7894736842105263,0.25316455696202533,0.7571884984025559,0.2428115015974441,-375.0,295.0,True,True,True,NE,NE,NE,1.0,1.0,0.7314195914156026,0.7571884984025559,0.7571884984025559,-0.02576890698695322,-375.0,0.2666666666666666,-375.0,0.2666666666666666,6.772492816113895,7.0,-0.2275071838861047,18.0,11.0
2025,13,2025_13_SF_CLE,CLE,SF,0.3490910795977759,0.650908920402224,0.32786885245901637,0.7142857142857143,0.31460674157303364,0.6853932584269663,205.0,-250.0,False,False,True,SF,SF,SF,1.0,1.0,0.650908920402224,0.6853932584269663,0.6853932584269663,-0.03448433802474227,-250.0,0.3999999999999999,-250.0,0.3999999999999999,-3.019057234070847,-5.5,2.480942765929153,-18.0,-12.5
2025,14,2025_14_CHI_GB,GB,CHI,0.72622390438209,0.27377609561791005,0.7530864197530864,0.2898550724637681,0.7220792588780237,0.27792074112197634,-305.0,245.0,True,True,True,GB,GB,GB,1.0,1.0,0.72622390438209,0.7220792588780237,0.7220792588780237,0.0041446455040662356,-305.0,0.3278688524590163,-305.0,0.3278688524590163,5.863690006222063,6.5,-0.6363099937779371,7.0,0.5
2025,14,2025_14_CIN_BUF,BUF,CIN,0.7113715702921148,0.28862842970788516,0.7402597402597403,0.30303030303030304,0.7095435684647302,0.2904564315352697,-285.0,230.0,True,True,True,BUF,BUF,BUF,1.0,1.0,0.7113715702921148,0.7095435684647302,0.7095435684647302,0.0018280018273846288,-285.0,0.3508771929824561,-285.0,0.3508771929824561,3.3507579409682458,6.0,-2.6492420590317542,5.0,-1.0
2025,14,2025_14_DAL_DET,DET,DAL,0.6037833896356715,0.39621661036432854,0.6575342465753424,0.38461538461538464,0.6309403437815976,0.3690596562184025,-192.0,160.0,True,True,True,DET,DET,DET,1.0,1.0,0.6037833896356715,0.6309403437815976,0.6309403437815976,-0.027156954145926115,-192.0,0.5208333333333335,-192.0,0.5208333333333335,3.6893453974741046,3.5,0.18934539747410462,14.0,10.5
2025,14,2025_14_DEN_LV,LV,DEN,0.2828288164364452,0.7171711835635548,0.21739130434782608,0.8245614035087719,0.20863836017569545,0.7913616398243045,360.0,-470.0,False,False,True,DEN,DEN,DEN,1.0,1.0,0.7171711835635548,0.7913616398243045,0.7913616398243045,-0.07419045626074972,-470.0,0.2127659574468086,-470.0,0.2127659574468086,-4.025512693198616,-8.5,4.474487306801384,-7.0,1.5
2025,14,2025_14_HOU_KC,KC,HOU,0.6197007437667716,0.38029925623322836,0.6855345911949685,0.35714285714285715,0.6574752261956054,0.34252477380439467,-218.0,180.0,True,True,True,KC,KC,HOU,0.0,0.0,0.6197007437667716,0.6574752261956054,0.6574752261956054,-0.037774482428833744,-218.0,-1.0,-218.0,-1.0,4.261189155438295,4.5,-0.23881084456170498,-10.0,-14.5
2025,14,2025_14_IND_JAX,JAX,IND,0.3781622039698642,0.6218377960301358,0.4672897196261682,0.574468085106383,0.448558885283451,0.551441114716549,114.0,-135.0,False,False,True,IND,IND,JAX,0.0,0.0,0.6218377960301358,0.551441114716549,0.551441114716549,0.07039668131358678,-135.0,-1.0,-135.0,-1.0,-1.8539339508436783,-2.5,0.6460660491563217,17.0,19.5
2025,14,2025_14_LA_ARI,ARI,LA,0.2817999874428159,0.7182000125571841,0.20833333333333334,0.8333333333333334,0.19999999999999998,0.7999999999999999,380.0,-500.0,False,False,True,LA,LA,LA,1.0,1.0,0.7182000125571841,0.7999999999999999,0.7999999999999999,-0.0817999874428158,-500.0,0.19999999999999996,-500.0,0.19999999999999996,-7.598294230258745,-9.5,1.9017057697412554,-28.0,-18.5
2025,14,2025_14_MIA_NYJ,NYJ,MIA,0.4664200477761778,0.5335799522238223,0.44642857142857145,0.5967741935483871,0.42794036443953615,0.5720596355604638,124.0,-148.0,False,False,True,MIA,MIA,MIA,1.0,1.0,0.5335799522238223,0.5720596355604638,0.5720596355604638,-0.038479683336641535,-148.0,0.6756756756756757,-148.0,0.6756756756756757,-0.8623196783744331,-2.5,1.6376803216255669,-24.0,-21.5
2025,14,2025_14_NO_TB,TB,NO,0.7063477116038474,0.29365228839615265,0.8095238095238095,0.23255813953488372,0.7768331562167907,0.22316684378320936,-425.0,330.0,True,True,True,TB,TB,NO,0.0,0.0,0.7063477116038474,0.7768331562167907,0.7768331562167907,-0.07048544461294337,-425.0,-1.0,-425.0,-1.0,4.285164946094498,7.5,-3.214835053905502,-4.0,-11.5
2025,14,2025_14_PHI_LAC,LAC,PHI,0.4399932620449546,0.5600067379550454,0.5,0.5454545454545454,0.4782608695652174,0.5217391304347826,100.0,-120.0,False,False,True,PHI,PHI,LAC,0.0,0.0,0.5600067379550454,0.5217391304347826,0.5217391304347826,0.038267607520262814,-120.0,-1.0,-120.0,-1.0,-0.4518640957846184,-1.5,1.0481359042153815,3.0,4.5
2025,14,2025_14_PIT_BAL,BAL,PIT,0.6593518764948127,0.34064812350518725,0.7297297297297297,0.3125,0.7001620745542949,0.299837925445705,-270.0,220.0,True,True,True,BAL,BAL,PIT,0.0,0.0,0.6593518764948127,0.7001620745542949,0.7001620745542949,-0.04081019805948216,-270.0,-1.0,-270.0,-1.0,7.307281342898842,5.5,1.8072813428988423,-5.0,-10.5
2025,14,2025_14_SEA_ATL,ATL,SEA,0.2612059945626699,0.7387940054373301,0.2631578947368421,0.7802197802197802,0.2522172949002217,0.7477827050997783,280.0,-355.0,False,False,True,SEA,SEA,SEA,1.0,1.0,0.7387940054373301,0.7477827050997783,0.7477827050997783,-0.008988699662448196,-355.0,0.2816901408450705,-355.0,0.2816901408450705,-3.8104049244587297,-7.0,3.1895950755412703,-28.0,-21.0
2025,14,2025_14_TEN_CLE,CLE,TEN,0.5385446421807859,0.4614553578192141,0.6721311475409836,0.37037037037037035,0.644729178800233,0.35527082119976705,-205.0,170.0,True,True,True,CLE,CLE,TEN,0.0,0.0,0.5385446421807859,0.644729178800233,0.644729178800233,-0.10618453661944705,-205.0,-1.0,-205.0,-1.0,2.5514440740978284,4.5,-1.9485559259021716,-2.0,-6.5
2025,14,2025_14_WAS_MIN,MIN,WAS,0.4690294411033775,0.5309705588966225,0.5121951219512195,0.5348837209302325,0.4891657638136511,0.5108342361863488,-105.0,-115.0,False,False,True,WAS,WAS,MIN,0.0,0.0,0.5309705588966225,0.5108342361863488,0.5108342361863488,0.020136322710273657,-115.0,-1.0,-115.0,-1.0,-0.8139632578225234,-1.5,0.6860367421774766,31.0,32.5
2025,15,2025_15_ARI_HOU,HOU,ARI,0.712943669668974,0.28705633033102596,0.8620689655172413,0.18018018018018017,0.827123695976155,0.17287630402384502,-625.0,455.0,True,True,True,HOU,HOU,HOU,1.0,1.0,0.712943669668974,0.827123695976155,0.827123695976155,-0.11418002630718094,-625.0,0.15999999999999992,-625.0,0.15999999999999992,7.509565552670639,10.5,-2.9904344473293607,20.0,9.5
2025,15,2025_15_ATL_TB,TB,ATL,0.6899209966331585,0.31007900336684147,0.7354497354497355,0.3076923076923077,0.705033164260632,0.2949668357393679,-278.0,225.0,True,True,True,TB,TB,ATL,0.0,0.0,0.6899209966331585,0.705033164260632,0.705033164260632,-0.015112167627473472,-278.0,-1.0,-278.0,-1.0,3.601205666199145,6.0,-2.398794333800855,-1.0,-7.0
2025,15,2025_15_BAL_CIN,CIN,BAL,0.4337543352344226,0.5662456647655774,0.423728813559322,0.6183206106870229,0.4066302458405761,0.593369754159424,136.0,-162.0,False,False,True,BAL,BAL,BAL,1.0,1.0,0.5662456647655774,0.593369754159424,0.593369754159424,-0.027124089393846584,-162.0,0.617283950617284,-162.0,0.617283950617284,0.6352647951285681,-2.5,3.135264795128568,-24.0,-21.5
2025,15,2025_15_BUF_NE,NE,BUF,0.5317371071095764,0.46826289289042355,0.45454545454545453,0.5867768595041323,0.43650793650793646,0.5634920634920635,120.0,-142.0,True,False,False,NE,BUF,BUF,0.0,1.0,0.5317371071095764,0.5634920634920635,0.43650793650793646,0.09522917060163999,120.0,-1.0,-142.0,0.704225352112676,2.322919303756453,-2.5,4.8229193037564535,-4.0,-1.5
2025,15,2025_15_CAR_NO,NO,CAR,0.4137784586851437,0.5862215413148564,0.44642857142857145,0.5967741935483871,0.42794036443953615,0.5720596355604638,124.0,-148.0,False,False,True,CAR,CAR,NO,0.0,0.0,0.5862215413148564,0.5720596355604638,0.5720596355604638,0.014161905754392579,-148.0,-1.0,-148.0,-1.0,-0.6465068008419274,-2.5,1.8534931991580725,3.0,5.5
2025,15,2025_15_CLE_CHI,CHI,CLE,0.7137837293430052,0.28621627065699484,0.7894736842105263,0.25316455696202533,0.7571884984025559,0.2428115015974441,-375.0,295.0,True,True,True,CHI,CHI,CHI,1.0,1.0,0.7137837293430052,0.7571884984025559,0.7571884984025559,-0.04340476905955071,-375.0,0.2666666666666666,-375.0,0.2666666666666666,3.847467189492489,7.5,-3.652532810507511,28.0,20.5
2025,15,2025_15_DET_LA,LA,DET,0.5919340975734714,0.4080659024265286,0.7101449275362319,0.3333333333333333,0.6805555555555556,0.3194444444444444,-245.0,200.0,True,True,True,LA,LA,LA,1.0,1.0,0.5919340975734714,0.6805555555555556,0.6805555555555556,-0.0886214579820842,-245.0,0.40816326530612246,-245.0,0.40816326530612246,2.839995117185479,5.5,-2.660004882814521,7.0,1.5
2025,15,2025_15_GB_DEN,DEN,GB,0.4244844274866525,0.5755155725133475,0.49504950495049505,0.5495495495495496,0.4739134147382802,0.5260865852617197,102.0,-122.0,False,False,True,GB,GB,DEN,0.0,0.0,0.5755155725133475,0.5260865852617197,0.5260865852617197,0.04942898725162781,-122.0,-1.0,-122.0,-1.0,0.824721031905488,-1.5,2.324721031905488,8.0,9.5
2025,15,2025_15_IND_SEA,SEA,IND,0.7492858598958017,0.25071414010419835,0.9090909090909091,0.13333333333333333,0.8720930232558138,0.12790697674418605,-1000.0,650.0,True,True,True,SEA,SEA,SEA,1.0,1.0,0.7492858598958017,0.8720930232558138,0.8720930232558138,-0.12280716336001218,-1000.0,0.10000000000000009,-1000.0,0.10000000000000009,7.606513367428128,13.5,-5.893486632571872,2.0,-11.5
2025,15,2025_15_LAC_KC,KC,LAC,0.6181342379488622,0.38186576205113776,0.7206703910614525,0.3225806451612903,0.690792883054068,0.30920711694593195,-258.0,210.0,True,True,True,KC,KC,LAC,0.0,0.0,0.6181342379488622,0.690792883054068,0.690792883054068,-0.07265864510520581,-258.0,-1.0,-258.0,-1.0,2.711732331884992,5.5,-2.788267668115008,-3.0,-8.5
2025,15,2025_15_LV_PHI,PHI,LV,0.7261416747313991,0.2738583252686009,0.9090909090909091,0.13333333333333333,0.8720930232558138,0.12790697674418605,-1000.0,650.0,True,True,True,PHI,PHI,PHI,1.0,1.0,0.7261416747313991,0.8720930232558138,0.8720930232558138,-0.14595134852441471,-1000.0,0.10000000000000009,-1000.0,0.10000000000000009,6.520318251603195,12.5,-5.979681748396805,31.0,18.5
2025,15,2025_15_MIA_PIT,PIT,MIA,0.5740148948456333,0.4259851051543667,0.6363636363636364,0.40816326530612246,0.6092362344582594,0.39076376554174075,-175.0,145.0,True,True,True,PIT,PIT,PIT,1.0,1.0,0.5740148948456333,0.6092362344582594,0.6092362344582594,-0.03522133961262608,-175.0,0.5714285714285714,-175.0,0.5714285714285714,1.4922366969019476,3.0,-1.5077633030980524,13.0,10.0
2025,15,2025_15_MIN_DAL,DAL,MIN,0.675945238488371,0.32405476151162904,0.726027397260274,0.31746031746031744,0.6957699520733487,0.30423004792665137,-265.0,215.0,True,True,True,DAL,DAL,MIN,0.0,0.0,0.675945238488371,0.6957699520733487,0.6957699520733487,-0.019824713584977727,-265.0,-1.0,-265.0,-1.0,3.116442286420146,5.5,-2.383557713579854,-8.0,-13.5
2025,15,2025_15_NYJ_JAX,JAX,NYJ,0.7427948500071992,0.25720514999280075,0.9130434782608695,0.12903225806451613,0.8761776581426649,0.12382234185733514,-1050.0,675.0,True,True,True,JAX,JAX,JAX,1.0,1.0,0.7427948500071992,0.8761776581426649,0.8761776581426649,-0.13338280813546566,-1050.0,0.09523809523809534,-1050.0,0.09523809523809534,4.496614529821017,13.5,-9.003385470178983,28.0,14.5
2025,15,2025_15_TEN_SF,SF,TEN,0.7955860627433128,0.20441393725668722,0.9,0.14285714285714285,0.863013698630137,0.136986301369863,-900.0,600.0,True,True,True,SF,SF,SF,1.0,1.0,0.7955860627433128,0.863013698630137,0.863013698630137,-0.06742763588682421,-900.0,0.11111111111111116,-900.0,0.11111111111111116,9.83754628947887,12.5,-2.6624537105211292,13.0,0.5
2025,15,2025_15_WAS_NYG,NYG,WAS,0.5461369923341477,0.4538630076658523,0.5967741935483871,0.44642857142857145,0.5720596355604638,0.42794036443953615,-148.0,124.0,True,True,True,NYG,NYG,WAS,0.0,0.0,0.5461369923341477,0.5720596355604638,0.5720596355604638,-0.0259226432263161,-148.0,-1.0,-148.0,-1.0,0.6790470674634885,2.5,-1.8209529325365115,-8.0,-10.5
2025,16,2025_16_ATL_ARI,ARI,ATL,0.5036240187954832,0.49637598120451676,0.44642857142857145,0.5967741935483871,0.42794036443953615,0.5720596355604638,124.0,-148.0,True,False,False,ARI,ATL,ATL,0.0,1.0,0.5036240187954832,0.5720596355604638,0.42794036443953615,0.0756836543559471,124.0,-1.0,-148.0,0.6756756756756757,-0.4354181958127882,-2.5,2.064581804187212,-7.0,-4.5
2025,16,2025_16_BUF_CLE,CLE,BUF,0.3102212801169948,0.6897787198830052,0.19047619047619047,0.8518518518518519,0.18274111675126903,0.817258883248731,425.0,-575.0,False,False,True,BUF,BUF,BUF,1.0,1.0,0.6897787198830052,0.817258883248731,0.817258883248731,-0.12748016336572576,-575.0,0.17391304347826075,-575.0,0.17391304347826075,-11.191481979150208,-10.5,-0.6914819791502076,-3.0,7.5
2025,16,2025_16_CIN_MIA,MIA,CIN,0.445150377487805,0.554849622512195,0.37037037037037035,0.6721311475409836,0.35527082119976705,0.644729178800233,170.0,-205.0,False,False,True,CIN,CIN,CIN,1.0,1.0,0.554849622512195,0.644729178800233,0.644729178800233,-0.0898795562880379,-205.0,0.4878048780487805,-205.0,0.4878048780487805,-1.202023021766888,-3.5,2.297976978233112,-24.0,-20.5
2025,16,2025_16_GB_CHI,CHI,GB,0.6290149471396173,0.37098505286038275,0.5412844036697247,0.504950495049505,0.5173641257162701,0.4826358742837298,-118.0,-102.0,True,True,True,CHI,CHI,CHI,1.0,1.0,0.6290149471396173,0.5173641257162701,0.5173641257162701,0.11165082142334715,-118.0,0.847457627118644,-118.0,0.847457627118644,0.947455408434724,1.5,-0.552544591565276,6.0,4.5
2025,16,2025_16_JAX_DEN,DEN,JAX,0.5879040717771665,0.4120959282228335,0.6363636363636364,0.40816326530612246,0.6092362344582594,0.39076376554174075,-175.0,145.0,True,True,True,DEN,DEN,JAX,0.0,0.0,0.5879040717771665,0.6092362344582594,0.6092362344582594,-0.021332162681092837,-175.0,-1.0,-175.0,-1.0,2.5355185338853,3.5,-0.9644814661146999,-14.0,-17.5
2025,16,2025_16_KC_TEN,TEN,KC,0.3476973523347259,0.6523026476652741,0.3937007874015748,0.6491228070175439,0.3775334481388264,0.6224665518611737,154.0,-185.0,False,False,True,KC,KC,TEN,0.0,0.0,0.6523026476652741,0.6224665518611737,0.6224665518611737,0.029836095804100404,-185.0,-1.0,-185.0,-1.0,-3.904150373216464,-3.5,-0.40415037321646397,17.0,20.5
2025,16,2025_16_LAC_DAL,DAL,LAC,0.6841006133329829,0.3158993866670171,0.5495495495495496,0.49504950495049505,0.5260865852617197,0.4739134147382802,-122.0,102.0,True,True,True,DAL,DAL,LAC,0.0,0.0,0.6841006133329829,0.5260865852617197,0.5260865852617197,0.1580140280712632,-122.0,-1.0,-122.0,-1.0,1.8111165769764408,1.5,0.3111165769764408,-17.0,-18.5
2025,16,2025_16_LA_SEA,SEA,LA,0.5361912411293935,0.46380875887060646,0.5495495495495496,0.49504950495049505,0.5260865852617197,0.4739134147382802,-122.0,102.0,True,True,True,SEA,SEA,SEA,1.0,1.0,0.5361912411293935,0.5260865852617197,0.5260865852617197,0.01010465586767384,-122.0,0.819672131147541,-122.0,0.819672131147541,0.8814870457254081,1.5,-0.6185129542745919,1.0,-0.5
2025,16,2025_16_LV_HOU,HOU,LV,0.763497107225311,0.23650289277468906,0.9411764705882353,0.1,0.9039548022598869,0.096045197740113,-1600.0,900.0,True,True,True,HOU,HOU,HOU,1.0,1.0,0.763497107225311,0.9039548022598869,0.9039548022598869,-0.14045769503457595,-1600.0,0.0625,-1600.0,0.0625,9.203623615458849,14.5,-5.296376384541151,2.0,-12.5
2025,16,2025_16_MIN_NYG,NYG,MIN,0.5277711460667857,0.47222885393321434,0.44642857142857145,0.5967741935483871,0.42794036443953615,0.5720596355604638,124.0,-148.0,True,False,False,NYG,MIN,MIN,0.0,1.0,0.5277711460667857,0.5720596355604638,0.42794036443953615,0.09983078162724951,124.0,-1.0,-148.0,0.6756756756756757,0.6775182361059712,-2.5,3.1775182361059713,-3.0,-0.5
2025,16,2025_16_NE_BAL,BAL,NE,0.5887625252688963,0.4112374747311037,0.6491228070175439,0.3937007874015748,0.6224665518611737,0.3775334481388264,-185.0,154.0,True,True,True,BAL,BAL,NE,0.0,0.0,0.5887625252688963,0.6224665518611737,0.6224665518611737,-0.03370402659227745,-185.0,-1.0,-185.0,-1.0,3.0957332415324164,3.5,-0.40426675846758364,-4.0,-7.5
2025,16,2025_16_NYJ_NO,NO,NYJ,0.6397264231955924,0.36027357680440764,0.7487437185929648,0.29411764705882354,0.7179705215419501,0.2820294784580499,-298.0,240.0,True,True,True,NO,NO,NO,1.0,1.0,0.6397264231955924,0.7179705215419501,0.7179705215419501,-0.0782440983463577,-298.0,0.3355704697986577,-298.0,0.3355704697986577,3.759215279919859,6.5,-2.740784720080141,23.0,16.5
2025,16,2025_16_PHI_WAS,WAS,PHI,0.3216181744165277,0.6783818255834724,0.25,0.7916666666666666,0.24000000000000005,0.7600000000000001,300.0,-380.0,False,False,True,PHI,PHI,PHI,1.0,1.0,0.6783818255834724,0.7600000000000001,0.7600000000000001,-0.08161817441652774,-380.0,0.26315789473684204,-380.0,0.26315789473684204,-7.753561688461011,-7.0,-0.7535616884610112,-11.0,-4.0
2025,16,2025_16_PIT_DET,DET,PIT,0.6282793604198943,0.3717206395801057,0.8095238095238095,0.23255813953488372,0.7768331562167907,0.22316684378320936,-425.0,330.0,True,True,True,DET,DET,PIT,0.0,0.0,0.6282793604198943,0.7768331562167907,0.7768331562167907,-0.14855379579689643,-425.0,-1.0,-425.0,-1.0,2.8000334437459697,7.5,-4.69996655625403,-5.0,-12.5
2025,16,2025_16_SF_IND,IND,SF,0.3013183252047805,0.6986816747952195,0.3508771929824561,0.6923076923076923,0.33635187580853815,0.6636481241914618,185.0,-225.0,False,False,True,SF,SF,SF,1.0,1.0,0.6986816747952195,0.6636481241914618,0.6636481241914618,0.03503355060375768,-225.0,0.4444444444444444,-225.0,0.4444444444444444,-5.1762384951530365,-4.5,-0.6762384951530365,-21.0,-16.5
2025,16,2025_16_TB_CAR,CAR,TB,0.5404933063027272,0.4595066936972728,0.43478260869565216,0.6078431372549019,0.4170073589533933,0.5829926410466066,130.0,-155.0,True,False,False,CAR,TB,CAR,1.0,0.0,0.5404933063027272,0.5829926410466066,0.4170073589533933,0.12348594734933388,130.0,1.2999999999999998,-155.0,-1.0,-0.1815549355494412,-3.0,2.8184450644505588,3.0,6.0
2025,17,2025_17_ARI_CIN,CIN,ARI,0.7156195610948881,0.2843804389051119,0.7752808988764045,0.26666666666666666,0.7440690150970525,0.2559309849029475,-345.0,275.0,True,True,True,CIN,CIN,CIN,1.0,1.0,0.7156195610948881,0.7440690150970525,0.7440690150970525,-0.028449454002164365,-345.0,0.28985507246376807,-345.0,0.28985507246376807,4.475852590799655,7.0,-2.524147409200345,23.0,16.0
2025,17,2025_17_BAL_GB,GB,BAL,0.558147544499322,0.441852455500678,0.5867768595041323,0.45454545454545453,0.5634920634920635,0.43650793650793646,-142.0,120.0,True,True,True,GB,GB,BAL,0.0,0.0,0.558147544499322,0.5634920634920635,0.5634920634920635,-0.005344518992741465,-142.0,-1.0,-142.0,-1.0,0.937663397417964,2.5,-1.562336602582036,-17.0,-19.5
2025,17,2025_17_CHI_SF,SF,CHI,0.6547803319970573,0.3452196680029427,0.6721311475409836,0.37037037037037035,0.644729178800233,0.35527082119976705,-205.0,170.0,True,True,True,SF,SF,SF,1.0,1.0,0.6547803319970573,0.644729178800233,0.644729178800233,0.01005115319682437,-205.0,0.4878048780487805,-205.0,0.4878048780487805,3.544566308001304,3.5,0.04456630800130412,4.0,0.5
2025,17,2025_17_DAL_WAS,WAS,DAL,0.2618750293832458,0.7381249706167542,0.20833333333333334,0.8333333333333334,0.19999999999999998,0.7999999999999999,380.0,-500.0,False,False,True,DAL,DAL,DAL,1.0,1.0,0.7381249706167542,0.7999999999999999,0.7999999999999999,-0.06187502938324574,-500.0,0.19999999999999996,-500.0,0.19999999999999996,-4.4830169307786925,-8.5,4.0169830692213075,-7.0,1.5
2025,17,2025_17_DEN_KC,KC,DEN,0.3527043585529464,0.6472956414470536,0.125,0.9166666666666666,0.12000000000000002,0.8800000000000001,700.0,-1100.0,False,False,True,DEN,DEN,DEN,1.0,1.0,0.6472956414470536,0.8800000000000001,0.8800000000000001,-0.23270435855294647,-1100.0,0.09090909090909083,-1100.0,0.09090909090909083,-5.715182024563742,-13.5,7.784817975436258,-7.0,6.5
2025,17,2025_17_DET_MIN,MIN,DET,0.2984469502938401,0.70155304970616,0.2597402597402597,0.782608695652174,0.2491874322860238,0.7508125677139762,285.0,-360.0,False,False,True,DET,DET,MIN,0.0,0.0,0.70155304970616,0.7508125677139762,0.7508125677139762,-0.04925951800781625,-360.0,-1.0,-360.0,-1.0,-4.561406830235413,-7.0,2.4385931697645873,13.0,20.0
2025,17,2025_17_HOU_LAC,LAC,HOU,0.5178228079102617,0.4821771920897383,0.5412844036697247,0.504950495049505,0.5173641257162701,0.4826358742837298,-118.0,-102.0,True,True,True,LAC,LAC,HOU,0.0,0.0,0.5178228079102617,0.5173641257162701,0.5173641257162701,0.0004586821939915886,-118.0,-1.0,-118.0,-1.0,2.5533240465380374,1.5,1.0533240465380374,-4.0,-5.5
2025,17,2025_17_JAX_IND,IND,JAX,0.3968250459228329,0.6031749540771671,0.3508771929824561,0.6923076923076923,0.33635187580853815,0.6636481241914618,185.0,-225.0,False,False,True,JAX,JAX,JAX,1.0,1.0,0.6031749540771671,0.6636481241914618,0.6636481241914618,-0.06047317011429465,-225.0,0.4444444444444444,-225.0,0.4444444444444444,-1.4678075340976842,-3.5,2.032192465902316,-6.0,-2.5
2025,17,2025_17_LA_ATL,ATL,LA,0.3765770955485706,0.6234229044514294,0.25,0.7916666666666666,0.24000000000000005,0.7600000000000001,300.0,-380.0,False,False,True,LA,LA,ATL,0.0,0.0,0.6234229044514294,0.7600000000000001,0.7600000000000001,-0.13657709554857067,-380.0,-1.0,-380.0,-1.0,-5.928429023997567,-7.5,1.571570976002433,3.0,10.5
2025,17,2025_17_NE_NYJ,NYJ,NE,0.3722577637250311,0.627742236274969,0.13793103448275862,0.9047619047619048,0.13228346456692913,0.8677165354330709,625.0,-950.0,False,False,True,NE,NE,NE,1.0,1.0,0.627742236274969,0.8677165354330709,0.8677165354330709,-0.23997429915810198,-950.0,0.10526315789473673,-950.0,0.10526315789473673,-5.405064144530432,-12.5,7.094935855469568,-32.0,-19.5
2025,17,2025_17_NO_TEN,TEN,NO,0.4827737257703591,0.517226274229641,0.5,0.5454545454545454,0.4782608695652174,0.5217391304347826,100.0,-120.0,False,False,True,NO,NO,NO,1.0,1.0,0.517226274229641,0.5217391304347826,0.5217391304347826,-0.0045128562051416354,-120.0,0.8333333333333335,-120.0,0.8333333333333335,1.0328171543269478,-1.5,2.5328171543269478,-8.0,-6.5
2025,17,2025_17_NYG_LV,LV,NYG,0.3652075104154511,0.6347924895845489,0.423728813559322,0.6183206106870229,0.4066302458405761,0.593369754159424,136.0,-162.0,False,False,True,NYG,NYG,NYG,1.0,1.0,0.6347924895845489,0.593369754159424,0.593369754159424,0.04142273542512498,-162.0,0.617283950617284,-162.0,0.617283950617284,-1.5115009475785572,-3.0,1.4884990524214428,-24.0,-21.0
2025,17,2025_17_PHI_BUF,BUF,PHI,0.5829734429444127,0.41702655705558733,0.6296296296296297,0.4132231404958678,0.6037569709421778,0.3962430290578221,-170.0,142.0,True,True,True,BUF,BUF,PHI,0.0,0.0,0.5829734429444127,0.6037569709421778,0.6037569709421778,-0.020783527997765172,-170.0,-1.0,-170.0,-1.0,2.6202672010804493,3.0,-0.3797327989195507,-1.0,-4.0
2025,17,2025_17_PIT_CLE,CLE,PIT,0.4440807311610183,0.5559192688389817,0.37037037037037035,0.6721311475409836,0.35527082119976705,0.644729178800233,170.0,-205.0,False,False,True,PIT,PIT,CLE,0.0,0.0,0.5559192688389817,0.644729178800233,0.644729178800233,-0.08880990996125127,-205.0,-1.0,-205.0,-1.0,-1.3264315279964654,-4.5,3.1735684720035344,7.0,11.5
2025,17,2025_17_SEA_CAR,CAR,SEA,0.2789696867359983,0.7210303132640017,0.2898550724637681,0.7530864197530864,0.27792074112197634,0.7220792588780237,245.0,-305.0,False,False,True,SEA,SEA,SEA,1.0,1.0,0.7210303132640017,0.7220792588780237,0.7220792588780237,-0.0010489456140220232,-305.0,0.3278688524590163,-305.0,0.3278688524590163,-5.261991273083341,-6.5,1.238008726916659,-17.0,-10.5
2025,17,2025_17_TB_MIA,MIA,TB,0.2455681072744234,0.7544318927255766,0.32786885245901637,0.7142857142857143,0.31460674157303364,0.6853932584269663,205.0,-250.0,False,False,True,TB,TB,MIA,0.0,0.0,0.7544318927255766,0.6853932584269663,0.6853932584269663,0.06903863429861035,-250.0,-1.0,-250.0,-1.0,-5.217747191316585,-5.5,0.28225280868341507,3.0,8.5
2025,18,2025_18_ARI_LA,LA,ARI,0.7794603830460389,0.22053961695396107,0.9310344827586207,0.1111111111111111,0.8933823529411765,0.10661764705882354,-1350.0,800.0,True,True,True,LA,LA,LA,1.0,1.0,0.7794603830460389,0.8933823529411765,0.8933823529411765,-0.11392196989513759,-1350.0,0.07407407407407396,-1350.0,0.07407407407407396,9.607737938386276,14.5,-4.8922620616137245,17.0,2.5
2025,18,2025_18_BAL_PIT,PIT,BAL,0.4915932840174232,0.5084067159825768,0.3508771929824561,0.6923076923076923,0.33635187580853815,0.6636481241914618,185.0,-225.0,False,False,True,BAL,BAL,PIT,0.0,0.0,0.5084067159825768,0.6636481241914618,0.6636481241914618,-0.155241408208885,-225.0,-1.0,-225.0,-1.0,-1.2754638009471302,-4.5,3.22453619905287,2.0,6.5
2025,18,2025_18_CAR_TB,TB,CAR,0.6279996769894892,0.3720003230105108,0.6078431372549019,0.43478260869565216,0.5829926410466066,0.4170073589533933,-155.0,130.0,True,True,True,TB,TB,TB,1.0,1.0,0.6279996769894892,0.5829926410466066,0.5829926410466066,0.04500703594288258,-155.0,0.6451612903225805,-155.0,0.6451612903225805,3.138076191809972,3.0,0.13807619180997222,2.0,-1.0
2025,18,2025_18_CLE_CIN,CIN,CLE,0.7411292985963571,0.2588707014036429,0.8198198198198198,0.2222222222222222,0.7867435158501441,0.2132564841498559,-455.0,350.0,True,True,True,CIN,CIN,CLE,0.0,0.0,0.7411292985963571,0.7867435158501441,0.7867435158501441,-0.045614217253787004,-455.0,-1.0,-455.0,-1.0,6.719878141720724,9.5,-2.7801218582792764,-2.0,-11.5
2025,18,2025_18_DAL_NYG,NYG,DAL,0.4607741646569533,0.5392258353430467,0.4166666666666667,0.6240601503759399,0.4003612281757977,0.5996387718242023,140.0,-166.0,False,False,True,DAL,DAL,NYG,0.0,0.0,0.5392258353430467,0.5996387718242023,0.5996387718242023,-0.060412936481155644,-166.0,-1.0,-166.0,-1.0,-1.1501805438292652,-3.0,1.8498194561707348,17.0,20.0
2025,18,2025_18_DET_CHI,CHI,DET,0.6514917818393784,0.3485082181606216,0.6428571428571429,0.4,0.6164383561643836,0.3835616438356164,-180.0,150.0,True,True,True,CHI,CHI,DET,0.0,0.0,0.6514917818393784,0.6164383561643836,0.6164383561643836,0.03505342567499481,-180.0,-1.0,-180.0,-1.0,4.2314233253978735,3.5,0.7314233253978735,-3.0,-6.5
2025,18,2025_18_GB_MIN,MIN,GB,0.640425776274273,0.359574223725727,0.8666666666666667,0.17543859649122806,0.8316498316498315,0.16835016835016833,-650.0,470.0,True,True,True,MIN,MIN,MIN,1.0,1.0,0.640425776274273,0.8316498316498315,0.8316498316498315,-0.19122405537555853,-650.0,0.15384615384615374,-650.0,0.15384615384615374,6.99016019675698,12.5,-5.50983980324302,13.0,0.5
2025,18,2025_18_IND_HOU,HOU,IND,0.7378157556955012,0.2621842443044988,0.84251968503937,0.2,0.8081570996978852,0.19184290030211482,-535.0,400.0,True,True,True,HOU,HOU,HOU,1.0,1.0,0.7378157556955012,0.8081570996978852,0.8081570996978852,-0.07034134400238401,-535.0,0.1869158878504673,-535.0,0.1869158878504673,8.80494663797345,9.5,-0.6950533620265507,8.0,-1.5
2025,18,2025_18_KC_LV,LV,KC,0.4007672008883299,0.5992327991116702,0.3508771929824561,0.6923076923076923,0.33635187580853815,0.6636481241914618,185.0,-225.0,False,False,True,KC,KC,LV,0.0,0.0,0.5992327991116702,0.6636481241914618,0.6636481241914618,-0.06441532507979164,-225.0,-1.0,-225.0,-1.0,-0.8732114685541316,-3.5,2.6267885314458685,2.0,5.5
2025,18,2025_18_LAC_DEN,DEN,LAC,0.7555576776453824,0.2444423223546176,0.9411764705882353,0.1,0.9039548022598869,0.096045197740113,-1600.0,900.0,True,True,True,DEN,DEN,DEN,1.0,1.0,0.7555576776453824,0.9039548022598869,0.9039548022598869,-0.1483971246145045,-1600.0,0.0625,-1600.0,0.0625,7.929780936622245,14.5,-6.570219063377755,16.0,1.5
2025,18,2025_18_MIA_NE,NE,MIA,0.7917649056499924,0.20823509435000764,0.9090909090909091,0.13333333333333333,0.8720930232558138,0.12790697674418605,-1000.0,650.0,True,True,True,NE,NE,NE,1.0,1.0,0.7917649056499924,0.8720930232558138,0.8720930232558138,-0.08032811760582148,-1000.0,0.10000000000000009,-1000.0,0.10000000000000009,8.582097746094902,14.0,-5.417902253905098,28.0,14.0
2025,18,2025_18_NO_ATL,ATL,NO,0.5658212270164291,0.4341787729835709,0.6721311475409836,0.37037037037037035,0.644729178800233,0.35527082119976705,-205.0,170.0,True,True,True,ATL,ATL,ATL,1.0,1.0,0.5658212270164291,0.644729178800233,0.644729178800233,-0.07890795178380383,-205.0,0.4878048780487805,-205.0,0.4878048780487805,1.696415348417948,4.5,-2.803584651582052,2.0,-2.5
2025,18,2025_18_NYJ_BUF,BUF,NYJ,0.7967861940214209,0.20321380597857908,0.8888888888888888,0.15384615384615385,0.8524590163934427,0.1475409836065574,-800.0,550.0,True,True,True,BUF,BUF,BUF,1.0,1.0,0.7967861940214209,0.8524590163934427,0.8524590163934427,-0.05567282237202176,-800.0,0.125,-800.0,0.125,9.843643271252075,12.5,-2.656356728747925,27.0,14.5
2025,18,2025_18_SEA_SF,SF,SEA,0.4416251361158634,0.5583748638841366,0.44642857142857145,0.5967741935483871,0.42794036443953615,0.5720596355604638,124.0,-148.0,False,False,True,SEA,SEA,SEA,1.0,1.0,0.5583748638841366,0.5720596355604638,0.5720596355604638,-0.013684771676327201,-148.0,0.6756756756756757,-148.0,0.6756756756756757,-0.4008907537083241,-2.5,2.099109246291676,-10.0,-7.5
2025,18,2025_18_TEN_JAX,JAX,TEN,0.7785254236018004,0.22147457639819956,0.8823529411764706,0.16,0.8465011286681716,0.15349887133182846,-750.0,525.0,True,True,True,JAX,JAX,JAX,1.0,1.0,0.7785254236018004,0.8465011286681716,0.8465011286681716,-0.06797570506637118,-750.0,0.1333333333333333,-750.0,0.1333333333333333,10.37106588421251,12.5,-2.128934115787491,34.0,21.5
2025,18,2025_18_WAS_PHI,PHI,WAS,0.6565727391521435,0.34342726084785646,0.6428571428571429,0.4,0.6164383561643836,0.3835616438356164,-180.0,150.0,True,True,True,PHI,PHI,WAS,0.0,0.0,0.6565727391521435,0.6164383561643836,0.6164383561643836,0.04013438298775995,-180.0,-1.0,-180.0,-1.0,3.793219375879291,3.0,0.7932193758792909,-7.0,-10.0
2025,19,2025_19_BUF_JAX,JAX,BUF,0.5567002235188183,0.4432997764811817,0.5495495495495496,0.49504950495049505,0.5260865852617197,0.4739134147382802,-122.0,102.0,True,True,True,JAX,JAX,BUF,0.0,0.0,0.5567002235188183,0.5260865852617197,0.5260865852617197,0.03061363825709862,-122.0,-1.0,-122.0,-1.0,-0.0259131852950989,1.5,-1.525913185295099,-3.0,-4.5
2025,19,2025_19_GB_CHI,CHI,GB,0.5539453740023225,0.44605462599767753,0.4672897196261682,0.574468085106383,0.448558885283451,0.551441114716549,114.0,-135.0,True,False,False,CHI,GB,CHI,1.0,0.0,0.5539453740023225,0.551441114716549,0.448558885283451,0.10538648871887146,114.0,1.1399999999999997,-135.0,-1.0,1.6401349616270222,-2.5,4.140134961627022,4.0,6.5
2025,19,2025_19_HOU_PIT,PIT,HOU,0.4573091677491147,0.5426908322508853,0.43478260869565216,0.6078431372549019,0.4170073589533933,0.5829926410466066,130.0,-155.0,False,False,True,HOU,HOU,HOU,1.0,1.0,0.5426908322508853,0.5829926410466066,0.5829926410466066,-0.04030180879572132,-155.0,0.6451612903225805,-155.0,0.6451612903225805,-2.8409249858030234,-3.0,0.15907501419697656,-24.0,-21.0
2025,19,2025_19_LAC_NE,NE,LAC,0.6682859638559612,0.3317140361440388,0.6644295302013423,0.3787878787878788,0.6369041816941223,0.3630958183058778,-198.0,164.0,True,True,True,NE,NE,NE,1.0,1.0,0.6682859638559612,0.6369041816941223,0.6369041816941223,0.031381782161838845,-198.0,0.5050505050505052,-198.0,0.5050505050505052,5.1496866582741125,3.5,1.6496866582741125,13.0,9.5
2025,19,2025_19_LA_CAR,CAR,LA,0.3482372769678123,0.6517627230321876,0.19607843137254902,0.8461538461538461,0.18813314037626627,0.8118668596237336,410.0,-550.0,False,False,True,LA,LA,LA,1.0,1.0,0.6517627230321876,0.8118668596237336,0.8118668596237336,-0.160104136591546,-550.0,0.18181818181818188,-550.0,0.18181818181818188,-5.248326257615495,-10.0,4.751673742384505,-3.0,7.0
2025,19,2025_19_SF_PHI,PHI,SF,0.6809802895186311,0.3190197104813689,0.726027397260274,0.31746031746031744,0.6957699520733487,0.30423004792665137,-265.0,215.0,True,True,True,PHI,PHI,SF,0.0,0.0,0.6809802895186311,0.6957699520733487,0.6957699520733487,-0.014789662554717586,-265.0,-1.0,-265.0,-1.0,3.884733171361728,6.0,-2.115266828638272,-4.0,-10.0
2025,20,2025_20_BUF_DEN,DEN,BUF,0.5760302333654868,0.42396976663451325,0.5454545454545454,0.5,0.5217391304347826,0.4782608695652174,-120.0,100.0,True,True,True,DEN,DEN,DEN,1.0,1.0,0.5760302333654868,0.5217391304347826,0.5217391304347826,0.05429110293070416,-120.0,0.8333333333333335,-120.0,0.8333333333333335,4.234042493510582,1.5,2.7340424935105823,3.0,1.5
2025,20,2025_20_HOU_NE,NE,HOU,0.6369703645194116,0.3630296354805884,0.6428571428571429,0.4,0.6164383561643836,0.3835616438356164,-180.0,150.0,True,True,True,NE,NE,NE,1.0,1.0,0.6369703645194116,0.6164383561643836,0.6164383561643836,0.020532008355027997,-180.0,0.5555555555555556,-180.0,0.5555555555555556,2.3732770493550466,3.0,-0.6267229506449534,12.0,9.0
2025,20,2025_20_LA_CHI,CHI,LA,0.339621786180575,0.660378213819425,0.37037037037037035,0.6721311475409836,0.35527082119976705,0.644729178800233,170.0,-205.0,False,False,True,LA,LA,LA,1.0,1.0,0.660378213819425,0.644729178800233,0.644729178800233,0.015649035019192015,-205.0,0.4878048780487805,-205.0,0.4878048780487805,-1.7014998899561418,-3.5,1.7985001100438582,-3.0,0.5
2025,20,2025_20_SF_SEA,SEA,SF,0.6318888110732401,0.36811118892675987,0.7530864197530864,0.2898550724637681,0.7220792588780237,0.27792074112197634,-305.0,245.0,True,True,True,SEA,SEA,SEA,1.0,1.0,0.6318888110732401,0.7220792588780237,0.7220792588780237,-0.09019044780478358,-305.0,0.3278688524590163,-305.0,0.3278688524590163,0.9038955995358228,6.5,-5.596104400464177,35.0,28.5
2025,21,2025_21_LA_SEA,SEA,LA,0.5372313704715309,0.4627686295284691,0.5867768595041323,0.45454545454545453,0.5634920634920635,0.43650793650793646,-142.0,120.0,True,True,True,SEA,SEA,SEA,1.0,1.0,0.5372313704715309,0.5634920634920635,0.5634920634920635,-0.026260693020532577,-142.0,0.704225352112676,-142.0,0.704225352112676,-0.7690594611215125,2.5,-3.2690594611215125,4.0,1.5
2025,21,2025_21_NE_DEN,DEN,NE,0.4643789529763706,0.5356210470236293,0.37037037037037035,0.6721311475409836,0.35527082119976705,0.644729178800233,170.0,-205.0,False,False,True,NE,NE,NE,1.0,1.0,0.5356210470236293,0.644729178800233,0.644729178800233,-0.10910813177660361,-205.0,0.4878048780487805,-205.0,0.4878048780487805,0.20293330865883,-3.5,3.70293330865883,-3.0,0.5
2025,22,2025_22_SEA_NE,NE,SEA,0.3331794351007939,0.666820564899206,0.3389830508474576,0.7041420118343196,0.3249687530045188,0.6750312469954812,195.0,-238.0,False,False,True,SEA,SEA,SEA,1.0,1.0,0.666820564899206,0.6750312469954812,0.6750312469954812,-0.00821068209627518,-238.0,0.4201680672268908,-238.0,0.4201680672268908,-1.985259767304368,-4.5,2.5147402326956323,-16.0,-11.5
2026,1,2026_01_ARI_LAC,LAC,ARI,0.6636006816118436,0.3363993183881564,0.8198198198198198,0.2222222222222222,0.7867435158501441,0.2132564841498559,-455.0,350.0,True,True,True,LAC,LAC,ARI,0.0,0.0,0.6636006816118436,0.7867435158501441,0.7867435158501441,-0.12314283423830052,-455.0,-1.0,-455.0,-1.0,3.7296977592687592,8.5,-4.77030224073124,-12.0,-20.5
2026,1,2026_01_ATL_PIT,PIT,ATL,0.5895670161730495,0.4104329838269505,0.7487437185929648,0.29411764705882354,0.7179705215419501,0.2820294784580499,-298.0,240.0,True,True,True,PIT,PIT,PIT,1.0,1.0,0.5895670161730495,0.7179705215419501,0.7179705215419501,-0.12840350536890055,-298.0,0.3355704697986577,-298.0,0.3355704697986577,3.2687004231350656,6.5,-3.2312995768649344,7.0,0.5
2026,1,2026_01_BAL_IND,IND,BAL,0.3928182323287583,0.6071817676712417,0.423728813559322,0.6183206106870229,0.4066302458405761,0.593369754159424,136.0,-162.0,False,False,True,BAL,BAL,BAL,1.0,1.0,0.6071817676712417,0.593369754159424,0.593369754159424,0.013812013511817711,-162.0,0.617283950617284,-162.0,0.617283950617284,-1.4951161770440444,-3.0,1.5048838229559556,-18.0,-15.0
2026,1,2026_01_BUF_HOU,HOU,BUF,0.4925785215340096,0.5074214784659904,0.5192307692307693,0.5283018867924528,0.4956702459300312,0.5043297540699688,-108.0,-112.0,False,False,True,BUF,BUF,BUF,1.0,1.0,0.5074214784659904,0.5043297540699688,0.5043297540699688,0.003091724396021567,-112.0,0.8928571428571428,-112.0,0.8928571428571428,-0.4242524579410849,-1.5,1.075747542058915,-5.0,-3.5
2026,1,2026_01_CHI_CAR,CAR,CHI,0.400897985783835,0.5991020142161649,0.4166666666666667,0.6240601503759399,0.4003612281757977,0.5996387718242023,140.0,-166.0,False,False,True,CHI,CHI,CHI,1.0,1.0,0.5991020142161649,0.5996387718242023,0.5996387718242023,-0.000536757608037397,-166.0,0.6024096385542168,-166.0,0.6024096385542168,-1.5539502812040893,-3.0,1.4460497187959107,-22.0,-19.0
2026,1,2026_01_CLE_JAX,JAX,CLE,0.639148156543539,0.36085184345646104,0.8245614035087719,0.21739130434782608,0.7913616398243045,0.20863836017569545,-470.0,360.0,True,True,True,JAX,JAX,JAX,1.0,1.0,0.639148156543539,0.7913616398243045,0.7913616398243045,-0.15221348328076556,-470.0,0.2127659574468086,-470.0,0.2127659574468086,3.077813308301285,8.5,-5.422186691698715,24.0,15.5
2026,1,2026_01_DAL_NYG,NYG,DAL,0.428289331104158,0.571710668895842,0.4166666666666667,0.6240601503759399,0.4003612281757977,0.5996387718242023,140.0,-166.0,False,False,True,DAL,DAL,NYG,0.0,0.0,0.571710668895842,0.5996387718242023,0.5996387718242023,-0.027928102928360343,-166.0,-1.0,-166.0,-1.0,-1.7363158948484925,-3.0,1.2636841051515075,8.0,11.0
2026,1,2026_01_DEN_KC,KC,DEN,0.5517206956849784,0.4482793043150216,0.5652173913043478,0.47619047619047616,0.5427435387673957,0.4572564612326044,-130.0,110.0,True,True,True,KC,KC,KC,1.0,1.0,0.5517206956849784,0.5427435387673957,0.5427435387673957,0.008977156917582718,-130.0,0.7692307692307692,-130.0,0.7692307692307692,-0.129867938170889,2.5,-2.629867938170889,21.0,18.5
2026,1,2026_01_GB_MIN,MIN,GB,0.476436399168786,0.523563600831214,0.5555555555555556,0.4878048780487805,0.5324675324675325,0.4675324675324675,-125.0,105.0,False,True,False,GB,MIN,MIN,0.0,1.0,0.523563600831214,0.5324675324675325,0.4675324675324675,0.05603113329874648,105.0,-1.0,-125.0,0.8,-1.0001871646925369,1.5,-2.500187164692537,17.0,15.5
2026,1,2026_01_MIA_LV,LV,MIA,0.4383774121663303,0.5616225878336697,0.6296296296296297,0.4132231404958678,0.6037569709421778,0.3962430290578221,-170.0,142.0,False,True,False,MIA,LV,LV,0.0,1.0,0.5616225878336697,0.6037569709421778,0.3962430290578221,0.1653795587758476,142.0,-1.0,-170.0,0.5882352941176472,0.4676535432807979,3.0,-2.532346456719202,14.0,11.0
2026,1,2026_01_NE_SEA,SEA,NE,0.5365017877675597,0.46349821223244025,0.6240601503759399,0.4166666666666667,0.5996387718242023,0.4003612281757977,-166.0,140.0,True,True,True,SEA,SEA,SEA,1.0,1.0,0.5365017877675597,0.5996387718242023,0.5996387718242023,-0.06313698405664259,-166.0,0.6024096385542168,-166.0,0.6024096385542168,1.4747458619478322,3.0,-1.5252541380521678,3.0,0.0
2026,1,2026_01_NO_DET,DET,NO,0.6441171483021642,0.35588285169783584,0.7647058823529411,0.2777777777777778,0.7335423197492164,0.26645768025078376,-325.0,260.0,True,True,True,DET,DET,DET,1.0,1.0,0.6441171483021642,0.7335423197492164,0.7335423197492164,-0.0894251714470522,-325.0,0.3076923076923077,-325.0,0.3076923076923077,3.893829986954713,7.0,-3.106170013045287,1.0,-6.0
2026,1,2026_01_NYJ_TEN,TEN,NYJ,0.4619221988789957,0.5380778011210043,0.5412844036697247,0.504950495049505,0.5173641257162701,0.4826358742837298,-118.0,-102.0,False,True,False,NYJ,TEN,NYJ,1.0,0.0,0.5380778011210043,0.5173641257162701,0.4826358742837298,0.05544192683727456,-102.0,0.9803921568627452,-118.0,-1.0,-0.812601538819627,1.5,-2.312601538819627,-13.0,-14.5
2026,1,2026_01_SF_LA,LA,SF,0.5282314266439062,0.4717685733560938,0.6855345911949685,0.35714285714285715,0.6574752261956054,0.34252477380439467,-218.0,180.0,True,True,True,LA,LA,SF,0.0,0.0,0.5282314266439062,0.6574752261956054,0.6574752261956054,-0.12924379955169918,-218.0,-1.0,-218.0,-1.0,1.5459983074987171,3.5,-1.9540016925012829,-20.0,-23.5
2026,1,2026_01_TB_CIN,CIN,TB,0.547380545301533,0.452619454698467,0.6721311475409836,0.37037037037037035,0.644729178800233,0.35527082119976705,-205.0,170.0,True,True,True,CIN,CIN,CIN,1.0,1.0,0.547380545301533,0.644729178800233,0.644729178800233,-0.09734863349869993,-205.0,0.4878048780487805,-205.0,0.4878048780487805,1.779388997330538,3.5,-1.720611002669462,6.0,2.5
2026,1,2026_01_WAS_PHI,PHI,WAS,0.5303105120446556,0.4696894879553444,0.7101449275362319,0.3333333333333333,0.6805555555555556,0.3194444444444444,-245.0,200.0,True,True,True,PHI,PHI,PHI,1.0,1.0,0.5303105120446556,0.6805555555555556,0.6805555555555556,-0.15024504351089996,-245.0,0.40816326530612246,-245.0,0.40816326530612246,1.4922971790110704,6.0,-4.507702820988929,2.0,-4.0
2026,2,2026_02_CAR_ATL,ATL,CAR,0.4236704338050507,0.5763295661949492,0.43478260869565216,0.6078431372549019,0.4170073589533933,0.5829926410466066,130.0,-155.0,False,False,True,CAR,CAR,CAR,1.0,1.0,0.5763295661949492,0.5829926410466066,0.5829926410466066,-0.006663074851657402,-155.0,0.6451612903225805,-155.0,0.6451612903225805,-1.5491666629797538,-2.5,0.9508333370202462,-31.0,-28.5
2026,2,2026_02_CIN_HOU,HOU,CIN,0.4205453244568539,0.5794546755431461,0.5967741935483871,0.44642857142857145,0.5720596355604638,0.42794036443953615,-148.0,124.0,False,True,False,CIN,HOU,CIN,1.0,0.0,0.5794546755431461,0.5720596355604638,0.42794036443953615,0.15151431110360997,124.0,1.2400000000000002,-148.0,-1.0,-0.1945806451973702,3.0,-3.1945806451973704,-14.0,-17.0
2026,2,2026_02_CLE_TB,TB,CLE,0.7144298604696847,0.2855701395303153,0.8095238095238095,0.23255813953488372,0.7768331562167907,0.22316684378320936,-425.0,330.0,True,True,True,TB,TB,CLE,0.0,0.0,0.7144298604696847,0.7768331562167907,0.7768331562167907,-0.06240329574710601,-425.0,-1.0,-425.0,-1.0,4.636494018261758,8.5,-3.863505981738242,-4.0,-12.5
2026,2,2026_02_DET_BUF,BUF,DET,0.5497316211757928,0.4502683788242072,0.7041420118343196,0.3389830508474576,0.6750312469954812,0.3249687530045188,-238.0,195.0,True,True,True,BUF,BUF,BUF,1.0,1.0,0.5497316211757928,0.6750312469954812,0.6750312469954812,-0.12529962581968845,-238.0,0.4201680672268908,-238.0,0.4201680672268908,2.1246657722918965,5.5,-3.3753342277081035,10.0,4.5
2026,2,2026_02_GB_NYJ,NYJ,GB,0.3965216943829597,0.6034783056170403,0.3937007874015748,0.6491228070175439,0.3775334481388264,0.6224665518611737,154.0,-185.0,False,False,True,GB,GB,GB,1.0,1.0,0.6034783056170403,0.6224665518611737,0.6224665518611737,-0.018988246244133422,-185.0,0.5405405405405406,-185.0,0.5405405405405406,-1.5246417585880423,-3.5,1.9753582414119577,-3.0,0.5
2026,2,2026_02_IND_KC,KC,IND,0.5649402600873603,0.4350597399126397,0.726027397260274,0.31746031746031744,0.6957699520733487,0.30423004792665137,-265.0,215.0,True,True,True,KC,KC,KC,1.0,1.0,0.5649402600873603,0.6957699520733487,0.6957699520733487,-0.13082969198598837,-265.0,0.37735849056603765,-265.0,0.37735849056603765,1.5139299121763234,6.0,-4.486070087823677,3.0,-3.0
2026,2,2026_02_JAX_DEN,DEN,JAX,0.5060624041591822,0.49393759584081776,0.5967741935483871,0.44642857142857145,0.5720596355604638,0.42794036443953615,-148.0,124.0,True,True,True,DEN,DEN,DEN,1.0,1.0,0.5060624041591822,0.5720596355604638,0.5720596355604638,-0.06599723140128155,-148.0,0.6756756756756757,-148.0,0.6756756756756757,-0.0780780736049778,2.5,-2.5780780736049778,7.0,4.5
2026,2,2026_02_LV_LAC,LAC,LV,0.6884171969462168,0.31158280305378316,0.7647058823529411,0.2777777777777778,0.7335423197492164,0.26645768025078376,-325.0,260.0,True,True,True,LAC,LAC,LV,0.0,0.0,0.6884171969462168,0.7335423197492164,0.7335423197492164,-0.04512512280299952,-325.0,-1.0,-325.0,-1.0,4.040985896057406,6.5,-2.459014103942594,-12.0,-18.5
2026,2,2026_02_MIA_SF,SF,MIA,0.6997345861109057,0.30026541388909433,0.9,0.14285714285714285,0.863013698630137,0.136986301369863,-900.0,600.0,True,True,True,SF,SF,SF,1.0,1.0,0.6997345861109057,0.863013698630137,0.863013698630137,-0.16327911251923133,-900.0,0.11111111111111116,-900.0,0.11111111111111116,6.797355400911957,12.5,-5.702644599088043,22.0,9.5
2026,2,2026_02_MIN_CHI,CHI,MIN,0.6166795428151955,0.38332045718480445,0.6855345911949685,0.35714285714285715,0.6574752261956054,0.34252477380439467,-218.0,180.0,True,True,True,CHI,CHI,MIN,0.0,0.0,0.6166795428151955,0.6574752261956054,0.6574752261956054,-0.04079568338040984,-218.0,-1.0,-218.0,-1.0,2.649466161860045,4.5,-1.8505338381399552,-6.0,-10.5
2026,2,2026_02_NO_BAL,BAL,NO,0.6939677030039211,0.3060322969960789,0.7894736842105263,0.25316455696202533,0.7571884984025559,0.2428115015974441,-375.0,295.0,True,True,True,BAL,BAL,NO,0.0,0.0,0.6939677030039211,0.7571884984025559,0.7571884984025559,-0.06322079539863479,-375.0,-1.0,-375.0,-1.0,4.814983023564356,8.5,-3.6850169764356444,-7.0,-15.5
2026,2,2026_02_NYG_LA,LA,NYG,0.687948915209459,0.312051084790541,0.7487437185929648,0.29411764705882354,0.7179705215419501,0.2820294784580499,-298.0,240.0,True,True,True,LA,LA,LA,1.0,1.0,0.687948915209459,0.7179705215419501,0.7179705215419501,-0.03002160633249107,-298.0,0.3355704697986577,-298.0,0.3355704697986577,4.974254326299616,6.5,-1.525745673700384,22.0,15.5
2026,2,2026_02_PHI_TEN,TEN,PHI,0.2879033727270143,0.7120966272729857,0.2777777777777778,0.7647058823529411,0.26645768025078376,0.7335423197492164,260.0,-325.0,False,False,True,PHI,PHI,PHI,1.0,1.0,0.7120966272729857,0.7335423197492164,0.7335423197492164,-0.021445692476230627,-325.0,0.3076923076923077,-325.0,0.3076923076923077,-4.433000297496905,-7.0,2.566999702503095,-4.0,3.0
2026,2,2026_02_PIT_NE,NE,PIT,0.5418236995038679,0.4581763004961321,0.6923076923076923,0.3508771929824561,0.6636481241914618,0.33635187580853815,-225.0,185.0,True,True,True,NE,NE,NE,1.0,1.0,0.5418236995038679,0.6636481241914618,0.6636481241914618,-0.12182442468759391,-225.0,0.4444444444444444,-225.0,0.4444444444444444,1.4794149636941705,4.5,-3.0205850363058295,17.0,12.5
2026,2,2026_02_SEA_ARI,ARI,SEA,0.3353855149308273,0.6646144850691726,0.35714285714285715,0.6855345911949685,0.34252477380439467,0.6574752261956054,180.0,-218.0,False,False,True,SEA,SEA,SEA,1.0,1.0,0.6646144850691726,0.6574752261956054,0.6574752261956054,0.007139258873567256,-218.0,0.45871559633027514,-218.0,0.45871559633027514,-3.1891892951027576,-3.5,0.3108107048972424,-24.0,-20.5
2026,2,2026_02_WAS_DAL,DAL,WAS,0.6387809705794434,0.3612190294205566,0.6855345911949685,0.35714285714285715,0.6574752261956054,0.34252477380439467,-218.0,180.0,True,True,True,DAL,DAL,DAL,1.0,1.0,0.6387809705794434,0.6574752261956054,0.6574752261956054,-0.018694255616162003,-218.0,0.45871559633027514,-218.0,0.45871559633027514,3.432899630645899,3.5,-0.06710036935410102,17.0,13.5
