season,week,game_id,home_team_x,away_team_x,home_win_prob,pred_home_margin,prediction_source,prediction_made_at,home_team_actual,away_team_actual,home_score,away_score,home_margin,actual_home_win,predicted_home_win,prob_error_sq,margin_error,abs_margin_error,sq_margin_error,log_loss_component,misclassified,home_team_y,away_team_y,weather_wind_mph,weather_wind_mph_wx,weather_temp_f,weather_temp_f_wx,weather_temp_kickoff_f,weather_temp_kickoff_f_wx,wind,temp,inj_qb_questionable_home,inj_qb_questionable_away,inj_qb_doubtful_home,inj_qb_doubtful_away,inj_qb_out_home,inj_qb_out_away,inj_qb_reserve_home,inj_qb_reserve_away,inj_practice_limited_home,inj_practice_limited_away,inj_practice_limited_rolling3_home,inj_practice_limited_rolling3_away,inj_qb_questionable_rolling3_home,inj_qb_questionable_rolling3_away,inj_qb_doubtful_rolling3_home,inj_qb_doubtful_rolling3_away,inj_qb_reserve_rolling3_home,inj_qb_reserve_rolling3_away,home_rest,away_rest,sched_rest_days_home,sched_rest_days_away,sched_back_to_back_travel_home,sched_back_to_back_travel_away,roof_is_dome,home_indoor,away_indoor,away_travel_distance_km,away_travel_distance_miles,home_travel_distance_km,timezone_diff_hours,timezone_diff_hours_abs,away_travel_east,away_travel_west,travel_km_short_rest,travel_km_back_to_back,travel_km_per_rest_day,timezone_diff_short_rest,wind_mph,temp_f,qb_uncertain,qb_uncertainty_score,short_rest,back_to_back_travel,indoor_game,outdoor_game,log_loss_per_game,high_error,rest_diff,rest_days_diff
2023,1,2023_01_LA_SEA,SEA,LA,0.632316529750824,1.9637048,w01_predictions_history_2023.csv,2025-10-26 19:38:16.622086+00:00,SEA,LA,13.0,30.0,-17.0,0.0,1,0.3998241937961246,18.9637048,18.9637048,359.62209974154297,-1.000532846134193,True,SEA,LA,,,,,,,,,0.0,1.0,0.0,0.0,0.0,0.0,0.0,0.0,2.0,0.0,2.0,0.0,0.0,1.0,0.0,0.0,0.0,0.0,7,7,7,7,0,0,0,0,1,0.0,0.0,0.0,0.0,0.0,0,0,0.0,0.0,0.0,0.0,0.0,0.0,1,4.0,0,0,1,0,1.000532846134193,1,0,0
2023,1,2023_01_CAR_ATL,ATL,CAR,0.7707707285881042,5.5486345,w01_predictions_history_2023.csv,2025-10-26 19:38:16.622086+00:00,ATL,CAR,24.0,10.0,14.0,1.0,1,0.0525460588720285,-8.4513655,8.4513655,71.42557881459024,-0.2603643185287266,False,ATL,CAR,,,,,,,,,0.0,0.0,0.0,0.0,0.0,0.0,0.0,0.0,1.0,2.0,1.0,2.0,0.0,0.0,0.0,0.0,0.0,0.0,7,7,7,7,0,0,1,1,0,363.9477516045314,226.14657836225928,0.0,0.0,0.0,0,0,0.0,0.0,0.0,0.0,0.0,0.0,1,3.0,0,0,1,0,0.2603643185287266,0,0,0
2023,1,2023_01_CIN_CLE,CLE,CIN,0.800942599773407,7.3201494,w01_predictions_history_2023.csv,2025-10-26 19:38:16.622086+00:00,CLE,CIN,24.0,3.0,21.0,1.0,1,0.03962384858497,-13.6798506,13.6798506,187.1383124383204,-0.221965995188886,False,CLE,CIN,,,,,,,,,0.0,0.0,0.0,0.0,0.0,0.0,0.0,0.0,1.0,1.0,1.0,1.0,0.0,0.0,0.0,0.0,0.0,0.0,7,7,7,7,0,0,0,0,0,358.98874273433165,223.0651940615744,0.0,0.0,0.0,0,0,0.0,0.0,0.0,0.0,0.0,0.0,1,2.0,0,0,0,1,0.22196599518888607,0,0,0
2023,1,2023_01_DAL_NYG,NYG,DAL,0.6295689344406128,-1.0824337,w01_predictions_history_2023.csv,2025-10-26 19:38:16.622086+00:00,NYG,DAL,0.0,40.0,-40.0,0.0,1,0.3963570432126886,38.9175663,38.9175663,1514.5769667148954,-0.9930879094263084,True,NYG,DAL,,,,,,,,,0.0,0.0,0.0,0.0,0.0,0.0,0.0,0.0,8.0,1.0,8.0,1.0,0.0,0.0,0.0,0.0,0.0,0.0,7,7,7,7,0,0,0,0,0,2229.039273710148,1385.0603625445483,0.0,1.0,1.0,1,0,0.0,0.0,0.0,0.0,0.0,0.0,1,9.0,0,0,0,1,0.9930879094263083,1,0,0
2023,1,2023_01_DET_KC,KC,DET,0.8209843039512634,6.361332,w01_predictions_history_2023.csv,2025-10-26 19:38:16.622086+00:00,KC,DET,20.0,21.0,-1.0,0.0,1,0.6740152273343405,7.361332,7.361332,54.189208814224,-1.72028178956259,True,KC,DET,,,,,,,,,0.0,0.0,0.0,0.0,0.0,0.0,0.0,0.0,0.0,1.0,0.0,1.0,0.0,0.0,0.0,0.0,0.0,0.0,7,7,7,7,0,0,0,0,1,1030.410359214901,640.2671153157223,0.0,-1.0,1.0,0,1,0.0,0.0,0.0,0.0,0.0,0.0,1,1.0,0,0,1,0,1.7202817895625901,1,0,0
2023,1,2023_01_GB_CHI,CHI,GB,0.7756704092025757,2.3844132,w01_predictions_history_2023.csv,2025-10-26 19:38:16.622086+00:00,CHI,GB,20.0,38.0,-18.0,0.0,1,0.6016645837124912,20.3844132,20.3844132,415.5243015083343,-1.4946389210684947,True,CHI,GB,,,,,,,,,0.0,0.0,0.0,0.0,0.0,0.0,0.0,0.0,1.0,2.0,1.0,2.0,0.0,0.0,0.0,0.0,0.0,0.0,7,7,7,7,0,0,0,0,0,295.6568731907761,183.71260695142573,0.0,0.0,0.0,0,0,0.0,0.0,0.0,0.0,0.0,0.0,1,3.0,0,0,0,1,1.4946389210684947,1,0,0
2023,1,2023_01_HOU_BAL,BAL,HOU,0.7961849570274353,6.4181976,w01_predictions_history_2023.csv,2025-10-26 19:38:16.622086+00:00,BAL,HOU,25.0,9.0,16.0,1.0,1,0.0415405717419083,-9.5818024,9.5818024,91.81093723264576,-0.227923762054043,False,BAL,HOU,,,,,,,,,0.0,0.0,0.0,0.0,0.0,0.0,0.0,0.0,1.0,1.0,1.0,1.0,0.0,0.0,0.0,0.0,0.0,0.0,7,7,7,7,0,0,0,0,1,2019.4449970190258,1254.824557242709,0.0,1.0,1.0,1,0,0.0,0.0,0.0,0.0,0.0,0.0,1,2.0,0,0,1,0,0.22792376205404305,0,0,0
2023,1,2023_01_JAX_IND,IND,JAX,0.6114732027053833,1.0366997,w01_predictions_history_2023.csv,2025-10-26 19:38:16.622086+00:00,IND,JAX,21.0,31.0,-10.0,0.0,1,0.3738994776267788,11.0366997,11.0366997,121.80874026798008,-0.9453931352478712,True,IND,JAX,,,,,,,,,0.0,0.0,0.0,0.0,0.0,0.0,0.0,0.0,2.0,1.0,2.0,1.0,0.0,0.0,0.0,0.0,0.0,0.0,7,7,7,7,0,0,1,1,0,1126.8435245076093,700.1878876668177,0.0,0.0,0.0,0,0,0.0,0.0,0.0,0.0,0.0,0.0,1,3.0,0,0,1,0,0.9453931352478712,0,0,0
2023,1,2023_01_LV_DEN,DEN,LV,0.6980540156364441,2.6572492,w01_predictions_history_2023.csv,2025-10-26 19:38:16.622086+00:00,DEN,LV,16.0,17.0,-1.0,0.0,1,0.4872794087461649,3.6572492,3.6572492,13.37547171090064,-1.1975071373279,True,DEN,LV,,,,,,,,,0.0,0.0,0.0,0.0,0.0,0.0,0.0,0.0,3.0,1.0,3.0,1.0,0.0,0.0,0.0,0.0,0.0,0.0,7,7,7,7,0,0,0,0,1,978.8951704373621,608.2570709498342,0.0,1.0,1.0,1,0,0.0,0.0,0.0,0.0,0.0,0.0,1,4.0,0,0,1,0,1.1975071373279,1,0,0
2023,1,2023_01_BUF_NYJ,NYJ,BUF,0.7052287459373474,2.7904794,w01_predictions_history_2023.csv,2025-10-26 19:38:16.622086+00:00,NYJ,BUF,22.0,16.0,6.0,1.0,1,0.0868900922216688,-3.2095206,3.2095206,10.30102248182436,-0.3492330664739059,False,NYJ,BUF,,,,,,,,,0.0,0.0,0.0,0.0,0.0,0.0,0.0,0.0,0.0,0.0,0.0,0.0,0.0,0.0,0.0,0.0,0.0,0.0,7,7,7,7,0,0,0,0,0,447.2561433688814,277.9119970612652,0.0,0.0,0.0,0,0,0.0,0.0,0.0,0.0,0.0,0.0,0,0.0,0,0,0,1,0.3492330664739059,0,0,0
2023,1,2023_01_PHI_NE,NE,PHI,0.6723802089691162,2.5319462,w01_predictions_history_2023.csv,2025-10-26 19:38:16.622086+00:00,NE,PHI,20.0,25.0,-5.0,0.0,1,0.4520951454133524,7.5319462,7.5319462,56.73021355969444,-1.1159015166457802,True,NE,PHI,,,,,,,,,1.0,0.0,0.0,0.0,0.0,0.0,0.0,0.0,4.0,0.0,4.0,0.0,1.0,0.0,0.0,0.0,0.0,0.0,7,7,7,7,0,0,0,0,0,408.107624297606,253.58624261742773,0.0,0.0,0.0,0,0,0.0,0.0,0.0,0.0,0.0,0.0,1,6.0,0,0,0,1,1.1159015166457802,1,0,0
2023,1,2023_01_SF_PIT,PIT,SF,0.7359848022460938,2.2133427,w01_predictions_history_2023.csv,2025-10-26 19:38:16.622086+00:00,PIT,SF,7.0,30.0,-23.0,0.0,1,0.5416736291372217,25.2133427,25.2133427,635.7126501076432,-1.3317486102431064,True,PIT,SF,,,,,,,,,0.0,0.0,0.0,0.0,0.0,0.0,0.0,0.0,1.0,2.0,1.0,2.0,0.0,0.0,0.0,0.0,0.0,0.0,7,7,7,7,0,0,0,0,0,3610.9435876471216,2243.7356279998794,0.0,3.0,3.0,1,0,0.0,0.0,0.0,0.0,0.0,0.0,1,3.0,0,0,0,1,1.3317486102431064,1,0,0
2023,1,2023_01_TB_MIN,MIN,TB,0.7260074615478516,2.5559757,w01_predictions_history_2023.csv,2025-10-26 19:38:16.622086+00:00,MIN,TB,17.0,20.0,-3.0,0.0,1,0.5270868342231552,5.555975699999999,5.555975699999999,30.868865978990485,-1.294654404891328,True,MIN,TB,,,,,,,,,0.0,0.0,0.0,0.0,0.0,0.0,0.0,0.0,1.0,0.0,1.0,0.0,0.0,0.0,0.0,0.0,0.0,0.0,7,7,7,7,0,0,1,1,0,2116.233480181175,1314.9661138136569,0.0,-1.0,1.0,0,1,0.0,0.0,0.0,0.0,0.0,0.0,1,1.0,0,0,1,0,1.294654404891328,1,0,0
2023,1,2023_01_TEN_NO,NO,TEN,0.7721685767173767,5.936556,w01_predictions_history_2023.csv,2025-10-26 19:38:16.622086+00:00,NO,TEN,16.0,15.0,1.0,1.0,1,0.0519071574349858,4.936556,4.936556,24.369585141136003,-0.2585523891716818,False,NO,TEN,,,,,,,,,0.0,0.0,0.0,0.0,0.0,0.0,0.0,0.0,0.0,0.0,0.0,0.0,0.0,0.0,0.0,0.0,0.0,0.0,7,7,7,7,0,0,1,1,0,756.7010310249045,470.19207634897595,0.0,0.0,0.0,0,0,0.0,0.0,0.0,0.0,0.0,0.0,0,0.0,0,0,1,0,0.25855238917168183,0,0,0
2023,1,2023_01_ARI_WAS,WAS,ARI,0.8014576435089111,3.9029799,w01_predictions_history_2023.csv,2025-10-26 19:38:16.622086+00:00,WAS,ARI,20.0,16.0,4.0,1.0,1,0.0394190673210346,-0.0970200999999999,0.09702009999999994,0.0094128998040099,-0.2213231548555799,False,WAS,ARI,,,,,,,,,0.0,0.0,0.0,0.0,0.0,0.0,0.0,0.0,2.0,2.0,2.0,2.0,0.0,0.0,0.0,0.0,0.0,0.0,7,7,7,7,0,0,0,0,1,3210.661871063848,1995.0121774848144,0.0,2.0,2.0,1,0,0.0,0.0,0.0,0.0,0.0,0.0,1,4.0,0,0,1,0,0.22132315485557996,0,0,0
2023,1,2023_01_MIA_LAC,LAC,MIA,0.7413954138755798,3.1638453,w01_predictions_history_2023.csv,2025-10-26 19:38:16.622086+00:00,LAC,MIA,34.0,36.0,-2.0,0.0,1,0.5496671597157423,5.1638453,5.1638453,26.66529828233209,-1.352455078368454,True,LAC,MIA,,,,,,,,,0.0,0.0,0.0,0.0,0.0,0.0,0.0,0.0,0.0,2.0,0.0,2.0,0.0,0.0,0.0,0.0,0.0,0.0,7,7,7,7,0,0,1,1,0,3753.9500976934555,2332.59572615388,0.0,-3.0,3.0,0,1,0.0,0.0,0.0,0.0,0.0,0.0,1,2.0,0,0,1,0,1.352455078368454,1,0,0
2023,2,2023_02_NYG_ARI,ARI,NYG,0.5312927961349487,-0.7857998,w02_predictions_history_2023.csv,2025-10-26 19:38:16.623087+00:00,ARI,NYG,28.0,31.0,-3.0,0.0,1,0.2822720352248922,2.2142002,2.2142002,4.90268252568004,-0.757777004286695,True,ARI,NYG,,,,,,,,,0.0,0.0,0.0,0.0,0.0,0.0,0.0,0.0,3.0,4.0,2.5,6.0,0.0,0.0,0.0,0.0,0.0,0.0,7,7,7,7,0,0,1,1,0,3450.3608482100963,2143.954170613156,0.0,-2.0,2.0,0,1,0.0,0.0,0.0,0.0,0.0,0.0,1,8.5,0,0,1,0,0.757777004286695,0,0,0
2023,2,2023_02_NYJ_DAL,DAL,NYJ,0.6676425933837891,5.0972557,w02_predictions_history_2023.csv,2025-10-26 19:38:16.623087+00:00,DAL,NYJ,30.0,10.0,20.0,1.0,1,0.1104614457326533,-14.9027443,14.9027443,222.0917876711825,-0.4040022884750115,False,DAL,NYJ,,,,,,,,,0.0,0.0,0.0,0.0,0.0,0.0,0.0,0.0,2.0,0.0,1.5,0.0,0.0,0.0,0.0,0.0,0.0,0.0,7,6,7,6,0,0,0,0,0,2229.039273710148,1385.0603625445483,0.0,-1.0,1.0,0,1,0.0,0.0,0.0,0.0,0.0,0.0,1,1.5,1,0,0,1,0.4040022884750115,0,1,1
2023,2,2023_02_SEA_DET,DET,SEA,0.780678927898407,3.65141,w02_predictions_history_2023.csv,2025-10-26 19:38:16.623087+00:00,DET,SEA,31.0,37.0,-6.0,0.0,1,0.6094595884646061,9.65141,9.65141,93.1497149881,-1.517218540159892,True,DET,SEA,,,,,,,,,0.0,0.0,0.0,0.0,0.0,0.0,0.0,0.0,0.0,2.0,0.5,2.0,0.0,0.0,0.0,0.0,0.0,0.0,10,7,10,7,0,0,1,1,0,3110.8284211158993,1932.9785668572076,0.0,3.0,3.0,1,0,0.0,0.0,0.0,0.0,0.0,0.0,1,2.5,0,0,1,0,1.517218540159892,1,3,3
2023,2,2023_02_NO_CAR,CAR,NO,0.5354106426239014,-0.070274636,w02_predictions_history_2023.csv,2025-10-26 19:38:16.623087+00:00,CAR,NO,17.0,20.0,-3.0,0.0,1,0.286664556234939,2.929725364,2.929725364,8.583290708464931,-0.7666013659764329,True,CAR,NO,,,,,,,,,0.0,0.0,0.0,0.0,0.0,0.0,0.0,0.0,0.0,2.0,1.0,1.0,0.0,0.0,0.0,0.0,0.0,0.0,8,8,8,8,0,0,0,0,1,1043.9477915361492,648.6788831746086,0.0,1.0,1.0,1,0,0.0,0.0,0.0,0.0,0.0,0.0,1,2.0,0,0,1,0,0.7666013659764329,0,0,0
2023,2,2023_02_WAS_DEN,DEN,WAS,0.7919068336486816,3.2602842,w02_predictions_history_2023.csv,2025-10-26 19:38:16.623087+00:00,DEN,WAS,33.0,35.0,-2.0,0.0,1,0.6271164331794807,5.2602842,5.2602842,27.67058986476964,-1.5697693844142964,True,DEN,WAS,,,,,,,,,0.0,0.0,0.0,0.0,0.0,0.0,0.0,0.0,0.0,1.0,1.5,1.5,0.0,0.0,0.0,0.0,0.0,0.0,7,7,7,7,0,0,0,0,0,2413.624186746784,1499.7560745430358,0.0,-2.0,2.0,0,1,0.0,0.0,0.0,0.0,0.0,0.0,1,3.0,0,0,0,1,1.5697693844142964,1,0,0
2023,2,2023_02_LV_BUF,BUF,LV,0.771596372127533,5.4960165,w02_predictions_history_2023.csv,2025-10-26 19:38:16.623087+00:00,BUF,LV,38.0,10.0,28.0,1.0,1,0.0521682172253044,-22.5039835,22.5039835,506.4292733682723,-0.2592936997144248,False,BUF,LV,,,,,,,,,0.0,0.0,0.0,0.0,0.0,0.0,0.0,0.0,0.0,0.0,0.0,0.5,0.0,0.0,0.0,0.0,0.0,0.0,6,7,6,7,0,1,0,0,1,3186.6227412950316,1980.074959381235,0.0,3.0,3.0,1,0,0.0,0.0,0.0,0.0,0.0,0.0,1,0.5,1,1,1,0,0.25929369971442484,1,-1,-1
2023,2,2023_02_BAL_CIN,CIN,BAL,0.6579311490058899,1.8110223,w02_predictions_history_2023.csv,2025-10-26 19:38:16.623087+00:00,CIN,BAL,24.0,27.0,-3.0,0.0,1,0.4328733968322105,4.8110223,4.8110223,23.145935571097294,-1.072743243485193,True,CIN,BAL,,,,,,,,,0.0,0.0,0.0,0.0,0.0,0.0,0.0,0.0,3.0,0.0,2.0,0.5,0.0,0.0,0.0,0.0,0.0,0.0,7,7,7,7,0,0,0,0,0,680.380755215459,422.76887024898497,0.0,0.0,0.0,0,0,0.0,0.0,0.0,0.0,0.0,0.0,1,2.5,0,0,0,1,1.072743243485193,1,0,0
2023,2,2023_02_CHI_TB,TB,CHI,0.778323233127594,2.9791167,w02_predictions_history_2023.csv,2025-10-26 19:38:16.623087+00:00,TB,CHI,27.0,17.0,10.0,1.0,1,0.049140588971003,-7.0208833,7.0208832999999995,49.29280231221888,-0.2506133743411766,False,TB,CHI,,,,,,,,,0.0,0.0,0.0,0.0,0.0,0.0,0.0,0.0,0.0,0.0,0.0,0.5,0.0,0.0,0.0,0.0,0.0,0.0,7,7,7,7,0,0,0,0,0,1612.1028840685906,1001.7139811765842,0.0,1.0,1.0,1,0,0.0,0.0,0.0,0.0,0.0,0.0,1,0.5,0,0,0,1,0.25061337434117664,0,0,0
2023,2,2023_02_CLE_PIT,PIT,CLE,0.5981782078742981,1.501206,w02_predictions_history_2023.csv,2025-10-26 19:38:16.623087+00:00,PIT,CLE,26.0,22.0,4.0,1.0,1,0.1614607526271108,-2.498794,2.498794,6.243971454436001,-0.5138665629478568,False,PIT,CLE,,,,,,,,,0.0,0.0,0.0,0.0,0.0,0.0,0.0,0.0,1.0,2.0,1.0,1.5,0.0,0.0,0.0,0.0,0.0,0.0,8,8,8,8,0,0,0,0,0,183.98510450821584,114.32300837337459,0.0,0.0,0.0,0,0,0.0,0.0,0.0,0.0,0.0,0.0,1,2.5,0,0,0,1,0.5138665629478568,0,0,0
2023,2,2023_02_SF_LA,LA,SF,0.6073978543281555,0.005849082,w02_predictions_history_2023.csv,2025-10-26 19:38:16.623087+00:00,LA,SF,23.0,30.0,-7.0,0.0,1,0.3689321534424472,7.005849082,7.005849082,49.08192135976024,-0.9349585318672824,True,LA,SF,,,,,,,,,0.0,0.0,0.0,0.0,0.0,0.0,0.0,0.0,4.0,0.0,2.0,1.0,0.5,0.0,0.0,0.0,0.0,0.0,7,7,7,7,0,1,1,1,0,0.0,0.0,,0.0,0.0,0,0,0.0,0.0,0.0,0.0,0.0,0.0,1,3.5,0,1,1,0,0.9349585318672824,0,0,0
2023,2,2023_02_MIN_PHI,PHI,MIN,0.7400737404823303,4.017675,w02_predictions_history_2023.csv,2025-10-26 19:38:16.623087+00:00,PHI,MIN,34.0,28.0,6.0,1.0,1,0.0675616603868469,-1.9823250000000003,1.9823250000000003,3.929612405625001,-0.301005448448137,False,PHI,MIN,,,,,,,,,0.0,0.0,0.0,0.0,0.0,0.0,0.0,0.0,1.0,2.0,0.5,1.5,0.0,0.0,0.0,0.0,0.0,0.0,4,4,4,4,0,0,0,0,1,1584.0258129378303,984.2677034109926,0.0,1.0,1.0,1,0,0.0,0.0,0.0,0.0,0.0,0.0,1,2.0,1,0,1,0,0.301005448448137,0,0,0
2023,2,2023_02_MIA_NE,NE,MIA,0.7305130362510681,2.123908,w02_predictions_history_2023.csv,2025-10-26 19:38:16.623087+00:00,NE,MIA,17.0,24.0,-7.0,0.0,1,0.5336492961327544,9.123908,9.123908,83.24569719246401,-1.3112352617921683,True,NE,MIA,,,,,,,,,0.0,0.0,0.0,0.0,0.0,0.0,0.0,0.0,5.0,4.0,4.5,3.0,0.5,0.0,0.0,0.0,0.0,0.0,7,7,7,7,0,1,0,0,0,1972.5474708363204,1225.6837945010352,0.0,0.0,0.0,0,0,0.0,0.0,0.0,0.0,0.0,0.0,1,8.0,0,1,0,1,1.3112352617921685,1,0,0
2023,2,2023_02_GB_ATL,ATL,GB,0.7428602576255798,3.6562772,w02_predictions_history_2023.csv,2025-10-26 19:38:16.623087+00:00,ATL,GB,25.0,24.0,1.0,1.0,1,0.0661208471083831,2.6562772,2.6562772,7.05580856323984,-0.2972473305192107,False,ATL,GB,,,,,,,,,0.0,0.0,0.0,0.0,0.0,0.0,0.0,0.0,2.0,3.0,1.5,2.5,0.0,0.0,0.0,0.0,0.0,0.0,7,7,7,7,0,1,0,1,0,1235.6025213508115,767.767574294275,0.0,1.0,1.0,1,0,0.0,0.0,0.0,0.0,0.0,0.0,1,4.0,0,1,1,0,0.29724733051921076,0,0,0
2023,2,2023_02_LAC_TEN,TEN,LAC,0.6143006086349487,1.1306245,w02_predictions_history_2023.csv,2025-10-26 19:38:16.623087+00:00,TEN,LAC,27.0,24.0,3.0,1.0,1,0.1487640204993709,-1.8693755,1.8693755,3.4945647600002503,-0.4872708800347081,False,TEN,LAC,,,,,,,,,0.0,0.0,0.0,0.0,0.0,0.0,0.0,0.0,1.0,3.0,0.5,1.5,0.0,0.0,0.0,0.0,0.0,0.0,7,7,7,7,0,0,0,0,1,2871.1549435695815,1784.0524184407745,0.0,2.0,2.0,1,0,0.0,0.0,0.0,0.0,0.0,0.0,1,2.0,0,0,1,0,0.48727088003470814,0,0,0
2023,2,2023_02_KC_JAX,JAX,KC,0.5832435488700867,-0.91372925,w02_predictions_history_2023.csv,2025-10-26 19:38:16.623087+00:00,JAX,KC,9.0,17.0,-8.0,0.0,1,0.3401730372985732,7.08627075,7.08627075,50.21523314230556,-0.8752532778551728,True,JAX,KC,,,,,,,,,0.0,0.0,0.0,0.0,0.0,0.0,0.0,0.0,3.0,3.0,2.0,1.5,0.0,0.0,0.0,0.0,0.0,0.0,7,10,7,10,0,0,0,0,0,1520.7087764454202,944.9243331286672,0.0,1.0,1.0,1,0,0.0,0.0,0.0,0.0,0.0,0.0,1,3.5,0,0,0,1,0.8752532778551728,0,-3,-3
2023,2,2023_02_IND_HOU,HOU,IND,0.7537645101547241,3.0965574,w02_predictions_history_2023.csv,2025-10-26 19:38:16.623087+00:00,HOU,IND,20.0,31.0,-11.0,0.0,1,0.5681609367687912,14.0965574,14.0965574,198.71293053149475,-1.4014669251522438,True,HOU,IND,,,,,,,,,1.0,0.0,0.0,0.0,0.0,0.0,0.0,0.0,2.0,1.0,1.5,1.5,0.5,0.0,0.0,0.0,0.0,0.0,7,7,7,7,0,0,0,1,1,1401.546145726109,870.8801301159781,0.0,-1.0,1.0,0,1,0.0,0.0,0.0,0.0,0.0,0.0,1,4.5,0,0,1,0,1.4014669251522438,1,0,0
2023,3,2023_03_CAR_SEA,SEA,CAR,0.7636946439743042,5.028963,w03_predictions_history_2023.csv,2025-10-26 19:38:16.625086+00:00,SEA,CAR,37.0,27.0,10.0,1.0,1,0.0558402212864308,-4.971037,4.971037,24.711208855369,-0.2695872503711264,False,SEA,CAR,,,,,,,2.0,61.0,0.0,0.0,0.0,0.0,0.0,1.0,0.0,0.0,3.0,0.0,2.3333333333333335,0.6666666666666666,0.0,0.0,0.0,0.0,0.0,0.0,7,6,7,6,0,0,0,0,0,3670.001244458722,2280.4323432705605,0.0,-3.0,3.0,0,1,0.0,0.0,0.0,0.0,2.0,61.0,1,4.0,1,0,0,1,0.26958725037112646,0,1,1
2023,3,2023_03_NO_GB,GB,NO,0.6701117157936096,3.2614017,w03_predictions_history_2023.csv,2025-10-26 19:38:16.625086+00:00,GB,NO,18.0,17.0,1.0,1.0,1,0.1088262800566362,2.2614017,2.2614017,5.11393764876289,-0.4003108405062303,False,GB,NO,,,,,,,10.0,68.0,0.0,0.0,0.0,0.0,0.0,0.0,0.0,0.0,5.0,1.0,3.3333333333333335,1.0,0.0,0.0,0.0,0.0,0.0,0.0,7,6,7,6,0,1,0,0,1,1627.629192217841,1011.3615787975921,0.0,0.0,0.0,0,0,0.0,0.0,0.0,0.0,10.0,68.0,1,4.333333333333334,1,1,1,0,0.40031084050623034,0,1,1
2023,3,2023_03_BUF_WAS,WAS,BUF,0.4985697865486145,-0.81290084,w03_predictions_history_2023.csv,2025-10-26 19:38:16.625086+00:00,WAS,BUF,3.0,37.0,-34.0,0.0,0,0.248571832059131,33.18709916,33.18709916,1101.383550655673,-0.6902908368935279,False,WAS,BUF,,,,,,,1.0,65.0,0.0,0.0,0.0,0.0,0.0,0.0,0.0,0.0,0.0,0.0,1.0,0.0,0.0,0.0,0.0,0.0,0.0,0.0,7,7,7,7,0,0,0,0,0,459.26286555441163,285.3726260324103,0.0,0.0,0.0,0,0,0.0,0.0,0.0,0.0,1.0,65.0,1,1.0,0,0,0,1,0.6902908368935279,1,0,0
2023,3,2023_03_ATL_DET,DET,ATL,0.7587881684303284,3.7671328,w03_predictions_history_2023.csv,2025-10-26 19:38:16.625086+00:00,DET,ATL,20.0,6.0,14.0,1.0,1,0.0581831476891956,-10.2328672,10.2328672,104.71157113283584,-0.2760326335173695,False,DET,ATL,,,,,,,,,0.0,0.0,0.0,0.0,0.0,0.0,0.0,0.0,0.0,1.0,0.3333333333333333,1.3333333333333333,0.0,0.0,0.0,0.0,0.0,0.0,7,7,7,7,0,0,1,1,1,961.919305220717,597.7087606043021,0.0,0.0,0.0,0,0,0.0,0.0,0.0,0.0,0.0,0.0,1,1.6666666666666665,0,0,1,0,0.2760326335173695,0,0,0
2023,3,2023_03_DAL_ARI,ARI,DAL,0.5282103419303894,-0.26896694,w03_predictions_history_2023.csv,2025-10-26 19:38:16.625086+00:00,ARI,DAL,28.0,16.0,12.0,1.0,1,0.22258548146144,-12.26896694,12.26896694,150.52754977481297,-0.6382606997379136,False,ARI,DAL,,,,,,,,,0.0,0.0,0.0,0.0,0.0,0.0,0.0,0.0,1.0,0.0,2.0,1.0,0.0,0.0,0.0,0.0,0.0,0.0,7,7,7,7,0,0,0,1,0,1413.7094146003187,878.4380326596147,0.0,-1.0,1.0,0,1,0.0,0.0,0.0,0.0,0.0,0.0,1,3.0,0,0,1,0,0.6382606997379136,0,0,0
2023,3,2023_03_DEN_MIA,MIA,DEN,0.7984798550605774,7.36329,w03_predictions_history_2023.csv,2025-10-26 19:38:16.625086+00:00,MIA,DEN,70.0,20.0,50.0,1.0,1,0.0406103688164058,-42.63671,42.63671,1817.8890396241,-0.2250455401229872,False,MIA,DEN,,,,,,,5.0,86.0,0.0,0.0,0.0,0.0,0.0,0.0,0.0,0.0,4.0,1.0,3.3333333333333335,1.3333333333333333,0.0,0.0,0.0,0.0,0.0,0.0,7,7,7,7,0,0,0,0,0,2761.374257757161,1715.837883916825,0.0,2.0,2.0,1,0,0.0,0.0,0.0,0.0,5.0,86.0,1,4.666666666666667,0,0,0,1,0.22504554012298722,1,0,0
2023,3,2023_03_LA_CIN,CIN,LA,0.7331790328025818,2.5706663,w03_predictions_history_2023.csv,2025-10-26 19:38:16.625086+00:00,CIN,LA,19.0,16.0,3.0,1.0,1,0.0711934285361657,-0.4293336999999999,0.42933369999999993,0.1843274259556899,-0.3103653602577513,False,CIN,LA,,,,,,,7.0,74.0,1.0,0.0,0.0,0.0,0.0,0.0,0.0,0.0,3.0,1.0,2.3333333333333335,1.6666666666666667,0.3333333333333333,0.3333333333333333,0.0,0.0,0.0,0.0,8,8,8,8,0,0,0,0,1,0.0,0.0,0.0,0.0,0.0,0,0,0.0,0.0,0.0,0.0,7.0,74.0,1,5.666666666666667,0,0,1,0,0.31036536025775135,0,0,0
2023,3,2023_03_IND_BAL,BAL,IND,0.7939293384552002,5.6602893,w03_predictions_history_2023.csv,2025-10-26 19:38:16.625086+00:00,BAL,IND,19.0,22.0,-3.0,0.0,1,0.6303237944599118,8.660289299999999,8.660289299999999,75.00061075969447,-1.5795361518017426,True,BAL,IND,,,,,,,3.0,68.0,0.0,0.0,0.0,0.0,0.0,1.0,0.0,0.0,0.0,2.0,0.3333333333333333,1.6666666666666667,0.0,0.0,0.0,0.0,0.0,0.0,7,7,7,7,0,1,0,0,1,819.7813697530333,509.3883695048121,0.0,0.0,0.0,0,0,0.0,0.0,0.0,0.0,3.0,68.0,1,3.0,0,1,1,0,1.5795361518017426,1,0,0
2023,3,2023_03_LAC_MIN,MIN,LAC,0.7542816996574402,2.6948323,w03_predictions_history_2023.csv,2025-10-26 19:38:16.625086+00:00,MIN,LAC,24.0,28.0,-4.0,0.0,1,0.5689408824381168,6.6948323,6.6948323,44.820779525123285,-1.403569519759984,True,MIN,LAC,,,,,,,,,0.0,0.0,0.0,0.0,0.0,0.0,0.0,0.0,2.0,2.0,1.6666666666666667,1.6666666666666667,0.0,0.0,0.0,0.0,0.0,0.0,10,7,10,7,0,1,1,1,1,2462.372304372736,1530.0467411403913,0.0,2.0,2.0,1,0,0.0,0.0,0.0,0.0,0.0,0.0,1,3.3333333333333335,0,1,1,0,1.403569519759984,1,3,3
2023,3,2023_03_NE_NYJ,NYJ,NE,0.7201110124588013,1.9590735,w03_predictions_history_2023.csv,2025-10-26 19:38:16.625086+00:00,NYJ,NE,10.0,15.0,-5.0,0.0,1,0.5185598702644398,6.9590735,6.9590735,48.42870397840225,-1.2733622274962615,True,NYJ,NE,,,,,,,14.0,64.0,0.0,0.0,0.0,0.0,0.0,0.0,0.0,0.0,0.0,7.0,0.0,5.333333333333333,0.0,0.3333333333333333,0.0,0.0,0.0,0.0,7,7,7,7,0,0,0,0,0,273.87684413964047,170.17912851989254,0.0,0.0,0.0,0,0,0.0,0.0,0.0,0.0,14.0,64.0,1,5.666666666666666,0,0,0,1,1.2733622274962615,1,0,0
2023,3,2023_03_TEN_CLE,CLE,TEN,0.8105936050415039,9.444316,w03_predictions_history_2023.csv,2025-10-26 19:38:16.625086+00:00,CLE,TEN,27.0,3.0,24.0,1.0,1,0.0358747824511738,-14.555684,14.555684,211.867936707856,-0.2099884539857103,False,CLE,TEN,,,,,,,5.0,68.0,0.0,0.0,0.0,0.0,0.0,0.0,0.0,0.0,1.0,2.0,1.3333333333333333,1.0,0.0,0.0,0.0,0.0,0.0,0.0,6,7,6,7,0,0,0,0,0,738.2667742351507,458.7375637732698,0.0,1.0,1.0,1,0,0.0,0.0,0.0,0.0,5.0,68.0,1,2.333333333333333,1,0,0,1,0.20998845398571037,0,-1,-1
2023,3,2023_03_PIT_LV,LV,PIT,0.7432219386100769,2.097532,w03_predictions_history_2023.csv,2025-10-26 19:38:16.625086+00:00,LV,PIT,18.0,23.0,-5.0,0.0,1,0.5523788500313209,7.097532,7.097532,50.374960491024005,-1.3595431415403416,True,LV,PIT,,,,,,,,,0.0,0.0,0.0,0.0,0.0,0.0,0.0,0.0,2.0,0.0,1.0,0.6666666666666666,0.0,0.0,0.0,0.0,0.0,0.0,7,6,7,6,0,0,1,1,0,3087.3261945215622,1918.3749648160576,0.0,-3.0,3.0,0,1,0.0,0.0,0.0,0.0,0.0,0.0,1,1.6666666666666665,1,0,1,0,1.3595431415403416,1,1,1
2023,3,2023_03_PHI_TB,TB,PHI,0.635628879070282,1.3415031,w03_predictions_history_2023.csv,2025-10-26 19:38:16.625086+00:00,TB,PHI,11.0,25.0,-14.0,0.0,1,0.4040240719081431,15.3415031,15.3415031,235.36171736730964,-1.0095823677530031,True,TB,PHI,,,,,,,4.0,90.0,0.0,0.0,0.0,0.0,0.0,0.0,0.0,0.0,3.0,1.0,1.0,0.6666666666666666,0.0,0.0,0.0,0.0,0.0,0.0,8,11,8,11,0,0,0,0,0,1487.3128204251716,924.1730545404093,0.0,0.0,0.0,0,0,0.0,0.0,0.0,0.0,4.0,90.0,1,1.6666666666666665,0,0,0,1,1.0095823677530031,1,-3,-3
2023,3,2023_03_NYG_SF,SF,NYG,0.7538037300109863,6.5792794,w03_predictions_history_2023.csv,2025-10-26 19:38:16.625086+00:00,SF,NYG,30.0,12.0,18.0,1.0,1,0.0606126033565033,-11.4207206,11.4207206,130.43285902326434,-0.2826232498846316,False,SF,NYG,,,,,,,13.0,77.0,0.0,0.0,0.0,0.0,0.0,0.0,0.0,0.0,2.0,4.0,1.3333333333333333,5.333333333333333,0.0,0.0,0.0,0.0,0.0,0.0,4,4,4,4,0,1,0,0,0,4098.505437429248,2546.692422160849,0.0,-3.0,3.0,0,1,0.0,0.0,0.0,0.0,13.0,77.0,1,6.666666666666666,1,1,0,1,0.2826232498846316,0,0,0
2023,3,2023_03_HOU_JAX,JAX,HOU,0.7619740962982178,1.7437524,w03_predictions_history_2023.csv,2025-10-26 19:38:16.625086+00:00,JAX,HOU,17.0,37.0,-20.0,0.0,1,0.5806045234294857,21.7437524,21.743752399999998,472.7907684325057,-1.435375772150087,True,JAX,HOU,,,,,,,6.0,84.0,0.0,0.0,0.0,0.0,0.0,0.0,0.0,0.0,3.0,1.0,2.3333333333333335,1.3333333333333333,0.0,0.3333333333333333,0.0,0.0,0.0,0.0,7,7,7,7,0,0,0,0,1,1327.3673175220954,824.787557456022,0.0,1.0,1.0,1,0,0.0,0.0,0.0,0.0,6.0,84.0,1,4.0,0,0,1,0,1.435375772150087,1,0,0
2023,3,2023_03_CHI_KC,KC,CHI,0.7710975408554077,5.110577,w03_predictions_history_2023.csv,2025-10-26 19:38:16.625086+00:00,KC,CHI,41.0,10.0,31.0,1.0,1,0.0523963358024417,-25.889423,25.889423,670.2622232729291,-0.2599404012866712,False,KC,CHI,,,,,,,,,0.0,0.0,0.0,0.0,0.0,0.0,0.0,0.0,3.0,1.0,2.0,0.6666666666666666,0.0,0.0,0.0,0.0,0.0,0.0,7,7,7,7,0,1,0,0,0,659.6089882074905,409.8618966114766,0.0,0.0,0.0,0,0,0.0,0.0,0.0,0.0,0.0,0.0,1,2.6666666666666665,0,1,0,1,0.2599404012866712,1,0,0
2023,4,2023_04_MIA_BUF,BUF,MIA,0.7905017137527466,5.436557,w04_predictions_history_2023.csv,2025-10-26 19:38:16.626084+00:00,BUF,MIA,48.0,20.0,28.0,1.0,1,0.0438895319405361,-22.563443,22.563443,509.10896001424896,-0.235087454399797,False,BUF,MIA,,,,,,,2.0,70.0,0.0,0.0,0.0,0.0,0.0,0.0,0.0,0.0,0.0,4.0,0.0,4.0,0.0,0.0,0.0,0.0,0.0,0.0,7,7,7,7,0,0,0,0,0,1874.493622740377,1164.7559768558108,0.0,0.0,0.0,0,0,0.0,0.0,0.0,0.0,2.0,70.0,1,4.0,0,0,0,1,0.23508745439979703,1,0,0
2023,4,2023_04_BAL_CLE,CLE,BAL,0.6946004033088684,1.6995943,w04_predictions_history_2023.csv,2025-10-26 19:38:16.626084+00:00,CLE,BAL,3.0,28.0,-25.0,0.0,1,0.4824697202768426,26.6995943,26.6995943,712.8683357845925,-1.1861342067907117,True,CLE,BAL,,,,,,,7.0,71.0,1.0,0.0,0.0,0.0,0.0,0.0,0.0,0.0,3.0,1.0,2.0,0.3333333333333333,0.3333333333333333,0.0,0.0,0.0,0.0,0.0,7,7,7,7,0,0,0,0,0,496.0989291668332,308.26148771532434,0.0,0.0,0.0,0,0,0.0,0.0,0.0,0.0,7.0,71.0,1,3.666666666666667,0,0,0,1,1.1861342067907115,1,0,0
2023,4,2023_04_TB_NO,NO,TB,0.7600194811820984,3.1040795,w04_predictions_history_2023.csv,2025-10-26 19:38:16.626084+00:00,NO,TB,9.0,26.0,-17.0,0.0,1,0.577629611776306,20.1040795,20.1040795,404.1740125423202,-1.4271975305268143,True,NO,TB,,,,,,,,,1.0,0.0,0.0,0.0,0.0,0.0,0.0,0.0,2.0,3.0,1.6666666666666667,2.0,0.3333333333333333,0.0,0.0,0.0,0.0,0.0,7,6,7,6,0,0,1,1,0,769.0307632936804,477.85341441855746,0.0,-1.0,1.0,0,1,0.0,0.0,0.0,0.0,0.0,0.0,1,5.0,1,0,1,0,1.4271975305268143,1,1,1
2023,4,2023_04_SEA_NYG,NYG,SEA,0.6805306077003479,3.086206,w04_predictions_history_2023.csv,2025-10-26 19:38:16.626084+00:00,NYG,SEA,3.0,24.0,-21.0,0.0,1,0.4631219080170048,24.086206,24.086206,580.1453194744361,-1.1410938085026736,True,NYG,SEA,,,,,,,8.0,67.0,0.0,0.0,0.0,0.0,0.0,0.0,0.0,0.0,1.0,0.0,3.0,1.6666666666666667,0.0,0.0,0.0,0.0,0.0,0.0,11,8,11,8,0,0,0,0,0,3855.3031038027907,2395.573544913044,0.0,3.0,3.0,1,0,0.0,0.0,0.0,0.0,8.0,67.0,1,4.666666666666667,0,0,0,1,1.1410938085026736,1,3,3
2023,4,2023_04_PIT_HOU,HOU,PIT,0.6181885004043579,0.6677906,w04_predictions_history_2023.csv,2025-10-26 19:38:16.626084+00:00,HOU,PIT,30.0,6.0,24.0,1.0,1,0.145780021223473,-23.3322094,23.3322094,544.3919954854483,-0.4809618511970937,False,HOU,PIT,,,,,,,,,0.0,0.0,0.0,0.0,0.0,0.0,0.0,0.0,3.0,0.0,2.0,0.3333333333333333,0.3333333333333333,0.0,0.0,0.0,0.0,0.0,7,7,7,7,0,1,0,1,0,1837.6519839128334,1141.8636508959012,0.0,-1.0,1.0,0,1,0.0,0.0,0.0,0.0,0.0,0.0,1,2.666666666666667,0,1,1,0,0.4809618511970937,1,0,0
2023,4,2023_04_NE_DAL,DAL,NE,0.7709322571754456,4.805544,w04_predictions_history_2023.csv,2025-10-26 19:38:16.626084+00:00,DAL,NE,38.0,3.0,35.0,1.0,1,0.0524720308027362,-30.194456,30.194456,911.705173135936,-0.2601547728647122,False,DAL,NE,,,,,,,,,0.0,0.0,0.0,0.0,0.0,0.0,0.0,0.0,4.0,6.0,2.0,6.0,0.0,0.0,0.0,0.0,0.0,0.0,7,7,7,7,0,1,1,0,0,2493.636862948055,1549.4736311668958,0.0,-1.0,1.0,0,1,0.0,0.0,0.0,0.0,0.0,0.0,1,8.0,0,1,1,0,0.2601547728647122,1,0,0
2023,4,2023_04_MIN_CAR,CAR,MIN,0.5566844344139099,0.28206965,w04_predictions_history_2023.csv,2025-10-26 19:38:16.626084+00:00,CAR,MIN,13.0,21.0,-8.0,0.0,1,0.3098975595187347,8.28206965,8.28206965,68.59267768745113,-0.8134734248629375,True,CAR,MIN,,,,,,,7.0,78.0,0.0,1.0,0.0,0.0,0.0,0.0,0.0,0.0,1.0,1.0,0.3333333333333333,1.6666666666666667,0.0,0.3333333333333333,0.0,0.0,0.0,0.0,7,7,7,7,0,0,0,0,1,1509.478463979827,937.9461426416091,0.0,1.0,1.0,1,0,0.0,0.0,0.0,0.0,7.0,78.0,1,3.3333333333333335,0,0,1,0,0.8134734248629375,0,0,0
2023,4,2023_04_WAS_PHI,PHI,WAS,0.7986888885498047,3.7840896,w04_predictions_history_2023.csv,2025-10-26 19:38:16.626084+00:00,PHI,WAS,34.0,31.0,3.0,1.0,1,0.0405261635933129,0.7840896000000002,0.7840896000000002,0.6147965008281603,-0.2247837850751789,False,PHI,WAS,,,,,,,,,0.0,0.0,0.0,0.0,0.0,0.0,0.0,0.0,3.0,0.0,1.6666666666666667,0.3333333333333333,0.0,0.0,0.0,0.0,0.0,0.0,6,7,6,7,0,0,0,0,0,182.89590253639992,113.64620985494535,0.0,0.0,0.0,0,0,0.0,0.0,0.0,0.0,0.0,0.0,1,2.0,1,0,0,1,0.22478378507517896,0,-1,-1
2023,4,2023_04_ARI_SF,SF,ARI,0.7786290049552917,5.954982,w04_predictions_history_2023.csv,2025-10-26 19:38:16.626084+00:00,SF,ARI,35.0,16.0,19.0,1.0,1,0.0490051174470842,-13.045018,13.045017999999999,170.17249462032396,-0.2502205917957012,False,SF,ARI,,,,,,,9.0,75.0,0.0,0.0,0.0,0.0,0.0,0.0,0.0,0.0,3.0,3.0,1.6666666666666667,2.3333333333333335,0.0,0.0,0.0,0.0,0.0,0.0,10,7,10,7,0,0,0,0,1,978.3858210191008,607.9405759924597,0.0,-1.0,1.0,0,1,0.0,0.0,0.0,0.0,9.0,75.0,1,4.0,0,0,1,0,0.2502205917957012,0,3,3
2023,4,2023_04_ATL_JAX,JAX,ATL,0.7638654112815857,2.2381039,w04_predictions_history_2023.csv,2025-10-26 19:38:16.626084+00:00,JAX,ATL,23.0,7.0,16.0,1.0,1,0.0557595439892146,-13.7618961,13.7618961,189.3897842671952,-0.2693636685781811,False,JAX,ATL,,,,,,,,,0.0,0.0,0.0,0.0,0.0,0.0,0.0,0.0,4.0,1.0,3.3333333333333335,1.3333333333333333,0.0,0.0,0.0,0.0,0.0,0.0,7,7,7,7,0,1,0,0,1,461.91583525003927,287.0211044651522,0.0,0.0,0.0,0,0,0.0,0.0,0.0,0.0,0.0,0.0,1,4.666666666666667,0,1,1,0,0.26936366857818117,0,0,0
2023,4,2023_04_CIN_TEN,TEN,CIN,0.6847862005233765,2.797297,w04_predictions_history_2023.csv,2025-10-26 19:38:16.626084+00:00,TEN,CIN,27.0,3.0,24.0,1.0,1,0.099359739380489,-21.202703,21.202703,449.55461450620896,-0.3786486054625234,False,TEN,CIN,,,,,,,4.0,82.0,0.0,0.0,0.0,0.0,0.0,0.0,0.0,0.0,2.0,1.0,1.6666666666666667,2.3333333333333335,0.0,0.3333333333333333,0.0,0.0,0.0,0.0,7,6,7,6,0,0,0,0,0,381.4252935888809,237.0066161026165,0.0,-1.0,1.0,0,1,0.0,0.0,0.0,0.0,4.0,82.0,1,4.333333333333334,1,0,0,1,0.37864860546252344,1,1,1
2023,4,2023_04_DEN_CHI,CHI,DEN,0.6357508897781372,1.3860527,w04_predictions_history_2023.csv,2025-10-26 19:38:16.626084+00:00,CHI,DEN,28.0,31.0,-3.0,0.0,1,0.4041791938536931,4.3860527000000005,4.3860527000000005,19.237458287177294,-1.0099172766775133,True,CHI,DEN,,,,,,,2.0,80.0,0.0,0.0,0.0,0.0,0.0,0.0,0.0,0.0,1.0,1.0,0.6666666666666666,0.6666666666666666,0.0,0.0,0.0,0.0,0.0,0.0,7,7,7,7,0,1,0,0,0,1481.0114703861911,920.257578365338,0.0,1.0,1.0,1,0,0.0,0.0,0.0,0.0,2.0,80.0,1,1.3333333333333333,0,1,0,1,1.0099172766775133,0,0,0
2023,4,2023_04_DET_GB,GB,DET,0.6633780598640442,1.2708044,w04_predictions_history_2023.csv,2025-10-26 19:38:16.626084+00:00,GB,DET,20.0,34.0,-14.0,0.0,1,0.4400704503089834,15.2708044,15.2708044,233.19746702305932,-1.0887948177217477,True,GB,DET,,,,,,,8.0,64.0,0.0,0.0,0.0,0.0,0.0,0.0,0.0,0.0,6.0,5.0,4.666666666666667,1.6666666666666667,0.0,0.0,0.0,0.0,0.0,0.0,4,4,4,4,0,0,0,0,1,470.9455844183699,292.6319287356269,0.0,-1.0,1.0,0,1,0.0,0.0,0.0,0.0,8.0,64.0,1,6.333333333333334,1,0,1,0,1.0887948177217475,1,0,0
2023,4,2023_04_KC_NYJ,NYJ,KC,0.6293156743049622,0.10623117,w04_predictions_history_2023.csv,2025-10-26 19:38:16.626084+00:00,NYJ,KC,20.0,23.0,-3.0,0.0,1,0.3960382179259092,3.10623117,3.10623117,9.64867208147957,-0.9924044527109368,True,NYJ,KC,,,,,,,5.0,69.0,0.0,0.0,0.0,0.0,0.0,0.0,0.0,0.0,0.0,2.0,0.0,2.6666666666666665,0.0,0.0,0.0,0.0,0.0,0.0,7,7,7,7,0,0,0,0,0,1747.2670645640812,1085.7010831752477,0.0,1.0,1.0,1,0,0.0,0.0,0.0,0.0,5.0,69.0,1,2.6666666666666665,0,0,0,1,0.9924044527109367,0,0,0
2023,4,2023_04_LA_IND,IND,LA,0.7221757173538208,2.434588,w04_predictions_history_2023.csv,2025-10-26 19:38:16.626084+00:00,IND,LA,23.0,29.0,-6.0,0.0,1,0.5215377667355057,8.434588,8.434588,71.142274729744,-1.2807664419485694,True,IND,LA,,,,,,,,,1.0,0.0,0.0,0.0,0.0,0.0,0.0,0.0,0.0,2.0,1.0,2.3333333333333335,0.3333333333333333,0.0,0.0,0.0,0.0,0.0,7,6,7,6,0,1,0,1,1,0.0,0.0,0.0,0.0,0.0,0,0,0.0,0.0,0.0,0.0,0.0,0.0,1,4.666666666666667,1,1,1,0,1.2807664419485694,1,1,1
2023,4,2023_04_LV_LAC,LAC,LV,0.7355365753173828,3.9265866,w04_predictions_history_2023.csv,2025-10-26 19:38:16.626084+00:00,LAC,LV,24.0,17.0,7.0,1.0,1,0.0699409029948583,-3.0734134,3.0734134,9.445869927299562,-0.3071550116694076,False,LAC,LV,,,,,,,,,0.0,1.0,0.0,0.0,0.0,0.0,0.0,0.0,3.0,7.0,2.6666666666666665,3.0,0.0,0.3333333333333333,0.0,0.0,0.0,0.0,7,7,7,7,0,0,1,1,1,372.8906400783848,231.70342991614606,0.0,0.0,0.0,0,0,0.0,0.0,0.0,0.0,0.0,0.0,1,7.0,0,0,1,0,0.3071550116694076,0,0,0
2023,5,2023_05_BAL_PIT,PIT,BAL,0.5608848333358765,0.11683865,w05_predictions_history_2023.csv,2025-10-26 19:38:16.627587+00:00,PIT,BAL,17.0,10.0,7.0,1.0,1,0.192822129594461,-6.88316135,6.88316135,47.37791017013382,-0.5782396827052848,False,PIT,BAL,,,,,,,13.0,53.0,0.0,0.0,0.0,0.0,0.0,0.0,0.0,0.0,2.0,1.0,0.6666666666666666,0.6666666666666666,0.0,0.0,0.0,0.0,0.0,0.0,7,7,7,7,0,1,0,0,0,317.4016302758104,197.2241684061106,0.0,0.0,0.0,0,0,0.0,0.0,0.0,0.0,13.0,53.0,1,1.3333333333333333,0,1,0,1,0.5782396827052848,0,0,0
2023,5,2023_05_PHI_LA,LA,PHI,0.5622416138648987,0.87047094,w05_predictions_history_2023.csv,2025-10-26 19:38:16.627587+00:00,LA,PHI,14.0,23.0,-9.0,0.0,1,0.3161156323614058,9.87047094,9.87047094,97.4261965773845,-0.8260881506379366,True,LA,PHI,,,,,,,,,0.0,0.0,0.0,0.0,0.0,0.0,0.0,0.0,2.0,1.0,1.6666666666666667,1.6666666666666667,0.0,0.0,0.0,0.0,0.0,0.0,7,7,7,7,0,0,1,1,0,0.0,0.0,,0.0,0.0,0,0,0.0,0.0,0.0,0.0,0.0,0.0,1,3.3333333333333335,0,0,1,0,0.8260881506379366,0,0,0
2023,5,2023_05_CAR_DET,DET,CAR,0.7600645422935486,5.2344694,w05_predictions_history_2023.csv,2025-10-26 19:38:16.627587+00:00,DET,CAR,42.0,24.0,18.0,1.0,1,0.0575690238648043,-12.7655306,12.7655306,162.95877149953637,-0.2743519252371463,False,DET,CAR,,,,,,,,,0.0,0.0,0.0,0.0,0.0,0.0,0.0,0.0,1.0,1.0,2.0,0.6666666666666666,0.0,0.0,0.0,0.0,0.0,0.0,10,7,10,7,0,0,1,1,0,813.5718366605439,505.5299457175988,0.0,0.0,0.0,0,0,0.0,0.0,0.0,0.0,0.0,0.0,1,2.6666666666666665,0,0,1,0,0.27435192523714635,0,3,3
2023,5,2023_05_CHI_WAS,WAS,CHI,0.7244272232055664,2.8125875,w05_predictions_history_2023.csv,2025-10-26 19:38:16.627587+00:00,WAS,CHI,20.0,40.0,-20.0,0.0,1,0.5247948017213275,22.8125875,22.8125875,520.4141484451562,-1.288903522680737,True,WAS,CHI,,,,,,,1.0,70.0,0.0,0.0,0.0,0.0,0.0,0.0,0.0,0.0,2.0,1.0,0.6666666666666666,1.0,0.0,0.0,0.0,0.0,0.0,0.0,4,4,4,4,0,0,0,0,0,967.3092690092653,601.0579277935562,0.0,1.0,1.0,1,0,0.0,0.0,0.0,0.0,1.0,70.0,1,1.6666666666666665,1,0,0,1,1.288903522680737,1,0,0
2023,5,2023_05_GB_LV,LV,GB,0.742144763469696,2.1170886,w05_predictions_history_2023.csv,2025-10-26 19:38:16.627587+00:00,LV,GB,17.0,13.0,4.0,1.0,1,0.066489323006099,-1.8829114,1.8829113999999998,3.545355340249959,-0.2982109558283317,False,LV,GB,,,,,,,,,0.0,0.0,0.0,0.0,0.0,0.0,0.0,0.0,4.0,8.0,4.333333333333333,6.333333333333333,0.3333333333333333,0.0,0.0,0.0,0.0,0.0,8,11,8,11,0,0,1,1,0,2468.470919004696,1533.836243412867,0.0,-2.0,2.0,0,1,0.0,0.0,0.0,0.0,0.0,0.0,1,11.0,0,0,1,0,0.2982109558283317,0,-3,-3
2023,5,2023_05_DAL_SF,SF,DAL,0.7499001026153564,4.370288,w05_predictions_history_2023.csv,2025-10-26 19:38:16.627587+00:00,SF,DAL,42.0,10.0,32.0,1.0,1,0.0625499586718092,-27.629712,27.629711999999998,763.4009852029438,-0.2878152778360823,False,SF,DAL,,,,,,,10.0,78.0,0.0,0.0,0.0,0.0,0.0,0.0,0.0,0.0,0.0,1.0,1.6666666666666667,1.6666666666666667,0.0,0.0,0.0,0.0,0.0,0.0,7,7,7,7,0,0,0,0,0,2314.8527046659333,1438.3823399509756,0.0,-2.0,2.0,0,1,0.0,0.0,0.0,0.0,10.0,78.0,1,3.3333333333333335,0,0,0,1,0.2878152778360823,1,0,0
2023,5,2023_05_HOU_ATL,ATL,HOU,0.74177485704422,2.193093,w05_predictions_history_2023.csv,2025-10-26 19:38:16.627587+00:00,ATL,HOU,21.0,19.0,2.0,1.0,1,0.066680224454533,0.1930930000000001,0.19309300000000018,0.037284906649,-0.2987095090222167,False,ATL,HOU,,,,,,,,,,0.0,,0.0,,0.0,,0.0,,5.0,,3.0,,0.0,,0.0,,0.0,7,7,7,7,0,0,0,1,1,1134.622895636483,705.0217632845371,0.0,1.0,1.0,1,0,0.0,0.0,0.0,0.0,0.0,0.0,1,3.0,0,0,1,0,0.2987095090222167,0,0,0
2023,5,2023_05_TEN_IND,IND,TEN,0.7239159941673279,2.2351158,w05_predictions_history_2023.csv,2025-10-26 19:38:16.627587+00:00,IND,TEN,23.0,16.0,7.0,1.0,1,0.0762223782766149,-4.7648842,4.7648842,22.70412143940964,-0.3230799234840644,False,IND,TEN,,,,,,,,,0.0,0.0,0.0,0.0,0.0,0.0,0.0,0.0,1.0,1.0,1.0,1.6666666666666667,0.3333333333333333,0.0,0.0,0.0,0.0,0.0,7,7,7,7,0,0,0,1,0,403.11912155342907,250.48653167877578,0.0,1.0,1.0,1,0,0.0,0.0,0.0,0.0,0.0,0.0,1,3.0,0,0,1,0,0.3230799234840644,0,0,0
2023,5,2023_05_JAX_BUF,BUF,JAX,0.7505812644958496,5.088234,w05_predictions_history_2023.csv,2025-10-26 19:38:16.627587+00:00,BUF,JAX,20.0,25.0,-5.0,0.0,1,0.5633722346121885,10.088234,10.088234,101.772465238756,-1.3886221262475944,True,BUF,JAX,,,,,,,,,0.0,0.0,0.0,0.0,0.0,0.0,0.0,0.0,2.0,5.0,0.6666666666666666,4.0,0.0,0.0,0.0,0.0,0.0,0.0,7,7,7,7,0,0,0,0,0,1407.347640572677,874.4850107702848,0.0,0.0,0.0,0,0,0.0,0.0,0.0,0.0,0.0,0.0,1,4.666666666666667,0,0,0,1,1.3886221262475944,1,0,0
2023,5,2023_05_KC_MIN,MIN,KC,0.5377261638641357,-0.26098564,w05_predictions_history_2023.csv,2025-10-26 19:38:16.627587+00:00,MIN,KC,20.0,27.0,-7.0,0.0,1,0.2891494273040393,6.73901436,6.73901436,45.414314544286206,-0.7715978445800739,True,MIN,KC,,,,,,,,,1.0,0.0,0.0,0.0,0.0,0.0,0.0,0.0,3.0,2.0,2.0,2.3333333333333335,0.6666666666666666,0.0,0.0,0.0,0.0,0.0,7,7,7,7,0,1,1,1,0,666.538166758268,414.16748721675174,0.0,0.0,0.0,0,0,0.0,0.0,0.0,0.0,0.0,0.0,1,6.0,0,1,1,0,0.7715978445800739,0,0,0
2023,5,2023_05_NO_NE,NE,NO,0.6813002228736877,3.854562,w05_predictions_history_2023.csv,2025-10-26 19:38:16.627587+00:00,NE,NO,0.0,34.0,-34.0,0.0,1,0.4641699936877366,37.854562,37.854562,1432.967864211844,-1.1435057568803575,True,NE,NO,,,,,,,10.0,61.0,0.0,1.0,0.0,0.0,0.0,0.0,0.0,0.0,11.0,4.0,8.0,2.3333333333333335,0.0,0.6666666666666666,0.0,0.0,0.0,0.0,7,7,7,7,0,0,0,0,1,2156.21992689994,1339.8125321977427,0.0,1.0,1.0,1,0,0.0,0.0,0.0,0.0,10.0,61.0,1,12.0,0,0,1,0,1.1435057568803577,1,0,0
2023,5,2023_05_NYG_MIA,MIA,NYG,0.7884185910224915,5.435295,w05_predictions_history_2023.csv,2025-10-26 19:38:16.627587+00:00,MIA,NYG,31.0,16.0,15.0,1.0,1,0.0447666926249077,-9.564705,9.564705,91.483581737025,-0.2377261232833534,False,MIA,NYG,,,,,,,8.0,88.0,0.0,0.0,0.0,0.0,0.0,0.0,0.0,0.0,5.0,8.0,4.333333333333333,4.333333333333333,0.0,0.0,0.0,0.0,0.0,0.0,7,6,7,6,0,0,0,0,0,1746.9720204594903,1085.517751324934,0.0,0.0,0.0,0,0,0.0,0.0,0.0,0.0,8.0,88.0,1,8.666666666666666,1,0,0,1,0.23772612328335344,0,1,1
2023,5,2023_05_NYJ_DEN,DEN,NYJ,0.6200426816940308,0.3673403,w05_predictions_history_2023.csv,2025-10-26 19:38:16.627587+00:00,DEN,NYJ,21.0,31.0,-10.0,0.0,1,0.3844529271223251,10.3673403,10.3673403,107.4817448960041,-0.9676963528175464,True,DEN,NYJ,,,,,,,9.0,73.0,0.0,0.0,0.0,0.0,0.0,0.0,0.0,0.0,3.0,1.0,1.6666666666666667,0.3333333333333333,0.0,0.0,0.0,0.0,0.0,0.0,7,7,7,7,0,0,0,0,0,2614.2122323376557,1624.3956690198816,0.0,-2.0,2.0,0,1,0.0,0.0,0.0,0.0,9.0,73.0,1,2.0,0,0,0,1,0.9676963528175463,0,0,0
2023,5,2023_05_CIN_ARI,ARI,CIN,0.4872148334980011,0.19706006,w05_predictions_history_2023.csv,2025-10-26 19:38:16.627587+00:00,ARI,CIN,20.0,34.0,-14.0,0.0,0,0.2373782939804849,14.19706006,14.19706006,201.5565143472472,-0.6678983002722166,False,ARI,CIN,,,,,,,,,0.0,0.0,0.0,0.0,0.0,0.0,0.0,0.0,2.0,1.0,2.0,1.6666666666666667,0.0,0.3333333333333333,0.0,0.0,0.0,0.0,7,7,7,7,0,1,1,1,0,2551.193331334818,1585.2375514848472,0.0,-2.0,2.0,0,1,0.0,0.0,0.0,0.0,0.0,0.0,1,4.0,0,1,1,0,0.6678983002722166,0,0,0
2023,6,2023_06_DEN_KC,KC,DEN,0.7977418303489685,6.334443,w06_predictions_history_2023.csv,2025-10-26 19:38:16.629592+00:00,KC,DEN,19.0,8.0,11.0,1.0,1,0.0409083671905854,-4.665557,4.665557,21.767422120249,-0.2259702547424478,False,KC,DEN,,,,,,,,,0.0,0.0,0.0,0.0,0.0,0.0,0.0,0.0,3.0,1.0,2.3333333333333335,1.6666666666666667,0.0,0.0,0.0,0.0,0.0,0.0,4,4,4,4,0,0,0,0,0,908.1138044158948,564.2755827637089,0.0,1.0,1.0,1,0,0.0,0.0,0.0,0.0,0.0,0.0,1,4.0,1,0,0,1,0.2259702547424478,0,0,0
2023,6,2023_06_ARI_LA,LA,ARI,0.7993928790092468,6.327285,w06_predictions_history_2023.csv,2025-10-26 19:38:16.629592+00:00,LA,ARI,26.0,9.0,17.0,1.0,1,0.0402432169921986,-10.672715,10.672715,113.906845471225,-0.2239027406639706,False,LA,ARI,,,,,,,,,0.0,0.0,0.0,0.0,0.0,0.0,0.0,0.0,3.0,8.0,2.3333333333333335,4.333333333333333,0.0,0.0,0.0,0.0,0.0,0.0,7,7,7,7,0,0,1,1,1,0.0,0.0,,0.0,0.0,0,0,0.0,0.0,0.0,0.0,0.0,0.0,1,6.666666666666666,0,0,1,0,0.22390274066397065,0,0,0
2023,6,2023_06_BAL_TEN,TEN,BAL,0.5391259789466858,-0.6818231,w06_predictions_history_2023.csv,2025-10-26 19:38:16.629592+00:00,TEN,BAL,16.0,24.0,-8.0,0.0,1,0.2906568211752223,7.3181769,7.3181769,53.55571313969361,-0.7746305465346373,True,TEN,BAL,,,,,,,,,0.0,0.0,0.0,0.0,0.0,0.0,0.0,0.0,5.0,0.0,2.6666666666666665,0.6666666666666666,0.0,0.0,0.0,0.0,0.0,0.0,7,7,7,7,0,1,0,0,0,956.6198849280661,594.4158545176374,0.0,-1.0,1.0,0,1,0.0,0.0,0.0,0.0,0.0,0.0,1,3.333333333333333,0,1,0,1,0.7746305465346373,0,0,0
2023,6,2023_06_CAR_MIA,MIA,CAR,0.7832821607589722,5.124008,w06_predictions_history_2023.csv,2025-10-26 19:38:16.629592+00:00,MIA,CAR,42.0,21.0,21.0,1.0,1,0.0469666218452999,-15.875992,15.875992,252.047121984064,-0.2442622893365971,False,MIA,CAR,,,,,,,12.0,87.0,0.0,0.0,0.0,0.0,0.0,0.0,0.0,0.0,7.0,2.0,5.333333333333333,1.3333333333333333,0.0,0.0,0.0,0.0,0.0,0.0,7,7,7,7,0,1,0,0,0,1032.1200129039848,641.329444538162,0.0,0.0,0.0,0,0,0.0,0.0,0.0,0.0,12.0,87.0,1,6.666666666666666,0,1,0,1,0.2442622893365971,1,0,0
2023,6,2023_06_DAL_LAC,LAC,DAL,0.6401901841163635,1.9906018,w06_predictions_history_2023.csv,2025-10-26 19:38:16.629592+00:00,LAC,DAL,17.0,20.0,-3.0,0.0,1,0.4098434718389434,4.9906018,4.9906018,24.906106326163243,-1.0221796763380142,True,LAC,DAL,,,,,,,,,0.0,0.0,0.0,0.0,0.0,0.0,0.0,0.0,2.0,0.0,2.3333333333333335,1.6666666666666667,0.0,0.0,0.0,0.0,0.0,0.0,15,8,15,8,0,1,1,1,0,1974.3085180926266,1226.7780581957336,0.0,-2.0,2.0,0,1,0.0,0.0,0.0,0.0,0.0,0.0,1,4.0,0,1,1,0,1.0221796763380142,1,7,7
2023,6,2023_06_DET_TB,TB,DET,0.6143957376480103,0.8514506,w06_predictions_history_2023.csv,2025-10-26 19:38:16.629592+00:00,TB,DET,6.0,20.0,-14.0,0.0,1,0.3774821224400426,14.8514506,14.8514506,220.56558492424037,-0.9529436624894388,True,TB,DET,,,,,,,13.0,77.0,0.0,0.0,0.0,0.0,0.0,0.0,0.0,0.0,0.0,2.0,2.0,2.6666666666666665,0.0,0.0,0.0,0.0,0.0,0.0,14,7,14,7,0,0,0,0,1,1597.9543819001638,992.9225122356867,0.0,0.0,0.0,0,0,0.0,0.0,0.0,0.0,13.0,77.0,1,4.666666666666666,0,0,1,0,0.9529436624894387,0,7,7
2023,6,2023_06_SF_CLE,CLE,SF,0.6707319021224976,1.6950507,w06_predictions_history_2023.csv,2025-10-26 19:38:16.629592+00:00,CLE,SF,19.0,17.0,2.0,1.0,1,0.1084174802798685,-0.3049493000000001,0.3049493000000001,0.09299407557049,-0.3993857715946461,False,CLE,SF,,,,,,,15.0,53.0,0.0,0.0,0.0,0.0,1.0,0.0,0.0,0.0,2.0,2.0,2.0,1.6666666666666667,0.3333333333333333,0.0,0.0,0.0,0.0,0.0,14,7,14,7,0,0,0,0,0,3455.9548885727268,2147.430145067324,0.0,3.0,3.0,1,0,0.0,0.0,0.0,0.0,15.0,53.0,1,5.0,0,0,0,1,0.39938577159464617,0,7,7
2023,6,2023_06_MIN_CHI,CHI,MIN,0.6438038349151611,-0.28970054,w06_predictions_history_2023.csv,2025-10-26 19:38:16.629592+00:00,CHI,MIN,13.0,19.0,-6.0,0.0,1,0.414483377851468,5.71029946,5.71029946,32.60751992287629,-1.0322736743697116,True,CHI,MIN,,,,,,,16.0,53.0,0.0,0.0,0.0,0.0,0.0,0.0,0.0,0.0,1.0,0.0,1.0,1.3333333333333333,0.0,0.6666666666666666,0.0,0.0,0.0,0.0,10,7,10,7,0,0,0,0,1,571.9881299076998,355.4168362688773,0.0,0.0,0.0,0,0,0.0,0.0,0.0,0.0,16.0,53.0,1,3.0,0,0,1,0,1.0322736743697116,1,3,3
2023,6,2023_06_SEA_CIN,CIN,SEA,0.7384769320487976,1.890488,w06_predictions_history_2023.csv,2025-10-26 19:38:16.629592+00:00,CIN,SEA,17.0,13.0,4.0,1.0,1,0.0683943150706092,-2.109512,2.109512,4.450040878144001,-0.3031654137222634,False,CIN,SEA,,,,,,,15.0,57.0,0.0,1.0,0.0,0.0,0.0,0.0,0.0,0.0,1.0,2.0,1.0,1.6666666666666667,0.0,0.3333333333333333,0.0,0.0,0.0,0.0,7,13,7,13,0,1,0,0,0,3165.2493276434698,1966.7941399671504,0.0,3.0,3.0,1,0,0.0,0.0,0.0,0.0,15.0,57.0,1,4.0,0,1,0,1,0.30316541372226347,0,-6,-6
2023,6,2023_06_WAS_ATL,ATL,WAS,0.7235623002052307,4.8433914,w06_predictions_history_2023.csv,2025-10-26 19:38:16.629592+00:00,ATL,WAS,16.0,24.0,-8.0,0.0,1,0.5235424022782844,12.8433914,12.8433914,164.95270265359397,-1.285769800605422,True,ATL,WAS,,,,,,,,,0.0,0.0,0.0,0.0,0.0,0.0,0.0,0.0,0.0,0.0,0.6666666666666666,0.6666666666666666,0.0,0.0,0.0,0.0,0.0,0.0,7,10,7,10,0,0,1,1,0,884.8824179718281,549.8402729375728,0.0,0.0,0.0,0,0,0.0,0.0,0.0,0.0,0.0,0.0,1,1.3333333333333333,0,0,1,0,1.2857698006054221,1,-3,-3
2023,6,2023_06_PHI_NYJ,NYJ,PHI,0.6682932376861572,2.482314,w06_predictions_history_2023.csv,2025-10-26 19:38:16.629592+00:00,NYJ,PHI,20.0,14.0,6.0,1.0,1,0.1100293761647321,-3.517686,3.517686,12.374114794595998,-0.4030282231963049,False,NYJ,PHI,,,,,,,11.0,59.0,0.0,0.0,0.0,0.0,0.0,0.0,0.0,0.0,2.0,2.0,1.0,2.0,0.0,0.0,0.0,0.0,0.0,0.0,7,7,7,7,0,1,0,0,0,137.4047976907053,85.37935654587125,0.0,0.0,0.0,0,0,0.0,0.0,0.0,0.0,11.0,59.0,1,3.0,0,1,0,1,0.40302822319630494,0,0,0
2023,6,2023_06_NYG_BUF,BUF,NYG,0.7847615480422974,6.4752235,w06_predictions_history_2023.csv,2025-10-26 19:38:16.629592+00:00,BUF,NYG,14.0,9.0,5.0,1.0,1,0.0463275912011482,1.4752235000000002,1.4752235000000002,2.176284374952251,-0.2423753677999528,False,BUF,NYG,,,,,,,7.0,46.0,0.0,0.0,0.0,0.0,0.0,1.0,0.0,0.0,3.0,6.0,1.6666666666666667,5.0,0.0,0.0,0.0,0.0,0.0,0.0,7,7,7,7,0,1,0,0,0,447.2561433688814,277.9119970612652,0.0,0.0,0.0,0,0,0.0,0.0,0.0,0.0,7.0,46.0,1,7.666666666666667,0,1,0,1,0.2423753677999528,0,0,0
2023,6,2023_06_NO_HOU,HOU,NO,0.6531808376312256,3.3835514,w06_predictions_history_2023.csv,2025-10-26 19:38:16.629592+00:00,HOU,NO,20.0,13.0,7.0,1.0,1,0.1202835313861783,-3.6164486,3.6164486,13.07870047644196,-0.4259012544593955,False,HOU,NO,,,,,,,,,0.0,0.0,0.0,0.0,0.0,0.0,0.0,0.0,1.0,2.0,3.0,2.6666666666666665,0.0,0.6666666666666666,0.0,0.0,0.0,0.0,7,7,7,7,0,1,1,1,1,514.9817737246838,319.99473972108046,0.0,0.0,0.0,0,0,0.0,0.0,0.0,0.0,0.0,0.0,1,6.333333333333333,0,1,1,0,0.4259012544593955,0,0,0
2023,6,2023_06_NE_LV,LV,NE,0.7410619854927063,2.9059184,w06_predictions_history_2023.csv,2025-10-26 19:38:16.629592+00:00,LV,NE,21.0,17.0,4.0,1.0,1,0.0670488953569794,-1.0940816,1.0940816,1.19701454745856,-0.2996710060473559,False,LV,NE,,,,,,,,,0.0,0.0,0.0,0.0,0.0,0.0,0.0,0.0,3.0,14.0,4.666666666666667,10.333333333333334,0.3333333333333333,0.0,0.0,0.0,0.0,0.0,6,7,6,7,0,0,1,1,0,3805.9299271119994,2364.89448473951,0.0,-3.0,3.0,0,1,0.0,0.0,0.0,0.0,0.0,0.0,1,15.333333333333334,1,0,1,0,0.29967100604735597,0,-1,-1
2023,6,2023_06_IND_JAX,JAX,IND,0.7572330236434937,2.3441505,w06_predictions_history_2023.csv,2025-10-26 19:38:16.629592+00:00,JAX,IND,37.0,20.0,17.0,1.0,1,0.0589358048092805,-14.6558495,14.6558495,214.79392456665028,-0.2780842477566006,False,JAX,IND,,,,,,,,,0.0,0.0,0.0,0.0,0.0,0.0,0.0,0.0,2.0,0.0,3.6666666666666665,0.3333333333333333,0.0,0.3333333333333333,0.0,0.0,0.0,0.0,7,7,7,7,0,0,0,0,1,1126.8435245076093,700.1878876668177,0.0,0.0,0.0,0,0,0.0,0.0,0.0,0.0,0.0,0.0,1,4.333333333333333,0,0,1,0,0.2780842477566006,0,0,0
2023,7,2023_07_ARI_SEA,SEA,ARI,0.7877128720283508,4.382719,w07_predictions_history_2023.csv,2025-10-26 19:38:16.631591+00:00,SEA,ARI,20.0,10.0,10.0,1.0,1,0.0450658247024513,-5.617281,5.617281,31.553845832961,-0.2386216311237163,False,SEA,ARI,,,,,,,5.0,56.0,0.0,0.0,0.0,0.0,0.0,1.0,0.0,0.0,3.0,6.0,1.6666666666666667,5.333333333333333,0.3333333333333333,0.0,0.0,0.0,0.0,0.0,7,7,7,7,0,1,0,0,1,1777.0604520662819,1104.2138301608777,0.0,-1.0,1.0,0,1,0.0,0.0,0.0,0.0,5.0,56.0,1,8.333333333333332,0,1,1,0,0.2386216311237163,0,0,0
2023,7,2023_07_ATL_TB,TB,ATL,0.7868348360061646,3.7941952,w07_predictions_history_2023.csv,2025-10-26 19:38:16.631591+00:00,TB,ATL,13.0,16.0,-3.0,0.0,1,0.6191090591528479,6.7941952,6.7941952,46.16108841570304,-1.5456879959423468,True,TB,ATL,,,,,,,3.0,79.0,0.0,0.0,0.0,0.0,0.0,0.0,0.0,0.0,1.0,0.0,1.3333333333333333,0.3333333333333333,0.0,0.0,0.0,0.0,0.0,0.0,7,7,7,7,0,0,0,0,1,667.5888998463652,414.8203822864358,0.0,0.0,0.0,0,0,0.0,0.0,0.0,0.0,3.0,79.0,1,1.6666666666666665,0,0,1,0,1.5456879959423468,1,0,0
2023,7,2023_07_CLE_IND,IND,CLE,0.5473488569259644,0.90804917,w07_predictions_history_2023.csv,2025-10-26 19:38:16.631591+00:00,IND,CLE,38.0,39.0,-1.0,0.0,1,0.2995907711781598,1.90804917,1.90804917,3.6406516351376887,-0.7926335537705246,True,IND,CLE,,,,,,,,,0.0,1.0,0.0,0.0,0.0,0.0,0.0,0.0,0.0,3.0,0.3333333333333333,2.6666666666666665,0.0,0.6666666666666666,0.0,0.0,0.0,0.0,7,7,7,7,0,0,0,1,0,423.7362199989543,263.29739875697027,0.0,0.0,0.0,0,0,0.0,0.0,0.0,0.0,0.0,0.0,1,4.666666666666666,0,0,1,0,0.7926335537705246,0,0,0
2023,7,2023_07_DET_BAL,BAL,DET,0.7940801382064819,8.145354,w07_predictions_history_2023.csv,2025-10-26 19:38:16.631591+00:00,BAL,DET,38.0,6.0,32.0,1.0,1,0.0424029894810615,-23.854646,23.854646000000002,569.0441357853161,-0.2305708930969784,False,BAL,DET,,,,,,,16.0,62.0,0.0,0.0,0.0,0.0,0.0,0.0,0.0,0.0,0.0,3.0,0.3333333333333333,2.0,0.0,0.0,0.0,0.0,0.0,0.0,7,7,7,7,0,1,0,0,1,638.5793889070094,396.7947134645373,0.0,0.0,0.0,0,0,0.0,0.0,0.0,0.0,16.0,62.0,1,2.3333333333333335,0,1,1,0,0.2305708930969784,1,0,0
2023,7,2023_07_GB_DEN,DEN,GB,0.747222900390625,1.9156075,w07_predictions_history_2023.csv,2025-10-26 19:38:16.631591+00:00,DEN,GB,19.0,17.0,2.0,1.0,1,0.0638962620869278,-0.0843925,0.08439250000000009,0.00712209405625,-0.2913917442627619,False,DEN,GB,,,,,,,9.0,72.0,0.0,0.0,0.0,0.0,0.0,0.0,0.0,0.0,0.0,8.0,1.3333333333333333,7.333333333333333,0.0,0.0,0.0,0.0,0.0,0.0,10,13,10,13,0,1,0,0,0,1491.8376918490237,926.9846784219197,0.0,-1.0,1.0,0,1,0.0,0.0,0.0,0.0,9.0,72.0,1,8.666666666666666,0,1,0,1,0.2913917442627619,0,-3,-3
2023,7,2023_07_LAC_KC,KC,LAC,0.799233615398407,6.411997,w07_predictions_history_2023.csv,2025-10-26 19:38:16.631591+00:00,KC,LAC,31.0,17.0,14.0,1.0,1,0.0403071411859947,-7.588003,7.588003,57.57778952800899,-0.2241019912230273,False,KC,LAC,,,,,,,10.0,72.0,0.0,0.0,0.0,0.0,0.0,0.0,0.0,0.0,1.0,3.0,2.0,2.6666666666666665,0.0,0.0,0.0,0.0,0.0,0.0,10,6,10,6,0,0,0,0,1,2199.118387404246,1366.4683914997636,0.0,2.0,2.0,1,0,0.0,0.0,0.0,0.0,10.0,72.0,1,4.666666666666666,1,0,1,0,0.22410199122302732,0,4,4
2023,7,2023_07_LV_CHI,CHI,LV,0.7018409967422485,1.5306411,w07_predictions_history_2023.csv,2025-10-26 19:38:16.631591+00:00,CHI,LV,30.0,12.0,18.0,1.0,1,0.0888987912236558,-16.4693589,16.4693589,271.2397825770092,-0.3540484009785754,False,CHI,LV,,,,,,,8.0,52.0,0.0,0.0,0.0,0.0,1.0,1.0,0.0,0.0,2.0,2.0,1.3333333333333333,3.0,0.0,0.0,0.0,0.0,0.0,0.0,7,7,7,7,0,0,0,0,1,2456.036109562928,1526.109613435226,0.0,2.0,2.0,1,0,0.0,0.0,0.0,0.0,8.0,52.0,1,6.333333333333333,0,0,1,0,0.35404840097857543,1,0,0
2023,7,2023_07_MIA_PHI,PHI,MIA,0.7411366701126099,4.9585705,w07_predictions_history_2023.csv,2025-10-26 19:38:16.631591+00:00,PHI,MIA,31.0,17.0,14.0,1.0,1,0.0670102235603877,-9.0414295,9.0414295,81.74744740347025,-0.2995702305950449,False,PHI,MIA,,,,,,,17.0,55.0,0.0,0.0,0.0,0.0,0.0,0.0,0.0,0.0,3.0,4.0,2.0,5.333333333333333,0.0,0.0,0.0,0.0,0.0,0.0,7,7,7,7,0,0,0,0,0,1620.2230658008991,1006.7596266197705,0.0,0.0,0.0,0,0,0.0,0.0,0.0,0.0,17.0,55.0,1,7.333333333333333,0,0,0,1,0.2995702305950449,0,0,0
2023,7,2023_07_PIT_LA,LA,PIT,0.6790925860404968,1.8818538,w07_predictions_history_2023.csv,2025-10-26 19:38:16.631591+00:00,LA,PIT,17.0,24.0,-7.0,0.0,1,0.4611667404151696,8.8818538,8.8818538,78.88732692457444,-1.1366026274887635,True,LA,PIT,,,,,,,,,0.0,0.0,0.0,0.0,0.0,0.0,0.0,0.0,3.0,1.0,2.6666666666666665,1.0,0.0,0.0,0.0,0.0,0.0,0.0,7,14,7,14,0,0,1,1,0,0.0,0.0,,0.0,0.0,0,0,0.0,0.0,0.0,0.0,0.0,0.0,1,3.6666666666666665,0,0,1,0,1.1366026274887635,1,-7,-7
2023,7,2023_07_SF_MIN,MIN,SF,0.6419943571090698,0.46540758,w07_predictions_history_2023.csv,2025-10-26 19:38:16.631591+00:00,MIN,SF,22.0,17.0,5.0,1.0,1,0.1281680403417482,-4.53459242,4.53459242,20.562528415521456,-0.4431757648805396,False,MIN,SF,,,,,,,,,0.0,0.0,0.0,0.0,0.0,0.0,0.0,0.0,2.0,2.0,1.6666666666666667,1.3333333333333333,0.3333333333333333,0.0,0.0,0.0,0.0,0.0,8,8,8,8,0,1,1,1,0,2529.8093657065133,1571.9501753784218,0.0,2.0,2.0,1,0,0.0,0.0,0.0,0.0,0.0,0.0,1,3.333333333333333,0,1,1,0,0.44317576488053967,0,0,0
2023,7,2023_07_BUF_NE,NE,BUF,0.6169490218162537,-1.4595003,w07_predictions_history_2023.csv,2025-10-26 19:38:16.631591+00:00,NE,BUF,29.0,25.0,4.0,1.0,1,0.1467280518875249,-5.4595003,5.4595003,29.806143525700094,-0.4829688811542841,False,NE,BUF,,,,,,,13.0,55.0,0.0,0.0,0.0,0.0,0.0,0.0,0.0,0.0,18.0,1.0,14.333333333333334,2.0,0.0,0.0,0.0,0.0,0.0,0.0,7,7,7,7,0,0,0,0,0,621.8117441942087,386.37578530169964,0.0,0.0,0.0,0,0,0.0,0.0,0.0,0.0,13.0,55.0,1,16.333333333333336,0,0,0,1,0.4829688811542841,0,0,0
2023,7,2023_07_WAS_NYG,NYG,WAS,0.6731061339378357,1.4733537,w07_predictions_history_2023.csv,2025-10-26 19:38:16.631591+00:00,NYG,WAS,14.0,7.0,7.0,1.0,1,0.1068595996690682,-5.5266463,5.5266462999999995,30.543819325303684,-0.3958522590403668,False,NYG,WAS,,,,,,,14.0,54.0,1.0,0.0,0.0,0.0,0.0,0.0,0.0,0.0,5.0,1.0,6.333333333333333,1.0,0.3333333333333333,0.0,0.0,0.0,0.0,0.0,7,7,7,7,0,1,0,0,0,318.7560616426511,198.06577277895576,0.0,0.0,0.0,0,0,0.0,0.0,0.0,0.0,14.0,54.0,1,8.666666666666666,0,1,0,1,0.39585225904036686,0,0,0
2023,7,2023_07_JAX_NO,NO,JAX,0.7334737777709961,3.3444986,w07_predictions_history_2023.csv,2025-10-26 19:38:16.631591+00:00,NO,JAX,24.0,31.0,-7.0,0.0,1,0.5379837826776566,10.3444986,10.3444986,107.00865128540195,-1.3222826453611447,True,NO,JAX,,,,,,,,,0.0,1.0,0.0,0.0,0.0,0.0,0.0,0.0,4.0,1.0,3.3333333333333335,2.6666666666666665,0.3333333333333333,0.3333333333333333,0.0,0.0,0.0,0.0,4,4,4,4,0,0,1,1,0,812.8410419386366,505.0758510704526,0.0,-1.0,1.0,0,1,0.0,0.0,0.0,0.0,0.0,0.0,1,7.666666666666666,1,0,1,0,1.3222826453611447,1,0,0
2023,8,2023_08_BAL_ARI,ARI,BAL,0.5186447501182556,-0.6077016,w08_predictions_history_2023.csv,2025-10-26 19:38:16.632590+00:00,ARI,BAL,24.0,31.0,-7.0,0.0,1,0.2689923768252278,6.3922984,6.3922984,40.86147883464256,-0.7311497162387568,True,ARI,BAL,,,,,,,,,0.0,0.0,1.0,0.0,0.0,0.0,0.0,0.0,2.0,0.0,5.333333333333333,0.0,0.0,0.0,0.3333333333333333,0.0,0.0,0.0,7,7,7,7,0,0,1,1,0,3231.458256668248,2007.934448404206,0.0,-2.0,2.0,0,1,0.0,0.0,0.0,0.0,0.0,0.0,1,6.666666666666666,0,0,1,0,0.7311497162387568,0,0,0
2023,8,2023_08_KC_DEN,DEN,KC,0.5651461482048035,-0.2989681,w08_predictions_history_2023.csv,2025-10-26 19:38:16.632590+00:00,DEN,KC,24.0,9.0,15.0,1.0,1,0.1890978724211187,-15.2989681,15.2989681,234.0584249248176,-0.5706709118958218,False,DEN,KC,,,,,,,7.0,26.0,0.0,0.0,0.0,0.0,0.0,0.0,0.0,0.0,0.0,0.0,0.3333333333333333,1.3333333333333333,0.0,0.0,0.0,0.0,0.0,0.0,7,7,7,7,0,0,0,0,0,908.1138044158948,564.2755827637089,0.0,-1.0,1.0,0,1,0.0,0.0,0.0,0.0,7.0,26.0,1,1.6666666666666665,0,0,0,1,0.5706709118958218,1,0,0
2023,8,2023_08_LA_DAL,DAL,LA,0.7976469993591309,3.1216335,w08_predictions_history_2023.csv,2025-10-26 19:38:16.632590+00:00,DAL,LA,43.0,20.0,23.0,1.0,1,0.0409467368683635,-19.8783665,19.8783665,395.1494547083222,-0.2260891360937315,False,DAL,LA,,,,,,,,,0.0,0.0,0.0,0.0,0.0,0.0,0.0,0.0,1.0,2.0,0.6666666666666666,2.6666666666666665,0.0,0.0,0.0,0.0,0.0,0.0,13,7,13,7,0,0,1,0,1,0.0,0.0,0.0,0.0,0.0,0,0,0.0,0.0,0.0,0.0,0.0,0.0,1,3.333333333333333,0,0,1,0,0.22608913609373155,1,6,6
2023,8,2023_08_LV_DET,DET,LV,0.7385037541389465,5.3442535,w08_predictions_history_2023.csv,2025-10-26 19:38:16.632590+00:00,DET,LV,26.0,14.0,12.0,1.0,1,0.0683802865994245,-6.6557465,6.6557465,44.298961472262256,-0.3031290935585637,False,DET,LV,,,,,,,,,0.0,0.0,0.0,0.0,0.0,0.0,0.0,0.0,2.0,5.0,2.3333333333333335,3.3333333333333335,0.0,0.0,0.0,0.0,0.0,0.0,8,8,8,8,0,1,1,1,1,2836.203067655201,1762.3343363519798,0.0,3.0,3.0,1,0,0.0,0.0,0.0,0.0,0.0,0.0,1,5.666666666666667,0,1,1,0,0.3031290935585637,0,0,0
2023,8,2023_08_MIN_GB,GB,MIN,0.7060524821281433,3.082919,w08_predictions_history_2023.csv,2025-10-26 19:38:16.632590+00:00,GB,MIN,10.0,24.0,-14.0,0.0,1,0.4985101075193121,17.082919,17.082919,291.82612156056103,-1.2243540382183191,True,GB,MIN,,,,,,,8.0,39.0,0.0,0.0,0.0,0.0,0.0,0.0,0.0,0.0,6.0,2.0,7.333333333333333,1.3333333333333333,0.0,0.0,0.0,0.0,0.0,0.0,7,6,7,6,0,0,0,0,1,413.7987253409999,257.1225277638625,0.0,0.0,0.0,0,0,0.0,0.0,0.0,0.0,8.0,39.0,1,8.666666666666666,1,0,1,0,1.2243540382183193,1,1,1
2023,8,2023_08_NE_MIA,MIA,NE,0.7273680567741394,5.8215914,w08_predictions_history_2023.csv,2025-10-26 19:38:16.632590+00:00,MIA,NE,31.0,17.0,14.0,1.0,1,0.0743281764671088,-8.178408600000001,8.178408600000001,66.88636722855398,-0.3183226616440718,False,MIA,NE,,,,,,,17.0,83.0,0.0,0.0,0.0,0.0,0.0,0.0,0.0,0.0,12.0,8.0,7.666666666666667,13.333333333333334,0.0,0.0,0.0,0.0,0.0,0.0,7,7,7,7,0,0,0,0,0,1972.5474708363204,1225.6837945010352,0.0,0.0,0.0,0,0,0.0,0.0,0.0,0.0,17.0,83.0,1,21.0,0,0,0,1,0.3183226616440718,0,0,0
2023,8,2023_08_NO_IND,IND,NO,0.6773964762687683,3.1508331,w08_predictions_history_2023.csv,2025-10-26 19:38:16.632590+00:00,IND,NO,27.0,38.0,-11.0,0.0,1,0.458865986061344,14.1508331,14.1508331,200.2460774240556,-1.1313311904392396,True,IND,NO,,,,,,,,,0.0,1.0,0.0,0.0,0.0,0.0,0.0,0.0,1.0,7.0,0.3333333333333333,4.333333333333333,0.0,0.3333333333333333,0.0,0.0,0.0,0.0,7,10,7,10,0,0,1,1,1,1147.4600611506062,712.9984056572133,0.0,1.0,1.0,1,0,0.0,0.0,0.0,0.0,0.0,0.0,1,6.0,0,0,1,0,1.1313311904392396,1,-3,-3
2023,8,2023_08_NYJ_NYG,NYG,NYJ,0.5498489141464233,-2.525546,w08_predictions_history_2023.csv,2025-10-26 19:38:16.632590+00:00,NYG,NYJ,10.0,13.0,-3.0,0.0,1,0.3023338283880008,0.4744540000000001,0.47445400000000015,0.2251065981160001,-0.7981720062266804,True,NYG,NYJ,,,,,,,6.0,52.0,0.0,0.0,0.0,0.0,1.0,0.0,0.0,0.0,8.0,1.0,6.333333333333333,1.3333333333333333,0.3333333333333333,0.0,0.0,0.0,0.0,0.0,7,14,7,14,0,0,0,0,0,0.0,0.0,0.0,0.0,0.0,0,0,0.0,0.0,0.0,0.0,6.0,52.0,1,9.0,0,0,0,1,0.7981720062266804,0,-7,-7
2023,8,2023_08_PHI_WAS,WAS,PHI,0.6245834827423096,-0.5220824,w08_predictions_history_2023.csv,2025-10-26 19:38:16.632590+00:00,WAS,PHI,31.0,38.0,-7.0,0.0,1,0.3901045269145129,6.4779176,6.4779176,41.96341643238976,-0.9797191567095128,True,WAS,PHI,,,,,,,4.0,69.0,0.0,0.0,0.0,0.0,0.0,0.0,0.0,0.0,1.0,2.0,0.6666666666666666,2.3333333333333335,0.0,0.0,0.0,0.0,0.0,0.0,7,7,7,7,0,0,0,0,0,182.89590253639992,113.64620985494535,0.0,0.0,0.0,0,0,0.0,0.0,0.0,0.0,4.0,69.0,1,3.0,0,0,0,1,0.9797191567095129,0,0,0
2023,8,2023_08_TB_BUF,BUF,TB,0.7779378890991211,3.5952466,w08_predictions_history_2023.csv,2025-10-26 19:38:16.632590+00:00,BUF,TB,24.0,18.0,6.0,1.0,1,0.0493115810977542,-2.4047534,2.4047534,5.782838914811561,-0.2511085920534802,False,BUF,TB,,,,,,,10.0,66.0,0.0,1.0,0.0,0.0,0.0,0.0,0.0,0.0,1.0,0.0,1.6666666666666667,0.3333333333333333,0.0,0.3333333333333333,0.0,0.0,0.0,0.0,4,4,4,4,0,0,0,0,0,1679.1121326771029,1043.3515849937041,0.0,0.0,0.0,0,0,0.0,0.0,0.0,0.0,10.0,66.0,1,3.3333333333333335,1,0,0,1,0.25110859205348024,0,0,0
2023,8,2023_08_CLE_SEA,SEA,CLE,0.6884127855300903,2.7737014,w08_predictions_history_2023.csv,2025-10-26 19:38:16.632590+00:00,SEA,CLE,24.0,20.0,4.0,1.0,1,0.0970865922211174,-1.2262985999999998,1.2262985999999998,1.5038082563619597,-0.3733666419960599,False,SEA,CLE,,,,,,,3.0,47.0,0.0,0.0,0.0,0.0,0.0,1.0,0.0,0.0,0.0,6.0,1.6666666666666667,3.6666666666666665,0.3333333333333333,0.3333333333333333,0.0,0.0,0.0,0.0,7,7,7,7,0,1,0,0,0,3251.084786880163,2020.1298051085137,0.0,-3.0,3.0,0,1,0.0,0.0,0.0,0.0,3.0,47.0,1,7.0,0,1,0,1,0.3733666419960599,0,0,0
2023,8,2023_08_ATL_TEN,TEN,ATL,0.6232181191444397,1.127496,w08_predictions_history_2023.csv,2025-10-26 19:38:16.632590+00:00,TEN,ATL,28.0,23.0,5.0,1.0,1,0.1419645857410536,-3.872504,3.872504,14.996287230016002,-0.4728587104829742,False,TEN,ATL,,,,,,,7.0,77.0,0.0,0.0,0.0,0.0,1.0,0.0,0.0,0.0,1.0,2.0,2.3333333333333335,0.6666666666666666,0.0,0.0,0.0,0.0,0.0,0.0,14,7,14,7,0,1,0,0,1,344.29777344298554,213.93665178204137,0.0,-1.0,1.0,0,1,0.0,0.0,0.0,0.0,7.0,77.0,1,4.0,0,1,1,0,0.4728587104829742,0,7,7
2023,8,2023_08_CIN_SF,SF,CIN,0.7691372036933899,4.5429783,w08_predictions_history_2023.csv,2025-10-26 19:38:16.632590+00:00,SF,CIN,17.0,31.0,-14.0,0.0,1,0.5915720381052871,18.5429783,18.5429783,343.84204423427093,-1.465931700304359,True,SF,CIN,,,,,,,10.0,74.0,1.0,0.0,0.0,0.0,0.0,0.0,0.0,0.0,0.0,0.0,1.3333333333333333,0.6666666666666666,0.3333333333333333,0.0,0.0,0.0,0.0,0.0,6,14,6,14,0,0,0,0,0,3252.875010877229,2021.2421983837949,0.0,-3.0,3.0,0,1,0.0,0.0,0.0,0.0,10.0,74.0,1,3.333333333333333,1,0,0,1,1.465931700304359,1,-8,-8
2023,8,2023_08_CHI_LAC,LAC,CHI,0.7157278060913086,3.9941053,w08_predictions_history_2023.csv,2025-10-26 19:38:16.632590+00:00,LAC,CHI,30.0,13.0,17.0,1.0,1,0.0808106802296606,-13.0058947,13.005894699999999,169.15329694748806,-0.3344553433906284,False,LAC,CHI,,,,,,,,,0.0,0.0,0.0,0.0,0.0,1.0,0.0,0.0,3.0,2.0,2.6666666666666665,1.6666666666666667,0.0,0.0,0.0,0.0,0.0,0.0,7,7,7,7,0,0,1,1,0,2817.638195930061,1750.798663443258,0.0,-2.0,2.0,0,1,0.0,0.0,0.0,0.0,0.0,0.0,1,5.333333333333333,0,0,1,0,0.33445534339062843,0,0,0
2023,8,2023_08_HOU_CAR,CAR,HOU,0.5594785809516907,0.43423793,w08_predictions_history_2023.csv,2025-10-26 19:38:16.632590+00:00,CAR,HOU,15.0,13.0,2.0,1.0,1,0.1940591206403361,-1.56576207,1.56576207,2.4516108598506845,-0.5807500344442893,False,CAR,HOU,,,,,,,14.0,77.0,0.0,0.0,0.0,0.0,0.0,0.0,0.0,0.0,2.0,1.0,1.6666666666666667,2.3333333333333335,0.0,0.0,0.0,0.0,0.0,0.0,14,14,14,14,0,0,0,0,1,1496.410439671692,929.826051309239,0.0,1.0,1.0,1,0,0.0,0.0,0.0,0.0,14.0,77.0,1,4.0,0,0,1,0,0.5807500344442893,0,0,0
2023,8,2023_08_JAX_PIT,PIT,JAX,0.7366951107978821,2.3903883,w08_predictions_history_2023.csv,2025-10-26 19:38:16.632590+00:00,PIT,JAX,10.0,20.0,-10.0,0.0,1,0.5427196862735038,12.3903883,12.3903883,153.52172222477688,-1.3344426437114538,True,PIT,JAX,,,,,,,2.0,58.0,0.0,1.0,0.0,0.0,0.0,0.0,0.0,0.0,4.0,5.0,2.3333333333333335,2.6666666666666665,0.0,0.6666666666666666,0.0,0.0,0.0,0.0,7,10,7,10,0,1,0,0,0,1135.1114321215714,705.325325688813,0.0,0.0,0.0,0,0,0.0,0.0,0.0,0.0,2.0,58.0,1,6.666666666666666,0,1,0,1,1.3344426437114538,1,-3,-3
2023,9,2023_09_WAS_NE,NE,WAS,0.7634319067001343,4.64223,w09_predictions_history_2023.csv,2025-10-26 19:38:16.634590+00:00,NE,WAS,17.0,20.0,-3.0,0.0,1,0.5828282761678025,7.64223,7.64223,58.4036793729,-1.4415191915617611,True,NE,WAS,,,,,,,6.0,62.0,0.0,0.0,0.0,0.0,0.0,0.0,0.0,0.0,9.0,0.0,11.666666666666666,0.6666666666666666,0.0,0.0,0.0,0.0,0.0,0.0,7,7,7,7,0,0,0,0,0,590.9710839625984,367.21229341292377,0.0,0.0,0.0,0,0,0.0,0.0,0.0,0.0,6.0,62.0,1,12.333333333333332,0,0,0,1,1.4415191915617611,1,0,0
2023,9,2023_09_TEN_PIT,PIT,TEN,0.806286633014679,5.827417,w09_predictions_history_2023.csv,2025-10-26 19:38:16.634590+00:00,PIT,TEN,20.0,16.0,4.0,1.0,1,0.0375248685487896,1.827417,1.8274169999999996,3.3394528918889987,-0.2153159756070758,False,PIT,TEN,,,,,,,5.0,40.0,0.0,0.0,0.0,0.0,0.0,1.0,0.0,0.0,1.0,2.0,2.0,2.6666666666666665,0.0,0.0,0.0,0.0,0.0,0.0,4,4,4,4,0,0,0,0,0,757.2060345758811,470.5058709104498,0.0,1.0,1.0,1,0,0.0,0.0,0.0,0.0,5.0,40.0,1,5.666666666666666,1,0,0,1,0.21531597560707588,0,0,0
2023,9,2023_09_TB_HOU,HOU,TB,0.7386298775672913,2.7288802,w09_predictions_history_2023.csv,2025-10-26 19:38:16.634590+00:00,HOU,TB,39.0,37.0,2.0,1.0,1,0.0683143409004891,0.7288801999999999,0.7288801999999999,0.5312663459520398,-0.302958325760791,False,HOU,TB,,,,,,,,,0.0,0.0,0.0,0.0,0.0,0.0,0.0,0.0,2.0,0.0,1.3333333333333333,0.3333333333333333,0.0,0.3333333333333333,0.0,0.0,0.0,0.0,7,10,7,10,0,1,1,1,0,1270.9048620766243,789.7034250534142,0.0,-1.0,1.0,0,1,0.0,0.0,0.0,0.0,0.0,0.0,1,1.9999999999999998,0,1,1,0,0.302958325760791,0,-3,-3
2023,9,2023_09_SEA_BAL,BAL,SEA,0.7830123901367188,8.899177,w09_predictions_history_2023.csv,2025-10-26 19:38:16.634590+00:00,BAL,SEA,37.0,3.0,34.0,1.0,1,0.0470836228341795,-25.100823,25.100823,630.051315277329,-0.2446067591871328,False,BAL,SEA,,,,,,,6.0,70.0,0.0,0.0,0.0,0.0,0.0,0.0,0.0,0.0,1.0,1.0,0.3333333333333333,1.3333333333333333,0.0,0.0,0.0,0.0,0.0,0.0,7,7,7,7,0,0,0,0,0,3746.8238956433734,2328.1677108598187,0.0,3.0,3.0,1,0,0.0,0.0,0.0,0.0,6.0,70.0,1,1.6666666666666665,0,0,0,1,0.24460675918713284,1,0,0
2023,9,2023_09_NYG_LV,LV,NYG,0.73560631275177,2.4649649,w09_predictions_history_2023.csv,2025-10-26 19:38:16.634590+00:00,LV,NYG,30.0,6.0,24.0,1.0,1,0.0699040218567148,-21.5350351,21.5350351,463.7577367582321,-0.3070602045164043,False,LV,NYG,,,,,,,,,0.0,0.0,0.0,0.0,0.0,1.0,0.0,0.0,4.0,4.0,3.6666666666666665,5.666666666666667,0.0,0.3333333333333333,0.0,0.0,0.0,0.0,6,7,6,7,0,0,1,1,0,3584.863600239885,2227.5302801446574,0.0,-3.0,3.0,0,1,0.0,0.0,0.0,0.0,0.0,0.0,1,10.666666666666668,1,0,1,0,0.3070602045164043,1,-1,-1
2023,9,2023_09_MIN_ATL,ATL,MIN,0.7894420623779297,3.422481,w09_predictions_history_2023.csv,2025-10-26 19:38:16.634590+00:00,ATL,MIN,28.0,31.0,-3.0,0.0,1,0.623218769851519,6.422480999999999,6.422480999999999,41.248262195360994,-1.5579944256211629,True,ATL,MIN,,,,,,,,,0.0,0.0,0.0,0.0,0.0,0.0,0.0,0.0,0.0,1.0,0.6666666666666666,1.6666666666666667,0.0,0.0,0.0,0.0,0.0,0.0,7,7,7,7,0,1,0,1,1,1459.4990087472638,906.8903585642961,0.0,1.0,1.0,1,0,0.0,0.0,0.0,0.0,0.0,0.0,1,2.3333333333333335,0,1,1,0,1.5579944256211629,1,0,0
2023,9,2023_09_MIA_KC,KC,MIA,0.7859671115875244,4.7363563,w09_predictions_history_2023.csv,2025-10-26 19:38:16.634590+00:00,KC,MIA,21.0,14.0,7.0,1.0,1,0.0458100773221872,-2.2636437000000003,2.2636437000000003,5.124082800549691,-0.2408403301923272,False,KC,MIA,,,,,,,,,0.0,0.0,0.0,0.0,0.0,0.0,0.0,0.0,1.0,10.0,0.6666666666666666,8.666666666666666,0.0,0.0,0.0,0.0,0.0,0.0,7,7,7,7,0,0,0,0,0,1970.6563988073954,1224.5087371833501,0.0,-1.0,1.0,0,1,0.0,0.0,0.0,0.0,0.0,0.0,1,9.333333333333332,0,0,0,1,0.24084033019232723,0,0,0
2023,9,2023_09_LA_GB,GB,LA,0.782001256942749,5.4612284,w09_predictions_history_2023.csv,2025-10-26 19:38:16.634590+00:00,GB,LA,20.0,3.0,17.0,1.0,1,0.0475234519745413,-11.5387716,11.5387716,133.14325003696658,-0.2458989310944489,False,GB,LA,,,,,,,8.0,51.0,0.0,1.0,0.0,0.0,0.0,0.0,0.0,0.0,5.0,3.0,6.333333333333333,2.6666666666666665,0.0,0.3333333333333333,0.0,0.0,0.0,0.0,7,7,7,7,0,1,0,0,1,0.0,0.0,0.0,0.0,0.0,0,0,0.0,0.0,0.0,0.0,8.0,51.0,1,10.333333333333332,0,1,1,0,0.2458989310944489,0,0,0
2023,9,2023_09_LAC_NYJ,NYJ,LAC,0.6438122987747192,2.885328,w09_predictions_history_2023.csv,2025-10-26 19:38:16.634590+00:00,NYJ,LAC,6.0,27.0,-21.0,0.0,1,0.4144942760535883,23.885328,23.885328,570.5088936675841,-1.0322974364450723,True,NYJ,LAC,,,,,,,4.0,48.0,0.0,0.0,0.0,0.0,0.0,0.0,0.0,0.0,2.0,1.0,1.6666666666666667,2.3333333333333335,0.0,0.0,0.0,0.0,0.0,0.0,8,8,8,8,0,0,0,0,1,3941.8270293974165,2449.3370030837023,0.0,3.0,3.0,1,0,0.0,0.0,0.0,0.0,4.0,48.0,1,4.0,0,0,1,0,1.0322974364450723,1,0,0
2023,9,2023_09_IND_CAR,CAR,IND,0.6376653909683228,1.6284002,w09_predictions_history_2023.csv,2025-10-26 19:38:16.634590+00:00,CAR,IND,13.0,27.0,-14.0,0.0,1,0.4066171508387839,15.6284002,15.6284002,244.24689281136003,-1.0151871597486375,True,CAR,IND,,,,,,,2.0,75.0,0.0,0.0,0.0,0.0,0.0,0.0,0.0,0.0,2.0,1.0,2.0,0.6666666666666666,0.0,0.0,0.0,0.0,0.0,0.0,7,7,7,7,0,0,0,0,1,688.1067369783972,427.56957126300364,0.0,0.0,0.0,0,0,0.0,0.0,0.0,0.0,2.0,75.0,1,2.6666666666666665,0,0,1,0,1.0151871597486375,1,0,0
2023,9,2023_09_DAL_PHI,PHI,DAL,0.7179028391838074,3.693413,w09_predictions_history_2023.csv,2025-10-26 19:38:16.634590+00:00,PHI,DAL,28.0,23.0,5.0,1.0,1,0.0795788081405568,-1.306587,1.306587,1.707169588569,-0.3314210405617095,False,PHI,DAL,,,,,,,6.0,64.0,0.0,0.0,0.0,0.0,0.0,0.0,0.0,0.0,3.0,6.0,2.6666666666666665,2.3333333333333335,0.0,0.0,0.0,0.0,0.0,0.0,7,7,7,7,0,0,0,0,0,2112.2733926656533,1312.5054302740498,0.0,1.0,1.0,1,0,0.0,0.0,0.0,0.0,6.0,64.0,1,5.0,0,0,0,1,0.33142104056170957,0,0,0
2023,9,2023_09_CHI_NO,NO,CHI,0.7734221816062927,5.0559454,w09_predictions_history_2023.csv,2025-10-26 19:38:16.634590+00:00,NO,CHI,24.0,17.0,7.0,1.0,1,0.0513375077880517,-1.9440546000000003,1.9440546000000003,3.779348287781161,-0.2569302195811054,False,NO,CHI,,,,,,,,,0.0,0.0,0.0,1.0,0.0,0.0,0.0,0.0,4.0,1.0,5.0,1.6666666666666667,0.3333333333333333,0.0,0.0,0.3333333333333333,0.0,0.0,7,7,7,7,0,1,1,1,0,1342.7832370077824,834.3665627627628,0.0,0.0,0.0,0,0,0.0,0.0,0.0,0.0,0.0,0.0,1,8.333333333333334,0,1,1,0,0.25693021958110546,0,0,0
2023,9,2023_09_BUF_CIN,CIN,BUF,0.6626318097114563,0.65532583,w09_predictions_history_2023.csv,2025-10-26 19:38:16.634590+00:00,CIN,BUF,24.0,18.0,6.0,1.0,1,0.113817295818567,-5.34467417,5.34467417,28.56554198346519,-0.4115357828562604,False,CIN,BUF,,,,,,,5.0,51.0,0.0,0.0,0.0,0.0,0.0,0.0,0.0,0.0,2.0,1.0,1.0,1.0,0.0,0.0,0.0,0.0,0.0,0.0,7,10,7,10,0,0,0,0,0,631.3288826838506,392.2894591621469,0.0,0.0,0.0,0,0,0.0,0.0,0.0,0.0,5.0,51.0,1,2.0,0,0,0,1,0.4115357828562604,0,-3,-3
2023,9,2023_09_ARI_CLE,CLE,ARI,0.8099164962768555,9.923757,w09_predictions_history_2023.csv,2025-10-26 19:38:16.634590+00:00,CLE,ARI,27.0,0.0,27.0,1.0,1,0.0361317383876667,-17.076242999999998,17.076242999999998,291.59807499504893,-0.2108241276461244,False,CLE,ARI,,,,,,,7.0,56.0,0.0,1.0,0.0,0.0,0.0,0.0,0.0,0.0,1.0,3.0,3.3333333333333335,3.6666666666666665,0.3333333333333333,0.3333333333333333,0.0,0.3333333333333333,0.0,0.0,7,7,7,7,0,0,0,0,1,2820.5998959660214,1752.6389779563028,0.0,2.0,2.0,1,0,0.0,0.0,0.0,0.0,7.0,56.0,1,9.0,0,0,1,0,0.21082412764612446,1,0,0
2023,10,2023_10_ATL_ARI,ARI,ATL,0.6322406530380249,0.93153363,w10_predictions_history_2023.csv,2025-10-26 19:38:16.636595+00:00,ARI,ATL,25.0,23.0,2.0,1.0,1,0.1352469372778983,-1.06846637,1.0684663699999999,1.1416203838209766,-0.4584851771901754,False,ARI,ATL,,,,,,,,,0.0,0.0,0.0,0.0,0.0,0.0,0.0,0.0,5.0,1.0,3.3333333333333335,1.0,0.3333333333333333,0.0,0.3333333333333333,0.0,0.0,0.0,7,7,7,7,0,0,1,1,1,2571.4111601269988,1597.8003239792733,0.0,-2.0,2.0,0,1,0.0,0.0,0.0,0.0,0.0,0.0,1,5.0,0,0,1,0,0.4584851771901754,0,0,0
2023,10,2023_10_SF_JAX,JAX,SF,0.6357214450836182,0.3393204,w10_predictions_history_2023.csv,2025-10-26 19:38:16.636595+00:00,JAX,SF,3.0,34.0,-31.0,0.0,1,0.4041417557392037,31.3393204,31.3393204,982.153003133856,-1.0098364432488212,True,JAX,SF,,,,,,,11.0,59.0,0.0,0.0,0.0,0.0,0.0,0.0,0.0,0.0,5.0,2.0,3.6666666666666665,1.3333333333333333,0.6666666666666666,0.3333333333333333,0.0,0.0,0.0,0.0,14,14,14,14,0,0,0,0,0,3776.6518723708095,2346.7019505869225,0.0,3.0,3.0,1,0,0.0,0.0,0.0,0.0,11.0,59.0,1,5.999999999999999,0,0,0,1,1.0098364432488212,1,0,0
2023,10,2023_10_TEN_TB,TB,TEN,0.7814633846282959,3.9059744,w10_predictions_history_2023.csv,2025-10-26 19:38:16.636595+00:00,TB,TEN,20.0,6.0,14.0,1.0,1,0.0477582522581201,-10.0940256,10.0940256,101.88935281345536,-0.2465869829011497,False,TB,TEN,,,,,,,6.0,85.0,0.0,1.0,0.0,0.0,0.0,0.0,0.0,0.0,3.0,2.0,1.0,1.6666666666666667,0.3333333333333333,0.3333333333333333,0.0,0.0,0.0,0.0,7,10,7,10,0,1,0,0,0,995.263496352882,618.4278739922867,0.0,1.0,1.0,1,0,0.0,0.0,0.0,0.0,6.0,85.0,1,4.333333333333333,0,1,0,1,0.2465869829011497,0,-3,-3
2023,10,2023_10_WAS_SEA,SEA,WAS,0.8152491450309753,4.25096,w10_predictions_history_2023.csv,2025-10-26 19:38:16.636595+00:00,SEA,WAS,29.0,26.0,3.0,1.0,1,0.0341328784117855,1.25096,1.25096,1.5649009216000005,-0.2042615130333132,False,SEA,WAS,,,,,,,4.0,52.0,0.0,0.0,0.0,0.0,0.0,0.0,0.0,0.0,0.0,1.0,0.3333333333333333,0.6666666666666666,0.0,0.0,0.0,0.0,0.0,0.0,7,7,7,7,0,1,0,0,0,3749.1515514555863,2329.6140486795093,0.0,-3.0,3.0,0,1,0.0,0.0,0.0,0.0,4.0,52.0,1,1.0,0,1,0,1,0.20426151303331322,0,0,0
2023,10,2023_10_NYG_DAL,DAL,NYG,0.7664720416069031,7.77989,w10_predictions_history_2023.csv,2025-10-26 19:38:16.636595+00:00,DAL,NYG,49.0,17.0,32.0,1.0,1,0.054535307351248,-24.22011,24.22011,586.6137284120999,-0.2659570567342031,False,DAL,NYG,,,,,,,,,0.0,0.0,0.0,0.0,0.0,0.0,0.0,0.0,1.0,4.0,2.6666666666666665,5.333333333333333,0.0,0.0,0.0,0.0,0.0,0.0,7,7,7,7,0,1,1,0,0,2229.039273710148,1385.0603625445483,0.0,-1.0,1.0,0,1,0.0,0.0,0.0,0.0,0.0,0.0,1,8.0,0,1,1,0,0.2659570567342031,1,0,0
2023,10,2023_10_NYJ_LV,LV,NYJ,0.6084612607955933,-0.21909313,w10_predictions_history_2023.csv,2025-10-26 19:38:16.636595+00:00,LV,NYJ,16.0,12.0,4.0,1.0,1,0.1533025842977764,-4.21909313,4.21909313,17.800746839613197,-0.4968220320230755,False,LV,NYJ,,,,,,,,,0.0,0.0,0.0,0.0,0.0,0.0,0.0,0.0,7.0,0.0,5.333333333333333,1.0,0.0,0.0,0.0,0.0,0.0,0.0,7,6,7,6,0,0,1,1,0,3584.863600239885,2227.5302801446574,0.0,-3.0,3.0,0,1,0.0,0.0,0.0,0.0,0.0,0.0,1,6.333333333333333,1,0,1,0,0.4968220320230755,0,1,1
2023,10,2023_10_NO_MIN,MIN,NO,0.5940669775009155,1.8570039,w10_predictions_history_2023.csv,2025-10-26 19:38:16.636595+00:00,MIN,NO,27.0,19.0,8.0,1.0,1,0.1647816187552422,-6.1429961,6.1429960999999995,37.7364010846152,-0.520763209240507,False,MIN,NO,,,,,,,,,0.0,0.0,0.0,0.0,1.0,0.0,0.0,0.0,4.0,2.0,2.3333333333333335,4.333333333333333,0.0,0.3333333333333333,0.0,0.0,0.0,0.0,7,7,7,7,0,0,1,1,1,1693.515281164694,1052.301283772587,0.0,0.0,0.0,0,0,0.0,0.0,0.0,0.0,0.0,0.0,1,8.0,0,0,1,0,0.520763209240507,0,0,0
2023,10,2023_10_HOU_CIN,CIN,HOU,0.6619241237640381,2.6788836,w10_predictions_history_2023.csv,2025-10-26 19:38:16.636595+00:00,CIN,HOU,27.0,30.0,-3.0,0.0,1,0.4381435456207896,5.6788836,5.6788836,32.24971894234896,-1.084484922787096,True,CIN,HOU,,,,,,,6.0,56.0,0.0,0.0,0.0,0.0,0.0,0.0,0.0,0.0,3.0,0.0,1.6666666666666667,1.0,0.0,0.0,0.0,0.0,0.0,0.0,7,7,7,7,0,0,0,0,1,1444.9923912572613,897.8763671479157,0.0,1.0,1.0,1,0,0.0,0.0,0.0,0.0,6.0,56.0,1,2.666666666666667,0,0,1,0,1.084484922787096,1,0,0
2023,10,2023_10_CLE_BAL,BAL,CLE,0.7431256771087646,3.6088445,w10_predictions_history_2023.csv,2025-10-26 19:38:16.636595+00:00,BAL,CLE,31.0,33.0,-2.0,0.0,1,0.5522357719783599,5.6088445,5.6088445,31.45913662518025,-1.3591683296816413,True,BAL,CLE,,,,,,,4.0,49.0,0.0,0.0,0.0,0.0,0.0,0.0,0.0,0.0,1.0,3.0,0.6666666666666666,3.3333333333333335,0.0,0.0,0.0,0.0,0.0,0.0,7,7,7,7,0,0,0,0,0,496.0989291668332,308.26148771532434,0.0,0.0,0.0,0,0,0.0,0.0,0.0,0.0,4.0,49.0,1,4.0,0,0,0,1,1.3591683296816413,1,0,0
2023,10,2023_10_DEN_BUF,BUF,DEN,0.7765149474143982,4.9731283,w10_predictions_history_2023.csv,2025-10-26 19:38:16.636595+00:00,BUF,DEN,22.0,24.0,-2.0,0.0,1,0.6029754635579856,6.9731283,6.9731283,48.62451828826089,-1.498410745976626,True,BUF,DEN,,,,,,,10.0,49.0,0.0,0.0,0.0,0.0,0.0,0.0,0.0,0.0,2.0,0.0,1.3333333333333333,0.0,0.0,0.0,0.0,0.0,0.0,0.0,8,15,8,15,0,0,0,0,0,2209.3973269456583,1372.8554264415507,0.0,2.0,2.0,1,0,0.0,0.0,0.0,0.0,10.0,49.0,1,1.3333333333333333,0,0,0,1,1.498410745976626,1,-7,-7
2023,10,2023_10_DET_LAC,LAC,DET,0.6930201649665833,1.2389326,w10_predictions_history_2023.csv,2025-10-26 19:38:16.636595+00:00,LAC,DET,38.0,41.0,-3.0,0.0,1,0.4802769490503102,4.2389326,4.2389326,17.96854958734276,-1.1809732174824623,True,LAC,DET,,,,,,,,,0.0,0.0,0.0,0.0,0.0,0.0,0.0,0.0,0.0,1.0,1.3333333333333333,2.0,0.0,0.0,0.0,0.0,0.0,0.0,6,13,6,13,0,0,1,1,1,3198.323398176125,1987.345408248097,0.0,-3.0,3.0,0,1,0.0,0.0,0.0,0.0,0.0,0.0,1,3.333333333333333,1,0,1,0,1.1809732174824623,1,-7,-7
2023,10,2023_10_IND_NE,NE,IND,0.750175952911377,0.9726016,w10_predictions_history_2023.csv,2025-10-26 19:38:16.636595+00:00,NE,IND,6.0,10.0,-4.0,0.0,1,0.5627639603264925,4.9726016,4.9726016,24.72676667232256,-1.386998420557087,True,NE,IND,,,,,,,,,0.0,0.0,0.0,0.0,0.0,0.0,0.0,0.0,9.0,0.0,8.666666666666666,0.6666666666666666,0.0,0.0,0.0,0.0,0.0,0.0,7,7,7,7,0,1,0,0,1,1276.5704724187033,793.2238710172821,0.0,0.0,0.0,0,0,0.0,0.0,0.0,0.0,0.0,0.0,1,9.333333333333332,0,1,1,0,1.386998420557087,1,0,0
2023,10,2023_10_CAR_CHI,CHI,CAR,0.8081682920455933,5.964902,w10_predictions_history_2023.csv,2025-10-26 19:38:16.636595+00:00,CHI,CAR,16.0,13.0,3.0,1.0,1,0.0367994041767048,2.9649020000000004,2.9649020000000004,8.790643869604002,-0.2129849599141298,False,CHI,CAR,,,,,,,8.0,51.0,0.0,0.0,1.0,0.0,0.0,0.0,0.0,0.0,2.0,1.0,1.6666666666666667,1.6666666666666667,0.0,0.0,0.6666666666666666,0.0,0.0,0.0,4,4,4,4,0,0,0,0,0,943.1102110450423,586.021334947269,0.0,-1.0,1.0,0,1,0.0,0.0,0.0,0.0,8.0,51.0,1,5.0,1,0,0,1,0.2129849599141298,0,0,0
2023,10,2023_10_GB_PIT,PIT,GB,0.7921833992004395,4.0557175,w10_predictions_history_2023.csv,2025-10-26 19:38:16.636595+00:00,PIT,GB,23.0,19.0,4.0,1.0,1,0.0431877395678839,0.0557175,0.055717500000000086,0.00310443980625,-0.2329623493276462,False,PIT,GB,,,,,,,5.0,50.0,0.0,0.0,0.0,0.0,0.0,0.0,0.0,0.0,2.0,7.0,2.3333333333333335,6.0,0.0,0.0,0.0,0.0,0.0,0.0,10,7,10,7,0,0,0,0,0,798.622684529547,496.24097610880915,0.0,1.0,1.0,1,0,0.0,0.0,0.0,0.0,5.0,50.0,1,8.333333333333334,0,0,0,1,0.23296234932764628,0,3,3
2023,11,2023_11_PIT_CLE,CLE,PIT,0.787582278251648,4.2131667,w11_predictions_history_2023.csv,2025-10-26 19:38:16.638097+00:00,CLE,PIT,13.0,10.0,3.0,1.0,1,0.0451212885127603,1.2131667000000004,1.2131667000000004,1.4717734419888908,-0.2387874334204844,False,CLE,PIT,,,,,,,11.0,48.0,0.0,0.0,0.0,0.0,0.0,0.0,0.0,0.0,1.0,1.0,1.6666666666666667,1.3333333333333333,0.0,0.0,0.0,0.0,0.0,0.0,7,7,7,7,0,0,0,0,0,183.98510450821584,114.32300837337459,0.0,0.0,0.0,0,0,0.0,0.0,0.0,0.0,11.0,48.0,1,3.0,0,0,0,1,0.23878743342048442,0,0,0
2023,11,2023_11_SEA_LA,LA,SEA,0.7332926392555237,3.0358367,w11_predictions_history_2023.csv,2025-10-26 19:38:16.638097+00:00,LA,SEA,17.0,16.0,1.0,1.0,1,0.0711328162752842,2.0358367,2.0358367,4.1446310690668895,-0.3102104217678592,False,LA,SEA,,,,,,,,,0.0,0.0,0.0,0.0,0.0,0.0,0.0,0.0,1.0,0.0,2.0,0.3333333333333333,0.3333333333333333,0.0,0.0,0.0,0.0,0.0,14,7,14,7,0,0,1,1,0,0.0,0.0,,0.0,0.0,0,0,0.0,0.0,0.0,0.0,0.0,0.0,1,2.666666666666667,0,0,1,0,0.3102104217678592,0,7,7
2023,11,2023_11_TEN_JAX,JAX,TEN,0.7794665694236755,4.867606,w11_predictions_history_2023.csv,2025-10-26 19:38:16.638097+00:00,JAX,TEN,34.0,14.0,20.0,1.0,1,0.0486349940017625,-15.132394,15.132394,228.989348171236,-0.2491454786090229,False,JAX,TEN,,,,,,,3.0,75.0,0.0,0.0,0.0,0.0,0.0,0.0,0.0,0.0,4.0,3.0,4.666666666666667,2.3333333333333335,0.3333333333333333,0.3333333333333333,0.0,0.0,0.0,0.0,7,7,7,7,0,1,0,0,0,805.9221089754641,500.7766267761931,0.0,1.0,1.0,1,0,0.0,0.0,0.0,0.0,3.0,75.0,1,7.666666666666668,0,1,0,1,0.2491454786090229,0,0,0
2023,11,2023_11_LAC_GB,GB,LAC,0.649164617061615,1.1806811,w11_predictions_history_2023.csv,2025-10-26 19:38:16.638097+00:00,GB,LAC,23.0,20.0,3.0,1.0,1,0.1230854659215232,-1.8193189,1.8193189,3.30992125989721,-0.4320689471966717,False,GB,LAC,,,,,,,5.0,45.0,0.0,0.0,0.0,0.0,0.0,0.0,0.0,0.0,7.0,2.0,6.333333333333333,1.0,0.0,0.0,0.0,0.0,0.0,0.0,7,7,7,7,0,0,0,0,1,2838.14227156966,1763.5393014275112,0.0,2.0,2.0,1,0,0.0,0.0,0.0,0.0,5.0,45.0,1,7.333333333333333,0,0,1,0,0.4320689471966717,0,0,0
2023,11,2023_11_TB_SF,SF,TB,0.7618989944458008,4.632531,w11_predictions_history_2023.csv,2025-10-26 19:38:16.638097+00:00,SF,TB,27.0,14.0,13.0,1.0,1,0.0566920888459208,-8.367469,8.367469,70.014537465961,-0.2719412853021792,False,SF,TB,,,,,,,10.0,65.0,0.0,0.0,0.0,0.0,0.0,0.0,0.0,0.0,0.0,0.0,0.6666666666666666,1.0,0.3333333333333333,0.0,0.0,0.0,0.0,0.0,7,7,7,7,0,0,0,0,0,3809.0197587502116,2366.8144165143776,0.0,-3.0,3.0,0,1,0.0,0.0,0.0,0.0,10.0,65.0,1,2.0,0,0,0,1,0.27194128530217926,0,0,0
2023,11,2023_11_DAL_CAR,CAR,DAL,0.5362709164619446,-0.71231943,w11_predictions_history_2023.csv,2025-10-26 19:38:16.638097+00:00,CAR,DAL,10.0,33.0,-23.0,0.0,1,0.2875864958429339,22.28768057,22.28768057,496.7407051903554,-0.7684547689605571,True,CAR,DAL,,,,,,,2.0,65.0,0.0,0.0,0.0,0.0,0.0,0.0,0.0,0.0,2.0,0.0,1.6666666666666667,2.3333333333333335,0.0,0.0,0.0,0.0,0.0,0.0,10,7,10,7,0,0,0,0,0,1520.813159475224,944.9891937162794,0.0,1.0,1.0,1,0,0.0,0.0,0.0,0.0,2.0,65.0,1,4.0,0,0,0,1,0.7684547689605571,1,3,3
2023,11,2023_11_CIN_BAL,BAL,CIN,0.8217715620994568,8.125774,w11_predictions_history_2023.csv,2025-10-26 19:38:16.638097+00:00,BAL,CIN,34.0,20.0,14.0,1.0,1,0.0317653760764677,-5.874226,5.874226,34.506531099076,-0.1962928275371996,False,BAL,CIN,,,,,,,1.0,56.0,0.0,0.0,0.0,0.0,0.0,0.0,0.0,0.0,0.0,0.0,0.6666666666666666,1.6666666666666667,0.0,0.0,0.0,0.0,0.0,0.0,4,4,4,4,0,0,0,0,0,680.380755215459,422.76887024898497,0.0,0.0,0.0,0,0,0.0,0.0,0.0,0.0,1.0,56.0,1,2.3333333333333335,1,0,0,1,0.19629282753719965,0,0,0
2023,11,2023_11_CHI_DET,DET,CHI,0.6880537867546082,2.5774696,w11_predictions_history_2023.csv,2025-10-26 19:38:16.638097+00:00,DET,CHI,31.0,26.0,5.0,1.0,1,0.0973104399581394,-2.4225304,2.4225304,5.86865353892416,-0.3738882656821714,False,DET,CHI,,,,,,,,,0.0,0.0,0.0,0.0,0.0,0.0,0.0,0.0,0.0,2.0,1.0,1.6666666666666667,0.0,0.0,0.0,0.6666666666666666,0.0,0.0,7,10,7,10,0,0,1,1,0,380.8011147087137,236.61876944766817,0.0,1.0,1.0,1,0,0.0,0.0,0.0,0.0,0.0,0.0,1,3.333333333333333,0,0,1,0,0.37388826568217143,0,-3,-3
2023,11,2023_11_ARI_HOU,HOU,ARI,0.8148458003997803,7.2007823,w11_predictions_history_2023.csv,2025-10-26 19:38:16.638097+00:00,HOU,ARI,21.0,16.0,5.0,1.0,1,0.034282077629598,2.2007823,2.2007823,4.8434427319932905,-0.2047563856056835,False,HOU,ARI,,,,,,,,,0.0,0.0,0.0,0.0,0.0,0.0,0.0,0.0,1.0,5.0,1.0,4.333333333333333,0.0,0.3333333333333333,0.0,0.0,0.0,0.0,7,7,7,7,0,0,1,1,1,1649.9606819907199,1025.2377189292556,0.0,1.0,1.0,1,0,0.0,0.0,0.0,0.0,0.0,0.0,1,5.666666666666666,0,0,1,0,0.20475638560568357,0,0,0
2023,11,2023_11_LV_MIA,MIA,LV,0.7264516949653625,5.000534,w11_predictions_history_2023.csv,2025-10-26 19:38:16.638097+00:00,MIA,LV,20.0,13.0,7.0,1.0,1,0.074828675187323,-1.999466,1.999466,3.997864285156,-0.3195832882506861,False,MIA,LV,,,,,,,7.0,82.0,0.0,0.0,0.0,0.0,0.0,0.0,0.0,0.0,7.0,5.0,9.666666666666666,5.333333333333333,0.0,0.0,0.0,0.0,0.0,0.0,14,7,14,7,0,0,0,0,1,3493.219293487807,2170.585165613812,0.0,3.0,3.0,1,0,0.0,0.0,0.0,0.0,7.0,82.0,1,15.0,0,0,1,0,0.3195832882506861,0,7,7
2023,11,2023_11_MIN_DEN,DEN,MIN,0.6737734079360962,2.7349553,w11_predictions_history_2023.csv,2025-10-26 19:38:16.638097+00:00,DEN,MIN,21.0,20.0,1.0,1.0,1,0.1064237893696287,1.7349553000000002,1.7349553000000002,3.0100698929980907,-0.394861414600151,False,DEN,MIN,,,,,,,3.0,53.0,0.0,1.0,0.0,0.0,0.0,1.0,0.0,0.0,3.0,2.0,1.0,2.3333333333333335,0.0,0.3333333333333333,0.0,0.0,0.0,0.0,6,7,6,7,0,0,0,0,1,1126.1531529379106,699.7589107941825,0.0,-1.0,1.0,0,1,0.0,0.0,0.0,0.0,3.0,53.0,1,5.666666666666667,1,0,1,0,0.394861414600151,0,-1,-1
2023,11,2023_11_NYG_WAS,WAS,NYG,0.7284530997276306,4.7046185,w11_predictions_history_2023.csv,2025-10-26 19:38:16.638097+00:00,WAS,NYG,19.0,31.0,-12.0,0.0,1,0.5306439185027934,16.7046185,16.7046185,279.0442792305422,-1.3036204095089143,True,WAS,NYG,,,,,,,7.0,56.0,0.0,0.0,0.0,0.0,0.0,0.0,0.0,0.0,0.0,5.0,0.3333333333333333,4.333333333333333,0.0,0.0,0.0,0.0,0.0,0.0,7,7,7,7,0,1,0,0,0,318.7560616426511,198.06577277895576,0.0,0.0,0.0,0,0,0.0,0.0,0.0,0.0,7.0,56.0,1,4.666666666666666,0,1,0,1,1.3036204095089143,1,0,0
2023,11,2023_11_NYJ_BUF,BUF,NYJ,0.7380677461624146,5.610565,w11_predictions_history_2023.csv,2025-10-26 19:38:16.638097+00:00,BUF,NYJ,32.0,6.0,26.0,1.0,1,0.0686085056004373,-20.389435,20.389435,415.7290596192249,-0.303719661626707,False,BUF,NYJ,,,,,,,9.0,40.0,0.0,0.0,0.0,0.0,0.0,0.0,0.0,0.0,0.0,2.0,1.0,1.3333333333333333,0.0,0.0,0.0,0.0,0.0,0.0,6,7,6,7,0,1,0,0,0,447.2561433688814,277.9119970612652,0.0,0.0,0.0,0,0,0.0,0.0,0.0,0.0,9.0,40.0,1,2.333333333333333,1,1,0,1,0.303719661626707,1,-1,-1
2023,11,2023_11_PHI_KC,KC,PHI,0.7758786082267761,6.2409086,w11_predictions_history_2023.csv,2025-10-26 19:38:16.638097+00:00,KC,PHI,17.0,21.0,-4.0,0.0,1,0.6019876147039191,10.2409086,10.240908600000001,104.87620895355398,-1.495567446357771,True,KC,PHI,,,,,,,12.0,45.0,0.0,0.0,0.0,0.0,0.0,0.0,0.0,0.0,0.0,1.0,0.3333333333333333,2.0,0.0,0.0,0.0,0.0,0.0,0.0,15,15,15,15,0,0,0,0,0,1657.4389983193887,1029.884527824717,0.0,-1.0,1.0,0,1,0.0,0.0,0.0,0.0,12.0,45.0,1,2.3333333333333335,0,0,0,1,1.495567446357771,1,0,0
2023,12,2023_12_TB_IND,IND,TB,0.7033382058143616,2.3807309,w12_predictions_history_2023.csv,2025-10-26 19:38:16.640108+00:00,IND,TB,27.0,20.0,7.0,1.0,1,0.0880082201294421,-4.6192691,4.6192691,21.337647018214813,-0.3519174135059865,False,IND,TB,,,,,,,,,0.0,0.0,0.0,0.0,0.0,0.0,0.0,0.0,1.0,2.0,0.6666666666666666,1.6666666666666667,0.0,0.0,0.0,0.0,0.0,0.0,14,7,14,7,0,1,1,1,0,1352.8599345488813,840.6279303905729,0.0,0.0,0.0,0,0,0.0,0.0,0.0,0.0,0.0,0.0,1,2.3333333333333335,0,1,1,0,0.35191741350598654,0,7,7
2023,12,2023_12_CAR_TEN,TEN,CAR,0.7696976065635681,4.311825,w12_predictions_history_2023.csv,2025-10-26 19:38:16.640108+00:00,TEN,CAR,17.0,10.0,7.0,1.0,1,0.053039192422549,-2.688175,2.688175,7.226284830625001,-0.2617575600172234,False,TEN,CAR,,,,,,,13.0,51.0,0.0,0.0,0.0,0.0,0.0,0.0,0.0,0.0,1.0,6.0,2.0,3.0,0.3333333333333333,0.0,0.0,0.0,0.0,0.0,7,7,7,7,0,0,0,0,0,544.5439560164897,338.3638224939222,0.0,-1.0,1.0,0,1,0.0,0.0,0.0,0.0,13.0,51.0,1,5.333333333333334,0,0,0,1,0.26175756001722345,0,0,0
2023,12,2023_12_CHI_MIN,MIN,CHI,0.7359657287597656,3.4867916,w12_predictions_history_2023.csv,2025-10-26 19:38:16.640108+00:00,MIN,CHI,10.0,12.0,-2.0,0.0,1,0.5416455539088929,5.4867916,5.4867916,30.10488206183056,-1.3316763689571802,True,MIN,CHI,,,,,,,,,0.0,0.0,0.0,0.0,0.0,0.0,0.0,0.0,2.0,2.0,2.6666666666666665,2.0,0.3333333333333333,0.0,0.0,0.3333333333333333,0.0,0.0,8,8,8,8,0,1,1,1,0,571.9881299076998,355.4168362688773,0.0,0.0,0.0,0,0,0.0,0.0,0.0,0.0,0.0,0.0,1,5.333333333333333,0,1,1,0,1.3316763689571802,1,0,0
2023,12,2023_12_JAX_HOU,HOU,JAX,0.7440325021743774,2.8422737,w12_predictions_history_2023.csv,2025-10-26 19:38:16.640108+00:00,HOU,JAX,21.0,24.0,-3.0,0.0,1,0.553584364291865,5.8422737,5.8422737,34.13216198571169,-1.362704804181545,True,HOU,JAX,,,,,,,,,1.0,0.0,0.0,0.0,0.0,0.0,0.0,0.0,0.0,2.0,0.3333333333333333,3.6666666666666665,0.3333333333333333,0.0,0.0,0.0,0.0,0.0,7,7,7,7,0,0,1,1,0,1327.3673175220954,824.787557456022,0.0,-1.0,1.0,0,1,0.0,0.0,0.0,0.0,0.0,0.0,1,5.333333333333333,0,0,1,0,1.362704804181545,1,0,0
2023,12,2023_12_CLE_DEN,DEN,CLE,0.6167745590209961,1.3598406,w12_predictions_history_2023.csv,2025-10-26 19:38:16.640108+00:00,DEN,CLE,29.0,12.0,17.0,1.0,1,0.146861738613552,-15.6401594,15.6401594,244.6145860574084,-0.4832517043071043,False,DEN,CLE,,,,,,,5.0,40.0,0.0,0.0,0.0,0.0,0.0,0.0,0.0,0.0,0.0,2.0,1.0,2.0,0.0,0.0,0.0,0.0,0.0,0.0,7,7,7,7,0,0,0,0,0,1971.8552433254629,1225.2536644003862,0.0,-2.0,2.0,0,1,0.0,0.0,0.0,0.0,5.0,40.0,1,3.0,0,0,0,1,0.4832517043071043,1,0,0
2023,12,2023_12_GB_DET,DET,GB,0.7641151547431946,5.324651,w12_predictions_history_2023.csv,2025-10-26 19:38:16.640108+00:00,DET,GB,22.0,29.0,-7.0,0.0,1,0.5838719697082162,12.324651,12.324651,151.89702227180098,-1.4444115368669508,True,DET,GB,,,,,,,,,0.0,0.0,0.0,0.0,0.0,0.0,0.0,0.0,0.0,7.0,0.3333333333333333,7.0,0.0,0.0,0.0,0.0,0.0,0.0,4,4,4,4,0,0,1,1,0,470.9455844183699,292.6319287356269,0.0,1.0,1.0,1,0,0.0,0.0,0.0,0.0,0.0,0.0,1,7.333333333333333,1,0,1,0,1.4444115368669508,1,0,0
2023,12,2023_12_KC_LV,LV,KC,0.5651780962944031,-0.15216522,w12_predictions_history_2023.csv,2025-10-26 19:38:16.640108+00:00,LV,KC,17.0,31.0,-14.0,0.0,1,0.3194262805309655,13.84783478,13.84783478,191.76252809417764,-0.8328187484961237,True,LV,KC,,,,,,,,,0.0,0.0,0.0,0.0,0.0,0.0,0.0,0.0,3.0,0.0,5.0,0.3333333333333333,0.0,0.0,0.0,0.0,0.0,0.0,7,6,7,6,0,0,1,1,0,1849.495136728068,1149.2226426038565,0.0,-2.0,2.0,0,1,0.0,0.0,0.0,0.0,0.0,0.0,1,5.333333333333333,1,0,1,0,0.8328187484961237,0,1,1
2023,12,2023_12_LA_ARI,ARI,LA,0.5745229721069336,0.33728835,w12_predictions_history_2023.csv,2025-10-26 19:38:16.640108+00:00,ARI,LA,14.0,37.0,-23.0,0.0,1,0.3300766454785844,23.33728835,23.33728835,544.6290275310458,-0.8545443209265713,True,ARI,LA,,,,,,,,,0.0,0.0,0.0,0.0,0.0,0.0,0.0,0.0,5.0,2.0,5.0,2.0,0.0,0.3333333333333333,0.0,0.0,0.0,0.0,7,7,7,7,0,0,1,1,1,0.0,0.0,0.0,0.0,0.0,0,0,0.0,0.0,0.0,0.0,0.0,0.0,1,7.333333333333333,0,0,1,0,0.8545443209265713,1,0,0
2023,12,2023_12_NE_NYG,NYG,NE,0.5594884157180786,-0.17822032,w12_predictions_history_2023.csv,2025-10-26 19:38:16.640108+00:00,NYG,NE,10.0,7.0,3.0,1.0,1,0.1940504558865683,-3.17822032,3.17822032,10.101084402460902,-0.5807324561485622,False,NYG,NE,,,,,,,6.0,43.0,0.0,0.0,0.0,0.0,0.0,0.0,0.0,0.0,5.0,9.0,4.666666666666667,9.0,0.0,0.0,0.0,0.0,0.0,0.0,7,14,7,14,0,0,0,0,0,273.87684413964047,170.17912851989254,0.0,0.0,0.0,0,0,0.0,0.0,0.0,0.0,6.0,43.0,1,13.666666666666668,0,0,0,1,0.5807324561485622,0,-7,-7
2023,12,2023_12_NO_ATL,ATL,NO,0.6670075058937073,3.1827588,w12_predictions_history_2023.csv,2025-10-26 19:38:16.640108+00:00,ATL,NO,24.0,15.0,9.0,1.0,1,0.1108840011311294,-5.8172412,5.8172412,33.840295178977435,-0.4049539799158763,False,ATL,NO,,,,,,,,,1.0,0.0,0.0,0.0,0.0,0.0,0.0,0.0,1.0,1.0,0.6666666666666666,2.3333333333333335,0.3333333333333333,0.0,0.0,0.0,0.0,0.0,14,14,14,14,0,1,1,1,1,682.961240240272,424.37230880933805,0.0,1.0,1.0,1,0,0.0,0.0,0.0,0.0,0.0,0.0,1,4.333333333333334,0,1,1,0,0.40495397991587634,0,0,0
2023,12,2023_12_BAL_LAC,LAC,BAL,0.5023353099822998,-0.91089326,w12_predictions_history_2023.csv,2025-10-26 19:38:16.640108+00:00,LAC,BAL,10.0,20.0,-10.0,0.0,1,0.2523407636550132,9.08910674,9.08910674,82.61186133111343,-0.6978287419520984,True,LAC,BAL,,,,,,,,,0.0,0.0,0.0,0.0,0.0,0.0,0.0,0.0,2.0,1.0,1.3333333333333333,0.6666666666666666,0.0,0.0,0.0,0.0,0.0,0.0,7,10,7,10,0,0,1,1,0,3736.619680322634,2321.8271073817555,0.0,-3.0,3.0,0,1,0.0,0.0,0.0,0.0,0.0,0.0,1,2.0,0,0,1,0,0.6978287419520984,0,-3,-3
2023,12,2023_12_BUF_PHI,PHI,BUF,0.6383347511291504,2.628541,w12_predictions_history_2023.csv,2025-10-26 19:38:16.640108+00:00,PHI,BUF,37.0,34.0,3.0,1.0,1,0.1308017522408135,-0.3714590000000002,0.3714590000000002,0.1379817886810001,-0.4488924449479141,False,PHI,BUF,,,,,,,6.0,47.0,0.0,0.0,0.0,0.0,0.0,0.0,0.0,0.0,1.0,0.0,1.6666666666666667,0.6666666666666666,0.0,0.0,0.0,0.0,0.0,0.0,6,7,6,7,0,0,0,0,0,439.644748836256,273.1824972291332,0.0,0.0,0.0,0,0,0.0,0.0,0.0,0.0,6.0,47.0,1,2.3333333333333335,1,0,0,1,0.44889244494791414,0,-1,-1
2023,12,2023_12_PIT_CIN,CIN,PIT,0.5575383901596069,0.7037961,w12_predictions_history_2023.csv,2025-10-26 19:38:16.640108+00:00,CIN,PIT,10.0,16.0,-6.0,0.0,1,0.3108490565017661,6.7037961,6.7037961,44.94088215037521,-0.8154015757206363,True,CIN,PIT,,,,,,,9.0,48.0,0.0,0.0,0.0,0.0,1.0,0.0,0.0,0.0,0.0,2.0,1.0,1.6666666666666667,0.0,0.0,0.0,0.0,0.0,0.0,10,7,10,7,0,1,0,0,0,412.86006782260256,256.5392732029984,0.0,0.0,0.0,0,0,0.0,0.0,0.0,0.0,9.0,48.0,1,3.666666666666667,0,1,0,1,0.8154015757206363,0,3,3
2023,12,2023_12_SF_SEA,SEA,SF,0.5470419526100159,-0.5188227,w12_predictions_history_2023.csv,2025-10-26 19:38:16.640108+00:00,SEA,SF,13.0,31.0,-18.0,0.0,1,0.2992548979153788,17.4811773,17.4811773,305.5915597940352,-0.7919557684058677,True,SEA,SF,,,,,,,4.0,39.0,1.0,0.0,0.0,0.0,0.0,0.0,0.0,0.0,0.0,1.0,0.0,1.0,0.3333333333333333,0.0,0.0,0.0,0.0,0.0,4,4,4,4,0,0,0,0,0,1133.7049805847575,704.4513974909314,0.0,0.0,0.0,0,0,0.0,0.0,0.0,0.0,4.0,39.0,1,2.333333333333333,1,0,0,1,0.7919557684058677,1,0,0
2023,12,2023_12_WAS_DAL,DAL,WAS,0.7219685912132263,6.7543554,w12_predictions_history_2023.csv,2025-10-26 19:38:16.640108+00:00,DAL,WAS,45.0,10.0,35.0,1.0,1,0.077301464271958,-28.2456446,28.2456446,797.816438869509,-0.3257736435103267,False,DAL,WAS,,,,,,,,,0.0,0.0,0.0,0.0,0.0,0.0,0.0,0.0,1.0,2.0,0.6666666666666666,1.0,0.0,0.0,0.0,0.0,0.0,0.0,4,4,4,4,0,0,1,0,0,1943.0528737124052,1207.3567071915509,0.0,-1.0,1.0,0,1,0.0,0.0,0.0,0.0,0.0,0.0,1,1.6666666666666665,1,0,1,0,0.3257736435103267,1,0,0
2023,12,2023_12_MIA_NYJ,NYJ,MIA,0.6419466137886047,1.7817749,w12_predictions_history_2023.csv,2025-10-26 19:38:16.640108+00:00,NYJ,MIA,13.0,34.0,-21.0,0.0,1,0.412095454954656,22.7817749,22.7817749,519.0092675942699,-1.0270731802037223,True,NYJ,MIA,,,,,,,11.0,48.0,0.0,0.0,0.0,0.0,0.0,0.0,0.0,0.0,1.0,11.0,1.0,9.333333333333334,0.0,0.0,0.0,0.0,0.0,0.0,5,5,5,5,0,0,0,0,0,1746.9720204594903,1085.517751324934,0.0,0.0,0.0,0,0,0.0,0.0,0.0,0.0,11.0,48.0,1,10.333333333333334,1,0,0,1,1.0270731802037225,1,0,0
2023,13,2023_13_CLE_LA,LA,CLE,0.6814438700675964,4.2271695,w13_predictions_history_2023.csv,2025-10-26 19:38:16.642107+00:00,LA,CLE,36.0,19.0,17.0,1.0,1,0.1014780079175103,-12.7728305,12.772830500000001,163.1451989817303,-0.3835413935741288,False,LA,CLE,,,,,,,,,0.0,0.0,0.0,0.0,0.0,1.0,0.0,0.0,0.0,4.0,1.0,2.3333333333333335,0.0,0.0,0.0,0.0,0.0,0.0,7,7,7,7,0,1,1,1,0,0.0,0.0,,0.0,0.0,0,0,0.0,0.0,0.0,0.0,0.0,0.0,1,4.333333333333334,0,1,1,0,0.38354139357412886,0,0,0
2023,13,2023_13_ATL_NYJ,NYJ,ATL,0.7443690299987793,3.642529,w13_predictions_history_2023.csv,2025-10-26 19:38:16.642107+00:00,NYJ,ATL,8.0,13.0,-5.0,0.0,1,0.5540852528213236,8.642529,8.642529,74.693307515841,-1.364020397929781,True,NYJ,ATL,,,,,,,8.0,50.0,0.0,0.0,0.0,0.0,1.0,0.0,0.0,0.0,3.0,2.0,2.0,1.3333333333333333,0.0,0.3333333333333333,0.0,0.0,0.0,0.0,9,7,9,7,0,0,0,0,1,1202.9077459665154,747.4519890189597,0.0,0.0,0.0,0,0,0.0,0.0,0.0,0.0,8.0,50.0,1,4.666666666666667,0,0,1,0,1.364020397929781,1,2,2
2023,13,2023_13_MIA_WAS,WAS,MIA,0.5508726835250854,-0.1052814,w13_predictions_history_2023.csv,2025-10-26 19:38:16.642107+00:00,WAS,MIA,15.0,45.0,-30.0,0.0,1,0.3034607134541289,29.8947186,29.8947186,893.694200173186,-0.8004488758107628,True,WAS,MIA,,,,,,,2.0,53.0,0.0,0.0,0.0,0.0,0.0,0.0,0.0,0.0,1.0,12.0,1.0,10.0,0.0,0.0,0.0,0.0,0.0,0.0,10,9,10,9,0,1,0,0,0,1474.0310488533053,915.9201468570271,0.0,0.0,0.0,0,0,0.0,0.0,0.0,0.0,2.0,53.0,1,11.0,0,1,0,1,0.8004488758107628,1,1,1
2023,13,2023_13_SEA_DAL,DAL,SEA,0.7602542638778687,4.7497263,w13_predictions_history_2023.csv,2025-10-26 19:38:16.642107+00:00,DAL,SEA,41.0,35.0,6.0,1.0,1,0.0574780179887426,-1.2502737000000002,1.2502737000000002,1.5631843249116903,-0.2741023439196822,False,DAL,SEA,,,,,,,,,0.0,0.0,0.0,0.0,0.0,0.0,0.0,0.0,0.0,1.0,0.3333333333333333,0.3333333333333333,0.0,0.3333333333333333,0.0,0.0,0.0,0.0,7,7,7,7,0,0,1,0,0,2685.435904680342,1668.6519935271288,0.0,2.0,2.0,1,0,0.0,0.0,0.0,0.0,0.0,0.0,1,1.0,0,0,1,0,0.2741023439196822,0,0,0
2023,13,2023_13_SF_PHI,PHI,SF,0.5745825171470642,-0.9476653,w13_predictions_history_2023.csv,2025-10-26 19:38:16.642107+00:00,PHI,SF,19.0,42.0,-23.0,0.0,1,0.3301450690110563,22.0523347,22.0523347,486.3054657208241,-0.8546842796158701,True,PHI,SF,,,,,,,44.0,52.0,0.0,0.0,0.0,0.0,0.0,0.0,0.0,0.0,3.0,4.0,1.6666666666666667,1.6666666666666667,0.0,0.0,0.0,0.0,0.0,0.0,7,10,7,10,0,1,0,0,0,4027.108649980338,2502.3285289469327,0.0,3.0,3.0,1,0,0.0,0.0,0.0,0.0,44.0,52.0,1,3.3333333333333335,0,1,0,1,0.8546842796158701,1,-3,-3
2023,13,2023_13_CIN_JAX,JAX,CIN,0.8049028515815735,5.2678547,w13_predictions_history_2023.csv,2025-10-26 19:38:16.642107+00:00,JAX,CIN,31.0,34.0,-3.0,0.0,1,0.6478686004841485,8.267854700000001,8.267854700000001,68.3574213403121,-1.6342576474597503,True,JAX,CIN,,,,,,,4.0,61.0,0.0,0.0,0.0,0.0,0.0,0.0,0.0,0.0,3.0,1.0,3.0,0.3333333333333333,0.0,0.0,0.0,0.0,0.0,0.0,8,8,8,8,0,0,0,0,0,1010.0497990036748,627.6156536567124,0.0,0.0,0.0,0,0,0.0,0.0,0.0,0.0,4.0,61.0,1,3.3333333333333335,0,0,0,1,1.6342576474597503,1,0,0
2023,13,2023_13_CAR_TB,TB,CAR,0.7998535633087158,5.288218,w13_predictions_history_2023.csv,2025-10-26 19:38:16.642107+00:00,TB,CAR,21.0,18.0,3.0,1.0,1,0.0400585961202182,2.288218,2.2882179999999996,5.235941615523998,-0.2233266139332538,False,TB,CAR,,,,,,,8.0,81.0,0.0,0.0,0.0,0.0,0.0,0.0,0.0,0.0,0.0,6.0,0.6666666666666666,4.666666666666667,0.0,0.0,0.0,0.0,0.0,0.0,7,7,7,7,0,1,0,0,0,821.0424088253201,510.171942614198,0.0,0.0,0.0,0,0,0.0,0.0,0.0,0.0,8.0,81.0,1,5.333333333333334,0,1,0,1,0.22332661393325381,0,0,0
2023,13,2023_13_IND_TEN,TEN,IND,0.6273751258850098,1.1957649,w13_predictions_history_2023.csv,2025-10-26 19:38:16.642107+00:00,TEN,IND,28.0,31.0,-3.0,0.0,1,0.3935995485792318,4.1957649,4.1957649,17.604443096072014,-0.9871830648169267,True,TEN,IND,,,,,,,13.0,53.0,0.0,0.0,0.0,0.0,0.0,0.0,0.0,0.0,4.0,0.0,2.6666666666666665,0.3333333333333333,0.0,0.0,0.0,0.0,0.0,0.0,7,7,7,7,0,0,0,0,1,403.11912155342907,250.48653167877578,0.0,-1.0,1.0,0,1,0.0,0.0,0.0,0.0,13.0,53.0,1,3.0,0,0,1,0,0.9871830648169267,0,0,0
2023,13,2023_13_ARI_PIT,PIT,ARI,0.8053298592567444,6.9954786,w13_predictions_history_2023.csv,2025-10-26 19:38:16.642107+00:00,PIT,ARI,10.0,24.0,-14.0,0.0,1,0.6485561822104877,20.9954786,20.9954786,440.8101216430578,-1.6364487386974154,True,PIT,ARI,,,,,,,12.0,56.0,0.0,0.0,0.0,0.0,0.0,0.0,0.0,0.0,2.0,5.0,1.6666666666666667,5.0,0.0,0.0,0.0,0.0,0.0,0.0,7,7,7,7,0,0,0,0,1,2947.633138165968,1831.5737506953258,0.0,2.0,2.0,1,0,0.0,0.0,0.0,0.0,12.0,56.0,1,6.666666666666667,0,0,1,0,1.6364487386974154,1,0,0
2023,13,2023_13_LAC_NE,NE,LAC,0.6512131094932556,1.7458305,w13_predictions_history_2023.csv,2025-10-26 19:38:16.642107+00:00,NE,LAC,0.0,6.0,-6.0,0.0,1,0.4240785139758749,7.7458305,7.7458305,59.997890134730255,-1.0532941722099818,True,NE,LAC,,,,,,,8.0,44.0,0.0,0.0,0.0,0.0,0.0,0.0,0.0,0.0,6.0,3.0,8.0,2.3333333333333335,0.0,0.0,0.0,0.0,0.0,0.0,7,7,7,7,0,0,0,0,1,4167.256279511999,2589.4122016566507,0.0,3.0,3.0,1,0,0.0,0.0,0.0,0.0,8.0,44.0,1,10.333333333333334,0,0,1,0,1.0532941722099818,1,0,0
2023,13,2023_13_KC_GB,GB,KC,0.5686180591583252,-0.96468264,w13_predictions_history_2023.csv,2025-10-26 19:38:16.642107+00:00,GB,KC,27.0,19.0,8.0,1.0,1,0.1860903788843302,-8.96468264,8.96468264,80.36553483591736,-0.5645463195268536,False,GB,KC,,,,,,,9.0,31.0,0.0,0.0,0.0,0.0,0.0,0.0,0.0,0.0,10.0,2.0,8.0,0.6666666666666666,0.0,0.0,0.0,0.0,0.0,0.0,10,7,10,7,0,1,0,0,0,806.4143500906521,501.0824911301786,0.0,0.0,0.0,0,0,0.0,0.0,0.0,0.0,9.0,31.0,1,8.666666666666666,0,1,0,1,0.5645463195268536,0,3,3
2023,13,2023_13_DEN_HOU,HOU,DEN,0.804513692855835,5.311223,w13_predictions_history_2023.csv,2025-10-26 19:38:16.642107+00:00,HOU,DEN,22.0,17.0,5.0,1.0,1,0.0382148962808628,0.311223,0.311223,0.096859755729,-0.2175172923641083,False,HOU,DEN,,,,,,,,,0.0,0.0,0.0,0.0,0.0,0.0,0.0,0.0,2.0,0.0,1.0,1.0,0.3333333333333333,0.0,0.0,0.0,0.0,0.0,7,7,7,7,0,0,1,1,0,1420.2578784834031,882.5070582111107,0.0,1.0,1.0,1,0,0.0,0.0,0.0,0.0,0.0,0.0,1,2.333333333333333,0,0,1,0,0.21751729236410833,0,0,0
2023,13,2023_13_DET_NO,NO,DET,0.6497325301170349,1.3716031,w13_predictions_history_2023.csv,2025-10-26 19:38:16.642107+00:00,NO,DET,28.0,33.0,-5.0,0.0,1,0.4221523606922837,6.3716031,6.3716031,40.59732606392961,-1.0490582166849485,True,NO,DET,,,,,,,,,0.0,0.0,0.0,0.0,0.0,1.0,0.0,0.0,3.0,0.0,2.0,0.0,0.0,0.0,0.0,0.0,0.0,0.0,7,10,7,10,0,0,1,1,1,1514.1475485391115,940.8473763832963,0.0,-1.0,1.0,0,1,0.0,0.0,0.0,0.0,0.0,0.0,1,3.0,0,0,1,0,1.0490582166849483,1,-3,-3
2023,14,2023_14_IND_CIN,CIN,IND,0.7443171739578247,2.1426926,w14_predictions_history_2023.csv,2025-10-26 19:38:16.643106+00:00,CIN,IND,34.0,14.0,20.0,1.0,1,0.0653737075329132,-17.8573074,17.8573074,318.8834275780948,-0.2952880259098471,False,CIN,IND,,,,,,,9.0,40.0,0.0,0.0,0.0,0.0,0.0,0.0,0.0,0.0,1.0,2.0,0.6666666666666666,1.0,0.0,0.0,0.0,0.0,0.0,0.0,6,7,6,7,0,1,0,0,1,159.6703325768839,99.21451422363093,0.0,0.0,0.0,0,0,0.0,0.0,0.0,0.0,9.0,40.0,1,1.6666666666666665,1,1,1,0,0.29528802590984715,1,-1,-1
2023,14,2023_14_TEN_MIA,MIA,TEN,0.8010265827178955,4.936294,w14_predictions_history_2023.csv,2025-10-26 19:38:16.643106+00:00,MIA,TEN,27.0,28.0,-1.0,0.0,1,0.6416435862207095,5.936294,5.936294,35.239586454436,-1.6145840446774098,True,MIA,TEN,,,,,,,9.0,64.0,0.0,0.0,0.0,0.0,0.0,0.0,0.0,0.0,6.0,5.0,9.666666666666666,3.3333333333333335,0.0,0.0,0.0,0.0,0.0,0.0,8,8,8,8,0,0,0,0,0,1293.6085053417662,803.8108105727187,0.0,1.0,1.0,1,0,0.0,0.0,0.0,0.0,9.0,64.0,1,13.0,0,0,0,1,1.6145840446774098,1,0,0
2023,14,2023_14_HOU_NYJ,NYJ,HOU,0.6640918254852295,1.2862059,w14_predictions_history_2023.csv,2025-10-26 19:38:16.643106+00:00,NYJ,HOU,30.0,6.0,24.0,1.0,1,0.1128343017058455,-22.7137941,22.7137941,515.9164424171948,-0.4093348476736585,False,NYJ,HOU,,,,,,,7.0,58.0,0.0,0.0,0.0,0.0,1.0,0.0,0.0,0.0,4.0,1.0,2.6666666666666665,1.0,0.0,0.3333333333333333,0.0,0.0,0.0,0.0,7,7,7,7,0,0,0,0,1,2289.340360155875,1422.529708930416,0.0,1.0,1.0,1,0,0.0,0.0,0.0,0.0,7.0,58.0,1,5.0,0,0,1,0,0.4093348476736585,1,0,0
2023,14,2023_14_GB_NYG,NYG,GB,0.6394909620285034,-0.18133907,w14_predictions_history_2023.csv,2025-10-26 19:38:16.643106+00:00,NYG,GB,24.0,22.0,2.0,1.0,1,0.1299667664591339,-2.18133907,2.18133907,4.758240138308465,-0.4470827909348791,False,NYG,GB,,,,,,,14.0,39.0,0.0,0.0,0.0,0.0,0.0,0.0,0.0,0.0,3.0,6.0,4.333333333333333,7.666666666666667,0.0,0.0,0.0,0.0,0.0,0.0,15,8,15,8,0,0,0,0,0,1213.2358823275404,753.8695934377461,0.0,1.0,1.0,1,0,0.0,0.0,0.0,0.0,14.0,39.0,1,12.0,0,0,0,1,0.4470827909348791,0,7,7
2023,14,2023_14_DET_CHI,CHI,DET,0.6634971499443054,1.1726525,w14_predictions_history_2023.csv,2025-10-26 19:38:16.643106+00:00,CHI,DET,28.0,13.0,15.0,1.0,1,0.1132341680956052,-13.8273475,13.8273475,191.19553888575624,-0.4102307207062061,False,CHI,DET,,,,,,,12.0,36.0,0.0,0.0,0.0,0.0,0.0,1.0,0.0,0.0,1.0,1.0,1.6666666666666667,0.3333333333333333,0.0,0.0,0.0,0.0,0.0,0.0,13,7,13,7,0,1,0,0,1,380.8011147087137,236.61876944766817,0.0,-1.0,1.0,0,1,0.0,0.0,0.0,0.0,12.0,36.0,1,3.0,0,1,1,0,0.4102307207062061,0,6,6
2023,14,2023_14_LA_BAL,BAL,LA,0.815579354763031,6.5738144,w14_predictions_history_2023.csv,2025-10-26 19:38:16.643106+00:00,BAL,LA,37.0,31.0,6.0,1.0,1,0.0340109743896199,0.5738143999999998,0.5738143999999998,0.3292629656473598,-0.2038565535460219,False,BAL,LA,,,,,,,5.0,57.0,0.0,0.0,0.0,0.0,0.0,0.0,0.0,0.0,1.0,3.0,0.6666666666666666,1.6666666666666667,0.0,0.0,0.0,0.0,0.0,0.0,14,7,14,7,0,0,0,0,1,0.0,0.0,0.0,0.0,0.0,0,0,0.0,0.0,0.0,0.0,5.0,57.0,1,2.3333333333333335,0,0,1,0,0.20385655354602192,0,7,7
2023,14,2023_14_DEN_LAC,LAC,DEN,0.7933758497238159,3.6910162,w14_predictions_history_2023.csv,2025-10-26 19:38:16.643106+00:00,LAC,DEN,7.0,24.0,-17.0,0.0,1,0.6294452389249869,20.6910162,20.6910162,428.11815138866245,-1.576853835245368,True,LAC,DEN,,,,,,,,,0.0,0.0,0.0,0.0,0.0,0.0,0.0,0.0,3.0,0.0,2.6666666666666665,0.0,0.0,0.0,0.0,0.0,0.0,0.0,7,7,7,7,0,1,1,1,0,1346.7017716684152,836.8014265633748,0.0,-1.0,1.0,0,1,0.0,0.0,0.0,0.0,0.0,0.0,1,2.6666666666666665,0,1,1,0,1.576853835245368,1,0,0
2023,14,2023_14_CAR_NO,NO,CAR,0.770348310470581,7.063647,w14_predictions_history_2023.csv,2025-10-26 19:38:16.643106+00:00,NO,CAR,28.0,6.0,22.0,1.0,1,0.0527398985037166,-14.936353,14.936353,223.09464094060905,-0.2609125151539009,False,NO,CAR,,,,,,,,,2.0,0.0,0.0,0.0,0.0,0.0,0.0,0.0,4.0,5.0,2.6666666666666665,5.666666666666667,0.6666666666666666,0.0,0.0,0.0,0.0,0.0,7,7,7,7,0,1,1,1,0,1043.9477915361492,648.6788831746086,0.0,-1.0,1.0,0,1,0.0,0.0,0.0,0.0,0.0,0.0,1,11.0,0,1,1,0,0.2609125151539009,0,0,0
2023,14,2023_14_BUF_KC,KC,BUF,0.7197195887565613,1.8530232,w14_predictions_history_2023.csv,2025-10-26 19:38:16.643106+00:00,KC,BUF,17.0,20.0,-3.0,0.0,1,0.5179962864399137,4.8530232,4.8530232,23.55183417973824,-1.2719647082215728,True,KC,BUF,,,,,,,5.0,45.0,0.0,0.0,0.0,0.0,0.0,0.0,0.0,0.0,1.0,0.0,1.0,0.0,0.0,0.0,0.0,0.0,0.0,0.0,7,14,7,14,0,1,0,0,0,1380.159977791053,857.5913855600045,0.0,-1.0,1.0,0,1,0.0,0.0,0.0,0.0,5.0,45.0,1,1.0,0,1,0,1,1.2719647082215728,1,-7,-7
2023,14,2023_14_MIN_LV,LV,MIN,0.6513692140579224,0.69626373,w14_predictions_history_2023.csv,2025-10-26 19:38:16.643106+00:00,LV,MIN,0.0,3.0,-3.0,0.0,1,0.4242818530224355,3.69626373,3.69626373,13.662365561713514,-1.0537418367087326,True,LV,MIN,,,,,,,,,0.0,0.0,0.0,0.0,0.0,0.0,0.0,0.0,1.0,1.0,3.0,1.6666666666666667,0.0,0.3333333333333333,0.0,0.0,0.0,0.0,14,13,14,13,0,0,1,1,1,2090.156525211388,1298.7626502271253,0.0,-2.0,2.0,0,1,0.0,0.0,0.0,0.0,0.0,0.0,1,5.0,0,0,1,0,1.0537418367087326,1,1,1
2023,14,2023_14_NE_PIT,PIT,NE,0.7944916486740112,4.413761,w14_predictions_history_2023.csv,2025-10-26 19:38:16.643106+00:00,PIT,NE,18.0,21.0,-3.0,0.0,1,0.6312169798127485,7.413761,7.413761,54.96385216512101,-1.5822686068156857,True,PIT,NE,,,,,,,5.0,42.0,0.0,0.0,0.0,0.0,1.0,0.0,0.0,0.0,4.0,10.0,2.6666666666666665,8.333333333333334,0.0,0.0,0.0,0.0,0.0,0.0,4,4,4,4,0,0,0,0,0,753.5408308481846,468.2284196049673,0.0,0.0,0.0,0,0,0.0,0.0,0.0,0.0,5.0,42.0,1,12.0,1,0,0,1,1.5822686068156855,1,0,0
2023,14,2023_14_PHI_DAL,DAL,PHI,0.7375392317771912,5.2057714,w14_predictions_history_2023.csv,2025-10-26 19:38:16.643106+00:00,DAL,PHI,33.0,13.0,20.0,1.0,1,0.0688856548561069,-14.7942286,14.7942286,218.869199869058,-0.3044359965529098,False,DAL,PHI,,,,,,,,,0.0,0.0,0.0,0.0,0.0,0.0,0.0,0.0,4.0,1.0,1.6666666666666667,1.6666666666666667,0.0,0.0,0.0,0.0,0.0,0.0,10,7,10,7,0,0,1,0,0,2112.2733926656533,1312.5054302740498,0.0,-1.0,1.0,0,1,0.0,0.0,0.0,0.0,0.0,0.0,1,3.3333333333333335,0,0,1,0,0.3044359965529098,0,3,3
2023,14,2023_14_SEA_SF,SF,SEA,0.7787576913833618,5.047956,w14_predictions_history_2023.csv,2025-10-26 19:38:16.643106+00:00,SF,SEA,28.0,16.0,12.0,1.0,1,0.0489481591220197,-6.952044,6.952044,48.330915777936,-0.2500553323535017,False,SF,SEA,,,,,,,5.0,63.0,0.0,1.0,0.0,0.0,0.0,0.0,0.0,0.0,0.0,3.0,1.6666666666666667,1.3333333333333333,0.0,0.6666666666666666,0.0,0.0,0.0,0.0,7,10,7,10,0,1,0,0,0,1133.7049805847575,704.4513974909314,0.0,0.0,0.0,0,0,0.0,0.0,0.0,0.0,5.0,63.0,1,4.666666666666667,0,1,0,1,0.2500553323535017,0,-3,-3
2023,14,2023_14_JAX_CLE,CLE,JAX,0.8033255934715271,5.5278325,w14_predictions_history_2023.csv,2025-10-26 19:38:16.643106+00:00,CLE,JAX,31.0,27.0,4.0,1.0,1,0.038680822183327,1.5278324999999997,1.5278324999999997,2.334272148056249,-0.2189951758947062,False,CLE,JAX,,,,,,,11.0,39.0,0.0,1.0,0.0,0.0,0.0,0.0,0.0,0.0,3.0,7.0,3.0,4.0,0.0,0.3333333333333333,0.0,0.0,0.0,0.0,7,6,7,6,0,0,0,0,0,1243.4163822267124,772.6228808405945,0.0,0.0,0.0,0,0,0.0,0.0,0.0,0.0,11.0,39.0,1,8.333333333333334,1,0,0,1,0.21899517589470627,0,1,1
2023,14,2023_14_TB_ATL,ATL,TB,0.7196444869041443,1.8791163,w14_predictions_history_2023.csv,2025-10-26 19:38:16.643106+00:00,ATL,TB,25.0,29.0,-4.0,0.0,1,0.5178881875315291,5.8791163,5.8791163,34.564008468925685,-1.2716967915590622,True,ATL,TB,,,,,,,,,0.0,0.0,0.0,0.0,0.0,0.0,0.0,0.0,2.0,0.0,1.6666666666666667,0.6666666666666666,0.3333333333333333,0.0,0.0,0.0,0.0,0.0,7,7,7,7,0,0,1,1,0,667.5888998463652,414.8203822864358,0.0,0.0,0.0,0,0,0.0,0.0,0.0,0.0,0.0,0.0,1,2.6666666666666665,0,0,1,0,1.2716967915590622,1,0,0
2023,15,2023_15_CHI_CLE,CLE,CHI,0.8087906241416931,5.9888735,w15_predictions_history_2023.csv,2025-10-26 19:38:16.645107+00:00,CLE,CHI,20.0,17.0,3.0,1.0,1,0.0365610254161232,2.9888735000000004,2.9888735000000004,8.933364799002252,-0.2122152036505678,False,CLE,CHI,,,,,,,15.0,45.0,0.0,0.0,0.0,0.0,0.0,0.0,0.0,0.0,3.0,1.0,3.3333333333333335,1.3333333333333333,0.0,0.0,0.0,0.0,0.0,0.0,7,7,7,7,0,0,0,0,0,492.87541293966177,306.2584882137306,0.0,1.0,1.0,1,0,0.0,0.0,0.0,0.0,15.0,45.0,1,4.666666666666667,0,0,0,1,0.2122152036505678,0,0,0
2023,15,2023_15_WAS_LA,LA,WAS,0.7979588508605957,5.496187,w15_predictions_history_2023.csv,2025-10-26 19:38:16.645107+00:00,LA,WAS,28.0,20.0,8.0,1.0,1,0.040820625945571,-2.503813,2.503813,6.269079538969001,-0.2256982481994653,False,LA,WAS,,,,,,,,,0.0,0.0,0.0,0.0,0.0,0.0,0.0,0.0,0.0,0.0,1.0,1.0,0.0,0.0,0.0,0.0,0.0,0.0,7,14,7,14,0,0,1,1,0,0.0,0.0,,0.0,0.0,0,0,0.0,0.0,0.0,0.0,0.0,0.0,1,2.0,0,0,1,0,0.22569824819946538,0,-7,-7
2023,15,2023_15_TB_GB,GB,TB,0.7153236269950867,2.2768762,w15_predictions_history_2023.csv,2025-10-26 19:38:16.645107+00:00,GB,TB,20.0,34.0,-14.0,0.0,1,0.5116878913374059,16.2768762,16.2768762,264.93669883012643,-1.256402277236018,True,GB,TB,,,,,,,8.0,42.0,0.0,0.0,0.0,0.0,0.0,0.0,0.0,0.0,11.0,0.0,9.0,0.0,0.0,0.0,0.0,0.0,0.0,0.0,6,7,6,7,0,1,0,0,0,1902.7535530399225,1182.3158780059698,0.0,-1.0,1.0,0,1,0.0,0.0,0.0,0.0,8.0,42.0,1,9.0,1,1,0,1,1.256402277236018,1,-1,-1
2023,15,2023_15_SF_ARI,ARI,SF,0.549785852432251,-0.022949021,w15_predictions_history_2023.csv,2025-10-26 19:38:16.645107+00:00,ARI,SF,29.0,45.0,-16.0,0.0,1,0.3022644835346568,15.977050979,15.977050979,255.26615798556483,-0.7980319259305192,True,ARI,SF,,,,,,,,,0.0,0.0,0.0,0.0,0.0,0.0,0.0,0.0,6.0,4.0,5.333333333333333,2.6666666666666665,0.0,0.0,0.0,0.0,0.0,0.0,14,7,14,7,0,0,0,1,0,978.3858210191008,607.9405759924597,0.0,1.0,1.0,1,0,0.0,0.0,0.0,0.0,0.0,0.0,1,8.0,0,0,1,0,0.7980319259305192,1,7,7
2023,15,2023_15_ATL_CAR,CAR,ATL,0.5624783635139465,0.006539542,w15_predictions_history_2023.csv,2025-10-26 19:38:16.645107+00:00,CAR,ATL,9.0,7.0,2.0,1.0,1,0.1914251823934343,-1.993460458,1.993460458,3.97388459760957,-0.5754026105074488,False,CAR,ATL,,,,,,,11.0,47.0,0.0,0.0,0.0,0.0,0.0,0.0,0.0,0.0,3.0,6.0,4.666666666666667,3.3333333333333335,0.0,0.0,0.0,0.0,0.0,0.0,7,7,7,7,0,0,0,0,1,363.9477516045314,226.14657836225928,0.0,0.0,0.0,0,0,0.0,0.0,0.0,0.0,11.0,47.0,1,8.0,0,0,1,0,0.5754026105074488,0,0,0
2023,15,2023_15_PHI_SEA,SEA,PHI,0.6239023208618164,-0.34507182,w15_predictions_history_2023.csv,2025-10-26 19:38:16.645107+00:00,SEA,PHI,20.0,17.0,3.0,1.0,1,0.1414494642531281,-3.34507182,3.34507182,11.189505480958111,-0.4717614599463393,False,SEA,PHI,,,,,,,2.0,46.0,1.0,0.0,0.0,0.0,0.0,0.0,0.0,0.0,1.0,0.0,1.6666666666666667,1.3333333333333333,0.6666666666666666,0.0,0.0,0.0,0.0,0.0,8,8,8,8,0,1,0,0,0,3821.925860184468,2374.8338936686832,0.0,-3.0,3.0,0,1,0.0,0.0,0.0,0.0,2.0,46.0,1,4.666666666666667,0,1,0,1,0.47176145994633933,0,0,0
2023,15,2023_15_NYJ_MIA,MIA,NYJ,0.730141282081604,4.2079296,w15_predictions_history_2023.csv,2025-10-26 19:38:16.645107+00:00,MIA,NYJ,30.0,0.0,30.0,1.0,1,0.0728237276365604,-25.7920704,25.7920704,665.2308955185562,-0.3145172264675007,False,MIA,NYJ,,,,,,,15.0,76.0,0.0,0.0,0.0,0.0,0.0,1.0,0.0,0.0,9.0,2.0,9.0,3.0,0.0,0.0,0.0,0.0,0.0,0.0,6,7,6,7,0,0,0,0,0,1746.9720204594903,1085.517751324934,0.0,0.0,0.0,0,0,0.0,0.0,0.0,0.0,15.0,76.0,1,13.0,1,0,0,1,0.3145172264675007,1,-1,-1
2023,15,2023_15_NYG_NO,NO,NYG,0.7746267914772034,4.820237,w15_predictions_history_2023.csv,2025-10-26 19:38:16.645107+00:00,NO,NYG,24.0,6.0,18.0,1.0,1,0.0507930831198599,-13.179763,13.179763000000001,173.70615273616903,-0.2553739250000019,False,NO,NYG,,,,,,,,,0.0,0.0,0.0,0.0,0.0,0.0,0.0,0.0,6.0,9.0,4.333333333333333,5.666666666666667,0.6666666666666666,0.0,0.0,0.0,0.0,0.0,7,6,7,6,0,0,1,1,0,1882.6121090417162,1169.8005688073602,0.0,-1.0,1.0,0,1,0.0,0.0,0.0,0.0,0.0,0.0,1,10.666666666666668,1,0,1,0,0.25537392500000194,0,1,1
2023,15,2023_15_MIN_CIN,CIN,MIN,0.7069905400276184,2.59705,w15_predictions_history_2023.csv,2025-10-26 19:38:16.645107+00:00,CIN,MIN,27.0,24.0,3.0,1.0,1,0.0858545436333066,-0.4029500000000001,0.40295000000000014,0.1623687025000001,-0.3467379936169242,False,CIN,MIN,,,,,,,5.0,53.0,0.0,0.0,0.0,0.0,0.0,0.0,0.0,0.0,1.0,1.0,1.0,1.3333333333333333,0.0,0.0,0.0,0.0,0.0,0.0,6,6,6,6,0,1,0,0,1,972.9954841874447,604.5911770050367,0.0,1.0,1.0,1,0,0.0,0.0,0.0,0.0,5.0,53.0,1,2.333333333333333,1,1,1,0,0.3467379936169242,0,0,0
2023,15,2023_15_LAC_LV,LV,LAC,0.7940494418144226,3.095481,w15_predictions_history_2023.csv,2025-10-26 19:38:16.645107+00:00,LV,LAC,63.0,21.0,42.0,1.0,1,0.0424156324169509,-38.904519,38.904519,1513.561598621361,-0.230609550385967,False,LV,LAC,,,,,,,,,0.0,0.0,0.0,0.0,0.0,0.0,0.0,0.0,3.0,3.0,2.3333333333333335,3.0,0.0,0.0,0.0,0.0,0.0,0.0,4,4,4,4,0,0,1,1,1,372.8906400783848,231.70342991614606,0.0,0.0,0.0,0,0,0.0,0.0,0.0,0.0,0.0,0.0,1,5.333333333333334,1,0,1,0,0.23060955038596703,1,0,0
2023,15,2023_15_KC_NE,NE,KC,0.5987706780433655,-0.78930575,w15_predictions_history_2023.csv,2025-10-26 19:38:16.645107+00:00,NE,KC,17.0,27.0,-10.0,0.0,1,0.3585263248845116,9.21069425,9.21069425,84.83688856698305,-0.9132221399302992,True,NE,KC,,,,,,,7.0,53.0,0.0,0.0,0.0,0.0,0.0,0.0,0.0,0.0,7.0,0.0,7.666666666666667,1.0,0.0,0.0,0.0,0.0,0.0,0.0,10,7,10,7,0,0,0,0,0,1983.8390171977717,1232.7000339551967,0.0,1.0,1.0,1,0,0.0,0.0,0.0,0.0,7.0,53.0,1,8.666666666666668,0,0,0,1,0.9132221399302992,0,3,3
2023,15,2023_15_HOU_TEN,TEN,HOU,0.6717528700828552,1.9178362,w15_predictions_history_2023.csv,2025-10-26 19:38:16.645107+00:00,TEN,HOU,16.0,19.0,-3.0,0.0,1,0.4512519184645533,4.9178362,4.9178362,24.18511289003044,-1.113988509425744,True,TEN,HOU,,,,,,,9.0,48.0,0.0,0.0,0.0,1.0,0.0,0.0,0.0,0.0,7.0,4.0,5.333333333333333,2.3333333333333335,0.0,0.0,0.0,0.3333333333333333,0.0,0.0,6,7,6,7,0,1,0,0,1,1080.6227627179926,671.4676466928418,0.0,0.0,0.0,0,0,0.0,0.0,0.0,0.0,9.0,48.0,1,9.0,1,1,1,0,1.113988509425744,1,-1,-1
2023,15,2023_15_DEN_DET,DET,DEN,0.7999652028083801,4.7608824,w15_predictions_history_2023.csv,2025-10-26 19:38:16.645107+00:00,DET,DEN,42.0,17.0,25.0,1.0,1,0.0400139200874924,-20.2391176,20.2391176,409.62188122662974,-0.2231870487497343,False,DET,DEN,,,,,,,,,0.0,0.0,0.0,0.0,1.0,0.0,0.0,0.0,1.0,3.0,0.6666666666666666,1.0,0.0,0.0,0.0,0.0,0.0,0.0,6,6,6,6,0,1,1,1,0,1860.035978429172,1155.772415952513,0.0,2.0,2.0,1,0,0.0,0.0,0.0,0.0,0.0,0.0,1,2.6666666666666665,1,1,1,0,0.22318704874973433,1,0,0
2023,15,2023_15_DAL_BUF,BUF,DAL,0.7814517617225647,4.5971503,w15_predictions_history_2023.csv,2025-10-26 19:38:16.645107+00:00,BUF,DAL,31.0,10.0,21.0,1.0,1,0.0477633324541706,-16.4028497,16.4028497,269.0534782807901,-0.2466018562687263,False,BUF,DAL,,,,,,,9.0,48.0,0.0,0.0,0.0,0.0,0.0,0.0,0.0,0.0,2.0,5.0,0.6666666666666666,3.0,0.0,0.0,0.0,0.0,0.0,0.0,7,7,7,7,0,0,0,0,0,1950.9714621704252,1212.2770884202994,0.0,1.0,1.0,1,0,0.0,0.0,0.0,0.0,9.0,48.0,1,3.6666666666666665,0,0,0,1,0.24660185626872638,1,0,0
2023,15,2023_15_BAL_JAX,JAX,BAL,0.5407625436782837,-1.4649229,w15_predictions_history_2023.csv,2025-10-26 19:38:16.645107+00:00,JAX,BAL,7.0,23.0,-16.0,0.0,1,0.2924241286454077,14.5350771,14.5350771,211.26846630294443,-0.7781878686584688,True,JAX,BAL,,,,,,,13.0,58.0,0.0,0.0,0.0,0.0,0.0,0.0,0.0,0.0,9.0,1.0,6.333333333333333,1.0,0.3333333333333333,0.0,0.0,0.0,0.0,0.0,7,7,7,7,0,0,0,0,0,1095.3900162421182,680.6435897823812,0.0,0.0,0.0,0,0,0.0,0.0,0.0,0.0,13.0,58.0,1,7.666666666666666,0,0,0,1,0.7781878686584688,0,0,0
2023,15,2023_15_PIT_IND,IND,PIT,0.6705553531646729,1.5428112,w15_predictions_history_2023.csv,2025-10-26 19:38:16.645107+00:00,IND,PIT,30.0,13.0,17.0,1.0,1,0.1085337753284534,-15.4571888,15.4571888,238.92468559884543,-0.3996490246124444,False,IND,PIT,,,,,,,,,0.0,0.0,0.0,0.0,0.0,1.0,0.0,0.0,0.0,0.0,0.6666666666666666,2.0,0.0,0.0,0.0,0.0,0.0,0.0,6,9,6,9,0,0,1,1,0,528.3354031240373,328.2922977745862,0.0,0.0,0.0,0,0,0.0,0.0,0.0,0.0,0.0,0.0,1,3.6666666666666665,1,0,1,0,0.3996490246124444,1,-3,-3
2023,16,2023_16_WAS_NYJ,NYJ,WAS,0.789535641670227,7.7490125,w16_predictions_history_2023.csv,2025-10-26 19:38:16.646106+00:00,NYJ,WAS,30.0,28.0,2.0,1.0,1,0.044295246127163,5.7490125,5.7490125,33.05114472515625,-0.2363103016946269,False,NYJ,WAS,,,,,,,2.0,45.0,0.0,0.0,0.0,0.0,2.0,0.0,0.0,0.0,3.0,1.0,3.0,0.6666666666666666,0.0,0.0,0.0,0.0,0.0,0.0,7,7,7,7,0,1,0,0,0,318.7560616426511,198.06577277895576,0.0,0.0,0.0,0,0,0.0,0.0,0.0,0.0,2.0,45.0,1,5.666666666666666,0,1,0,1,0.23631030169462697,0,0,0
2023,16,2023_16_DAL_MIA,MIA,DAL,0.7195453643798828,1.2142633,w16_predictions_history_2023.csv,2025-10-26 19:38:16.646106+00:00,MIA,DAL,22.0,20.0,2.0,1.0,1,0.0786548026408127,-0.7857367,0.7857367,0.61738216172689,-0.3291357047744729,False,MIA,DAL,,,,,,,15.0,75.0,0.0,0.0,0.0,0.0,0.0,0.0,0.0,0.0,13.0,4.0,9.333333333333334,4.333333333333333,0.0,0.0,0.0,0.0,0.0,0.0,7,7,7,7,0,1,0,0,0,1796.6501759160474,1116.3863164591303,0.0,1.0,1.0,1,0,0.0,0.0,0.0,0.0,15.0,75.0,1,13.666666666666668,0,1,0,1,0.3291357047744729,0,0,0
2023,16,2023_16_SEA_TEN,TEN,SEA,0.6043698191642761,-0.24359898,w16_predictions_history_2023.csv,2025-10-26 19:38:16.646106+00:00,TEN,SEA,17.0,20.0,-3.0,0.0,1,0.3652628783166598,2.75640102,2.75640102,7.597746583057042,-0.9272753908500742,True,TEN,SEA,,,,,,,4.0,61.0,1.0,0.0,0.0,0.0,0.0,0.0,0.0,0.0,4.0,2.0,5.333333333333333,2.0,0.3333333333333333,0.6666666666666666,0.0,0.0,0.0,0.0,7,6,7,6,0,0,0,0,0,3171.4163958278555,1970.6261772919504,0.0,2.0,2.0,1,0,0.0,0.0,0.0,0.0,4.0,61.0,1,9.333333333333332,1,0,0,1,0.9272753908500742,0,1,1
2023,16,2023_16_CLE_HOU,HOU,CLE,0.544499933719635,0.6229822,w16_predictions_history_2023.csv,2025-10-26 19:38:16.646106+00:00,HOU,CLE,22.0,36.0,-14.0,0.0,1,0.2964801778206869,14.6229822,14.6229822,213.8316084215168,-0.7863594167709053,True,HOU,CLE,,,,,,,,,0.0,0.0,0.0,0.0,1.0,0.0,0.0,0.0,4.0,4.0,3.0,3.3333333333333335,0.0,0.0,0.3333333333333333,0.0,0.0,0.0,7,7,7,7,0,0,1,1,0,1802.3427486262028,1119.9235160566122,0.0,-1.0,1.0,0,1,0.0,0.0,0.0,0.0,0.0,0.0,1,7.666666666666667,0,0,1,0,0.7863594167709053,0,0,0
2023,16,2023_16_CIN_PIT,PIT,CIN,0.6902307868003845,3.1429248,w16_predictions_history_2023.csv,2025-10-26 19:38:16.646106+00:00,PIT,CIN,34.0,11.0,23.0,1.0,1,0.0959569654463088,-19.8570752,19.8570752,394.3034354984551,-0.3707292636909191,False,PIT,CIN,,,,,,,5.0,49.0,0.0,0.0,0.0,0.0,1.0,0.0,0.0,0.0,1.0,0.0,1.6666666666666667,0.6666666666666666,0.0,0.0,0.0,0.0,0.0,0.0,7,7,7,7,0,0,0,0,0,412.86006782260256,256.5392732029984,0.0,0.0,0.0,0,0,0.0,0.0,0.0,0.0,5.0,49.0,1,3.3333333333333335,0,0,0,1,0.37072926369091913,1,0,0
2023,16,2023_16_BUF_LAC,LAC,BUF,0.5400519371032715,-0.29273513,w16_predictions_history_2023.csv,2025-10-26 19:38:16.646106+00:00,LAC,BUF,22.0,24.0,-2.0,0.0,1,0.2916560947689959,1.70726487,1.70726487,2.914753336336117,-0.7766417026196852,True,LAC,BUF,,,,,,,,,0.0,0.0,0.0,0.0,0.0,0.0,0.0,0.0,4.0,6.0,3.3333333333333335,2.6666666666666665,0.0,0.0,0.0,0.0,0.0,0.0,9,6,9,6,0,0,1,1,0,3549.5832860801393,2205.6081160549024,0.0,-3.0,3.0,0,1,0.0,0.0,0.0,0.0,0.0,0.0,1,6.0,1,0,1,0,0.7766417026196852,0,3,3
2023,16,2023_16_GB_CAR,CAR,GB,0.6112098097801208,1.2459785,w16_predictions_history_2023.csv,2025-10-26 19:38:16.646106+00:00,CAR,GB,30.0,33.0,-3.0,0.0,1,0.3735774315714515,4.2459785,4.2459785,18.028333422462246,-0.9447154376301068,True,CAR,GB,,,,,,,1.0,67.0,0.0,0.0,0.0,0.0,0.0,0.0,0.0,0.0,4.0,13.0,4.0,10.0,0.0,0.0,0.0,0.0,0.0,0.0,7,7,7,7,0,0,0,0,0,1199.9185236724038,745.5945729728452,0.0,1.0,1.0,1,0,0.0,0.0,0.0,0.0,1.0,67.0,1,14.0,0,0,0,1,0.9447154376301067,0,0,0
2023,16,2023_16_BAL_SF,SF,BAL,0.6689624190330505,1.7832466,w16_predictions_history_2023.csv,2025-10-26 19:38:16.646106+00:00,SF,BAL,19.0,33.0,-14.0,0.0,1,0.4475107180785507,15.7832466,15.7832466,249.11087323641155,-1.1055233723854871,True,SF,BAL,,,,,,,8.0,56.0,0.0,0.0,0.0,0.0,0.0,0.0,0.0,0.0,2.0,0.0,2.0,0.6666666666666666,0.0,0.0,0.0,0.0,0.0,0.0,8,8,8,8,0,1,0,0,0,3918.804597683759,2435.031531667355,0.0,-3.0,3.0,0,1,0.0,0.0,0.0,0.0,8.0,56.0,1,2.6666666666666665,0,1,0,1,1.1055233723854871,1,0,0
2023,16,2023_16_IND_ATL,ATL,IND,0.769623875617981,2.4694226,w16_predictions_history_2023.csv,2025-10-26 19:38:16.646106+00:00,ATL,IND,29.0,10.0,19.0,1.0,1,0.0530731586852795,-16.5305774,16.5305774,273.2599891773907,-0.261853356699719,False,ATL,IND,,,,,,,,,0.0,0.0,0.0,0.0,0.0,0.0,0.0,0.0,3.0,1.0,3.6666666666666665,1.0,0.0,0.0,0.0,0.0,0.0,0.0,7,8,7,8,0,0,1,1,1,685.9125835360483,426.20618794437786,0.0,0.0,0.0,0,0,0.0,0.0,0.0,0.0,0.0,0.0,1,4.666666666666666,0,0,1,0,0.261853356699719,1,-1,-1
2023,16,2023_16_DET_MIN,MIN,DET,0.6392801403999329,0.75211304,w16_predictions_history_2023.csv,2025-10-26 19:38:16.646106+00:00,MIN,DET,24.0,30.0,-6.0,0.0,1,0.4086790979097578,6.75211304,6.75211304,45.59103050493805,-1.0196536340907547,True,MIN,DET,,,,,,,,,0.0,0.0,0.0,0.0,0.0,0.0,0.0,0.0,5.0,3.0,2.3333333333333335,1.6666666666666667,0.0,0.0,0.0,0.0,0.0,0.0,8,8,8,8,0,0,1,1,1,871.5898329172895,541.5806460696491,0.0,-1.0,1.0,0,1,0.0,0.0,0.0,0.0,0.0,0.0,1,4.0,0,0,1,0,1.0196536340907547,1,0,0
2023,16,2023_16_LV_KC,KC,LV,0.7708061933517456,4.548045,w16_predictions_history_2023.csv,2025-10-26 19:38:16.646106+00:00,KC,LV,14.0,20.0,-6.0,0.0,1,0.5941421877094086,10.548045,10.548045,111.261253322025,-1.4731873161111173,True,KC,LV,,,,,,,11.0,38.0,0.0,0.0,0.0,0.0,0.0,0.0,0.0,0.0,1.0,7.0,0.6666666666666666,3.6666666666666665,0.0,0.0,0.0,0.0,0.0,0.0,8,11,8,11,0,0,0,0,1,1849.495136728068,1149.2226426038565,0.0,2.0,2.0,1,0,0.0,0.0,0.0,0.0,11.0,38.0,1,4.333333333333333,0,0,1,0,1.4731873161111173,1,-3,-3
2023,16,2023_16_NYG_PHI,PHI,NYG,0.7447589635848999,3.8892825,w16_predictions_history_2023.csv,2025-10-26 19:38:16.646106+00:00,PHI,NYG,33.0,25.0,8.0,1.0,1,0.0651479866702544,-4.1107175,4.1107175,16.89799836480625,-0.2946946517647657,False,PHI,NYG,,,,,,,5.0,51.0,0.0,0.0,0.0,0.0,0.0,0.0,0.0,0.0,1.0,4.0,0.6666666666666666,5.333333333333333,0.0,0.0,0.0,0.0,0.0,0.0,7,8,7,8,0,1,0,0,0,137.4047976907053,85.37935654587125,0.0,0.0,0.0,0,0,0.0,0.0,0.0,0.0,5.0,51.0,1,6.0,0,1,0,1,0.2946946517647657,0,-1,-1
2023,16,2023_16_NO_LA,LA,NO,0.7432107925415039,4.281037,w16_predictions_history_2023.csv,2025-10-26 19:38:16.646106+00:00,LA,NO,30.0,22.0,8.0,1.0,1,0.0659406970671625,-3.718963,3.7189629999999996,13.830685795368996,-0.296775569869024,False,LA,NO,,,,,,,,,0.0,0.0,0.0,0.0,0.0,0.0,0.0,0.0,0.0,3.0,1.0,4.333333333333333,0.0,0.6666666666666666,0.0,0.0,0.0,0.0,4,4,4,4,0,0,1,1,1,0.0,0.0,,0.0,0.0,0,0,0.0,0.0,0.0,0.0,0.0,0.0,1,6.0,1,0,1,0,0.296775569869024,0,0,0
2023,16,2023_16_NE_DEN,DEN,NE,0.6775497794151306,2.8315172,w16_predictions_history_2023.csv,2025-10-26 19:38:16.646106+00:00,DEN,NE,23.0,26.0,-3.0,0.0,1,0.4590737035854921,5.8315172,5.8315172,34.006592853895846,-1.131806509435833,True,DEN,NE,,,,,,,9.0,28.0,0.0,0.0,0.0,0.0,0.0,0.0,0.0,0.0,0.0,8.0,1.0,8.333333333333334,0.0,0.0,0.0,0.0,0.0,0.0,8,7,8,7,0,0,0,0,0,2829.8232414774293,1758.3700973800717,0.0,-2.0,2.0,0,1,0.0,0.0,0.0,0.0,9.0,28.0,1,9.333333333333334,0,0,0,1,1.131806509435833,1,1,1
2023,16,2023_16_ARI_CHI,CHI,ARI,0.8032862544059753,6.2040644,w16_predictions_history_2023.csv,2025-10-26 19:38:16.646106+00:00,CHI,ARI,27.0,16.0,11.0,1.0,1,0.0386962977056306,-4.7959356,4.7959356,23.00099827934736,-0.2190441473567449,False,CHI,ARI,,,,,,,4.0,52.0,0.0,0.0,0.0,0.0,0.0,0.0,0.0,0.0,3.0,5.0,1.6666666666666667,5.333333333333333,0.0,0.0,0.0,0.0,0.0,0.0,7,7,7,7,0,0,0,0,1,2347.498551245472,1458.66752228595,0.0,1.0,1.0,1,0,0.0,0.0,0.0,0.0,4.0,52.0,1,7.0,0,0,1,0,0.21904414735674496,0,0,0
2023,16,2023_16_JAX_TB,TB,JAX,0.7542005181312561,3.750978,w16_predictions_history_2023.csv,2025-10-26 19:38:16.646106+00:00,TB,JAX,30.0,12.0,18.0,1.0,1,0.0604173852869429,-14.249022,14.249022,203.034627956484,-0.2820970071636107,False,TB,JAX,,,,,,,11.0,72.0,0.0,1.0,0.0,0.0,0.0,0.0,0.0,0.0,1.0,8.0,0.3333333333333333,8.0,0.0,0.6666666666666666,0.0,0.0,0.0,0.0,7,7,7,7,0,0,0,0,0,274.2819795558074,170.4308679185716,0.0,0.0,0.0,0,0,0.0,0.0,0.0,0.0,11.0,72.0,1,10.0,0,0,0,1,0.28209700716361075,0,0,0
2023,17,2023_17_ATL_CHI,CHI,ATL,0.775489091873169,2.8811743,w17_predictions_history_2023.csv,2025-10-26 19:38:16.648612+00:00,CHI,ATL,37.0,17.0,20.0,1.0,1,0.0504051478679343,-17.1188257,17.1188257,293.05419334698047,-0.2542613623920403,False,CHI,ATL,,,,,,,5.0,32.0,0.0,0.0,0.0,0.0,0.0,0.0,0.0,0.0,2.0,1.0,2.0,3.3333333333333335,0.0,0.0,0.0,0.0,0.0,0.0,7,7,7,7,0,0,0,0,1,944.5162201795512,586.8949882491879,0.0,-1.0,1.0,0,1,0.0,0.0,0.0,0.0,5.0,32.0,1,5.333333333333334,0,0,1,0,0.2542613623920403,1,0,0
2023,17,2023_17_CAR_JAX,JAX,CAR,0.8050107955932617,6.4327593,w17_predictions_history_2023.csv,2025-10-26 19:38:16.648612+00:00,JAX,CAR,26.0,0.0,26.0,1.0,1,0.0380207898351727,-19.5672407,19.5672407,382.8769086117365,-0.2168995909786367,False,JAX,CAR,,,,,,,8.0,56.0,0.0,0.0,0.0,0.0,1.0,0.0,0.0,0.0,8.0,3.0,8.333333333333334,3.3333333333333335,0.3333333333333333,0.0,0.0,0.0,0.0,0.0,7,7,7,7,0,0,0,0,0,549.8989523162954,341.69126189972883,0.0,0.0,0.0,0,0,0.0,0.0,0.0,0.0,8.0,56.0,1,13.000000000000002,0,0,0,1,0.2168995909786367,1,0,0
2023,17,2023_17_CIN_KC,KC,CIN,0.7989295125007629,6.0424786,w17_predictions_history_2023.csv,2025-10-26 19:38:16.648612+00:00,KC,CIN,25.0,17.0,8.0,1.0,1,0.0404293409431808,-1.9575214,1.9575214,3.83189003145796,-0.2244825567560515,False,KC,CIN,,,,,,,12.0,36.0,0.0,0.0,0.0,0.0,0.0,0.0,0.0,0.0,1.0,3.0,0.6666666666666666,1.3333333333333333,0.0,0.0,0.0,0.0,0.0,0.0,6,8,6,8,0,1,0,0,0,860.0861800417492,534.4326097787217,0.0,-1.0,1.0,0,1,0.0,0.0,0.0,0.0,12.0,36.0,1,2.0,1,1,0,1,0.22448255675605155,0,-2,-2
2023,17,2023_17_DET_DAL,DAL,DET,0.7804933786392212,3.365797,w17_predictions_history_2023.csv,2025-10-26 19:38:16.648612+00:00,DAL,DET,20.0,19.0,1.0,1.0,1,0.0481831568212243,2.365797,2.365797,5.596995445209001,-0.2478290225485786,False,DAL,DET,,,,,,,,,0.0,0.0,0.0,0.0,0.0,0.0,0.0,0.0,5.0,2.0,4.666666666666667,2.0,0.0,0.0,0.0,0.0,0.0,0.0,6,6,6,6,0,1,1,0,1,1630.6862638915088,1013.2611544805308,0.0,-1.0,1.0,0,1,0.0,0.0,0.0,0.0,0.0,0.0,1,6.666666666666667,1,1,1,0,0.24782902254857864,0,0,0
2023,17,2023_17_GB_MIN,MIN,GB,0.7083900570869446,1.4007174,w17_predictions_history_2023.csv,2025-10-26 19:38:16.648612+00:00,MIN,GB,10.0,33.0,-23.0,0.0,1,0.5018164729796446,24.4007174,24.4007174,595.3950096346629,-1.232338181647553,True,MIN,GB,,,,,,,,,0.0,0.0,0.0,0.0,0.0,0.0,0.0,0.0,3.0,10.0,3.0,11.333333333333334,0.0,0.0,0.0,0.0,0.0,0.0,7,7,7,7,0,1,1,1,0,413.7987253409999,257.1225277638625,0.0,0.0,0.0,0,0,0.0,0.0,0.0,0.0,0.0,0.0,1,14.333333333333334,0,1,1,0,1.232338181647553,1,0,0
2023,17,2023_17_LAC_DEN,DEN,LAC,0.7751736044883728,2.3201888,w17_predictions_history_2023.csv,2025-10-26 19:38:16.648612+00:00,DEN,LAC,16.0,9.0,7.0,1.0,1,0.0505469081187506,-4.6798112,4.6798112,21.90063286764544,-0.2546682689228924,False,DEN,LAC,,,,,,,6.0,41.0,0.0,0.0,0.0,0.0,0.0,0.0,0.0,0.0,0.0,2.0,1.0,3.0,0.0,0.0,0.0,0.0,0.0,0.0,7,8,7,8,0,0,0,0,1,1346.7017716684152,836.8014265633748,0.0,1.0,1.0,1,0,0.0,0.0,0.0,0.0,6.0,41.0,1,4.0,0,0,1,0,0.25466826892289246,0,-1,-1
2023,17,2023_17_LV_IND,IND,LV,0.7199482321739197,3.845828,w17_predictions_history_2023.csv,2025-10-26 19:38:16.648612+00:00,IND,LV,23.0,20.0,3.0,1.0,1,0.0784289926625128,0.845828,0.845828,0.715425005584,-0.3285759693153924,False,IND,LV,,,,,,,,,0.0,0.0,0.0,0.0,0.0,0.0,0.0,0.0,0.0,6.0,0.3333333333333333,5.333333333333333,0.0,0.0,0.0,0.0,0.0,0.0,7,6,7,6,0,1,1,1,1,2566.2937413034447,1594.6205083274626,0.0,3.0,3.0,1,0,0.0,0.0,0.0,0.0,0.0,0.0,1,5.666666666666666,1,1,1,0,0.32857596931539246,0,1,1
2023,17,2023_17_MIA_BAL,BAL,MIA,0.8021359443664551,7.4911695,w17_predictions_history_2023.csv,2025-10-26 19:38:16.648612+00:00,BAL,MIA,56.0,19.0,37.0,1.0,1,0.0391501845117545,-29.5088305,29.508830500000002,870.7710774777304,-0.220477178788918,False,BAL,MIA,,,,,,,7.0,50.0,0.0,0.0,0.0,0.0,0.0,0.0,0.0,0.0,1.0,9.0,0.6666666666666666,10.333333333333334,0.0,0.0,0.0,0.0,0.0,0.0,6,7,6,7,0,0,0,0,0,1518.9625694013068,943.8392907114594,0.0,0.0,0.0,0,0,0.0,0.0,0.0,0.0,7.0,50.0,1,11.0,1,0,0,1,0.220477178788918,1,-1,-1
2023,17,2023_17_NO_TB,TB,NO,0.6795560717582703,3.025772,w17_predictions_history_2023.csv,2025-10-26 19:38:16.648612+00:00,TB,NO,13.0,23.0,-10.0,0.0,1,0.4617964546635313,13.025772,13.025772,169.670736195984,-1.138047968810942,True,TB,NO,,,,,,,5.0,66.0,0.0,0.0,0.0,0.0,0.0,0.0,0.0,0.0,0.0,7.0,0.3333333333333333,5.333333333333333,0.0,0.0,0.0,0.0,0.0,0.0,7,10,7,10,0,1,0,0,1,769.0307632936804,477.85341441855746,0.0,1.0,1.0,1,0,0.0,0.0,0.0,0.0,5.0,66.0,1,5.666666666666666,0,1,1,0,1.138047968810942,1,-3,-3
2023,17,2023_17_NYJ_CLE,CLE,NYJ,0.7976652383804321,4.502224,w17_predictions_history_2023.csv,2025-10-26 19:38:16.648612+00:00,CLE,NYJ,37.0,20.0,17.0,1.0,1,0.0409393557596473,-12.497776,12.497776,156.194404946176,-0.2260662703237956,False,CLE,NYJ,,,,,,,6.0,47.0,0.0,0.0,0.0,0.0,0.0,2.0,0.0,0.0,2.0,2.0,3.0,2.3333333333333335,0.0,0.0,0.0,0.0,0.0,0.0,4,4,4,4,0,0,0,0,0,642.7551645894953,399.3894193761393,0.0,0.0,0.0,0,0,0.0,0.0,0.0,0.0,6.0,47.0,1,7.333333333333334,1,0,0,1,0.22606627032379562,0,0,0
2023,17,2023_17_PIT_SEA,SEA,PIT,0.6424100399017334,1.9827895,w17_predictions_history_2023.csv,2025-10-26 19:38:16.648612+00:00,SEA,PIT,23.0,30.0,-7.0,0.0,1,0.4126906593665467,8.982789499999999,8.982789499999999,80.69050720131024,-1.0283683118647553,True,SEA,PIT,,,,,,,4.0,47.0,0.0,1.0,0.0,0.0,0.0,0.0,0.0,0.0,6.0,1.0,3.0,0.6666666666666666,0.3333333333333333,0.3333333333333333,0.0,0.0,0.0,0.0,7,8,7,8,0,0,0,0,0,3430.380441040567,2131.538925029818,0.0,-3.0,3.0,0,1,0.0,0.0,0.0,0.0,4.0,47.0,1,5.333333333333333,0,0,0,1,1.0283683118647553,1,-1,-1
2023,17,2023_17_SF_WAS,WAS,SF,0.4951377511024475,-0.7715228,w17_predictions_history_2023.csv,2025-10-26 19:38:16.648612+00:00,WAS,SF,10.0,27.0,-17.0,0.0,0,0.2451613925667892,16.2284772,16.2284772,263.36347223091985,-0.6834696613767891,False,WAS,SF,,,,,,,7.0,48.0,1.0,0.0,0.0,0.0,0.0,0.0,0.0,0.0,4.0,1.0,1.6666666666666667,2.3333333333333335,0.3333333333333333,0.0,0.0,0.0,0.0,0.0,7,6,7,6,0,0,0,0,0,3906.8604197418485,2427.609765875412,0.0,3.0,3.0,1,0,0.0,0.0,0.0,0.0,7.0,48.0,1,5.333333333333334,1,0,0,1,0.6834696613767891,1,1,1
2023,17,2023_17_TEN_HOU,HOU,TEN,0.8143355250358582,5.4627433,w17_predictions_history_2023.csv,2025-10-26 19:38:16.648612+00:00,HOU,TEN,26.0,3.0,23.0,1.0,1,0.0344712972637104,-17.5372567,17.5372567,307.5553725616949,-0.2053828049890161,False,HOU,TEN,,,,,,,,,0.0,0.0,0.0,0.0,0.0,0.0,0.0,0.0,4.0,7.0,4.0,6.0,0.0,0.3333333333333333,0.3333333333333333,0.0,0.0,0.0,7,7,7,7,0,0,1,1,0,1080.6227627179926,671.4676466928418,0.0,0.0,0.0,0,0,0.0,0.0,0.0,0.0,0.0,0.0,1,10.666666666666668,0,0,1,0,0.20538280498901618,1,0,0
2023,17,2023_17_LA_NYG,NYG,LA,0.6421362161636353,-0.6686433,w17_predictions_history_2023.csv,2025-10-26 19:38:16.648612+00:00,NYG,LA,25.0,26.0,-1.0,0.0,1,0.4123389201089509,0.3313566999999999,0.33135669999999995,0.1097972626348899,-1.0276028570641076,True,NYG,LA,,,,,,,10.0,41.0,0.0,0.0,0.0,0.0,0.0,0.0,0.0,0.0,7.0,1.0,6.666666666666667,0.3333333333333333,0.0,0.0,0.0,0.0,0.0,0.0,6,10,6,10,0,0,0,0,1,0.0,0.0,0.0,0.0,0.0,0,0,0.0,0.0,0.0,0.0,10.0,41.0,1,7.0,1,0,1,0,1.0276028570641076,1,-4,-4
2023,17,2023_17_NE_BUF,BUF,NE,0.7908530235290527,5.649457,w17_predictions_history_2023.csv,2025-10-26 19:38:16.648612+00:00,BUF,NE,27.0,21.0,6.0,1.0,1,0.0437424577669389,-0.350543,0.35054300000000005,0.122880394849,-0.2346431394414853,False,BUF,NE,,,,,,,4.0,35.0,0.0,0.0,0.0,0.0,0.0,0.0,0.0,0.0,2.0,9.0,3.3333333333333335,8.0,0.0,0.0,0.0,0.0,0.0,0.0,8,7,8,7,0,1,0,0,0,621.8117441942087,386.37578530169964,0.0,0.0,0.0,0,0,0.0,0.0,0.0,0.0,4.0,35.0,1,11.333333333333334,0,1,0,1,0.23464313944148535,0,1,1
2023,17,2023_17_ARI_PHI,PHI,ARI,0.7426283359527588,4.1502743,w17_predictions_history_2023.csv,2025-10-26 19:38:16.648612+00:00,PHI,ARI,31.0,35.0,-4.0,0.0,1,0.5514968453599636,8.1502743,8.1502743,66.42697116524049,-1.3572340751664935,True,PHI,ARI,,,,,,,9.0,45.0,0.0,1.0,0.0,0.0,0.0,0.0,0.0,0.0,3.0,4.0,1.3333333333333333,5.0,0.0,0.3333333333333333,0.0,0.0,0.0,0.0,6,7,6,7,0,1,0,0,1,3356.448152850721,2085.5995451850054,0.0,2.0,2.0,1,0,0.0,0.0,0.0,0.0,9.0,45.0,1,7.666666666666666,1,1,1,0,1.3572340751664937,1,-1,-1
2023,18,2023_18_BUF_MIA,MIA,BUF,0.5658727288246155,0.45156762,w18_predictions_history_2023.csv,2025-10-26 19:38:16.649612+00:00,MIA,BUF,14.0,21.0,-7.0,0.0,1,0.3202119452274168,7.45156762,7.45156762,55.525859995432455,-0.83441753631538,True,MIA,BUF,,,,,,,6.0,63.0,0.0,0.0,0.0,0.0,0.0,0.0,0.0,0.0,3.0,1.0,8.333333333333334,3.0,0.0,0.0,0.0,0.0,0.0,0.0,7,7,7,7,0,0,0,0,0,1874.493622740377,1164.7559768558108,0.0,0.0,0.0,0,0,0.0,0.0,0.0,0.0,6.0,63.0,1,11.333333333333334,0,0,0,1,0.83441753631538,0,0,0
2023,18,2023_18_DAL_WAS,WAS,DAL,0.5293179154396057,0.063247636,w18_predictions_history_2023.csv,2025-10-26 19:38:16.649612+00:00,WAS,DAL,10.0,38.0,-28.0,0.0,1,0.2801774556053296,28.063247636,28.063247636,787.5458678794596,-0.7535723925689995,True,WAS,DAL,,,,,,,13.0,48.0,0.0,0.0,0.0,0.0,0.0,0.0,0.0,0.0,1.0,6.0,2.0,5.0,0.3333333333333333,0.0,0.0,0.0,0.0,0.0,7,8,7,8,0,0,0,0,0,1943.0528737124052,1207.3567071915509,0.0,1.0,1.0,1,0,0.0,0.0,0.0,0.0,13.0,48.0,1,7.333333333333334,0,0,0,1,0.7535723925689995,1,-1,-1
2023,18,2023_18_DEN_LV,LV,DEN,0.769683301448822,4.916828,w18_predictions_history_2023.csv,2025-10-26 19:38:16.649612+00:00,LV,DEN,27.0,14.0,13.0,1.0,1,0.0530457816315141,-8.083172000000001,8.083172000000001,65.33766958158402,-0.2617761455598556,False,LV,DEN,,,,,,,,,0.0,0.0,0.0,0.0,0.0,0.0,0.0,0.0,3.0,0.0,5.333333333333333,0.0,0.0,0.0,0.0,0.0,0.0,0.0,7,7,7,7,0,0,1,1,0,978.8951704373621,608.2570709498342,0.0,-1.0,1.0,0,1,0.0,0.0,0.0,0.0,0.0,0.0,1,5.333333333333333,0,0,1,0,0.2617761455598556,0,0,0
2023,18,2023_18_HOU_IND,IND,HOU,0.6694068312644958,2.2749379,w18_predictions_history_2023.csv,2025-10-26 19:38:16.649612+00:00,IND,HOU,19.0,23.0,-4.0,0.0,1,0.4481055057435732,6.274937899999999,6.274937899999999,39.3748456488564,-1.1068667570406907,True,IND,HOU,,,,,,,,,0.0,0.0,0.0,0.0,0.0,0.0,0.0,0.0,2.0,5.0,1.0,4.333333333333333,0.0,0.0,0.0,0.0,0.0,0.0,6,6,6,6,0,0,1,1,1,1401.546145726109,870.8801301159781,0.0,1.0,1.0,1,0,0.0,0.0,0.0,0.0,0.0,0.0,1,5.333333333333333,1,0,1,0,1.1068667570406907,1,0,0
2023,18,2023_18_JAX_TEN,TEN,JAX,0.5677144527435303,1.2460876,w18_predictions_history_2023.csv,2025-10-26 19:38:16.649612+00:00,TEN,JAX,28.0,20.0,8.0,1.0,1,0.1868707943668255,-6.7539124,6.7539124,45.61533270687376,-0.5661367107121653,False,TEN,JAX,,,,,,,11.0,41.0,1.0,1.0,0.0,0.0,0.0,0.0,0.0,0.0,3.0,3.0,4.666666666666667,6.333333333333333,0.6666666666666666,0.6666666666666666,0.0,0.0,0.0,0.0,7,7,7,7,0,0,0,0,0,805.9221089754641,500.7766267761931,0.0,-1.0,1.0,0,1,0.0,0.0,0.0,0.0,11.0,41.0,1,14.333333333333332,0,0,0,1,0.5661367107121653,0,0,0
2023,18,2023_18_KC_LAC,LAC,KC,0.6647966504096985,2.2626557,w18_predictions_history_2023.csv,2025-10-26 19:38:16.649612+00:00,LAC,KC,12.0,13.0,-1.0,0.0,1,0.4419545863959548,3.2626557,3.2626557,10.644922216742488,-1.0930179176129748,True,LAC,KC,,,,,,,,,0.0,0.0,0.0,1.0,0.0,0.0,0.0,0.0,2.0,3.0,2.6666666666666665,1.6666666666666667,0.0,0.0,0.0,0.3333333333333333,0.0,0.0,7,7,7,7,0,0,1,1,0,2199.118387404246,1366.4683914997636,0.0,-2.0,2.0,0,1,0.0,0.0,0.0,0.0,0.0,0.0,1,5.666666666666667,0,0,1,0,1.0930179176129748,1,0,0
2023,18,2023_18_LA_SF,SF,LA,0.7843283414840698,4.0237,w18_predictions_history_2023.csv,2025-10-26 19:38:16.649612+00:00,SF,LA,20.0,21.0,-1.0,0.0,1,0.6151709472551516,5.0237,5.0237,25.23756169,-1.5339981272846164,True,SF,LA,,,,,,,11.0,52.0,0.0,0.0,0.0,1.0,0.0,0.0,0.0,0.0,2.0,0.0,1.6666666666666667,0.3333333333333333,0.0,0.0,0.0,0.3333333333333333,0.0,0.0,7,7,7,7,0,1,0,0,1,0.0,0.0,0.0,0.0,0.0,0,0,0.0,0.0,0.0,0.0,11.0,52.0,1,3.3333333333333335,0,1,1,0,1.5339981272846164,1,0,0
2023,18,2023_18_MIN_DET,DET,MIN,0.7686866521835327,4.1838126,w18_predictions_history_2023.csv,2025-10-26 19:38:16.649612+00:00,DET,MIN,30.0,20.0,10.0,1.0,1,0.0535058648780619,-5.8161874,5.8161874,33.82803587191876,-0.2630718669204751,False,DET,MIN,,,,,,,,,0.0,0.0,0.0,0.0,0.0,0.0,0.0,0.0,2.0,2.0,2.3333333333333335,3.3333333333333335,0.0,0.0,0.0,0.0,0.0,0.0,8,7,8,7,0,0,1,1,1,871.5898329172895,541.5806460696491,0.0,1.0,1.0,1,0,0.0,0.0,0.0,0.0,0.0,0.0,1,5.666666666666667,0,0,1,0,0.26307186692047513,0,1,1
2023,18,2023_18_NYJ_NE,NE,NYJ,0.6554838418960571,0.13315769,w18_predictions_history_2023.csv,2025-10-26 19:38:16.649612+00:00,NE,NYJ,3.0,17.0,-14.0,0.0,1,0.4296590669868152,14.13315769,14.13315769,199.74614629040616,-1.0656142865689973,True,NE,NYJ,,,,,,,14.0,33.0,0.0,0.0,0.0,0.0,0.0,2.0,0.0,0.0,12.0,2.0,9.666666666666666,2.3333333333333335,0.0,0.0,0.0,0.0,0.0,0.0,7,10,7,10,0,1,0,0,0,273.87684413964047,170.17912851989254,0.0,0.0,0.0,0,0,0.0,0.0,0.0,0.0,14.0,33.0,1,14.0,0,1,0,1,1.0656142865689973,1,-3,-3
2023,18,2023_18_PHI_NYG,NYG,PHI,0.6728082895278931,1.0531815,w18_predictions_history_2023.csv,2025-10-26 19:38:16.649612+00:00,NYG,PHI,27.0,10.0,17.0,1.0,1,0.107054415401663,-15.9468185,15.9468185,254.30102027194224,-0.3962948494601019,False,NYG,PHI,,,,,,,12.0,36.0,0.0,0.0,0.0,0.0,0.0,0.0,0.0,0.0,5.0,1.0,5.333333333333333,1.6666666666666667,0.0,0.0,0.0,0.0,0.0,0.0,7,7,7,7,0,0,0,0,0,137.4047976907053,85.37935654587125,0.0,0.0,0.0,0,0,0.0,0.0,0.0,0.0,12.0,36.0,1,7.0,0,0,0,1,0.3962948494601019,1,0,0
2023,18,2023_18_PIT_BAL,BAL,PIT,0.6834397912025452,3.0343661,w18_predictions_history_2023.csv,2025-10-26 19:38:16.649612+00:00,BAL,PIT,10.0,17.0,-7.0,0.0,1,0.4670899481989785,10.0343661,10.0343661,100.6885030288292,-1.150241822322627,True,BAL,PIT,,,,,,,15.0,38.0,0.0,0.0,0.0,0.0,1.0,0.0,0.0,0.0,4.0,5.0,1.6666666666666667,2.3333333333333335,0.0,0.3333333333333333,0.0,0.0,0.0,0.0,6,6,6,6,0,1,0,0,0,317.4016302758104,197.2241684061106,0.0,0.0,0.0,0,0,0.0,0.0,0.0,0.0,15.0,38.0,1,5.333333333333334,1,1,0,1,1.150241822322627,1,0,0
2023,18,2023_18_SEA_ARI,ARI,SEA,0.6121853590011597,0.16675444,w18_predictions_history_2023.csv,2025-10-26 19:38:16.649612+00:00,ARI,SEA,20.0,21.0,-1.0,0.0,1,0.3747709137753787,1.16675444,1.16675444,1.3613159232597138,-0.9472277828923344,True,ARI,SEA,,,,,,,,,0.0,0.0,0.0,0.0,0.0,0.0,0.0,0.0,7.0,1.0,5.333333333333333,3.0,0.3333333333333333,0.0,0.0,0.0,0.0,0.0,7,7,7,7,0,0,1,1,0,1777.0604520662819,1104.2138301608777,0.0,1.0,1.0,1,0,0.0,0.0,0.0,0.0,0.0,0.0,1,8.666666666666666,0,0,1,0,0.9472277828923344,0,0,0
2023,18,2023_18_CLE_CIN,CIN,CLE,0.6840832829475403,2.10824,w18_predictions_history_2023.csv,2025-10-26 19:38:16.649612+00:00,CIN,CLE,31.0,14.0,17.0,1.0,1,0.0998033721132038,-14.89176,14.89176,221.7645158976,-0.3796756100763405,False,CIN,CLE,,,,,,,12.0,38.0,0.0,0.0,0.0,0.0,0.0,0.0,0.0,0.0,1.0,8.0,1.3333333333333333,4.666666666666667,0.0,0.0,0.0,0.0,0.0,0.0,7,10,7,10,0,0,0,0,0,358.98874273433165,223.0651940615744,0.0,0.0,0.0,0,0,0.0,0.0,0.0,0.0,12.0,38.0,1,6.0,0,0,0,1,0.37967561007634054,0,-3,-3
2023,18,2023_18_CHI_GB,GB,CHI,0.712398886680603,2.9725199,w18_predictions_history_2023.csv,2025-10-26 19:38:16.649612+00:00,GB,CHI,17.0,9.0,8.0,1.0,1,0.0827144003825566,-5.0274801,5.0274801,25.27555615589601,-0.3391172903407277,False,GB,CHI,,,,,,,7.0,34.0,0.0,0.0,0.0,0.0,0.0,0.0,0.0,0.0,7.0,2.0,10.0,2.3333333333333335,0.0,0.0,0.0,0.0,0.0,0.0,7,7,7,7,0,0,0,0,0,295.6568731907761,183.71260695142573,0.0,0.0,0.0,0,0,0.0,0.0,0.0,0.0,7.0,34.0,1,12.333333333333334,0,0,0,1,0.33911729034072774,0,0,0
2023,18,2023_18_TB_CAR,CAR,TB,0.5006077885627747,0.75987166,w18_predictions_history_2023.csv,2025-10-26 19:38:16.649612+00:00,CAR,TB,0.0,9.0,-9.0,0.0,1,0.2506081579697117,9.75987166,9.75987166,95.25509481967116,-0.6943634970986385,True,CAR,TB,,,,,,,19.0,54.0,0.0,1.0,0.0,0.0,0.0,0.0,0.0,0.0,1.0,3.0,2.6666666666666665,1.3333333333333333,0.0,0.3333333333333333,0.0,0.0,0.0,0.0,7,7,7,7,0,0,0,0,0,821.0424088253201,510.171942614198,0.0,0.0,0.0,0,0,0.0,0.0,0.0,0.0,19.0,54.0,1,5.333333333333333,0,0,0,1,0.6943634970986385,0,0,0
2023,18,2023_18_ATL_NO,NO,ATL,0.8005695343017578,4.6319137,w18_predictions_history_2023.csv,2025-10-26 19:38:16.649612+00:00,NO,ATL,48.0,17.0,31.0,1.0,1,0.0397725106486177,-26.3680863,26.3680863,695.2759751242478,-0.2224318867303355,False,NO,ATL,,,,,,,,,0.0,1.0,0.0,0.0,0.0,0.0,0.0,0.0,3.0,3.0,4.333333333333333,2.3333333333333335,0.0,0.3333333333333333,0.0,0.0,0.0,0.0,7,7,7,7,0,1,1,1,1,682.961240240272,424.37230880933805,0.0,-1.0,1.0,0,1,0.0,0.0,0.0,0.0,0.0,0.0,1,8.0,0,1,1,0,0.22243188673033554,1,0,0
2023,19,2023_19_PIT_BUF,BUF,PIT,0.8041332364082336,3.3266435,w19_predictions_history_2023.csv,2025-10-26 19:38:16.650615+00:00,BUF,PIT,31.0,17.0,14.0,1.0,1,0.0383637890799128,-10.6733565,10.6733565,113.92053897609226,-0.2179903066070398,False,BUF,PIT,,,,,,,10.0,17.0,0.0,0.0,0.0,0.0,0.0,0.0,0.0,0.0,2.0,3.0,1.6666666666666667,3.0,0.0,0.3333333333333333,0.0,0.0,0.0,0.0,8,9,8,9,0,1,0,0,0,278.1850826898608,172.8561430160815,0.0,0.0,0.0,0,0,0.0,0.0,0.0,0.0,10.0,17.0,1,5.0,0,1,0,1,0.21799030660703989,0,-1,-1
2023,19,2023_19_PHI_TB,TB,PHI,0.7343973517417908,2.4369135,w19_predictions_history_2023.csv,2025-10-26 19:38:16.650615+00:00,TB,PHI,32.0,9.0,23.0,1.0,1,0.070544766761774,-20.5630865,20.5630865,422.8405264064823,-0.3087050456984381,False,TB,PHI,,,,,,,2.0,65.0,1.0,0.0,0.0,0.0,0.0,0.0,0.0,0.0,2.0,0.0,1.6666666666666667,1.3333333333333333,0.6666666666666666,0.0,0.0,0.0,0.0,0.0,8,8,8,8,0,1,0,0,0,1487.3128204251716,924.1730545404093,0.0,0.0,0.0,0,0,0.0,0.0,0.0,0.0,2.0,65.0,1,4.666666666666667,0,1,0,1,0.30870504569843815,1,0,0
2023,19,2023_19_MIA_KC,KC,MIA,0.8187121152877808,5.9824924,w19_predictions_history_2023.csv,2025-10-26 19:38:16.650615+00:00,KC,MIA,26.0,7.0,19.0,1.0,1,0.0328652971434308,-13.0175076,13.0175076,169.45550411605777,-0.200022764507467,False,KC,MIA,,,,,,,19.0,-4.0,0.0,0.0,0.0,0.0,0.0,0.0,0.0,0.0,2.0,4.0,2.0,5.333333333333333,0.0,0.0,0.3333333333333333,0.0,0.0,0.0,6,6,6,6,0,0,0,0,0,1970.6563988073954,1224.5087371833501,0.0,-1.0,1.0,0,1,0.0,0.0,0.0,0.0,19.0,-4.0,1,7.666666666666666,1,0,0,1,0.20002276450746706,0,0,0
2023,19,2023_19_LA_DET,DET,LA,0.7919517755508423,3.75735,w19_predictions_history_2023.csv,2025-10-26 19:38:16.650615+00:00,DET,LA,24.0,23.0,1.0,1.0,1,0.0432840636964471,2.75735,2.75735,7.602979022500001,-0.2332547784775566,False,DET,LA,,,,,,,,,0.0,0.0,0.0,0.0,0.0,0.0,0.0,0.0,0.0,4.0,1.3333333333333333,1.6666666666666667,0.0,0.0,0.0,0.3333333333333333,0.0,0.0,7,7,7,7,0,1,1,1,1,0.0,0.0,0.0,0.0,0.0,0,0,0.0,0.0,0.0,0.0,0.0,0.0,1,3.333333333333333,0,1,1,0,0.2332547784775566,0,0,0
2023,19,2023_19_GB_DAL,DAL,GB,0.7517433166503906,4.804721,w19_predictions_history_2023.csv,2025-10-26 19:38:16.650615+00:00,DAL,GB,32.0,48.0,-16.0,0.0,1,0.5651180141285295,20.804721,20.804721,432.836415887841,-1.3932920545678444,True,DAL,GB,,,,,,,,,1.0,0.0,0.0,0.0,0.0,0.0,0.0,0.0,3.0,6.0,4.666666666666667,7.666666666666667,0.3333333333333333,0.0,0.0,0.0,0.0,0.0,7,7,7,7,0,0,1,0,0,1522.1954616008481,945.8481161703806,0.0,0.0,0.0,0,0,0.0,0.0,0.0,0.0,0.0,0.0,1,13.666666666666668,0,0,1,0,1.3932920545678444,1,0,0
2023,19,2023_19_CLE_HOU,HOU,CLE,0.546734094619751,1.400639,w19_predictions_history_2023.csv,2025-10-26 19:38:16.650615+00:00,HOU,CLE,45.0,14.0,31.0,1.0,1,0.2054499809801768,-29.599361,29.599361000000002,876.1221716083211,-0.6037927106216081,False,HOU,CLE,,,,,,,,,0.0,0.0,0.0,0.0,0.0,0.0,0.0,0.0,7.0,5.0,5.333333333333333,5.0,0.0,0.0,0.0,0.0,0.0,0.0,7,6,7,6,0,1,1,1,0,1802.3427486262028,1119.9235160566122,0.0,-1.0,1.0,0,1,0.0,0.0,0.0,0.0,0.0,0.0,1,10.333333333333332,1,1,1,0,0.6037927106216081,1,1,1
2023,20,2023_20_KC_BUF,BUF,KC,0.6809089183807373,2.1584496,w20_predictions_history_2023.csv,2025-10-26 19:38:16.652617+00:00,BUF,KC,24.0,27.0,-3.0,0.0,1,0.4636369551304256,5.1584496,5.1584496,26.60960227574016,-1.1422786946335943,True,BUF,KC,,,,,,,11.0,25.0,,,,,,,,,,,,,,,,,,,6,8,6,8,0,0,0,0,0,1380.159977791053,857.5913855600045,0.0,1.0,1.0,1,0,0.0,0.0,0.0,0.0,11.0,25.0,0,0.0,1,0,0,1,1.1422786946335943,1,-2,-2
2023,20,2023_20_GB_SF,SF,GB,0.7708526849746704,3.95746,w20_predictions_history_2023.csv,2025-10-26 19:38:16.652617+00:00,SF,GB,24.0,21.0,3.0,1.0,1,0.0525084919833176,0.9574600000000002,0.9574600000000002,0.9167296516000004,-0.2602579937467826,False,SF,GB,,,,,,,8.0,59.0,,,,,,,,,,,,,,,,,,,13,6,13,6,0,1,0,0,0,2931.6898174359662,1821.667033550004,0.0,-2.0,2.0,0,1,0.0,0.0,0.0,0.0,8.0,59.0,0,0.0,1,1,0,1,0.26025799374678266,0,7,7
2023,20,2023_20_TB_DET,DET,TB,0.7286985516548157,4.4244833,w20_predictions_history_2023.csv,2025-10-26 19:38:16.652617+00:00,DET,TB,31.0,23.0,8.0,1.0,1,0.0736044758741947,-3.5755167,3.5755166999999997,12.784319671978889,-0.3164951418818902,False,DET,TB,,,,,,,,,,,,,,,,,,,,,,,,,,,7,6,7,6,0,0,1,1,0,1597.9543819001638,992.9225122356867,0.0,0.0,0.0,0,0,0.0,0.0,0.0,0.0,0.0,0.0,0,0.0,1,0,1,0,0.3164951418818902,0,1,1
2023,20,2023_20_HOU_BAL,BAL,HOU,0.8070438504219055,6.3382177,w20_predictions_history_2023.csv,2025-10-26 19:38:16.652617+00:00,BAL,HOU,34.0,10.0,24.0,1.0,1,0.0372320756600039,-17.6617823,17.6617823,311.9385540125933,-0.2143772746148079,False,BAL,HOU,,,,,,,16.0,27.0,,,,,,,,,,,,,,,,,,,14,7,14,7,0,0,0,0,1,2019.4449970190258,1254.824557242709,0.0,1.0,1.0,1,0,0.0,0.0,0.0,0.0,16.0,27.0,0,0.0,0,0,1,0,0.21437727461480793,1,7,7
2023,21,2023_21_KC_BAL,BAL,KC,0.7334062457084656,2.7659206,w21_predictions_history_2023.csv,2025-10-26 19:38:16.654617+00:00,BAL,KC,10.0,17.0,-7.0,0.0,1,0.5378847212441862,9.7659206,9.7659206,95.37320516550434,-1.3220292987755131,True,BAL,KC,,,,,,,7.0,47.0,,,,,,,,,,,,,,,,,,,8,7,8,7,0,1,0,0,0,1537.614493076069,955.4290551771701,0.0,1.0,1.0,1,0,0.0,0.0,0.0,0.0,7.0,47.0,0,0.0,0,1,0,1,1.3220292987755131,1,1,1
2023,21,2023_21_DET_SF,SF,DET,0.7893402576446533,4.233247,w21_predictions_history_2023.csv,2025-10-26 19:38:16.654617+00:00,SF,DET,34.0,31.0,3.0,1.0,1,0.044377527049221,1.2332470000000004,1.2332470000000004,1.520898163009001,-0.236557799330959,False,SF,DET,,,,,,,5.0,69.0,,,,,,,,,,,,,,,,,,,8,7,8,7,0,0,0,0,1,3337.160388619714,2073.6146878370205,0.0,-3.0,3.0,0,1,0.0,0.0,0.0,0.0,5.0,69.0,0,0.0,0,0,1,0,0.23655779933095908,0,1,1
2023,22,2023_22_SF_KC,KC,SF,0.7723575234413147,3.7166085,w22_predictions_history_2023.csv,2025-10-26 19:38:16.656615+00:00,KC,SF,25.0,22.0,3.0,1.0,1,0.0518210971337715,0.7166085,0.7166085,0.51352774227225,-0.2583077228952606,False,KC,SF,,,,,,,,,,,,,,,,,,,,,,,,,,,14,14,14,14,0,0,1,0,0,2398.784382969066,1490.5350508298716,0.0,2.0,2.0,1,0,0.0,0.0,0.0,0.0,0.0,0.0,0,0.0,0,0,1,0,0.25830772289526066,0,0,0
2024,1,2024_01_CAR_NO,NO,CAR,0.7893770337104797,5.7266264,w01_predictions_history_2024.csv,2025-10-26 19:38:16.658118+00:00,NO,CAR,47.0,10.0,37.0,1.0,1,0.0443620339285963,-31.2733736,31.2733736,978.0238963251768,-0.2365112095253815,False,NO,CAR,,,,,,,,,0.0,0.0,0.0,0.0,0.0,0.0,0.0,0.0,2.0,1.0,2.0,1.0,0.0,0.0,0.0,0.0,0.0,0.0,7,7,7,7,0,0,1,1,0,1043.9477915361492,648.6788831746086,0.0,-1.0,1.0,0,1,0.0,0.0,0.0,0.0,0.0,0.0,1,3.0,0,0,1,0,0.23651120952538154,1,0,0
2024,1,2024_01_DAL_CLE,CLE,DAL,0.7742013335227966,2.9852676,w01_predictions_history_2024.csv,2025-10-26 19:38:16.658118+00:00,CLE,DAL,17.0,33.0,-16.0,0.0,1,0.5993877048284766,18.9852676,18.9852676,360.44038584360976,-1.4881115330537074,True,CLE,DAL,,,,,,,17.0,69.0,0.0,0.0,0.0,0.0,0.0,0.0,0.0,0.0,4.0,0.0,4.0,0.0,0.0,0.0,0.0,0.0,0.0,0.0,7,7,7,7,0,0,0,0,0,1672.5452122944107,1039.2710911085903,0.0,1.0,1.0,1,0,0.0,0.0,0.0,0.0,17.0,69.0,1,4.0,0,0,0,1,1.4881115330537074,1,0,0
2024,1,2024_01_PIT_ATL,ATL,PIT,0.6379916667938232,1.9694457,w01_predictions_history_2024.csv,2025-10-26 19:38:16.658118+00:00,ATL,PIT,10.0,18.0,-8.0,0.0,1,0.4070333668983608,9.9694457,9.9694457,99.38984756524847,-1.0160880475147545,True,ATL,PIT,,,,,,,,,0.0,1.0,0.0,0.0,0.0,0.0,0.0,0.0,2.0,2.0,2.0,2.0,0.0,1.0,0.0,0.0,0.0,0.0,7,7,7,7,0,0,1,1,0,839.3035851017054,521.5189079782318,0.0,0.0,0.0,0,0,0.0,0.0,0.0,0.0,0.0,0.0,1,6.0,0,0,1,0,1.0160880475147545,0,0,0
2024,1,2024_01_ARI_BUF,BUF,ARI,0.8128747940063477,4.9249067,w01_predictions_history_2024.csv,2025-10-26 19:38:16.658118+00:00,BUF,ARI,34.0,28.0,6.0,1.0,1,0.0350158427181668,-1.0750932999999998,1.0750932999999998,1.1558256037048895,-0.2071781862065421,False,BUF,ARI,,,,,,,20.0,61.0,0.0,0.0,0.0,0.0,0.0,0.0,0.0,0.0,0.0,2.0,0.0,2.0,0.0,0.0,0.0,0.0,0.0,0.0,7,7,7,7,0,0,0,0,1,3078.611241163278,1912.9597455328671,0.0,2.0,2.0,1,0,0.0,0.0,0.0,0.0,20.0,61.0,1,2.0,0,0,1,0,0.20717818620654213,0,0,0
2024,1,2024_01_DEN_SEA,SEA,DEN,0.6849350929260254,2.3885326,w01_predictions_history_2024.csv,2025-10-26 19:38:16.658118+00:00,SEA,DEN,26.0,20.0,6.0,1.0,1,0.0992658956695322,-3.6114674,3.6114674,13.04269678126276,-0.3784312000619541,False,SEA,DEN,,,,,,,7.0,65.0,0.0,,0.0,,0.0,,0.0,,0.0,,0.0,,0.0,,0.0,,0.0,,7,7,7,7,0,0,0,0,0,1637.8374859250553,1017.7047164667375,0.0,-1.0,1.0,0,1,0.0,0.0,0.0,0.0,7.0,65.0,0,0.0,0,0,0,1,0.3784312000619541,0,0,0
2024,1,2024_01_GB_PHI,PHI,GB,0.7937955260276794,3.581097,w01_predictions_history_2024.csv,2025-10-26 19:38:16.658118+00:00,PHI,GB,34.0,29.0,5.0,1.0,1,0.0425202850862014,-1.4189029999999998,1.4189029999999998,2.013285723409,-0.2309293747945837,False,PHI,GB,,,,,,,,,0.0,0.0,0.0,0.0,0.0,0.0,0.0,0.0,1.0,3.0,1.0,3.0,0.0,0.0,0.0,0.0,0.0,0.0,7,7,7,7,0,0,0,0,0,1177.1273474875238,731.4327970356702,0.0,1.0,1.0,1,0,0.0,0.0,0.0,0.0,0.0,0.0,1,4.0,0,0,0,1,0.23092937479458372,0,0,0
2024,1,2024_01_HOU_IND,IND,HOU,0.5067850351333618,0.18163796,w01_predictions_history_2024.csv,2025-10-26 19:38:16.658118+00:00,IND,HOU,27.0,29.0,-2.0,0.0,1,0.2568310718351227,2.18163796,2.1816379599999998,4.759544188512961,-0.7068101657624914,True,IND,HOU,,,,,,,,,0.0,0.0,0.0,0.0,0.0,0.0,0.0,0.0,0.0,0.0,0.0,0.0,0.0,0.0,0.0,0.0,0.0,0.0,7,7,7,7,0,0,1,1,1,1401.546145726109,870.8801301159781,0.0,1.0,1.0,1,0,0.0,0.0,0.0,0.0,0.0,0.0,0,0.0,0,0,1,0,0.7068101657624914,0,0,0
2024,1,2024_01_JAX_MIA,MIA,JAX,0.7947714328765869,5.5724726,w01_predictions_history_2024.csv,2025-10-26 19:38:16.658118+00:00,MIA,JAX,20.0,17.0,3.0,1.0,1,0.0421187647635292,2.5724726,2.5724726,6.617615277750761,-0.2297007114811395,False,MIA,JAX,,,,,,,10.0,91.0,0.0,0.0,0.0,0.0,0.0,0.0,0.0,0.0,3.0,1.0,3.0,1.0,0.0,0.0,0.0,0.0,0.0,0.0,7,7,7,7,0,0,0,0,0,504.44322520836715,313.4463912909483,0.0,0.0,0.0,0,0,0.0,0.0,0.0,0.0,10.0,91.0,1,4.0,0,0,0,1,0.22970071148113952,0,0,0
2024,1,2024_01_TEN_CHI,CHI,TEN,0.7861374616622925,3.4260354,w01_predictions_history_2024.csv,2025-10-26 19:38:16.658118+00:00,CHI,TEN,24.0,17.0,7.0,1.0,1,0.0457371853042474,-3.5739646,3.5739646,12.77322296205316,-0.2406236142329268,False,CHI,TEN,,,,,,,8.0,67.0,0.0,0.0,0.0,0.0,0.0,0.0,0.0,0.0,1.0,3.0,1.0,3.0,0.0,0.0,0.0,0.0,0.0,0.0,7,7,7,7,0,0,0,0,0,637.5315427485849,396.14361224923096,0.0,0.0,0.0,0,0,0.0,0.0,0.0,0.0,8.0,67.0,1,4.0,0,0,0,1,0.24062361423292683,0,0,0
2024,1,2024_01_LV_LAC,LAC,LV,0.804961085319519,5.0075674,w01_predictions_history_2024.csv,2025-10-26 19:38:16.658118+00:00,LAC,LV,22.0,10.0,12.0,1.0,1,0.0380401782397399,-6.9924326,6.9924326,48.89411366554276,-0.2169613439500367,False,LAC,LV,,,,,,,,,0.0,0.0,0.0,0.0,0.0,0.0,0.0,0.0,1.0,1.0,1.0,1.0,0.0,0.0,0.0,0.0,0.0,0.0,7,7,7,7,0,0,1,1,1,372.8906400783848,231.70342991614606,0.0,0.0,0.0,0,0,0.0,0.0,0.0,0.0,0.0,0.0,1,2.0,0,0,1,0,0.21696134395003677,0,0,0
2024,1,2024_01_LA_DET,DET,LA,0.7721319794654846,2.837528,w01_predictions_history_2024.csv,2025-10-26 19:38:16.658118+00:00,DET,LA,26.0,20.0,6.0,1.0,1,0.0519238347823183,-3.162472,3.162472,10.001229150784,-0.2585997857121446,False,DET,LA,,,,,,,,,0.0,0.0,0.0,0.0,0.0,0.0,0.0,0.0,2.0,2.0,2.0,2.0,0.0,0.0,0.0,0.0,0.0,0.0,7,7,7,7,0,0,1,1,1,0.0,0.0,0.0,0.0,0.0,0,0,0.0,0.0,0.0,0.0,0.0,0.0,1,4.0,0,0,1,0,0.25859978571214465,0,0,0
2024,1,2024_01_MIN_NYG,NYG,MIN,0.6567720770835876,1.0946249,w01_predictions_history_2024.csv,2025-10-26 19:38:16.658118+00:00,NYG,MIN,6.0,28.0,-22.0,0.0,1,0.43134956123669,23.0946249,23.0946249,533.3616992717,-1.0693605541988571,True,NYG,MIN,,,,,,,10.0,64.0,0.0,0.0,0.0,0.0,0.0,0.0,0.0,0.0,5.0,0.0,5.0,0.0,0.0,0.0,0.0,0.0,0.0,0.0,7,7,7,7,0,0,0,0,1,1625.4733457000348,1010.0219982909763,0.0,1.0,1.0,1,0,0.0,0.0,0.0,0.0,10.0,64.0,1,5.0,0,0,1,0,1.0693605541988571,1,0,0
2024,1,2024_01_NE_CIN,CIN,NE,0.776944100856781,3.849721,w01_predictions_history_2024.csv,2025-10-26 19:38:16.658118+00:00,CIN,NE,10.0,16.0,-6.0,0.0,1,0.6036421358561519,9.849721,9.849721,97.017003777841,-1.500332870130521,True,CIN,NE,,,,,,,5.0,66.0,0.0,0.0,0.0,0.0,0.0,0.0,0.0,0.0,0.0,2.0,0.0,2.0,0.0,0.0,0.0,0.0,0.0,0.0,7,7,7,7,0,0,0,0,0,1166.035817514142,724.54084196458,0.0,0.0,0.0,0,0,0.0,0.0,0.0,0.0,5.0,66.0,1,2.0,0,0,0,1,1.500332870130521,1,0,0
2024,1,2024_01_NYJ_SF,SF,NYJ,0.7184523344039917,2.7347593,w01_predictions_history_2024.csv,2025-10-26 19:38:16.658118+00:00,SF,NYJ,32.0,19.0,13.0,1.0,1,0.0792690880025617,-10.2652407,10.2652407,105.37516662893648,-0.3306559160895796,False,SF,NYJ,,,,,,,10.0,76.0,0.0,0.0,0.0,0.0,0.0,0.0,0.0,0.0,3.0,0.0,3.0,0.0,0.0,0.0,0.0,0.0,0.0,0.0,7,7,7,7,0,0,0,0,0,4098.505437429248,2546.692422160849,0.0,-3.0,3.0,0,1,0.0,0.0,0.0,0.0,10.0,76.0,1,3.0,0,0,0,1,0.3306559160895796,0,0,0
2024,1,2024_01_BAL_KC,KC,BAL,0.7634864449501038,4.589302,w01_predictions_history_2024.csv,2025-10-26 19:38:16.658118+00:00,KC,BAL,27.0,20.0,7.0,1.0,1,0.0559386617223403,-2.410698,2.410698,5.811464847204,-0.2698599083119564,False,KC,BAL,,,,,,,8.0,67.0,0.0,0.0,0.0,0.0,0.0,0.0,0.0,0.0,0.0,1.0,0.0,1.0,0.0,0.0,0.0,0.0,0.0,0.0,7,7,7,7,0,0,0,0,0,1537.614493076069,955.4290551771701,0.0,-1.0,1.0,0,1,0.0,0.0,0.0,0.0,8.0,67.0,1,1.0,0,0,0,1,0.2698599083119564,0,0,0
2024,1,2024_01_WAS_TB,TB,WAS,0.7896856069564819,3.3207853,w01_predictions_history_2024.csv,2025-10-26 19:38:16.658118+00:00,TB,WAS,37.0,20.0,17.0,1.0,1,0.0442321439212634,-13.6792147,13.6792147,187.12091480869609,-0.2361203786083766,False,TB,WAS,,,,,,,6.0,93.0,0.0,0.0,0.0,0.0,0.0,1.0,0.0,0.0,3.0,1.0,3.0,1.0,0.0,0.0,0.0,0.0,0.0,0.0,7,7,7,7,0,0,0,0,0,1322.619725253957,821.8375413007766,0.0,0.0,0.0,0,0,0.0,0.0,0.0,0.0,6.0,93.0,1,5.0,0,0,0,1,0.23612037860837662,0,0,0
2024,2,2024_02_NYJ_TEN,TEN,NYJ,0.6410397887229919,-0.077330396,w02_predictions_history_2024.csv,2025-10-26 19:38:16.659123+00:00,TEN,NYJ,17.0,24.0,-7.0,0.0,1,0.4109320107260181,6.922669604,6.922669604,47.92335444614552,-1.0245437287336596,True,TEN,NYJ,,,,,,,13.0,80.0,0.0,0.0,0.0,0.0,0.0,0.0,0.0,0.0,2.0,1.0,2.5,0.5,0.0,0.0,0.0,0.0,0.0,0.0,7,6,7,6,0,1,0,0,0,1218.3174102980797,757.0271075543282,0.0,-1.0,1.0,0,1,0.0,0.0,0.0,0.0,13.0,80.0,1,3.0,1,1,0,1,1.0245437287336596,1,1,1
2024,2,2024_02_PIT_DEN,DEN,PIT,0.6501766443252563,1.7065681,w02_predictions_history_2024.csv,2025-10-26 19:38:16.659123+00:00,DEN,PIT,6.0,13.0,-7.0,0.0,1,0.4227296688260509,8.7065681,8.7065681,75.80432807993762,-1.0503269499737793,True,DEN,PIT,,,,,,,4.0,83.0,0.0,1.0,0.0,0.0,0.0,0.0,0.0,0.0,0.0,2.0,0.0,2.0,0.0,1.0,0.0,0.0,0.0,0.0,7,7,7,7,0,1,0,0,0,2121.2213040561055,1318.0654029226464,0.0,-2.0,2.0,0,1,0.0,0.0,0.0,0.0,4.0,83.0,1,4.0,0,1,0,1,1.0503269499737793,1,0,0
2024,2,2024_02_SEA_NE,NE,SEA,0.5312326550483704,-0.0067108087,w02_predictions_history_2024.csv,2025-10-26 19:38:16.659123+00:00,NE,SEA,20.0,23.0,-3.0,0.0,1,0.2822081337897408,2.9932891913,2.9932891913,8.95978018275341,-0.7576486998186179,True,NE,SEA,,,,,,,5.0,77.0,0.0,0.0,0.0,0.0,0.0,0.0,0.0,0.0,8.0,2.0,5.0,1.0,0.0,0.0,0.0,0.0,0.0,0.0,7,7,7,7,0,0,0,0,0,3998.52375918682,2484.5667067696736,0.0,3.0,3.0,1,0,0.0,0.0,0.0,0.0,5.0,77.0,1,6.0,0,0,0,1,0.7576486998186179,0,0,0
2024,2,2024_02_NO_DAL,DAL,NO,0.7127452492713928,2.6173105,w02_predictions_history_2024.csv,2025-10-26 19:38:16.659123+00:00,DAL,NO,19.0,44.0,-25.0,0.0,1,0.5080057903589399,27.6173105,27.6173105,762.7158392534102,-1.2473858237351787,True,DAL,NO,,,,,,,,,0.0,0.0,0.0,0.0,0.0,0.0,0.0,0.0,0.0,4.0,0.0,3.0,0.0,0.0,0.0,0.0,0.0,0.0,7,7,7,7,0,0,1,0,1,734.7977272016919,456.5819985490425,0.0,0.0,0.0,0,0,0.0,0.0,0.0,0.0,0.0,0.0,1,3.0,0,0,1,0,1.2473858237351787,1,0,0
2024,2,2024_02_LV_BAL,BAL,LV,0.7860586643218994,5.0526676,w02_predictions_history_2024.csv,2025-10-26 19:38:16.659123+00:00,BAL,LV,23.0,26.0,-3.0,0.0,1,0.6178882237555285,8.0526676,8.0526676,64.84545547608975,-1.5420534338867495,True,BAL,LV,,,,,,,10.0,76.0,0.0,0.0,0.0,0.0,0.0,0.0,0.0,0.0,2.0,1.0,1.5,1.0,0.0,0.0,0.0,0.0,0.0,0.0,10,7,10,7,0,1,0,0,1,3386.0438779251917,2103.989470470254,0.0,3.0,3.0,1,0,0.0,0.0,0.0,0.0,10.0,76.0,1,2.5,0,1,1,0,1.5420534338867495,1,3,3
2024,2,2024_02_LA_ARI,ARI,LA,0.7210680246353149,2.7689073,w02_predictions_history_2024.csv,2025-10-26 19:38:16.659123+00:00,ARI,LA,41.0,10.0,31.0,1.0,1,0.0778030468808452,-28.2310927,28.2310927,796.9945950359934,-0.3270217985258489,False,ARI,LA,,,,,,,,,0.0,0.0,0.0,0.0,0.0,0.0,0.0,0.0,1.0,3.0,1.5,2.5,0.0,0.0,0.0,0.0,0.0,0.0,7,7,7,7,0,1,1,1,1,0.0,0.0,0.0,0.0,0.0,0,0,0.0,0.0,0.0,0.0,0.0,0.0,1,4.0,0,1,1,0,0.3270217985258489,1,0,0
2024,2,2024_02_LAC_CAR,CAR,LAC,0.5600060820579529,0.65407723,w02_predictions_history_2024.csv,2025-10-26 19:38:16.659123+00:00,CAR,LAC,3.0,26.0,-23.0,0.0,1,0.3136068119418986,23.65407723,23.65407723,559.5153696028044,-0.8209943750243506,True,CAR,LAC,,,,,,,13.0,78.0,0.0,0.0,0.0,0.0,0.0,0.0,0.0,0.0,6.0,2.0,3.5,1.5,0.0,0.0,0.0,0.0,0.0,0.0,7,7,7,7,0,0,0,0,1,3414.010600941542,2121.367181117647,0.0,3.0,3.0,1,0,0.0,0.0,0.0,0.0,13.0,78.0,1,5.0,0,0,1,0,0.8209943750243506,1,0,0
2024,2,2024_02_SF_MIN,MIN,SF,0.6622666120529175,3.282271,w02_predictions_history_2024.csv,2025-10-26 19:38:16.659123+00:00,MIN,SF,23.0,17.0,6.0,1.0,1,0.1140638413342145,-2.717729,2.717729,7.386050917440999,-0.4120870668819468,False,MIN,SF,,,,,,,,,0.0,0.0,0.0,0.0,0.0,0.0,0.0,0.0,3.0,2.0,1.5,2.5,0.0,0.0,0.0,0.0,0.0,0.0,7,6,7,6,0,0,1,1,0,2529.8093657065133,1571.9501753784218,0.0,2.0,2.0,1,0,0.0,0.0,0.0,0.0,0.0,0.0,1,4.0,1,0,1,0,0.4120870668819468,0,1,1
2024,2,2024_02_TB_DET,DET,TB,0.7307260632514954,3.696194,w02_predictions_history_2024.csv,2025-10-26 19:38:16.659123+00:00,DET,TB,16.0,20.0,-4.0,0.0,1,0.5339605795150284,7.696194,7.696194,59.231402085636006,-1.3120260653242448,True,DET,TB,,,,,,,,,0.0,0.0,0.0,0.0,0.0,0.0,0.0,0.0,3.0,2.0,2.5,2.5,0.0,0.0,0.0,0.0,0.0,0.0,7,7,7,7,0,0,1,1,0,1597.9543819001638,992.9225122356867,0.0,0.0,0.0,0,0,0.0,0.0,0.0,0.0,0.0,0.0,1,5.0,0,0,1,0,1.3120260653242448,1,0,0
2024,2,2024_02_NYG_WAS,WAS,NYG,0.7371229529380798,2.7836528,w02_predictions_history_2024.csv,2025-10-26 19:38:16.659123+00:00,WAS,NYG,21.0,18.0,3.0,1.0,1,0.0691043418719949,-0.2163471999999999,0.21634719999999996,0.0468061109478399,-0.3050005717545841,False,WAS,NYG,,,,,,,11.0,82.0,0.0,0.0,0.0,0.0,0.0,0.0,0.0,0.0,2.0,1.0,1.5,3.0,0.0,0.0,0.0,0.0,0.0,0.0,7,7,7,7,0,0,0,0,0,318.7560616426511,198.06577277895576,0.0,0.0,0.0,0,0,0.0,0.0,0.0,0.0,11.0,82.0,1,4.5,0,0,0,1,0.3050005717545841,0,0,0
2024,2,2024_02_ATL_PHI,PHI,ATL,0.8072075247764587,7.1879067,w02_predictions_history_2024.csv,2025-10-26 19:38:16.659123+00:00,PHI,ATL,21.0,22.0,-1.0,0.0,1,0.6515839880557373,8.1879067,8.1879067,67.04181612790488,-1.6461409264908813,True,PHI,ATL,,,,,,,9.0,71.0,0.0,0.0,0.0,0.0,0.0,0.0,0.0,0.0,0.0,1.0,0.5,1.5,0.0,0.0,0.0,0.0,0.0,0.0,10,8,10,8,0,0,0,0,1,1067.7753594318244,663.4846428655122,0.0,0.0,0.0,0,0,0.0,0.0,0.0,0.0,9.0,71.0,1,2.0,0,0,1,0,1.6461409264908813,1,2,2
2024,2,2024_02_BUF_MIA,MIA,BUF,0.7272933125495911,2.0466623,w02_predictions_history_2024.csv,2025-10-26 19:38:16.659123+00:00,MIA,BUF,10.0,31.0,-21.0,0.0,1,0.5289555624793572,23.0466623,23.0466623,531.1486431702414,-1.2993584663274709,True,MIA,BUF,,,,,,,3.0,86.0,0.0,0.0,0.0,0.0,0.0,0.0,0.0,0.0,3.0,1.0,3.0,0.5,0.0,0.0,0.0,0.0,0.0,0.0,4,4,4,4,0,0,0,0,0,1874.493622740377,1164.7559768558108,0.0,0.0,0.0,0,0,0.0,0.0,0.0,0.0,3.0,86.0,1,3.5,1,0,0,1,1.2993584663274709,1,0,0
2024,2,2024_02_CHI_HOU,HOU,CHI,0.784296452999115,5.763195,w02_predictions_history_2024.csv,2025-10-26 19:38:16.659123+00:00,HOU,CHI,19.0,13.0,6.0,1.0,1,0.046528020188763,-0.2368050000000003,0.23680500000000038,0.0560766080250001,-0.242968201279015,False,HOU,CHI,,,,,,,,,0.0,0.0,0.0,0.0,0.0,0.0,0.0,0.0,0.0,2.0,0.0,1.5,0.0,0.0,0.0,0.0,0.0,0.0,7,7,7,7,0,0,1,1,0,1524.1168911483526,947.042036769743,0.0,0.0,0.0,0,0,0.0,0.0,0.0,0.0,0.0,0.0,1,1.5,0,0,1,0,0.24296820127901506,0,0,0
2024,2,2024_02_CIN_KC,KC,CIN,0.8140457272529602,4.0906863,w02_predictions_history_2024.csv,2025-10-26 19:38:16.659123+00:00,KC,CIN,26.0,25.0,1.0,1.0,1,0.0345789915528804,3.0906863,3.0906862999999998,9.55234180500769,-0.2057387385709708,False,KC,CIN,,,,,,,8.0,89.0,0.0,0.0,0.0,0.0,0.0,0.0,0.0,0.0,0.0,2.0,0.0,1.0,0.0,0.0,0.0,0.0,0.0,0.0,10,7,10,7,0,0,0,0,0,860.0861800417492,534.4326097787217,0.0,-1.0,1.0,0,1,0.0,0.0,0.0,0.0,8.0,89.0,1,1.0,0,0,0,1,0.2057387385709708,0,3,3
2024,2,2024_02_CLE_JAX,JAX,CLE,0.7161269783973694,3.3653,w02_predictions_history_2024.csv,2025-10-26 19:38:16.659123+00:00,JAX,CLE,13.0,18.0,-5.0,0.0,1,0.5128378491885464,8.3653,8.3653,69.97824408999999,-1.259228247836074,True,JAX,CLE,,,,,,,12.0,80.0,0.0,0.0,0.0,0.0,0.0,0.0,0.0,0.0,2.0,7.0,1.5,5.5,0.0,0.0,0.0,0.0,0.0,0.0,7,7,7,7,0,0,0,0,0,1243.4163822267124,772.6228808405945,0.0,0.0,0.0,0,0,0.0,0.0,0.0,0.0,12.0,80.0,1,7.0,0,0,0,1,1.2592282478360741,1,0,0
2024,2,2024_02_IND_GB,GB,IND,0.6856277585029602,0.9404873,w02_predictions_history_2024.csv,2025-10-26 19:38:16.659123+00:00,GB,IND,16.0,10.0,6.0,1.0,1,0.0988299062238731,-5.0595127,5.0595127,25.59866876146129,-0.3774204246200465,False,GB,IND,,,,,,,7.0,85.0,1.0,0.0,0.0,0.0,0.0,0.0,0.0,0.0,5.0,1.0,4.0,0.5,0.5,0.0,0.0,0.0,0.0,0.0,9,7,9,7,0,0,0,0,1,549.9026796879527,341.6935779803829,0.0,-1.0,1.0,0,1,0.0,0.0,0.0,0.0,7.0,85.0,1,6.0,0,0,1,0,0.37742042462004655,0,2,2
2024,3,2024_03_CAR_LV,LV,CAR,0.7604701519012451,5.2283373,w03_predictions_history_2024.csv,2025-10-26 19:38:16.662126+00:00,LV,CAR,22.0,36.0,-14.0,0.0,1,0.5783148519327028,19.2283373,19.2283373,369.72895532257127,-1.429077243179292,True,LV,CAR,,,,,,,,,0.0,0.0,0.0,0.0,0.0,0.0,0.0,0.0,2.0,4.0,1.3333333333333333,3.6666666666666665,0.0,0.0,0.0,0.0,0.0,0.0,7,7,7,7,0,0,1,1,0,3086.95712625538,1918.1456364984317,0.0,-3.0,3.0,0,1,0.0,0.0,0.0,0.0,0.0,0.0,1,5.0,0,0,1,0,1.429077243179292,1,0,0
2024,3,2024_03_PHI_NO,NO,PHI,0.6135996580123901,0.6567165,w03_predictions_history_2024.csv,2025-10-26 19:38:16.662126+00:00,NO,PHI,12.0,15.0,-3.0,0.0,1,0.3765045403129221,3.6567165,3.6567165,13.37157556137225,-0.9508812915830636,True,NO,PHI,,,,,,,,,0.0,0.0,0.0,0.0,0.0,0.0,0.0,0.0,5.0,0.0,3.6666666666666665,0.3333333333333333,0.0,0.0,0.0,0.0,0.0,0.0,7,6,7,6,0,0,1,1,0,1748.6495694637067,1086.560131627233,0.0,-1.0,1.0,0,1,0.0,0.0,0.0,0.0,0.0,0.0,1,4.0,1,0,1,0,0.9508812915830637,0,1,1
2024,3,2024_03_SF_LA,LA,SF,0.6573351621627808,1.1628275,w03_predictions_history_2024.csv,2025-10-26 19:38:16.662126+00:00,LA,SF,27.0,24.0,3.0,1.0,1,0.1174191910900077,-1.8371725,1.8371725,3.3752027947562504,-0.4195612502966366,False,LA,SF,,,,,,,,,0.0,0.0,0.0,0.0,0.0,0.0,0.0,0.0,3.0,2.0,2.6666666666666665,2.3333333333333335,0.0,0.0,0.0,0.0,0.0,0.0,7,7,7,7,0,1,1,1,0,0.0,0.0,,0.0,0.0,0,0,0.0,0.0,0.0,0.0,0.0,0.0,1,5.0,0,1,1,0,0.4195612502966366,0,0,0
2024,3,2024_03_CHI_IND,IND,CHI,0.691132128238678,2.9109175,w03_predictions_history_2024.csv,2025-10-26 19:38:16.662126+00:00,IND,CHI,21.0,16.0,5.0,1.0,1,0.0953993622063684,-2.0890825,2.0890825,4.36426569180625,-0.3694242604127822,False,IND,CHI,,,,,,,,,0.0,0.0,0.0,0.0,0.0,0.0,0.0,0.0,1.0,1.0,0.6666666666666666,1.3333333333333333,0.0,0.0,0.0,0.0,0.0,0.0,7,7,7,7,0,1,1,1,0,263.788661925053,163.91062464903212,0.0,1.0,1.0,1,0,0.0,0.0,0.0,0.0,0.0,0.0,1,2.0,0,1,1,0,0.36942426041278226,0,0,0
2024,3,2024_03_WAS_CIN,CIN,WAS,0.7822498679161072,2.5562298,w03_predictions_history_2024.csv,2025-10-26 19:38:16.662126+00:00,CIN,WAS,33.0,38.0,-5.0,0.0,1,0.6119148558547671,7.5562298,7.5562298000000006,57.09660879040805,-1.5244070566646672,True,CIN,WAS,,,,,,,5.0,69.0,0.0,0.0,0.0,0.0,0.0,0.0,0.0,0.0,0.0,3.0,0.6666666666666666,2.0,0.0,0.0,0.0,0.0,0.0,0.0,8,8,8,8,0,0,0,0,0,661.3212661019204,410.9258564390164,0.0,0.0,0.0,0,0,0.0,0.0,0.0,0.0,5.0,69.0,1,2.6666666666666665,0,0,0,1,1.5244070566646672,1,0,0
2024,3,2024_03_LAC_PIT,PIT,LAC,0.7125427722930908,4.160046,w03_predictions_history_2024.csv,2025-10-26 19:38:16.662126+00:00,PIT,LAC,20.0,10.0,10.0,1.0,1,0.0826316577609418,-5.839954,5.839954,34.105062722116,-0.3389153373525886,False,PIT,LAC,,,,,,,2.0,72.0,1.0,1.0,0.0,0.0,0.0,0.0,0.0,0.0,2.0,2.0,2.0,1.6666666666666667,1.0,0.3333333333333333,0.0,0.0,0.0,0.0,7,7,7,7,0,1,0,0,1,3442.1071100723166,2138.8255370927454,0.0,3.0,3.0,1,0,0.0,0.0,0.0,0.0,2.0,72.0,1,7.0,0,1,1,0,0.3389153373525886,0,0,0
2024,3,2024_03_KC_ATL,ATL,KC,0.531470000743866,-0.19487195,w03_predictions_history_2024.csv,2025-10-26 19:38:16.662126+00:00,ATL,KC,17.0,22.0,-5.0,0.0,1,0.2824603616906849,4.80512805,4.80512805,23.089255576896807,-0.7581551467898706,True,ATL,KC,,,,,,,,,0.0,0.0,0.0,0.0,0.0,0.0,0.0,0.0,2.0,0.0,1.6666666666666667,0.0,0.0,0.0,0.0,0.0,0.0,0.0,6,7,6,7,0,0,1,1,0,1076.3763688242666,668.8290606727033,0.0,1.0,1.0,1,0,0.0,0.0,0.0,0.0,0.0,0.0,1,1.6666666666666667,1,0,1,0,0.7581551467898706,0,-1,-1
2024,3,2024_03_JAX_BUF,BUF,JAX,0.8100137114524841,6.0106783,w03_predictions_history_2024.csv,2025-10-26 19:38:16.662126+00:00,BUF,JAX,47.0,10.0,37.0,1.0,1,0.0360947898360599,-30.9893217,30.989321699999998,960.3380594260908,-0.2107041037398086,False,BUF,JAX,,,,,,,5.0,68.0,0.0,0.0,0.0,0.0,0.0,0.0,0.0,0.0,0.0,3.0,0.3333333333333333,2.0,0.0,0.0,0.0,0.0,0.0,0.0,11,8,11,8,0,0,0,0,0,1407.347640572677,874.4850107702848,0.0,0.0,0.0,0,0,0.0,0.0,0.0,0.0,5.0,68.0,1,2.3333333333333335,0,0,0,1,0.2107041037398086,1,3,3
2024,3,2024_03_GB_TEN,TEN,GB,0.6969894170761108,2.2268794,w03_predictions_history_2024.csv,2025-10-26 19:38:16.662126+00:00,TEN,GB,14.0,30.0,-16.0,0.0,1,0.4857942475160968,18.2268794,18.2268794,332.21913266214443,-1.1939875469411578,True,TEN,GB,,,,,,,7.0,87.0,0.0,1.0,0.0,0.0,0.0,0.0,0.0,0.0,0.0,9.0,1.6666666666666667,5.666666666666667,0.0,0.6666666666666666,0.0,0.0,0.0,0.0,7,7,7,7,0,0,0,0,0,933.188405934861,579.8562129841505,0.0,0.0,0.0,0,0,0.0,0.0,0.0,0.0,7.0,87.0,1,9.0,0,0,0,1,1.1939875469411578,1,0,0
2024,3,2024_03_DET_ARI,ARI,DET,0.553309440612793,0.5447902,w03_predictions_history_2024.csv,2025-10-26 19:38:16.662126+00:00,ARI,DET,13.0,20.0,-7.0,0.0,1,0.3061513370712418,7.5447902,7.5447902,56.92385916201604,-0.8058891849705022,True,ARI,DET,,,,,,,,,0.0,0.0,0.0,0.0,0.0,0.0,0.0,0.0,2.0,4.0,1.6666666666666667,3.0,0.0,0.0,0.0,0.0,0.0,0.0,7,7,7,7,0,0,1,1,1,2726.707995898214,1694.297274119269,0.0,-2.0,2.0,0,1,0.0,0.0,0.0,0.0,0.0,0.0,1,4.666666666666667,0,0,1,0,0.8058891849705022,0,0,0
2024,3,2024_03_DEN_TB,TB,DEN,0.6653841137886047,1.5090098,w03_predictions_history_2024.csv,2025-10-26 19:38:16.662126+00:00,TB,DEN,7.0,26.0,-19.0,0.0,1,0.4427360188822469,20.5090098,20.5090098,420.6194829764961,-1.094772013339507,True,TB,DEN,,,,,,,6.0,85.0,0.0,0.0,0.0,0.0,0.0,0.0,0.0,0.0,4.0,0.0,3.0,0.0,0.0,0.0,0.0,0.0,0.0,0.0,7,7,7,7,0,0,0,0,0,2445.7450313053773,1519.7150358472536,0.0,2.0,2.0,1,0,0.0,0.0,0.0,0.0,6.0,85.0,1,3.0,0,0,0,1,1.094772013339507,1,0,0
2024,3,2024_03_BAL_DAL,DAL,BAL,0.6269350647926331,1.3389996,w03_predictions_history_2024.csv,2025-10-26 19:38:16.662126+00:00,DAL,BAL,25.0,28.0,-3.0,0.0,1,0.393047575466543,4.3389996,4.3389996,18.826917528800163,-0.9860027854622644,True,DAL,BAL,,,,,,,,,0.0,0.0,0.0,0.0,0.0,0.0,0.0,0.0,3.0,1.0,1.0,1.3333333333333333,0.0,0.0,0.0,0.0,0.0,0.0,7,7,7,7,0,0,1,0,0,1973.7605929888775,1226.4375934260918,0.0,-1.0,1.0,0,1,0.0,0.0,0.0,0.0,0.0,0.0,1,2.333333333333333,0,0,1,0,0.9860027854622644,0,0,0
2024,3,2024_03_MIA_SEA,SEA,MIA,0.8002692461013794,3.7512696,w03_predictions_history_2024.csv,2025-10-26 19:38:16.662126+00:00,SEA,MIA,24.0,3.0,21.0,1.0,1,0.0398923740529113,-17.2487304,17.2487304,297.51870041188414,-0.2228070503102993,False,SEA,MIA,,,,,,,2.0,64.0,0.0,0.0,0.0,0.0,0.0,0.0,0.0,0.0,7.0,3.0,3.0,3.0,0.0,0.0,0.0,0.0,0.0,0.0,7,10,7,10,0,0,0,0,0,4376.989102507111,2719.734095613946,0.0,-3.0,3.0,0,1,0.0,0.0,0.0,0.0,2.0,64.0,1,6.0,0,0,0,1,0.22280705031029938,1,-3,-3
2024,3,2024_03_HOU_MIN,MIN,HOU,0.725450873374939,2.2851536,w03_predictions_history_2024.csv,2025-10-26 19:38:16.662126+00:00,MIN,HOU,34.0,7.0,27.0,1.0,1,0.0753772229305838,-24.7148464,24.7148464,610.8236325755929,-0.3209619231133325,False,MIN,HOU,,,,,,,,,0.0,0.0,0.0,0.0,0.0,0.0,0.0,0.0,0.0,2.0,1.0,0.6666666666666666,0.0,0.0,0.0,0.0,0.0,0.0,7,7,7,7,0,0,1,1,1,1710.525110799188,1062.8706986224022,0.0,0.0,0.0,0,0,0.0,0.0,0.0,0.0,0.0,0.0,1,1.6666666666666665,0,0,1,0,0.3209619231133325,1,0,0
2024,3,2024_03_NE_NYJ,NYJ,NE,0.7883352637290955,6.1771445,w03_predictions_history_2024.csv,2025-10-26 19:38:16.662126+00:00,NYJ,NE,24.0,3.0,21.0,1.0,1,0.0448019605806315,-14.8228555,14.8228555,219.71704517388025,-0.2378318180222278,False,NYJ,NE,,,,,,,5.0,75.0,0.0,0.0,0.0,0.0,0.0,0.0,0.0,0.0,0.0,4.0,0.3333333333333333,4.666666666666667,0.0,0.0,0.0,0.0,0.0,0.0,4,4,4,4,0,0,0,0,0,273.87684413964047,170.17912851989254,0.0,0.0,0.0,0,0,0.0,0.0,0.0,0.0,5.0,75.0,1,5.0,1,0,0,1,0.2378318180222278,0,0,0
2024,3,2024_03_NYG_CLE,CLE,NYG,0.8042003512382507,3.5586739,w03_predictions_history_2024.csv,2025-10-26 19:38:16.662126+00:00,CLE,NYG,15.0,21.0,-6.0,0.0,1,0.6467382049317258,9.5586739,9.5586739,91.36824672654122,-1.6306633427496993,True,CLE,NYG,,,,,,,4.0,76.0,0.0,0.0,0.0,0.0,0.0,0.0,0.0,0.0,8.0,4.0,6.333333333333333,3.3333333333333335,0.0,0.0,0.0,0.0,0.0,0.0,7,7,7,7,0,1,0,0,0,642.7551645894953,399.3894193761393,0.0,0.0,0.0,0,0,0.0,0.0,0.0,0.0,4.0,76.0,1,9.666666666666666,0,1,0,1,1.6306633427496993,1,0,0
2024,4,2024_04_CIN_CAR,CAR,CIN,0.5900583267211914,1.0221919,w04_predictions_history_2024.csv,2025-10-26 19:38:16.663127+00:00,CAR,CIN,24.0,34.0,-10.0,0.0,1,0.3481688289330122,11.0221919,11.0221919,121.4887142804256,-0.891740389699328,True,CAR,CIN,,,,,,,6.0,78.0,0.0,0.0,0.0,0.0,0.0,0.0,0.0,0.0,4.0,2.0,4.666666666666667,1.3333333333333333,0.0,0.0,0.0,0.0,0.0,0.0,7,6,7,6,0,0,0,0,0,538.957894054732,334.8928055866829,0.0,0.0,0.0,0,0,0.0,0.0,0.0,0.0,6.0,78.0,1,6.0,1,0,0,1,0.891740389699328,0,1,1
2024,4,2024_04_CLE_LV,LV,CLE,0.7057961821556091,2.4606843,w04_predictions_history_2024.csv,2025-10-26 19:38:16.663127+00:00,LV,CLE,20.0,16.0,4.0,1.0,1,0.0865558864342155,-1.5393157,1.5393157,2.36949282426649,-0.3484287769995629,False,LV,CLE,,,,,,,,,0.0,0.0,0.0,0.0,0.0,0.0,0.0,0.0,0.0,4.0,1.0,6.333333333333333,0.0,0.0,0.0,0.0,0.0,0.0,7,7,7,7,0,0,1,1,0,2944.201056342039,1829.441154580309,0.0,-3.0,3.0,0,1,0.0,0.0,0.0,0.0,0.0,0.0,1,7.333333333333333,0,0,1,0,0.3484287769995629,0,0,0
2024,4,2024_04_DAL_NYG,NYG,DAL,0.6439997553825378,-0.59656054,w04_predictions_history_2024.csv,2025-10-26 19:38:16.663127+00:00,NYG,DAL,15.0,20.0,-5.0,0.0,1,0.4147356849327686,4.40343946,4.4034394599999995,19.390279077885086,-1.03282386100264,True,NYG,DAL,,,,,,,3.0,74.0,0.0,0.0,0.0,0.0,0.0,0.0,0.0,0.0,4.0,0.0,3.0,1.0,0.0,0.0,0.0,0.0,0.0,0.0,4,4,4,4,0,0,0,0,0,2229.039273710148,1385.0603625445483,0.0,1.0,1.0,1,0,0.0,0.0,0.0,0.0,3.0,74.0,1,4.0,1,0,0,1,1.03282386100264,1,0,0
2024,4,2024_04_DEN_NYJ,NYJ,DEN,0.6981499791145325,2.150703,w04_predictions_history_2024.csv,2025-10-26 19:38:16.663127+00:00,NYJ,DEN,9.0,10.0,-1.0,0.0,1,0.4874133933376221,3.150703,3.150703,9.926929394209,-1.1978250045481604,True,NYJ,DEN,,,,,,,8.0,67.0,0.0,0.0,0.0,0.0,0.0,0.0,0.0,0.0,0.0,0.0,0.3333333333333333,0.0,0.0,0.0,0.0,0.0,0.0,0.0,10,7,10,7,0,1,0,0,0,2614.2122323376557,1624.3956690198816,0.0,2.0,2.0,1,0,0.0,0.0,0.0,0.0,8.0,67.0,1,0.3333333333333333,0,1,0,1,1.1978250045481604,1,3,3
2024,4,2024_04_JAX_HOU,HOU,JAX,0.8191542625427246,7.6832323,w04_predictions_history_2024.csv,2025-10-26 19:38:16.663127+00:00,HOU,JAX,24.0,20.0,4.0,1.0,1,0.0327051807564657,3.6832323,3.6832323000000002,13.566200175763292,-0.1994828581125755,False,HOU,JAX,,,,,,,,,0.0,0.0,0.0,0.0,0.0,0.0,0.0,0.0,2.0,5.0,1.3333333333333333,3.3333333333333335,0.0,0.0,0.0,0.0,0.0,0.0,7,6,7,6,0,1,1,1,0,1327.3673175220954,824.787557456022,0.0,-1.0,1.0,0,1,0.0,0.0,0.0,0.0,0.0,0.0,1,4.666666666666667,1,1,1,0,0.1994828581125755,0,1,1
2024,4,2024_04_KC_LAC,LAC,KC,0.6069411635398865,-0.1331809,w04_predictions_history_2024.csv,2025-10-26 19:38:16.663127+00:00,LAC,KC,10.0,17.0,-7.0,0.0,1,0.3683775759991512,6.8668191,6.8668191,47.153204552124805,-0.9337959672240268,True,LAC,KC,,,,,,,,,1.0,0.0,0.0,0.0,0.0,0.0,0.0,0.0,2.0,1.0,2.0,0.3333333333333333,0.6666666666666666,0.0,0.0,0.0,0.0,0.0,7,7,7,7,0,1,1,1,0,2199.118387404246,1366.4683914997636,0.0,-2.0,2.0,0,1,0.0,0.0,0.0,0.0,0.0,0.0,1,4.0,0,1,1,0,0.9337959672240269,0,0,0
2024,4,2024_04_LA_CHI,CHI,LA,0.7735589146614075,2.9927857,w04_predictions_history_2024.csv,2025-10-26 19:38:16.663127+00:00,CHI,LA,24.0,18.0,6.0,1.0,1,0.0512755651293197,-3.0072143,3.0072143,9.043337846124489,-0.2567534455328631,False,CHI,LA,,,,,,,16.0,70.0,0.0,0.0,0.0,0.0,0.0,0.0,0.0,0.0,2.0,1.0,1.6666666666666667,2.3333333333333335,0.0,0.0,0.0,0.0,0.0,0.0,7,7,7,7,0,0,0,0,1,0.0,0.0,0.0,0.0,0.0,0,0,0.0,0.0,0.0,0.0,16.0,70.0,1,4.0,0,0,1,0,0.2567534455328631,0,0,0
2024,4,2024_04_MIN_GB,GB,MIN,0.6869423985481262,1.6760969,w04_predictions_history_2024.csv,2025-10-26 19:38:16.663127+00:00,GB,MIN,29.0,31.0,-2.0,0.0,1,0.4718898589230527,3.6760969,3.6760969,13.513688418189613,-1.1613680751757836,True,GB,MIN,,,,,,,15.0,71.0,1.0,0.0,0.0,0.0,0.0,0.0,0.0,0.0,1.0,0.0,5.0,1.0,1.0,0.0,0.0,0.0,0.0,0.0,7,7,7,7,0,0,0,0,1,413.7987253409999,257.1225277638625,0.0,0.0,0.0,0,0,0.0,0.0,0.0,0.0,15.0,71.0,1,8.0,0,0,1,0,1.1613680751757836,1,0,0
2024,4,2024_04_NE_SF,SF,NE,0.7403883337974548,3.6673,w04_predictions_history_2024.csv,2025-10-26 19:38:16.663127+00:00,SF,NE,30.0,13.0,17.0,1.0,1,0.0673982172284617,-13.3327,13.332699999999999,177.76088928999997,-0.3005804550284133,False,SF,NE,,,,,,,5.0,71.0,0.0,0.0,0.0,0.0,0.0,0.0,0.0,0.0,3.0,5.0,2.3333333333333335,5.666666666666667,0.0,0.0,0.0,0.0,0.0,0.0,7,10,7,10,0,1,0,0,0,4302.6542462288635,2673.5445716334752,0.0,-3.0,3.0,0,1,0.0,0.0,0.0,0.0,5.0,71.0,1,8.0,0,1,0,1,0.30058045502841335,0,-3,-3
2024,4,2024_04_NO_ATL,ATL,NO,0.6685477495193481,2.383447,w04_predictions_history_2024.csv,2025-10-26 19:38:16.663127+00:00,ATL,NO,26.0,24.0,2.0,1.0,1,0.1098605943486887,0.3834469999999998,0.38344699999999987,0.1470316018089999,-0.4026474571385587,False,ATL,NO,,,,,,,,,0.0,0.0,0.0,0.0,0.0,0.0,0.0,0.0,2.0,3.0,1.6666666666666667,4.0,0.0,0.0,0.0,0.0,0.0,0.0,7,7,7,7,0,0,1,1,1,682.961240240272,424.37230880933805,0.0,1.0,1.0,1,0,0.0,0.0,0.0,0.0,0.0,0.0,1,5.666666666666667,0,0,1,0,0.4026474571385587,0,0,0
2024,4,2024_04_PHI_TB,TB,PHI,0.6416428089141846,-0.18912534,w04_predictions_history_2024.csv,2025-10-26 19:38:16.663127+00:00,TB,PHI,33.0,16.0,17.0,1.0,1,0.1284198764029156,-17.18912534,17.18912534,295.4660299542301,-0.4437235025325485,False,TB,PHI,,,,,,,9.0,88.0,0.0,0.0,0.0,0.0,0.0,0.0,0.0,0.0,10.0,2.0,5.333333333333333,0.6666666666666666,0.0,0.0,0.0,0.0,0.0,0.0,7,7,7,7,0,1,0,0,0,1487.3128204251716,924.1730545404093,0.0,0.0,0.0,0,0,0.0,0.0,0.0,0.0,9.0,88.0,1,6.0,0,1,0,1,0.44372350253254855,1,0,0
2024,4,2024_04_PIT_IND,IND,PIT,0.6770864129066467,1.6287612,w04_predictions_history_2024.csv,2025-10-26 19:38:16.663127+00:00,IND,PIT,27.0,24.0,3.0,1.0,1,0.1042731847294966,-1.3712388,1.3712388,1.88029584662544,-0.3899563732896489,False,IND,PIT,,,,,,,,,0.0,1.0,0.0,0.0,0.0,0.0,0.0,0.0,0.0,2.0,0.6666666666666666,2.0,0.0,1.0,0.0,0.0,0.0,0.0,7,7,7,7,0,0,1,1,0,528.3354031240373,328.2922977745862,0.0,0.0,0.0,0,0,0.0,0.0,0.0,0.0,0.0,0.0,1,4.666666666666666,0,0,1,0,0.38995637328964894,0,0,0
2024,4,2024_04_SEA_DET,DET,SEA,0.7293033599853516,5.3822837,w04_predictions_history_2024.csv,2025-10-26 19:38:16.663127+00:00,DET,SEA,42.0,29.0,13.0,1.0,1,0.0732766709152201,-7.6177163,7.6177163,58.029601627285686,-0.3156655018650998,False,DET,SEA,,,,,,,,,0.0,0.0,0.0,0.0,0.0,0.0,0.0,0.0,0.0,4.0,2.3333333333333335,4.333333333333333,0.0,0.0,0.0,0.0,0.0,0.0,8,8,8,8,0,0,1,1,0,3110.8284211158993,1932.9785668572076,0.0,3.0,3.0,1,0,0.0,0.0,0.0,0.0,0.0,0.0,1,6.666666666666666,0,0,1,0,0.3156655018650998,0,0,0
2024,4,2024_04_TEN_MIA,MIA,TEN,0.7828986048698425,2.466566,w04_predictions_history_2024.csv,2025-10-26 19:38:16.663127+00:00,MIA,TEN,12.0,31.0,-19.0,0.0,1,0.6129302255071458,21.466566,21.466566,460.813455832356,-1.527390775908693,True,MIA,TEN,,,,,,,9.0,86.0,1.0,0.0,0.0,0.0,0.0,0.0,0.0,0.0,4.0,2.0,3.3333333333333335,1.3333333333333333,0.3333333333333333,0.0,0.0,0.0,0.0,0.0,8,8,8,8,0,0,0,0,0,1293.6085053417662,803.8108105727187,0.0,1.0,1.0,1,0,0.0,0.0,0.0,0.0,9.0,86.0,1,6.0,0,0,0,1,1.5273907759086933,1,0,0
2024,4,2024_04_WAS_ARI,ARI,WAS,0.718663215637207,2.0208726,w04_predictions_history_2024.csv,2025-10-26 19:38:16.663127+00:00,ARI,WAS,14.0,42.0,-28.0,0.0,1,0.5164768175100107,30.0208726,30.0208726,901.2527916654308,-1.268202806437133,True,ARI,WAS,,,,,,,,,0.0,0.0,0.0,0.0,0.0,0.0,0.0,0.0,2.0,0.0,1.6666666666666667,1.6666666666666667,0.0,0.0,0.0,0.0,0.0,0.0,7,6,7,6,0,1,1,1,0,3210.661871063848,1995.0121774848144,0.0,-2.0,2.0,0,1,0.0,0.0,0.0,0.0,0.0,0.0,1,3.3333333333333335,1,1,1,0,1.268202806437133,1,1,1
2024,4,2024_04_BUF_BAL,BAL,BUF,0.7284244298934937,2.2215667,w04_predictions_history_2024.csv,2025-10-26 19:38:16.663127+00:00,BAL,BUF,35.0,10.0,25.0,1.0,1,0.0737532902786739,-22.7784333,22.7784333,518.8570236025489,-0.3168713925731868,False,BAL,BUF,,,,,,,8.0,68.0,0.0,0.0,0.0,0.0,0.0,0.0,0.0,0.0,0.0,1.0,1.0,0.6666666666666666,0.0,0.0,0.0,0.0,0.0,0.0,7,6,7,6,0,0,0,0,0,428.9767136158515,266.5536895161953,0.0,0.0,0.0,0,0,0.0,0.0,0.0,0.0,8.0,68.0,1,1.6666666666666665,1,0,0,1,0.3168713925731868,1,1,1
2024,5,2024_05_TB_ATL,ATL,TB,0.6402130722999573,2.7832882,w05_predictions_history_2024.csv,2025-10-26 19:38:16.665126+00:00,ATL,TB,36.0,30.0,6.0,1.0,1,0.1294466333438357,-3.2167118,3.2167118,10.34723480425924,-0.4459542325671228,False,ATL,TB,,,,,,,,,0.0,0.0,0.0,0.0,0.0,0.0,0.0,0.0,1.0,5.0,1.6666666666666667,6.333333333333333,0.0,0.0,0.0,0.0,0.0,0.0,4,4,4,4,0,0,1,1,0,667.5888998463652,414.8203822864358,0.0,0.0,0.0,0,0,0.0,0.0,0.0,0.0,0.0,0.0,1,8.0,1,0,1,0,0.4459542325671228,0,0,0
2024,5,2024_05_GB_LA,LA,GB,0.5477200150489807,1.7165731,w05_predictions_history_2024.csv,2025-10-26 19:38:16.665126+00:00,LA,GB,19.0,24.0,-5.0,0.0,1,0.2999972148852556,6.7165731,6.7165731,45.112354207643605,-0.7934538551886864,True,LA,GB,,,,,,,,,0.0,0.0,0.0,0.0,0.0,0.0,0.0,0.0,1.0,7.0,1.6666666666666667,5.666666666666667,0.0,0.6666666666666666,0.0,0.0,0.0,0.0,7,7,7,7,0,0,1,1,0,0.0,0.0,,0.0,0.0,0,0,0.0,0.0,0.0,0.0,0.0,0.0,1,8.0,0,0,1,0,0.7934538551886864,0,0,0
2024,5,2024_05_NYJ_MIN,MIN,NYJ,0.7794144749641418,5.5685997,w05_predictions_history_2024.csv,2025-10-26 19:38:16.665126+00:00,MIN,NYJ,23.0,17.0,6.0,1.0,1,0.0486579738553452,-0.4314002999999999,0.43140029999999996,0.1861062188400899,-0.2492123143175468,False,MIN,NYJ,,,,,,,8.0,59.0,0.0,0.0,0.0,0.0,0.0,0.0,0.0,0.0,1.0,2.0,0.3333333333333333,0.6666666666666666,0.0,0.0,0.0,0.0,0.0,0.0,7,7,7,7,0,0,0,1,0,1625.4733457000348,1010.0219982909763,0.0,-1.0,1.0,0,1,0.0,0.0,0.0,0.0,8.0,59.0,1,1.0,0,0,1,0,0.2492123143175468,0,0,0
2024,5,2024_05_MIA_NE,NE,MIA,0.6472296714782715,4.118931,w05_predictions_history_2024.csv,2025-10-26 19:38:16.665126+00:00,NE,MIA,10.0,15.0,-5.0,0.0,1,0.4189062476418712,9.118931,9.118931,83.154902582761,-1.0419380612159097,True,NE,MIA,,,,,,,2.0,65.0,0.0,1.0,0.0,0.0,0.0,0.0,0.0,0.0,11.0,5.0,6.666666666666667,4.0,0.0,0.6666666666666666,0.0,0.0,0.0,0.0,7,6,7,6,0,0,0,0,0,1972.5474708363204,1225.6837945010352,0.0,0.0,0.0,0,0,0.0,0.0,0.0,0.0,2.0,65.0,1,12.333333333333334,1,0,0,1,1.0419380612159097,1,1,1
2024,5,2024_05_NO_KC,KC,NO,0.7766759991645813,5.779453,w05_predictions_history_2024.csv,2025-10-26 19:38:16.665126+00:00,KC,NO,26.0,13.0,13.0,1.0,1,0.049873609349138,-7.220547,7.220547,52.136298979209,-0.2527320050709575,False,KC,NO,,,,,,,1.0,70.0,0.0,0.0,0.0,0.0,0.0,0.0,0.0,0.0,1.0,3.0,0.6666666666666666,3.6666666666666665,0.0,0.0,0.0,0.0,0.0,0.0,8,8,8,8,0,1,0,0,1,1088.7540666759464,676.5202031644995,0.0,0.0,0.0,0,0,0.0,0.0,0.0,0.0,1.0,70.0,1,4.333333333333333,0,1,1,0,0.25273200507095755,0,0,0
2024,5,2024_05_DAL_PIT,PIT,DAL,0.7803025841712952,3.8371735,w05_predictions_history_2024.csv,2025-10-26 19:38:16.665126+00:00,PIT,DAL,17.0,20.0,-3.0,0.0,1,0.6088721228644012,6.8371735000000005,6.8371735000000005,46.746941469102254,-1.515504061933371,True,PIT,DAL,,,,,,,6.0,67.0,1.0,0.0,0.0,0.0,0.0,0.0,0.0,0.0,3.0,6.0,2.3333333333333335,3.0,1.0,0.0,0.0,0.0,0.0,0.0,7,10,7,10,0,1,0,0,0,1744.1695131293618,1083.7763545427047,0.0,1.0,1.0,1,0,0.0,0.0,0.0,0.0,6.0,67.0,1,7.333333333333334,0,1,0,1,1.515504061933371,1,-3,-3
2024,5,2024_05_CLE_WAS,WAS,CLE,0.7314841747283936,4.345297,w05_predictions_history_2024.csv,2025-10-26 19:38:16.665126+00:00,WAS,CLE,34.0,13.0,21.0,1.0,1,0.0721007484212918,-16.654702999999998,16.654702999999998,277.3791320182089,-0.3126796927568054,False,WAS,CLE,,,,,,,5.0,73.0,1.0,0.0,0.0,0.0,0.0,0.0,0.0,0.0,3.0,9.0,2.0,7.0,0.3333333333333333,0.0,0.0,0.0,0.0,0.0,7,7,7,7,0,1,0,0,0,501.9326467344189,311.88639063401257,0.0,0.0,0.0,0,0,0.0,0.0,0.0,0.0,5.0,73.0,1,10.333333333333334,0,1,0,1,0.31267969275680546,1,0,0
2024,5,2024_05_CAR_CHI,CHI,CAR,0.7966427206993103,6.3179455,w05_predictions_history_2024.csv,2025-10-26 19:38:16.665126+00:00,CHI,CAR,36.0,10.0,26.0,1.0,1,0.0413541830445787,-19.6820545,19.6820545,387.38326934097023,-0.2273489808760426,False,CHI,CAR,,,,,,,7.0,74.0,0.0,0.0,0.0,0.0,0.0,0.0,0.0,0.0,2.0,8.0,1.6666666666666667,5.333333333333333,0.0,0.0,0.0,0.0,0.0,0.0,7,7,7,7,0,0,0,0,0,943.1102110450423,586.021334947269,0.0,-1.0,1.0,0,1,0.0,0.0,0.0,0.0,7.0,74.0,1,7.0,0,0,0,1,0.2273489808760426,1,0,0
2024,5,2024_05_BUF_HOU,HOU,BUF,0.7358490228652954,2.6048589,w05_predictions_history_2024.csv,2025-10-26 19:38:16.665126+00:00,HOU,BUF,23.0,20.0,3.0,1.0,1,0.0697757387212192,-0.3951411,0.3951411,0.15613648890921,-0.3067303132722032,False,HOU,BUF,,,,,,,,,0.0,0.0,0.0,0.0,0.0,0.0,0.0,0.0,2.0,2.0,2.0,1.0,0.0,0.0,0.0,0.0,0.0,0.0,7,7,7,7,0,1,1,1,0,2076.2683959558644,1290.1329694634915,0.0,-1.0,1.0,0,1,0.0,0.0,0.0,0.0,0.0,0.0,1,3.0,0,1,1,0,0.3067303132722032,0,0,0
2024,5,2024_05_BAL_CIN,CIN,BAL,0.6191471219062805,0.54840463,w05_predictions_history_2024.csv,2025-10-26 19:38:16.665126+00:00,CIN,BAL,38.0,41.0,-3.0,0.0,1,0.3833431585648306,3.54840463,3.54840463,12.591175418205436,-0.9653421251649296,True,CIN,BAL,,,,,,,10.0,81.0,0.0,0.0,0.0,0.0,0.0,0.0,0.0,0.0,0.0,0.0,0.6666666666666666,0.3333333333333333,0.0,0.0,0.0,0.0,0.0,0.0,7,7,7,7,0,0,0,0,0,680.380755215459,422.76887024898497,0.0,0.0,0.0,0,0,0.0,0.0,0.0,0.0,10.0,81.0,1,1.0,0,0,0,1,0.9653421251649295,0,0,0
2024,5,2024_05_ARI_SF,SF,ARI,0.7807641625404358,2.9684384,w05_predictions_history_2024.csv,2025-10-26 19:38:16.665126+00:00,SF,ARI,23.0,24.0,-1.0,0.0,1,0.609592677507468,3.9684384,3.9684384,15.74850333459456,-1.5176072452115912,True,SF,ARI,,,,,,,3.0,89.0,0.0,0.0,0.0,0.0,0.0,0.0,0.0,0.0,3.0,4.0,2.6666666666666665,2.6666666666666665,0.0,0.0,0.0,0.0,0.0,0.0,7,7,7,7,0,0,0,0,1,978.3858210191008,607.9405759924597,0.0,-1.0,1.0,0,1,0.0,0.0,0.0,0.0,3.0,89.0,1,5.333333333333333,0,0,1,0,1.5176072452115912,1,0,0
2024,5,2024_05_NYG_SEA,SEA,NYG,0.7869170308113098,3.4060488,w05_predictions_history_2024.csv,2025-10-26 19:38:16.665126+00:00,SEA,NYG,20.0,29.0,-9.0,0.0,1,0.6192384133808879,12.4060488,12.4060488,153.91004682798146,-1.546073662411079,True,SEA,NYG,,,,,,,3.0,61.0,0.0,0.0,0.0,0.0,0.0,0.0,0.0,0.0,6.0,5.0,5.666666666666667,4.333333333333333,0.0,0.0,0.0,0.0,0.0,0.0,6,10,6,10,0,0,0,0,0,3855.3031038027907,2395.573544913044,0.0,-3.0,3.0,0,1,0.0,0.0,0.0,0.0,3.0,61.0,1,10.0,1,0,0,1,1.546073662411079,1,-4,-4
2024,5,2024_05_LV_DEN,DEN,LV,0.8016008138656616,5.369651,w05_predictions_history_2024.csv,2025-10-26 19:38:16.665126+00:00,DEN,LV,34.0,18.0,16.0,1.0,1,0.0393622370587678,-10.630349,10.630348999999999,113.00431986180098,-0.221144533350578,False,DEN,LV,,,,,,,7.0,73.0,0.0,0.0,0.0,0.0,0.0,0.0,0.0,0.0,0.0,8.0,0.0,3.3333333333333335,0.0,0.0,0.0,0.0,0.0,0.0,7,7,7,7,0,0,0,0,1,978.8951704373621,608.2570709498342,0.0,1.0,1.0,1,0,0.0,0.0,0.0,0.0,7.0,73.0,1,3.3333333333333335,0,0,1,0,0.22114453335057804,0,0,0
2024,5,2024_05_IND_JAX,JAX,IND,0.7074680328369141,2.414106,w05_predictions_history_2024.csv,2025-10-26 19:38:16.665126+00:00,JAX,IND,37.0,34.0,3.0,1.0,1,0.0855749518123047,-0.5858940000000001,0.5858940000000001,0.3432717792360001,-0.3460628337549184,False,JAX,IND,,,,,,,4.0,74.0,0.0,1.0,0.0,0.0,0.0,0.0,0.0,0.0,10.0,1.0,6.0,0.6666666666666666,0.0,0.3333333333333333,0.0,0.0,0.0,0.0,7,7,7,7,0,0,0,0,1,1126.8435245076093,700.1878876668177,0.0,0.0,0.0,0,0,0.0,0.0,0.0,0.0,4.0,74.0,1,8.0,0,0,1,0,0.3460628337549184,0,0,0
2024,6,2024_06_SF_SEA,SEA,SF,0.6937035918235779,1.92178,w06_predictions_history_2024.csv,2025-10-26 19:38:16.666126+00:00,SEA,SF,24.0,36.0,-12.0,0.0,1,0.4812246733089331,13.92178,13.92178,193.8159583684,-1.183201991701154,True,SEA,SF,,,,,,,10.0,59.0,0.0,0.0,0.0,0.0,0.0,0.0,0.0,0.0,1.0,2.0,3.6666666666666665,2.6666666666666665,0.0,0.0,0.0,0.0,0.0,0.0,4,4,4,4,0,0,0,0,0,1133.7049805847575,704.4513974909314,0.0,0.0,0.0,0,0,0.0,0.0,0.0,0.0,10.0,59.0,1,6.333333333333333,1,0,0,1,1.183201991701154,1,0,0
2024,6,2024_06_LAC_DEN,DEN,LAC,0.6281080842018127,0.8443962,w06_predictions_history_2024.csv,2025-10-26 19:38:16.666126+00:00,DEN,LAC,16.0,23.0,-7.0,0.0,1,0.3945197654396715,7.8443962,7.8443962,61.53455174257444,-0.9891520158561126,True,DEN,LAC,,,,,,,7.0,65.0,0.0,0.0,0.0,0.0,0.0,0.0,0.0,0.0,0.0,3.0,0.0,2.3333333333333335,0.0,0.6666666666666666,0.0,0.0,0.0,0.0,7,14,7,14,0,0,0,0,1,1346.7017716684152,836.8014265633748,0.0,1.0,1.0,1,0,0.0,0.0,0.0,0.0,7.0,65.0,1,3.0,0,0,1,0,0.9891520158561126,0,-7,-7
2024,6,2024_06_WAS_BAL,BAL,WAS,0.7997987866401672,3.8813605,w06_predictions_history_2024.csv,2025-10-26 19:38:16.666126+00:00,BAL,WAS,30.0,23.0,7.0,1.0,1,0.0400805258307492,-3.1186395,3.1186395,9.72591233096025,-0.2233950996496305,False,BAL,WAS,,,,,,,8.0,75.0,0.0,0.0,0.0,0.0,0.0,0.0,0.0,0.0,3.0,3.0,1.0,2.0,0.0,0.3333333333333333,0.0,0.0,0.0,0.0,7,7,7,7,0,0,0,0,0,46.161382287858196,28.683344273588734,0.0,0.0,0.0,0,0,0.0,0.0,0.0,0.0,8.0,75.0,1,3.333333333333333,0,0,0,1,0.22339509964963056,0,0,0
2024,6,2024_06_JAX_CHI,CHI,JAX,0.7581824064254761,3.2228243,w06_predictions_history_2024.csv,2025-10-26 19:38:16.666126+00:00,CHI,JAX,35.0,16.0,19.0,1.0,1,0.0584757485621736,-15.7771757,15.7771757,248.9192730686705,-0.2768312805670764,False,CHI,JAX,,,,,,,3.0,54.0,0.0,0.0,0.0,0.0,0.0,0.0,0.0,0.0,1.0,8.0,1.6666666666666667,7.666666666666667,0.0,0.0,0.0,0.0,0.0,0.0,7,7,7,7,0,0,0,0,0,1390.0115482717824,863.7128657611858,0.0,-1.0,1.0,0,1,0.0,0.0,0.0,0.0,3.0,54.0,1,9.333333333333334,0,0,0,1,0.27683128056707645,1,0,0
2024,6,2024_06_IND_TEN,TEN,IND,0.6663805842399597,1.9083129,w06_predictions_history_2024.csv,2025-10-26 19:38:16.666126+00:00,TEN,IND,17.0,20.0,-3.0,0.0,1,0.44406308305199,4.9083129,4.9083129,24.09153552430641,-1.0977544094715963,True,TEN,IND,,,,,,,12.0,80.0,0.0,1.0,0.0,0.0,0.0,0.0,0.0,0.0,0.0,2.0,0.6666666666666666,1.0,0.0,0.6666666666666666,0.0,0.0,0.0,0.0,13,7,13,7,0,1,0,0,1,403.11912155342907,250.48653167877578,0.0,-1.0,1.0,0,1,0.0,0.0,0.0,0.0,12.0,80.0,1,3.333333333333333,0,1,1,0,1.0977544094715963,1,6,6
2024,6,2024_06_HOU_NE,NE,HOU,0.5555757880210876,-1.7976604,w06_predictions_history_2024.csv,2025-10-26 19:38:16.666126+00:00,NE,HOU,21.0,41.0,-20.0,0.0,1,0.3086644562352525,18.2023396,18.2023396,331.3251669137281,-0.8109757402999813,True,NE,HOU,,,,,,,5.0,53.0,0.0,0.0,0.0,0.0,0.0,0.0,0.0,0.0,10.0,3.0,8.666666666666666,2.3333333333333335,0.0,0.0,0.0,0.0,0.0,0.0,7,7,7,7,0,0,0,0,1,2561.7926626179337,1591.8236685635682,0.0,1.0,1.0,1,0,0.0,0.0,0.0,0.0,5.0,53.0,1,11.0,0,0,1,0,0.8109757402999813,1,0,0
2024,6,2024_06_DET_DAL,DAL,DET,0.5611618757247925,-0.98720914,w06_predictions_history_2024.csv,2025-10-26 19:38:16.666126+00:00,DAL,DET,9.0,47.0,-38.0,0.0,1,0.3149026507669674,37.01279086,37.01279086,1369.9466872460998,-0.8236246713214286,True,DAL,DET,,,,,,,,,0.0,0.0,0.0,0.0,0.0,0.0,0.0,0.0,0.0,0.0,2.0,1.3333333333333333,0.0,0.0,0.0,0.0,0.0,0.0,7,13,7,13,0,0,1,0,1,1630.6862638915088,1013.2611544805308,0.0,-1.0,1.0,0,1,0.0,0.0,0.0,0.0,0.0,0.0,1,3.333333333333333,0,0,1,0,0.8236246713214286,1,-6,-6
2024,6,2024_06_CLE_PHI,PHI,CLE,0.7989526987075806,6.775073,w06_predictions_history_2024.csv,2025-10-26 19:38:16.666126+00:00,PHI,CLE,20.0,16.0,4.0,1.0,1,0.0404200173569648,2.775073,2.775073,7.701030155329,-0.2244535355845827,False,PHI,CLE,,,,,,,10.0,82.0,0.0,0.0,0.0,0.0,0.0,0.0,0.0,0.0,0.0,6.0,0.6666666666666666,6.333333333333333,0.0,0.0,0.0,0.0,0.0,0.0,14,7,14,7,0,1,0,0,0,578.6583004032051,359.56148677984,0.0,0.0,0.0,0,0,0.0,0.0,0.0,0.0,10.0,82.0,1,7.0,0,1,0,1,0.2244535355845827,0,7,7
2024,6,2024_06_CIN_NYG,NYG,CIN,0.6306415796279907,0.009049851,w06_predictions_history_2024.csv,2025-10-26 19:38:16.666126+00:00,NYG,CIN,7.0,17.0,-10.0,0.0,1,0.3977088019556873,10.009049851,10.009049851,100.18107891980311,-0.9959877774548582,True,NYG,CIN,,,,,,,2.0,63.0,0.0,0.0,0.0,0.0,0.0,0.0,0.0,0.0,4.0,1.0,4.333333333333333,1.0,0.0,0.0,0.0,0.0,0.0,0.0,7,7,7,7,0,0,0,0,0,909.6873162743019,565.2533174006793,0.0,0.0,0.0,0,0,0.0,0.0,0.0,0.0,2.0,63.0,1,5.333333333333333,0,0,0,1,0.9959877774548582,0,0,0
2024,6,2024_06_BUF_NYJ,NYJ,BUF,0.649824321269989,3.1198137,w06_predictions_history_2024.csv,2025-10-26 19:38:16.666126+00:00,NYJ,BUF,20.0,23.0,-3.0,0.0,1,0.4222716485140019,6.1198137,6.1198137,37.452119722707685,-1.049320311199432,True,NYJ,BUF,,,,,,,14.0,49.0,0.0,0.0,0.0,0.0,0.0,0.0,0.0,0.0,2.0,4.0,1.3333333333333333,2.3333333333333335,0.0,0.0,0.0,0.0,0.0,0.0,8,8,8,8,0,1,0,0,0,447.2561433688814,277.9119970612652,0.0,0.0,0.0,0,0,0.0,0.0,0.0,0.0,14.0,49.0,1,3.666666666666667,0,1,0,1,1.049320311199432,1,0,0
2024,6,2024_06_ATL_CAR,CAR,ATL,0.5938189029693604,-0.025546353,w06_predictions_history_2024.csv,2025-10-26 19:38:16.666126+00:00,CAR,ATL,20.0,38.0,-18.0,0.0,1,0.3526208895237346,17.974453647,17.974453647,323.0809839081516,-0.9009561670323308,True,CAR,ATL,,,,,,,9.0,79.0,0.0,0.0,0.0,0.0,0.0,0.0,0.0,0.0,4.0,7.0,5.333333333333333,3.3333333333333335,0.0,0.0,0.0,0.0,0.0,0.0,7,10,7,10,0,0,0,0,1,363.9477516045314,226.14657836225928,0.0,0.0,0.0,0,0,0.0,0.0,0.0,0.0,9.0,79.0,1,8.666666666666666,0,0,1,0,0.9009561670323307,1,-3,-3
2024,6,2024_06_ARI_GB,GB,ARI,0.810242235660553,6.749886,w06_predictions_history_2024.csv,2025-10-26 19:38:16.666126+00:00,GB,ARI,34.0,13.0,21.0,1.0,1,0.0360080091271051,-14.250114,14.250114,203.065749012996,-0.2104220196530427,False,GB,ARI,,,,,,,4.0,50.0,0.0,0.0,0.0,0.0,0.0,0.0,0.0,0.0,7.0,4.0,5.0,3.3333333333333335,0.3333333333333333,0.0,0.0,0.0,0.0,0.0,7,7,7,7,0,1,0,0,1,2407.2448612336416,1495.792146669609,0.0,1.0,1.0,1,0,0.0,0.0,0.0,0.0,4.0,50.0,1,8.666666666666666,0,1,1,0,0.21042201965304275,0,0,0
2024,6,2024_06_PIT_LV,LV,PIT,0.5768116116523743,-0.32782844,w06_predictions_history_2024.csv,2025-10-26 19:38:16.666126+00:00,LV,PIT,13.0,32.0,-19.0,0.0,1,0.3327116353370094,18.67217156,18.67217156,348.6499907660728,-0.8599378365563743,True,LV,PIT,,,,,,,,,0.0,0.0,0.0,0.0,0.0,0.0,0.0,0.0,5.0,2.0,4.333333333333333,2.3333333333333335,0.0,0.6666666666666666,0.0,0.0,0.0,0.0,7,7,7,7,0,0,1,1,0,3087.3261945215622,1918.3749648160576,0.0,-3.0,3.0,0,1,0.0,0.0,0.0,0.0,0.0,0.0,1,7.333333333333334,0,0,1,0,0.8599378365563743,1,0,0
2024,6,2024_06_TB_NO,NO,TB,0.5900571942329407,-0.4592736,w06_predictions_history_2024.csv,2025-10-26 19:38:16.666126+00:00,NO,TB,27.0,51.0,-24.0,0.0,1,0.3481674924660503,23.5407264,23.5407264,554.165799439657,-0.8917376271436761,True,NO,TB,,,,,,,,,0.0,0.0,0.0,0.0,1.0,0.0,0.0,0.0,3.0,3.0,3.0,6.0,0.0,0.0,0.0,0.0,0.0,0.0,6,10,6,10,0,1,1,1,0,769.0307632936804,477.85341441855746,0.0,-1.0,1.0,0,1,0.0,0.0,0.0,0.0,0.0,0.0,1,10.0,1,1,1,0,0.8917376271436761,1,-4,-4
2024,7,2024_07_SEA_ATL,ATL,SEA,0.6422313451766968,-1.0230298,w07_predictions_history_2024.csv,2025-10-26 19:38:16.668633+00:00,ATL,SEA,14.0,34.0,-20.0,0.0,1,0.4124611007274694,18.9769702,18.9769702,360.1253979716881,-1.0278687170460838,True,ATL,SEA,,,,,,,,,0.0,0.0,0.0,0.0,0.0,0.0,0.0,0.0,9.0,0.0,5.666666666666667,2.3333333333333335,0.0,0.0,0.0,0.0,0.0,0.0,7,10,7,10,0,0,1,1,0,3504.029617737988,2177.3023876034713,0.0,3.0,3.0,1,0,0.0,0.0,0.0,0.0,0.0,0.0,1,8.0,0,0,1,0,1.0278687170460838,1,-3,-3
2024,7,2024_07_TEN_BUF,BUF,TEN,0.7811535000801086,4.7356005,w07_predictions_history_2024.csv,2025-10-26 19:38:16.668633+00:00,BUF,TEN,34.0,10.0,24.0,1.0,1,0.047893790527187,-19.2643995,19.2643995,371.11708809560025,-0.2469836054581975,False,BUF,TEN,,,,,,,12.0,66.0,0.0,1.0,0.0,0.0,0.0,0.0,0.0,0.0,1.0,1.0,2.3333333333333335,1.0,0.0,0.3333333333333333,0.0,0.0,0.0,0.0,6,7,6,7,0,0,0,0,0,1003.8054366562939,623.735587980558,0.0,1.0,1.0,1,0,0.0,0.0,0.0,0.0,12.0,66.0,1,4.666666666666667,1,0,0,1,0.2469836054581975,1,-1,-1
2024,7,2024_07_CIN_CLE,CLE,CIN,0.6489306092262268,1.2565228,w07_predictions_history_2024.csv,2025-10-26 19:38:16.668633+00:00,CLE,CIN,14.0,21.0,-7.0,0.0,1,0.4211109355907219,8.256522799999999,8.256522799999999,68.17016874691983,-1.0467713805430818,True,CLE,CIN,,,,,,,8.0,62.0,0.0,0.0,0.0,0.0,0.0,0.0,0.0,0.0,3.0,0.0,6.0,0.3333333333333333,0.0,0.0,0.0,0.0,0.0,0.0,7,7,7,7,0,1,0,0,0,358.98874273433165,223.0651940615744,0.0,0.0,0.0,0,0,0.0,0.0,0.0,0.0,8.0,62.0,1,6.333333333333333,0,1,0,1,1.0467713805430818,1,0,0
2024,7,2024_07_KC_SF,SF,KC,0.6161450743675232,0.41567966,w07_predictions_history_2024.csv,2025-10-26 19:38:16.668633+00:00,SF,KC,18.0,28.0,-10.0,0.0,1,0.3796347526673607,10.41567966,10.41567966,108.48638277973772,-0.9574905956100824,True,SF,KC,,,,,,,3.0,78.0,0.0,0.0,0.0,0.0,0.0,0.0,0.0,0.0,2.0,1.0,2.3333333333333335,1.0,0.0,0.0,0.0,0.0,0.0,0.0,10,13,10,13,0,0,0,0,0,2398.784382969066,1490.5350508298716,0.0,-2.0,2.0,0,1,0.0,0.0,0.0,0.0,3.0,78.0,1,3.3333333333333335,0,0,0,1,0.9574905956100824,0,-3,-3
2024,7,2024_07_LV_LA,LA,LV,0.7103078365325928,4.216977,w07_predictions_history_2024.csv,2025-10-26 19:38:16.668633+00:00,LA,LV,20.0,15.0,5.0,1.0,1,0.0839215495744269,-0.783023,0.783023,0.613125018529,-0.3420568303310913,False,LA,LV,,,,,,,,,0.0,0.0,0.0,0.0,0.0,0.0,0.0,0.0,3.0,1.0,1.6666666666666667,4.666666666666667,0.0,0.0,0.0,0.0,0.0,0.0,14,7,14,7,0,0,1,1,1,0.0,0.0,,0.0,0.0,0,0,0.0,0.0,0.0,0.0,0.0,0.0,1,6.333333333333334,0,0,1,0,0.34205683033109135,0,7,7
2024,7,2024_07_HOU_GB,GB,HOU,0.7620264291763306,2.969684,w07_predictions_history_2024.csv,2025-10-26 19:38:16.668633+00:00,GB,HOU,24.0,22.0,2.0,1.0,1,0.056631420410568,0.969684,0.969684,0.940287059856,-0.2717740399385263,False,GB,HOU,,,,,,,3.0,72.0,0.0,0.0,0.0,0.0,0.0,0.0,0.0,0.0,6.0,1.0,6.666666666666667,2.0,0.0,0.0,0.0,0.0,0.0,0.0,7,7,7,7,0,1,0,0,1,1769.8890688751412,1099.7577406160153,0.0,0.0,0.0,0,0,0.0,0.0,0.0,0.0,3.0,72.0,1,8.666666666666668,0,1,1,0,0.2717740399385263,0,0,0
2024,7,2024_07_DET_MIN,MIN,DET,0.78451007604599,3.6759944,w07_predictions_history_2024.csv,2025-10-26 19:38:16.668633+00:00,MIN,DET,29.0,31.0,-2.0,0.0,1,0.615456059417685,5.6759944,5.6759944,32.216912428831364,-1.5348411271253792,True,MIN,DET,,,,,,,,,0.0,0.0,0.0,0.0,0.0,0.0,0.0,0.0,3.0,0.0,1.3333333333333333,0.0,0.0,0.0,0.0,0.0,0.0,0.0,14,7,14,7,0,1,1,1,1,871.5898329172895,541.5806460696491,0.0,-1.0,1.0,0,1,0.0,0.0,0.0,0.0,0.0,0.0,1,1.3333333333333333,0,1,1,0,1.5348411271253792,1,7,7
2024,7,2024_07_LAC_ARI,ARI,LAC,0.6488623023033142,1.6444328,w07_predictions_history_2024.csv,2025-10-26 19:38:16.668633+00:00,ARI,LAC,17.0,15.0,2.0,1.0,1,0.1232976827437291,-0.3555672000000001,0.3555672000000001,0.12642803371584,-0.4325347538132478,False,ARI,LAC,,,,,,,,,0.0,0.0,0.0,0.0,0.0,0.0,0.0,0.0,4.0,5.0,4.0,3.3333333333333335,0.0,0.3333333333333333,0.0,0.0,0.0,0.0,8,8,8,8,0,1,1,1,1,563.775473496483,350.31372974198314,0.0,1.0,1.0,1,0,0.0,0.0,0.0,0.0,0.0,0.0,1,7.666666666666666,0,1,1,0,0.4325347538132478,0,0,0
2024,7,2024_07_MIA_IND,IND,MIA,0.7593902945518494,3.408495,w07_predictions_history_2024.csv,2025-10-26 19:38:16.668633+00:00,IND,MIA,16.0,10.0,6.0,1.0,1,0.0578930303558458,-2.591505,2.591505,6.715898165025001,-0.2752394116824216,False,IND,MIA,,,,,,,,,0.0,1.0,0.0,0.0,0.0,0.0,0.0,0.0,1.0,5.0,1.3333333333333333,4.666666666666667,0.6666666666666666,1.0,0.0,0.0,0.0,0.0,7,14,7,14,0,1,1,1,0,1630.4068037079178,1013.0875060267925,0.0,0.0,0.0,0,0,0.0,0.0,0.0,0.0,0.0,0.0,1,8.666666666666668,0,1,1,0,0.27523941168242166,0,-7,-7
2024,7,2024_07_NE_JAX,JAX,NE,0.7401659488677979,4.51126,w07_predictions_history_2024.csv,2025-10-26 19:38:16.668633+00:00,JAX,NE,32.0,16.0,16.0,1.0,1,0.0675137341277718,-11.48874,11.48874,131.9911467876,-0.3008808626986125,False,JAX,NE,,,,,,,12.0,63.0,0.0,0.0,0.0,0.0,0.0,0.0,0.0,0.0,2.0,4.0,6.666666666666667,8.333333333333334,0.0,0.0,0.0,0.0,0.0,0.0,7,7,7,7,0,0,0,0,0,1602.9301409167106,996.0143045915573,0.0,0.0,0.0,0,0,0.0,0.0,0.0,0.0,12.0,63.0,1,15.0,0,0,0,1,0.3008808626986125,0,0,0
2024,7,2024_07_DEN_NO,NO,DEN,0.5950276255607605,-1.3666525,w07_predictions_history_2024.csv,2025-10-26 19:38:16.668633+00:00,NO,DEN,10.0,33.0,-23.0,0.0,1,0.3540578751804766,21.6333475,21.6333475,468.0017240557562,-0.9039364254632288,True,NO,DEN,,,,,,,,,0.0,0.0,1.0,0.0,0.0,0.0,0.0,0.0,7.0,0.0,4.333333333333333,0.0,0.0,0.0,0.3333333333333333,0.0,0.0,0.0,4,4,4,4,0,0,1,1,0,1740.6015603526164,1081.5593321578656,0.0,1.0,1.0,1,0,0.0,0.0,0.0,0.0,0.0,0.0,1,5.666666666666666,1,0,1,0,0.9039364254632288,1,0,0
2024,7,2024_07_CAR_WAS,WAS,CAR,0.7976220846176147,7.480164,w07_predictions_history_2024.csv,2025-10-26 19:38:16.668633+00:00,WAS,CAR,40.0,7.0,33.0,1.0,1,0.0409568206345198,-25.519836,25.519835999999998,651.2620294668959,-0.2261203718793032,False,WAS,CAR,,,,,,,2.0,76.0,0.0,0.0,0.0,0.0,0.0,0.0,0.0,0.0,3.0,7.0,3.0,6.333333333333333,0.3333333333333333,0.0,0.0,0.0,0.0,0.0,7,7,7,7,0,0,0,0,0,541.0675366767558,336.2036763323724,0.0,0.0,0.0,0,0,0.0,0.0,0.0,0.0,2.0,76.0,1,9.666666666666666,0,0,0,1,0.22612037187930326,1,0,0
2024,7,2024_07_BAL_TB,TB,BAL,0.6173132658004761,-0.021112006,w07_predictions_history_2024.csv,2025-10-26 19:38:16.668633+00:00,TB,BAL,31.0,41.0,-10.0,0.0,1,0.3810756681332492,9.978887994,9.978887994,99.57820559679736,-0.9605385508577768,True,TB,BAL,,,,,,,8.0,80.0,0.0,0.0,0.0,0.0,0.0,0.0,0.0,0.0,2.0,1.0,3.3333333333333335,1.3333333333333333,0.0,0.0,0.0,0.0,0.0,0.0,8,8,8,8,0,0,0,0,0,1368.756550016862,850.5056262405276,0.0,0.0,0.0,0,0,0.0,0.0,0.0,0.0,8.0,80.0,1,4.666666666666667,0,0,0,1,0.9605385508577767,0,0,0
2024,7,2024_07_PHI_NYG,NYG,PHI,0.5483371019363403,-1.0297699,w07_predictions_history_2024.csv,2025-10-26 19:38:16.668633+00:00,NYG,PHI,3.0,28.0,-25.0,0.0,1,0.3006735773599445,23.9702301,23.9702301,574.5719310469459,-0.7948191781417501,True,NYG,PHI,,,,,,,4.0,71.0,0.0,0.0,0.0,0.0,0.0,0.0,0.0,0.0,7.0,0.0,5.333333333333333,0.6666666666666666,0.0,0.0,0.0,0.0,0.0,0.0,7,7,7,7,0,0,0,0,0,137.4047976907053,85.37935654587125,0.0,0.0,0.0,0,0,0.0,0.0,0.0,0.0,4.0,71.0,1,6.0,0,0,0,1,0.7948191781417501,1,0,0
2024,7,2024_07_NYJ_PIT,PIT,NYJ,0.693682074546814,1.8973107,w07_predictions_history_2024.csv,2025-10-26 19:38:16.668633+00:00,PIT,NYJ,37.0,15.0,22.0,1.0,1,0.0938306714539436,-20.1026893,20.1026893,404.11811709233456,-0.3657415292781959,False,PIT,NYJ,,,,,,,4.0,60.0,0.0,0.0,0.0,0.0,0.0,0.0,0.0,0.0,2.0,0.0,2.3333333333333335,1.3333333333333333,0.3333333333333333,0.0,0.0,0.0,0.0,0.0,7,6,7,6,0,0,0,0,0,502.9470361176347,312.5167027794508,0.0,0.0,0.0,0,0,0.0,0.0,0.0,0.0,4.0,60.0,1,4.0,1,0,0,1,0.3657415292781959,1,1,1
2024,8,2024_08_NYJ_NE,NE,NYJ,0.6460127234458923,-0.48722365,w08_predictions_history_2024.csv,2025-10-26 19:38:16.671639+00:00,NE,NYJ,25.0,22.0,3.0,1.0,1,0.1253069919621943,-3.48722365,3.48722365,12.16072878511932,-0.4369360796568182,False,NE,NYJ,,,,,,,8.0,53.0,0.0,0.0,0.0,0.0,0.0,0.0,0.0,0.0,6.0,1.0,6.666666666666667,1.0,0.0,0.0,0.0,0.0,0.0,0.0,7,7,7,7,0,1,0,0,0,273.87684413964047,170.17912851989254,0.0,0.0,0.0,0,0,0.0,0.0,0.0,0.0,8.0,53.0,1,7.666666666666667,0,1,0,1,0.43693607965681824,0,0,0
2024,8,2024_08_PHI_CIN,CIN,PHI,0.6417034268379211,1.2191672,w08_predictions_history_2024.csv,2025-10-26 19:38:16.671639+00:00,CIN,PHI,17.0,37.0,-20.0,0.0,1,0.4117832880155312,21.2191672,21.2191672,450.2530566615559,-1.0263942188752722,True,CIN,PHI,,,,,,,6.0,59.0,0.0,0.0,0.0,0.0,0.0,0.0,0.0,0.0,1.0,0.0,0.6666666666666666,0.0,0.0,0.0,0.0,0.0,0.0,0.0,7,7,7,7,0,1,0,0,0,806.7358449667155,501.28225872281297,0.0,0.0,0.0,0,0,0.0,0.0,0.0,0.0,6.0,59.0,1,0.6666666666666666,0,1,0,1,1.0263942188752722,1,0,0
2024,8,2024_08_BUF_SEA,SEA,BUF,0.5834176540374756,-0.012278836,w08_predictions_history_2024.csv,2025-10-26 19:38:16.671639+00:00,SEA,BUF,10.0,31.0,-21.0,0.0,1,0.3403761590425915,20.987721164,20.987721164,440.4844396578135,-0.8756711275233501,True,SEA,BUF,,,,,,,14.0,55.0,0.0,0.0,0.0,0.0,0.0,0.0,0.0,0.0,2.0,2.0,1.0,2.3333333333333335,0.0,0.0,0.0,0.0,0.0,0.0,7,7,7,7,0,0,0,0,0,3408.6880007577993,2118.0598717188745,0.0,-3.0,3.0,0,1,0.0,0.0,0.0,0.0,14.0,55.0,1,3.3333333333333335,0,0,0,1,0.8756711275233501,1,0,0
2024,8,2024_08_BAL_CLE,CLE,BAL,0.6588170528411865,0.25524995,w08_predictions_history_2024.csv,2025-10-26 19:38:16.671639+00:00,CLE,BAL,29.0,24.0,5.0,1.0,1,0.1164058034319737,-4.74475005,4.74475005,22.512653036975006,-0.4173093963124003,False,CLE,BAL,,,,,,,4.0,52.0,0.0,0.0,0.0,0.0,0.0,0.0,0.0,0.0,2.0,4.0,3.6666666666666665,2.6666666666666665,0.0,0.0,0.0,0.0,0.0,0.0,7,6,7,6,0,1,0,0,0,496.0989291668332,308.26148771532434,0.0,0.0,0.0,0,0,0.0,0.0,0.0,0.0,4.0,52.0,1,6.333333333333333,1,1,0,1,0.4173093963124003,0,1,1
2024,8,2024_08_TEN_DET,DET,TEN,0.7442793846130371,5.965805,w08_predictions_history_2024.csv,2025-10-26 19:38:16.671639+00:00,DET,TEN,52.0,14.0,38.0,1.0,1,0.065393033133887,-32.034195,32.034195,1026.1896492980247,-0.2953387976848833,False,DET,TEN,,,,,,,,,0.0,1.0,0.0,0.0,0.0,0.0,0.0,0.0,0.0,4.0,0.0,1.6666666666666667,0.0,0.6666666666666666,0.0,0.0,0.0,0.0,7,7,7,7,0,1,1,1,0,757.5147629005538,470.69770573828004,0.0,1.0,1.0,1,0,0.0,0.0,0.0,0.0,0.0,0.0,1,3.3333333333333335,0,1,1,0,0.29533879768488336,1,0,0
2024,8,2024_08_NO_LAC,LAC,NO,0.783839225769043,4.3517475,w08_predictions_history_2024.csv,2025-10-26 19:38:16.671639+00:00,LAC,NO,26.0,8.0,18.0,1.0,1,0.0467254803161267,-13.6482525,13.6482525,186.27479630375623,-0.243551348833426,False,LAC,NO,,,,,,,,,0.0,0.0,0.0,1.0,0.0,0.0,0.0,0.0,7.0,2.0,5.0,4.0,0.0,0.0,0.0,0.6666666666666666,0.0,0.0,6,10,6,10,0,0,1,1,1,2694.2258832445445,1674.1138312975459,0.0,-2.0,2.0,0,1,0.0,0.0,0.0,0.0,0.0,0.0,1,10.666666666666668,1,0,1,0,0.24355134883342602,0,-4,-4
2024,8,2024_08_NYG_PIT,PIT,NYG,0.812201201915741,4.433826,w08_predictions_history_2024.csv,2025-10-26 19:38:16.671639+00:00,PIT,NYG,26.0,18.0,8.0,1.0,1,0.0352683885618922,-3.566174,3.566174,12.717596998276,-0.2080071839037248,False,PIT,NYG,,,,,,,7.0,54.0,1.0,0.0,0.0,0.0,0.0,0.0,0.0,0.0,2.0,6.0,2.0,5.666666666666667,0.3333333333333333,0.0,0.0,0.0,0.0,0.0,8,8,8,8,0,0,0,0,0,502.9470361176347,312.5167027794508,0.0,0.0,0.0,0,0,0.0,0.0,0.0,0.0,7.0,54.0,1,9.0,0,0,0,1,0.20800718390372486,0,0,0
2024,8,2024_08_KC_LV,LV,KC,0.5779397487640381,-0.4269388,w08_predictions_history_2024.csv,2025-10-26 19:38:16.671639+00:00,LV,KC,20.0,27.0,-7.0,0.0,1,0.3340143532014394,6.5730612,6.5730612,43.20513353894544,-0.8626071996969004,True,LV,KC,,,,,,,,,0.0,0.0,0.0,0.0,0.0,0.0,0.0,0.0,0.0,0.0,2.0,0.6666666666666666,0.0,0.0,0.0,0.0,0.0,0.0,7,7,7,7,0,1,1,1,0,1849.495136728068,1149.2226426038565,0.0,-2.0,2.0,0,1,0.0,0.0,0.0,0.0,0.0,0.0,1,2.6666666666666665,0,1,1,0,0.8626071996969004,0,0,0
2024,8,2024_08_CAR_DEN,DEN,CAR,0.8139256834983826,8.6830225,w08_predictions_history_2024.csv,2025-10-26 19:38:16.671639+00:00,DEN,CAR,28.0,14.0,14.0,1.0,1,0.0346236512615441,-5.3169775,5.3169775,28.27024973550625,-0.2058862150610398,False,DEN,CAR,,,,,,,4.0,76.0,0.0,0.0,0.0,1.0,0.0,0.0,0.0,0.0,1.0,9.0,0.3333333333333333,6.666666666666667,0.0,0.0,0.0,0.3333333333333333,0.0,0.0,10,7,10,7,0,1,0,0,0,2183.5717217082383,1356.8081442895698,0.0,-2.0,2.0,0,1,0.0,0.0,0.0,0.0,4.0,76.0,1,8.333333333333334,0,1,0,1,0.20588621506103988,0,3,3
2024,8,2024_08_ARI_MIA,MIA,ARI,0.7997820973396301,4.4482007,w08_predictions_history_2024.csv,2025-10-26 19:38:16.671639+00:00,MIA,ARI,27.0,28.0,-1.0,0.0,1,0.6396514032249776,5.4482007,5.4482007,29.68289086748049,-1.608348992221122,True,MIA,ARI,,,,,,,14.0,82.0,1.0,0.0,0.0,0.0,0.0,0.0,0.0,0.0,0.0,0.0,3.3333333333333335,2.6666666666666665,1.0,0.0,0.0,0.0,0.0,0.0,7,6,7,6,0,0,0,0,1,3190.1780374907858,1982.2841173336872,0.0,2.0,2.0,1,0,0.0,0.0,0.0,0.0,14.0,82.0,1,8.0,1,0,1,0,1.608348992221122,1,1,1
2024,8,2024_08_MIN_LA,LA,MIN,0.5755921602249146,1.3584129,w08_predictions_history_2024.csv,2025-10-26 19:38:16.671639+00:00,LA,MIN,30.0,20.0,10.0,1.0,1,0.1801220144625546,-8.6415871,8.6415871,74.67702760688643,-0.552355924240772,False,LA,MIN,,,,,,,,,0.0,0.0,0.0,0.0,0.0,0.0,0.0,0.0,3.0,2.0,2.3333333333333335,2.0,0.0,0.0,0.0,0.0,0.0,0.0,4,4,4,4,0,0,1,1,1,0.0,0.0,,0.0,0.0,0,0,0.0,0.0,0.0,0.0,0.0,0.0,1,4.333333333333334,1,0,1,0,0.552355924240772,0,0,0
2024,8,2024_08_ATL_TB,TB,ATL,0.7673224806785583,2.714097,w08_predictions_history_2024.csv,2025-10-26 19:38:16.671639+00:00,TB,ATL,26.0,31.0,-5.0,0.0,1,0.5887837893546966,7.714097000000001,7.714097000000001,59.50729252540901,-1.458101821327672,True,TB,ATL,,,,,,,6.0,79.0,0.0,0.0,0.0,0.0,0.0,0.0,0.0,0.0,1.0,7.0,2.0,7.666666666666667,0.0,0.0,0.0,0.0,0.0,0.0,6,7,6,7,0,0,0,0,1,667.5888998463652,414.8203822864358,0.0,0.0,0.0,0,0,0.0,0.0,0.0,0.0,6.0,79.0,1,9.666666666666668,1,0,1,0,1.458101821327672,1,-1,-1
2024,8,2024_08_IND_HOU,HOU,IND,0.8123373985290527,4.793263,w08_predictions_history_2024.csv,2025-10-26 19:38:16.671639+00:00,HOU,IND,23.0,20.0,3.0,1.0,1,0.0352172519908435,1.7932629999999996,1.7932629999999996,3.2157921871689985,-0.2078395096932215,False,HOU,IND,,,,,,,,,0.0,0.0,0.0,0.0,0.0,0.0,0.0,0.0,2.0,0.0,2.0,1.0,0.0,0.3333333333333333,0.0,0.0,0.0,0.0,7,7,7,7,0,0,1,1,1,1401.546145726109,870.8801301159781,0.0,-1.0,1.0,0,1,0.0,0.0,0.0,0.0,0.0,0.0,1,3.3333333333333335,0,0,1,0,0.20783950969322154,0,0,0
2024,8,2024_08_GB_JAX,JAX,GB,0.559260368347168,0.8603292,w08_predictions_history_2024.csv,2025-10-26 19:38:16.671639+00:00,JAX,GB,27.0,30.0,-3.0,0.0,1,0.31277215960381,3.8603292,3.8603292,14.90214153237264,-0.8193009823079557,True,JAX,GB,,,,,,,4.0,84.0,0.0,0.0,0.0,0.0,0.0,0.0,0.0,0.0,6.0,4.0,5.333333333333333,5.666666666666667,0.0,0.0,0.0,0.0,0.0,0.0,7,7,7,7,0,0,0,0,0,1674.0754663507696,1040.2219466018441,0.0,1.0,1.0,1,0,0.0,0.0,0.0,0.0,4.0,84.0,1,11.0,0,0,0,1,0.8193009823079557,0,0,0
2024,8,2024_08_DAL_SF,SF,DAL,0.7637122273445129,2.7438226,w08_predictions_history_2024.csv,2025-10-26 19:38:16.671639+00:00,SF,DAL,30.0,24.0,6.0,1.0,1,0.0558319115064911,-3.2561774,3.2561774,10.60269126027076,-0.269564226551423,False,SF,DAL,,,,,,,9.0,69.0,0.0,0.0,0.0,0.0,0.0,0.0,0.0,0.0,4.0,1.0,2.6666666666666665,2.3333333333333335,0.0,0.0,0.0,0.0,0.0,0.0,7,14,7,14,0,0,0,0,0,2314.8527046659333,1438.3823399509756,0.0,-2.0,2.0,0,1,0.0,0.0,0.0,0.0,9.0,69.0,1,5.0,0,0,0,1,0.26956422655142304,0,-7,-7
2024,8,2024_08_CHI_WAS,WAS,CHI,0.6794515252113342,2.721976,w08_predictions_history_2024.csv,2025-10-26 19:38:16.671639+00:00,WAS,CHI,18.0,15.0,3.0,1.0,1,0.1027513246893399,-0.2780239999999998,0.2780239999999998,0.0772973445759999,-0.38646938684468,False,WAS,CHI,,,,,,,2.0,58.0,1.0,0.0,0.0,0.0,0.0,0.0,0.0,0.0,5.0,0.0,3.6666666666666665,1.0,0.3333333333333333,0.0,0.0,0.0,0.0,0.0,7,14,7,14,0,0,0,0,0,967.3092690092653,601.0579277935562,0.0,1.0,1.0,1,0,0.0,0.0,0.0,0.0,2.0,58.0,1,6.0,0,0,0,1,0.38646938684468,0,-7,-7
2024,9,2024_09_NE_TEN,TEN,NE,0.7869507074356079,2.6408088,w09_predictions_history_2024.csv,2025-10-26 19:38:16.672640+00:00,TEN,NE,20.0,17.0,3.0,1.0,1,0.0453900010621879,-0.3591912000000001,0.35919120000000015,0.1290183181574401,-0.2395896660261562,False,TEN,NE,,,,,,,10.0,75.0,1.0,1.0,0.0,0.0,0.0,0.0,0.0,0.0,2.0,8.0,2.3333333333333335,6.0,1.0,0.3333333333333333,0.0,0.0,0.0,0.0,7,7,7,7,0,0,0,0,0,1487.949277412046,924.5685304548005,0.0,-1.0,1.0,0,1,0.0,0.0,0.0,0.0,10.0,75.0,1,11.666666666666668,0,0,0,1,0.23958966602615628,0,0,0
2024,9,2024_09_WAS_NYG,NYG,WAS,0.6467459201812744,-0.3014808,w09_predictions_history_2024.csv,2025-10-26 19:38:16.672640+00:00,NYG,WAS,22.0,27.0,-5.0,0.0,1,0.4182802852711234,4.6985192,4.6985192,22.07608267276864,-1.0405677081035127,True,NYG,WAS,,,,,,,6.0,52.0,0.0,0.0,0.0,0.0,0.0,0.0,0.0,0.0,9.0,3.0,7.333333333333333,3.6666666666666665,0.0,0.3333333333333333,0.0,0.0,0.0,0.0,6,7,6,7,0,0,0,0,0,318.7560616426511,198.06577277895576,0.0,0.0,0.0,0,0,0.0,0.0,0.0,0.0,6.0,52.0,1,11.333333333333332,1,0,0,1,1.0405677081035127,1,-1,-1
2024,9,2024_09_TB_KC,KC,TB,0.7820508480072021,5.346818,w09_predictions_history_2024.csv,2025-10-26 19:38:16.672640+00:00,KC,TB,30.0,24.0,6.0,1.0,1,0.0475018328543797,-0.6531820000000002,0.6531820000000002,0.4266467251240002,-0.2458355175236186,False,KC,TB,,,,,,,6.0,63.0,0.0,0.0,0.0,0.0,0.0,0.0,0.0,0.0,2.0,3.0,1.0,2.0,0.0,0.0,0.0,0.0,0.0,0.0,8,8,8,8,0,0,0,0,0,1655.1149886666776,1028.4404556228021,0.0,-1.0,1.0,0,1,0.0,0.0,0.0,0.0,6.0,63.0,1,3.0,0,0,0,1,0.24583551752361865,0,0,0
2024,9,2024_09_NO_CAR,CAR,NO,0.5402167439460754,0.8888735,w09_predictions_history_2024.csv,2025-10-26 19:38:16.672640+00:00,CAR,NO,23.0,22.0,1.0,1.0,1,0.2114006425475487,-0.1111265,0.11112650000000002,0.01234909900225,-0.6157848422763716,False,CAR,NO,,,,,,,7.0,66.0,0.0,0.0,0.0,0.0,0.0,0.0,0.0,0.0,2.0,6.0,6.0,5.0,0.0,0.0,0.3333333333333333,0.6666666666666666,0.0,0.0,7,7,7,7,0,1,0,0,1,1043.9477915361492,648.6788831746086,0.0,1.0,1.0,1,0,0.0,0.0,0.0,0.0,7.0,66.0,1,12.0,0,1,1,0,0.6157848422763716,0,0,0
2024,9,2024_09_IND_MIN,MIN,IND,0.8225969672203064,5.650897,w09_predictions_history_2024.csv,2025-10-26 19:38:16.672640+00:00,MIN,IND,21.0,13.0,8.0,1.0,1,0.031471836039433,-2.3491030000000004,2.3491030000000004,5.5182849046090015,-0.195288910014508,False,MIN,IND,,,,,,,,,0.0,0.0,0.0,0.0,0.0,0.0,0.0,0.0,1.0,2.0,2.0,1.0,0.0,0.0,0.0,0.0,0.0,0.0,10,7,10,7,0,1,1,1,1,821.5446587524297,510.484026153656,0.0,-1.0,1.0,0,1,0.0,0.0,0.0,0.0,0.0,0.0,1,3.0,0,1,1,0,0.19528891001450807,0,3,3
2024,9,2024_09_JAX_PHI,PHI,JAX,0.8091410994529724,9.138154,w09_predictions_history_2024.csv,2025-10-26 19:38:16.672640+00:00,PHI,JAX,28.0,23.0,5.0,1.0,1,0.0364271199180201,4.138154,4.138154,17.124318527716,-0.2117819649524817,False,PHI,JAX,,,,,,,6.0,57.0,0.0,0.0,0.0,0.0,0.0,0.0,0.0,0.0,0.0,7.0,0.0,5.0,0.0,0.0,0.0,0.0,0.0,0.0,7,7,7,7,0,0,0,0,0,1215.8237052965737,755.4775915838374,0.0,0.0,0.0,0,0,0.0,0.0,0.0,0.0,6.0,57.0,1,5.0,0,0,0,1,0.2117819649524817,0,0,0
2024,9,2024_09_LAC_CLE,CLE,LAC,0.6307617425918579,2.7261841,w09_predictions_history_2024.csv,2025-10-26 19:38:16.672640+00:00,CLE,LAC,10.0,27.0,-17.0,0.0,1,0.3978603759175172,19.7261841,19.7261841,389.1223391470929,-0.9963131592729528,True,CLE,LAC,,,,,,,10.0,57.0,0.0,0.0,0.0,0.0,0.0,0.0,0.0,0.0,6.0,2.0,3.6666666666666665,4.666666666666667,0.0,0.0,0.0,0.0,0.0,0.0,7,7,7,7,0,0,0,0,1,3303.1517996480584,2052.4827368991137,0.0,3.0,3.0,1,0,0.0,0.0,0.0,0.0,10.0,57.0,1,8.333333333333334,0,0,1,0,0.9963131592729528,1,0,0
2024,9,2024_09_LV_CIN,CIN,LV,0.7118552923202515,2.7571957,w09_predictions_history_2024.csv,2025-10-26 19:38:16.672640+00:00,CIN,LV,41.0,24.0,17.0,1.0,1,0.0830273725638477,-14.2428043,14.2428043,202.85747432809848,-0.3398806293496795,False,CIN,LV,,,,,,,7.0,67.0,0.0,0.0,0.0,0.0,0.0,0.0,0.0,0.0,0.0,1.0,0.3333333333333333,0.6666666666666666,0.0,0.0,0.0,0.0,0.0,0.0,7,7,7,7,0,0,0,0,1,2709.5749459477793,1683.6512937385176,0.0,3.0,3.0,1,0,0.0,0.0,0.0,0.0,7.0,67.0,1,1.0,0,0,1,0,0.33988062934967955,0,0,0
2024,9,2024_09_MIA_BUF,BUF,MIA,0.8015926480293274,4.909871,w09_predictions_history_2024.csv,2025-10-26 19:38:16.672640+00:00,BUF,MIA,30.0,27.0,3.0,1.0,1,0.0393654773160143,1.909871,1.9098709999999999,3.647607236641,-0.2211547203136968,False,BUF,MIA,,,,,,,9.0,54.0,0.0,0.0,0.0,0.0,0.0,0.0,0.0,0.0,3.0,3.0,2.0,2.6666666666666665,0.0,0.6666666666666666,0.0,0.0,0.0,0.0,7,7,7,7,0,0,0,0,0,1874.493622740377,1164.7559768558108,0.0,0.0,0.0,0,0,0.0,0.0,0.0,0.0,9.0,54.0,1,5.333333333333333,0,0,0,1,0.22115472031369682,0,0,0
2024,9,2024_09_DAL_ATL,ATL,DAL,0.7523121237754822,3.23996,w09_predictions_history_2024.csv,2025-10-26 19:38:16.672640+00:00,ATL,DAL,27.0,21.0,6.0,1.0,1,0.061349284028612,-2.76004,2.76004,7.617820801600001,-0.2846039829330525,False,ATL,DAL,,,,,,,,,0.0,0.0,0.0,0.0,0.0,0.0,0.0,0.0,8.0,3.0,8.0,1.3333333333333333,0.0,0.0,0.0,0.0,0.0,0.0,7,7,7,7,0,1,1,1,0,1184.9098956448079,736.2686467667099,0.0,1.0,1.0,1,0,0.0,0.0,0.0,0.0,0.0,0.0,1,9.333333333333334,0,1,1,0,0.2846039829330525,0,0,0
2024,9,2024_09_DEN_BAL,BAL,DEN,0.7091800570487976,5.243573,w09_predictions_history_2024.csv,2025-10-26 19:38:16.672640+00:00,BAL,DEN,41.0,10.0,31.0,1.0,1,0.0845762392181406,-25.756427,25.756427000000002,663.3935318063291,-0.3436458255260338,False,BAL,DEN,,,,,,,3.0,57.0,0.0,0.0,0.0,0.0,0.0,0.0,0.0,0.0,3.0,1.0,2.6666666666666665,0.6666666666666666,0.0,0.0,0.0,0.0,0.0,0.0,7,7,7,7,0,0,0,0,0,2426.4372546252303,1507.717743343734,0.0,2.0,2.0,1,0,0.0,0.0,0.0,0.0,3.0,57.0,1,3.333333333333333,0,0,0,1,0.3436458255260338,1,0,0
2024,9,2024_09_DET_GB,GB,DET,0.6683158278465271,0.09719153,w09_predictions_history_2024.csv,2025-10-26 19:38:16.672640+00:00,GB,DET,14.0,24.0,-10.0,0.0,1,0.4466460457501888,10.09719153,10.09719153,101.95327679350372,-1.1035720515222585,True,GB,DET,,,,,,,15.0,50.0,1.0,0.0,0.0,0.0,0.0,0.0,0.0,0.0,8.0,0.0,6.0,0.0,0.3333333333333333,0.0,0.0,0.0,0.0,0.0,7,7,7,7,0,0,0,0,1,470.9455844183699,292.6319287356269,0.0,-1.0,1.0,0,1,0.0,0.0,0.0,0.0,15.0,50.0,1,7.333333333333333,0,0,1,0,1.1035720515222585,1,0,0
2024,9,2024_09_HOU_NYJ,NYJ,HOU,0.624215841293335,1.0758746,w09_predictions_history_2024.csv,2025-10-26 19:38:16.672640+00:00,NYJ,HOU,21.0,13.0,8.0,1.0,1,0.141213733934876,-6.9241254,6.9241254,47.94351255492517,-0.4712590709136031,False,NYJ,HOU,,,,,,,8.0,71.0,0.0,0.0,0.0,0.0,0.0,0.0,0.0,0.0,3.0,0.0,1.3333333333333333,1.0,0.0,0.0,0.0,0.0,0.0,0.0,4,4,4,4,0,0,0,0,1,2289.340360155875,1422.529708930416,0.0,1.0,1.0,1,0,0.0,0.0,0.0,0.0,8.0,71.0,1,2.333333333333333,1,0,1,0,0.47125907091360314,0,0,0
2024,9,2024_09_LA_SEA,SEA,LA,0.7356345653533936,1.2300544,w09_predictions_history_2024.csv,2025-10-26 19:38:16.672640+00:00,SEA,LA,20.0,26.0,-6.0,0.0,1,0.5411582137426763,7.2300544,7.2300544,52.27368662695936,-1.330422910841887,True,SEA,LA,,,,,,,4.0,52.0,0.0,0.0,0.0,0.0,0.0,0.0,0.0,0.0,2.0,2.0,1.3333333333333333,2.6666666666666665,0.0,0.0,0.0,0.0,0.0,0.0,7,10,7,10,0,0,0,0,1,0.0,0.0,0.0,0.0,0.0,0,0,0.0,0.0,0.0,0.0,4.0,52.0,1,4.0,0,0,1,0,1.330422910841887,1,-3,-3
2024,9,2024_09_CHI_ARI,ARI,CHI,0.6734082102775574,4.83494,w09_predictions_history_2024.csv,2025-10-26 19:38:16.672640+00:00,ARI,CHI,29.0,9.0,20.0,1.0,1,0.1066621971141081,-15.16506,15.16506,229.9790448036,-0.3954035800551231,False,ARI,CHI,,,,,,,,,0.0,0.0,0.0,0.0,0.0,0.0,0.0,0.0,3.0,3.0,2.3333333333333335,1.3333333333333333,0.0,0.0,0.0,0.0,0.0,0.0,7,7,7,7,0,1,1,1,0,2347.498551245472,1458.66752228595,0.0,-1.0,1.0,0,1,0.0,0.0,0.0,0.0,0.0,0.0,1,3.666666666666667,0,1,1,0,0.39540358005512316,0,0,0
2024,10,2024_10_CIN_BAL,BAL,CIN,0.7953095436096191,4.074239,w10_predictions_history_2024.csv,2025-10-26 19:38:16.674641+00:00,BAL,CIN,35.0,34.0,1.0,1.0,1,0.0418981829373024,3.0742390000000004,3.0742390000000004,9.450945429121004,-0.229023877078952,False,BAL,CIN,,,,,,,6.0,69.0,0.0,0.0,0.0,0.0,0.0,0.0,0.0,0.0,1.0,3.0,2.6666666666666665,1.3333333333333333,0.0,0.0,0.0,0.0,0.0,0.0,4,4,4,4,0,0,0,0,0,680.380755215459,422.76887024898497,0.0,0.0,0.0,0,0,0.0,0.0,0.0,0.0,6.0,69.0,1,4.0,1,0,0,1,0.22902387707895208,0,0,0
2024,10,2024_10_NE_CHI,CHI,NE,0.7909348011016846,2.7946649,w10_predictions_history_2024.csv,2025-10-26 19:38:16.674641+00:00,CHI,NE,3.0,19.0,-16.0,0.0,1,0.6255778595937613,18.7946649,18.7946649,353.23942870329205,-1.5651091192143527,True,CHI,NE,,,,,,,6.0,60.0,0.0,0.0,0.0,0.0,0.0,0.0,0.0,0.0,1.0,3.0,1.3333333333333333,5.666666666666667,0.0,0.3333333333333333,0.0,0.0,0.0,0.0,7,7,7,7,0,1,0,0,0,1349.935610173514,838.8108400291267,0.0,-1.0,1.0,0,1,0.0,0.0,0.0,0.0,6.0,60.0,1,7.333333333333334,0,1,0,1,1.5651091192143527,1,0,0
2024,10,2024_10_PIT_WAS,WAS,PIT,0.6665337085723877,1.9880288,w10_predictions_history_2024.csv,2025-10-26 19:38:16.674641+00:00,WAS,PIT,27.0,28.0,-1.0,0.0,1,0.4442671846632606,2.9880288,2.9880288,8.92831610962944,-1.098213493914472,True,WAS,PIT,,,,,,,9.0,57.0,0.0,0.0,0.0,0.0,0.0,0.0,0.0,0.0,4.0,0.0,4.0,1.3333333333333333,0.3333333333333333,0.3333333333333333,0.0,0.0,0.0,0.0,7,13,7,13,0,0,0,0,0,319.3781485066335,198.45231951571537,0.0,0.0,0.0,0,0,0.0,0.0,0.0,0.0,9.0,57.0,1,6.0,0,0,0,1,1.098213493914472,1,-6,-6
2024,10,2024_10_SF_TB,TB,SF,0.6582300662994385,1.27732,w10_predictions_history_2024.csv,2025-10-26 19:38:16.674641+00:00,TB,SF,20.0,23.0,-3.0,0.0,1,0.4332668201805632,4.27732,4.27732,18.2954663824,-1.0736174767672966,True,TB,SF,,,,,,,9.0,85.0,0.0,0.0,0.0,0.0,0.0,0.0,0.0,0.0,7.0,5.0,3.6666666666666665,3.6666666666666665,0.0,0.0,0.0,0.0,0.0,0.0,6,14,6,14,0,0,0,0,0,3809.0197587502116,2366.8144165143776,0.0,3.0,3.0,1,0,0.0,0.0,0.0,0.0,9.0,85.0,1,7.333333333333333,1,0,0,1,1.0736174767672966,1,-8,-8
2024,10,2024_10_TEN_LAC,LAC,TEN,0.796604335308075,4.7877955,w10_predictions_history_2024.csv,2025-10-26 19:38:16.674641+00:00,LAC,TEN,27.0,17.0,10.0,1.0,1,0.04136979641547,-5.2122045,5.2122045,27.167075749820253,-0.2273971659846835,False,LAC,TEN,,,,,,,,,0.0,0.0,0.0,0.0,0.0,0.0,0.0,0.0,2.0,4.0,3.6666666666666665,3.3333333333333335,0.0,0.6666666666666666,0.0,0.0,0.0,0.0,7,7,7,7,0,0,1,1,0,2871.1549435695815,1784.0524184407745,0.0,-2.0,2.0,0,1,0.0,0.0,0.0,0.0,0.0,0.0,1,7.666666666666666,0,0,1,0,0.2273971659846835,0,0,0
2024,10,2024_10_NYG_CAR,CAR,NYG,0.5731118321418762,0.74842066,w10_predictions_history_2024.csv,2025-10-26 19:38:16.674641+00:00,CAR,NYG,20.0,17.0,3.0,1.0,1,0.1822335078572656,-2.25157934,2.25157934,5.069609524314837,-0.5566744117784227,False,CAR,NYG,,,,,,,,,0.0,0.0,0.0,0.0,0.0,0.0,0.0,0.0,1.0,9.0,4.0,8.0,0.0,0.0,0.3333333333333333,0.0,0.0,0.0,7,7,7,7,0,0,0,0,0,858.9329492960039,533.7160256370073,0.0,0.0,0.0,0,0,0.0,0.0,0.0,0.0,0.0,0.0,1,12.333333333333332,0,0,0,1,0.5566744117784227,0,0,0
2024,10,2024_10_PHI_DAL,DAL,PHI,0.5133567452430725,-1.0742447,w10_predictions_history_2024.csv,2025-10-26 19:38:16.674641+00:00,DAL,PHI,6.0,34.0,-28.0,0.0,1,0.2635351478865608,26.9257553,26.9257553,724.996298475478,-0.720223960768875,True,DAL,PHI,,,,,,,,,0.0,0.0,0.0,0.0,1.0,0.0,0.0,0.0,3.0,0.0,2.3333333333333335,0.0,0.0,0.0,0.0,0.0,0.0,0.0,7,7,7,7,0,0,1,0,0,2112.2733926656533,1312.5054302740498,0.0,-1.0,1.0,0,1,0.0,0.0,0.0,0.0,0.0,0.0,1,3.3333333333333335,0,0,1,0,0.720223960768875,1,0,0
2024,10,2024_10_MIN_JAX,JAX,MIN,0.4933641254901886,-1.890501,w10_predictions_history_2024.csv,2025-10-26 19:38:16.674641+00:00,JAX,MIN,7.0,12.0,-5.0,0.0,0,0.2434081603206985,3.109499,3.109499,9.668984031001,-0.679962729650532,False,JAX,MIN,,,,,,,7.0,79.0,1.0,0.0,0.0,0.0,0.0,0.0,0.0,0.0,9.0,1.0,7.333333333333333,1.3333333333333333,0.3333333333333333,0.0,0.0,0.0,0.0,0.0,7,7,7,7,0,0,0,0,1,1919.2156937004543,1192.544974810345,0.0,1.0,1.0,1,0,0.0,0.0,0.0,0.0,7.0,79.0,1,10.0,0,0,1,0,0.679962729650532,0,0,0
2024,10,2024_10_MIA_LA,LA,MIA,0.6989604234695435,2.9065695,w10_predictions_history_2024.csv,2025-10-26 19:38:16.674641+00:00,LA,MIA,15.0,23.0,-8.0,0.0,1,0.4885456735767235,10.9065695,10.9065695,118.95325825833024,-1.200513539386569,True,LA,MIA,,,,,,,,,0.0,0.0,0.0,0.0,0.0,0.0,0.0,0.0,3.0,2.0,2.6666666666666665,1.6666666666666667,0.0,0.3333333333333333,0.0,0.0,0.0,0.0,8,8,8,8,0,1,1,1,0,0.0,0.0,,0.0,0.0,0,0,0.0,0.0,0.0,0.0,0.0,0.0,1,4.666666666666667,0,1,1,0,1.200513539386569,1,0,0
2024,10,2024_10_DET_HOU,HOU,DET,0.654056191444397,1.5824107,w10_predictions_history_2024.csv,2025-10-26 19:38:16.674641+00:00,HOU,DET,23.0,26.0,-3.0,0.0,1,0.4277895015667496,4.5824107000000005,4.5824107000000005,20.99848782347449,-1.0614789201316994,True,HOU,DET,,,,,,,,,0.0,0.0,0.0,0.0,0.0,0.0,0.0,0.0,3.0,0.0,1.6666666666666667,0.0,0.0,0.0,0.0,0.0,0.0,0.0,10,7,10,7,0,1,1,1,1,1789.5388365603474,1111.9675364123395,0.0,-1.0,1.0,0,1,0.0,0.0,0.0,0.0,0.0,0.0,1,1.6666666666666667,0,1,1,0,1.0614789201316994,1,3,3
2024,10,2024_10_DEN_KC,KC,DEN,0.7388244271278381,3.4703772,w10_predictions_history_2024.csv,2025-10-26 19:38:16.674641+00:00,KC,DEN,16.0,14.0,2.0,1.0,1,0.0682126798651019,1.4703772000000002,1.4703772000000002,2.1620091102798407,-0.3026949679553373,False,KC,DEN,,,,,,,12.0,57.0,0.0,0.0,0.0,0.0,0.0,0.0,0.0,0.0,1.0,1.0,1.0,1.0,0.0,0.0,0.0,0.0,0.0,0.0,6,7,6,7,0,1,0,0,0,908.1138044158948,564.2755827637089,0.0,1.0,1.0,1,0,0.0,0.0,0.0,0.0,12.0,57.0,1,2.0,1,1,0,1,0.3026949679553373,0,-1,-1
2024,10,2024_10_BUF_IND,IND,BUF,0.5777904391288757,0.3809075,w10_predictions_history_2024.csv,2025-10-26 19:38:16.674641+00:00,IND,BUF,20.0,30.0,-10.0,0.0,1,0.333841791548739,10.3809075,10.3809075,107.76324052355623,-0.8622534984640058,True,IND,BUF,,,,,,,,,0.0,0.0,0.0,0.0,0.0,0.0,0.0,0.0,0.0,5.0,0.6666666666666666,3.3333333333333335,0.0,0.0,0.0,0.0,0.0,0.0,7,7,7,7,0,0,1,1,0,701.3834586875524,435.81934110814313,0.0,0.0,0.0,0,0,0.0,0.0,0.0,0.0,0.0,0.0,1,4.0,0,0,1,0,0.8622534984640058,0,0,0
2024,10,2024_10_ATL_NO,NO,ATL,0.6215559244155884,1.4514304,w10_predictions_history_2024.csv,2025-10-26 19:38:16.674641+00:00,NO,ATL,20.0,17.0,3.0,1.0,1,0.1432199183449398,-1.5485696,1.5485696,2.39806780604416,-0.4755293891100248,False,NO,ATL,,,,,,,,,0.0,0.0,0.0,0.0,0.0,0.0,0.0,0.0,4.0,1.0,4.0,5.333333333333333,0.0,0.0,0.3333333333333333,0.0,0.0,0.0,7,7,7,7,0,0,1,1,1,682.961240240272,424.37230880933805,0.0,-1.0,1.0,0,1,0.0,0.0,0.0,0.0,0.0,0.0,1,9.666666666666666,0,0,1,0,0.4755293891100248,0,0,0
2024,10,2024_10_NYJ_ARI,ARI,NYJ,0.6769412159919739,1.7305895,w10_predictions_history_2024.csv,2025-10-26 19:38:16.674641+00:00,ARI,NYJ,31.0,6.0,25.0,1.0,1,0.1043669779247444,-23.2694105,23.2694105,541.4654650175103,-0.3901708399846121,False,ARI,NYJ,,,,,,,,,0.0,0.0,0.0,0.0,0.0,0.0,0.0,0.0,1.0,1.0,1.3333333333333333,1.6666666666666667,0.0,0.0,0.0,0.0,0.0,0.0,7,10,7,10,0,0,1,1,0,3450.3608482100963,2143.954170613156,0.0,-2.0,2.0,0,1,0.0,0.0,0.0,0.0,0.0,0.0,1,3.0,0,0,1,0,0.39017083998461216,1,-3,-3
2024,11,2024_11_LA_NE,NE,LA,0.5768743753433228,0.6727478,w11_predictions_history_2024.csv,2025-10-26 19:38:16.676641+00:00,NE,LA,22.0,28.0,-6.0,0.0,1,0.3327840449277488,6.6727478,6.6727478,44.52556320240484,-0.8600861590232108,True,NE,LA,,,,,,,9.0,59.0,0.0,0.0,0.0,0.0,0.0,0.0,0.0,0.0,6.0,2.0,5.666666666666667,2.3333333333333335,0.3333333333333333,0.0,0.0,0.0,0.0,0.0,7,6,7,6,0,0,0,0,1,0.0,0.0,0.0,0.0,0.0,0,0,0.0,0.0,0.0,0.0,9.0,59.0,1,8.333333333333334,1,0,1,0,0.8600861590232108,0,1,1
2024,11,2024_11_KC_BUF,BUF,KC,0.7595747113227844,2.5942187,w11_predictions_history_2024.csv,2025-10-26 19:38:16.676641+00:00,BUF,KC,30.0,21.0,9.0,1.0,1,0.0578043194355224,-6.4057813,6.4057813,41.034034063429694,-0.2749965926956406,False,BUF,KC,,,,,,,3.0,50.0,0.0,0.0,0.0,0.0,0.0,0.0,0.0,0.0,3.0,3.0,3.6666666666666665,2.0,0.0,0.0,0.0,0.0,0.0,0.0,7,7,7,7,0,0,0,0,0,1380.159977791053,857.5913855600045,0.0,1.0,1.0,1,0,0.0,0.0,0.0,0.0,3.0,50.0,1,5.666666666666666,0,0,0,1,0.27499659269564064,0,0,0
2024,11,2024_11_HOU_DAL,DAL,HOU,0.562190055847168,-0.7712305,w11_predictions_history_2024.csv,2025-10-26 19:38:16.676641+00:00,DAL,HOU,10.0,34.0,-24.0,0.0,1,0.3160576588934418,23.2287695,23.2287695,539.5757324841302,-0.8259703802344014,True,DAL,HOU,,,,,,,,,0.0,0.0,0.0,0.0,1.0,0.0,0.0,0.0,3.0,1.0,3.0,1.3333333333333333,0.0,0.0,0.0,0.0,0.0,0.0,8,8,8,8,0,0,1,0,1,376.29412504614737,233.81825677404964,0.0,0.0,0.0,0,0,0.0,0.0,0.0,0.0,0.0,0.0,1,5.333333333333333,0,0,1,0,0.8259703802344014,1,0,0
2024,11,2024_11_LV_MIA,MIA,LV,0.7592882513999939,2.071396,w11_predictions_history_2024.csv,2025-10-26 19:38:16.676641+00:00,MIA,LV,34.0,19.0,15.0,1.0,1,0.0579421459140725,-12.928604,12.928604,167.148801388816,-0.2753737958182627,False,MIA,LV,,,,,,,16.0,80.0,0.0,0.0,0.0,0.0,0.0,0.0,0.0,0.0,5.0,0.0,3.3333333333333335,0.3333333333333333,0.0,0.0,0.0,0.0,0.0,0.0,6,14,6,14,0,1,0,0,1,3493.219293487807,2170.585165613812,0.0,3.0,3.0,1,0,0.0,0.0,0.0,0.0,16.0,80.0,1,3.666666666666667,1,1,1,0,0.2753737958182627,0,-8,-8
2024,11,2024_11_MIN_TEN,TEN,MIN,0.5297380685806274,-0.8057466,w11_predictions_history_2024.csv,2025-10-26 19:38:16.676641+00:00,TEN,MIN,13.0,23.0,-10.0,0.0,1,0.2806224213035335,9.1942534,9.194253400000001,84.53429558341158,-0.7544654386202209,True,TEN,MIN,,,,,,,7.0,66.0,0.0,0.0,0.0,0.0,0.0,0.0,0.0,0.0,3.0,0.0,3.0,0.6666666666666666,0.3333333333333333,0.0,0.0,0.0,0.0,0.0,7,7,7,7,0,1,0,0,1,1121.3534759248744,696.7765306889152,0.0,0.0,0.0,0,0,0.0,0.0,0.0,0.0,7.0,66.0,1,4.0,0,1,1,0,0.7544654386202209,0,0,0
2024,11,2024_11_SEA_SF,SF,SEA,0.6489105224609375,1.1318064,w11_predictions_history_2024.csv,2025-10-26 19:38:16.676641+00:00,SF,SEA,17.0,20.0,-3.0,0.0,1,0.4210848661605268,4.1318064,4.1318064,17.071824127080962,-1.0467141662395922,True,SF,SEA,,,,,,,4.0,59.0,0.0,0.0,0.0,0.0,0.0,0.0,0.0,0.0,4.0,2.0,4.333333333333333,2.0,0.0,0.0,0.0,0.0,0.0,0.0,7,14,7,14,0,0,0,0,0,1133.7049805847575,704.4513974909314,0.0,0.0,0.0,0,0,0.0,0.0,0.0,0.0,4.0,59.0,1,6.333333333333333,0,0,0,1,1.0467141662395922,1,-7,-7
2024,11,2024_11_WAS_PHI,PHI,WAS,0.8196232318878174,8.230638,w11_predictions_history_2024.csv,2025-10-26 19:38:16.676641+00:00,PHI,WAS,26.0,18.0,8.0,1.0,1,0.0325357784745961,0.2306380000000008,0.2306380000000008,0.0531938870440003,-0.1989105176215833,False,PHI,WAS,,,,,,,9.0,46.0,0.0,0.0,0.0,0.0,0.0,0.0,0.0,0.0,1.0,3.0,0.3333333333333333,3.3333333333333335,0.0,0.0,0.0,0.0,0.0,0.0,4,4,4,4,0,0,0,0,0,182.89590253639992,113.64620985494535,0.0,0.0,0.0,0,0,0.0,0.0,0.0,0.0,9.0,46.0,1,3.666666666666667,1,0,0,1,0.19891051762158335,0,0,0
2024,11,2024_11_JAX_DET,DET,JAX,0.7644994258880615,8.060978,w11_predictions_history_2024.csv,2025-10-26 19:38:16.676641+00:00,DET,JAX,52.0,6.0,46.0,1.0,1,0.0554605204070526,-37.939022,37.939022,1439.3693903164842,-0.2685340045772503,False,DET,JAX,,,,,,,,,0.0,0.0,0.0,0.0,0.0,1.0,0.0,0.0,0.0,10.0,0.0,8.666666666666666,0.0,0.3333333333333333,0.0,0.0,0.0,0.0,7,7,7,7,0,0,1,1,0,1342.0135703774474,833.8883142390049,0.0,0.0,0.0,0,0,0.0,0.0,0.0,0.0,0.0,0.0,1,10.0,0,0,1,0,0.26853400457725035,1,0,0
2024,11,2024_11_GB_CHI,CHI,GB,0.5625081658363342,-0.8480521,w11_predictions_history_2024.csv,2025-10-26 19:38:16.676641+00:00,CHI,GB,19.0,20.0,-1.0,0.0,1,0.3164154366325569,0.1519479,0.15194790000000002,0.02308816431441,-0.8266972381274208,True,CHI,GB,,,,,,,5.0,54.0,0.0,0.0,0.0,0.0,0.0,0.0,0.0,0.0,0.0,3.0,1.3333333333333333,5.0,0.0,0.3333333333333333,0.0,0.0,0.0,0.0,7,14,7,14,0,0,0,0,0,295.6568731907761,183.71260695142573,0.0,0.0,0.0,0,0,0.0,0.0,0.0,0.0,5.0,54.0,1,6.666666666666666,0,0,0,1,0.8266972381274208,0,-7,-7
2024,11,2024_11_CIN_LAC,LAC,CIN,0.7376880049705505,4.311489,w11_predictions_history_2024.csv,2025-10-26 19:38:16.676641+00:00,LAC,CIN,34.0,27.0,7.0,1.0,1,0.0688075827363299,-2.688511,2.688511,7.228091397121,-0.3042343012612858,False,LAC,CIN,,,,,,,,,0.0,0.0,0.0,0.0,0.0,0.0,0.0,0.0,1.0,2.0,1.6666666666666667,1.6666666666666667,0.0,0.0,0.0,0.0,0.0,0.0,7,10,7,10,0,1,1,1,0,3057.665330960873,1899.9445643644885,0.0,-3.0,3.0,0,1,0.0,0.0,0.0,0.0,0.0,0.0,1,3.3333333333333335,0,1,1,0,0.3042343012612858,0,-3,-3
2024,11,2024_11_BAL_PIT,PIT,BAL,0.6590966582298279,-0.2837973,w11_predictions_history_2024.csv,2025-10-26 19:38:16.676641+00:00,PIT,BAL,18.0,16.0,2.0,1.0,1,0.1162150884300707,-2.2837973,2.2837973,5.215730107487289,-0.4168850811383678,False,PIT,BAL,,,,,,,5.0,52.0,0.0,0.0,0.0,0.0,0.0,0.0,0.0,0.0,1.0,1.0,1.0,1.6666666666666667,0.3333333333333333,0.0,0.0,0.0,0.0,0.0,7,10,7,10,0,0,0,0,0,317.4016302758104,197.2241684061106,0.0,0.0,0.0,0,0,0.0,0.0,0.0,0.0,5.0,52.0,1,3.0,0,0,0,1,0.4168850811383678,0,-3,-3
2024,11,2024_11_ATL_DEN,DEN,ATL,0.8018009066581726,5.7750535,w11_predictions_history_2024.csv,2025-10-26 19:38:16.676641+00:00,DEN,ATL,38.0,6.0,32.0,1.0,1,0.0392828806015224,-26.2249465,26.2249465,687.7478189278623,-0.2208949479959056,False,DEN,ATL,,,,,,,9.0,55.0,0.0,0.0,0.0,0.0,0.0,0.0,0.0,0.0,1.0,2.0,1.0,3.6666666666666665,0.0,0.0,0.0,0.0,0.0,0.0,7,7,7,7,0,1,0,0,1,1948.5833445071466,1210.7931813597502,0.0,-2.0,2.0,0,1,0.0,0.0,0.0,0.0,9.0,55.0,1,4.666666666666666,0,1,1,0,0.2208949479959056,1,0,0
2024,11,2024_11_CLE_NO,NO,CLE,0.6999684572219849,2.619688,w11_predictions_history_2024.csv,2025-10-26 19:38:16.676641+00:00,NO,CLE,35.0,14.0,21.0,1.0,1,0.0900189266617559,-18.380312,18.380312,337.835869217344,-0.3567200060654649,False,NO,CLE,,,,,,,,,0.0,0.0,0.0,0.0,0.0,0.0,0.0,0.0,3.0,0.0,4.333333333333333,2.6666666666666665,0.0,0.0,0.0,0.0,0.0,0.0,7,14,7,14,0,0,1,1,0,1489.2981157645045,925.4066594907059,0.0,-1.0,1.0,0,1,0.0,0.0,0.0,0.0,0.0,0.0,1,7.0,0,0,1,0,0.35672000606546495,1,-7,-7
2024,11,2024_11_IND_NYJ,NYJ,IND,0.6847186088562012,2.4893527,w11_predictions_history_2024.csv,2025-10-26 19:38:16.676641+00:00,NYJ,IND,27.0,28.0,-1.0,0.0,1,0.4688395733139714,3.4893527,3.4893527,12.17558226499729,-1.1542897336977431,True,NYJ,IND,,,,,,,4.0,62.0,0.0,0.0,0.0,0.0,0.0,0.0,0.0,0.0,1.0,0.0,1.6666666666666667,0.6666666666666666,0.0,0.0,0.0,0.0,0.0,0.0,7,7,7,7,0,0,0,0,1,1031.2797152945259,640.8073079722749,0.0,0.0,0.0,0,0,0.0,0.0,0.0,0.0,4.0,62.0,1,2.3333333333333335,0,0,1,0,1.1542897336977433,1,0,0
2024,12,2024_12_TEN_HOU,HOU,TEN,0.7795317769050598,4.4692345,w12_predictions_history_2024.csv,2025-10-26 19:38:16.679147+00:00,HOU,TEN,27.0,32.0,-5.0,0.0,1,0.60766979120476,9.4692345,9.469234499999999,89.66640201599023,-1.512001707428622,True,HOU,TEN,,,,,,,,,0.0,0.0,0.0,0.0,0.0,0.0,0.0,0.0,0.0,3.0,1.3333333333333333,3.3333333333333335,0.0,0.0,0.0,0.0,0.0,0.0,6,7,6,7,0,0,1,1,0,1080.6227627179926,671.4676466928418,0.0,0.0,0.0,0,0,0.0,0.0,0.0,0.0,0.0,0.0,1,4.666666666666667,1,0,1,0,1.512001707428622,1,-1,-1
2024,12,2024_12_DAL_WAS,WAS,DAL,0.7944768667221069,3.8855424,w12_predictions_history_2024.csv,2025-10-26 19:38:16.679147+00:00,WAS,DAL,26.0,34.0,-8.0,0.0,1,0.6311934917565765,11.8855424,11.8855424,141.26611814219777,-1.5821966806861096,True,WAS,DAL,,,,,,,5.0,55.0,0.0,0.0,0.0,0.0,0.0,0.0,0.0,0.0,1.0,4.0,2.6666666666666665,3.3333333333333335,0.0,0.0,0.0,0.0,0.0,0.0,10,6,10,6,0,0,0,0,0,1943.0528737124052,1207.3567071915509,0.0,1.0,1.0,1,0,0.0,0.0,0.0,0.0,5.0,55.0,1,6.0,1,0,0,1,1.5821966806861096,1,4,4
2024,12,2024_12_BAL_LAC,LAC,BAL,0.6332666873931885,0.27475664,w12_predictions_history_2024.csv,2025-10-26 19:38:16.679147+00:00,LAC,BAL,23.0,30.0,-7.0,0.0,1,0.4010266973619423,7.27475664,7.27475664,52.922084171224085,-1.0031203637254926,True,LAC,BAL,,,,,,,,,0.0,0.0,0.0,0.0,0.0,0.0,0.0,0.0,5.0,2.0,2.6666666666666665,1.3333333333333333,0.0,0.0,0.0,0.0,0.0,0.0,8,8,8,8,0,1,1,1,0,3736.619680322634,2321.8271073817555,0.0,-3.0,3.0,0,1,0.0,0.0,0.0,0.0,0.0,0.0,1,4.0,0,1,1,0,1.0031203637254926,0,0,0
2024,12,2024_12_KC_CAR,CAR,KC,0.5281236171722412,-1.0315111,w12_predictions_history_2024.csv,2025-10-26 19:38:16.679147+00:00,CAR,KC,27.0,30.0,-3.0,0.0,1,0.278914555015092,1.9684889,1.9684889,3.8749485494232094,-0.7510382284872291,True,CAR,KC,,,,,,,5.0,61.0,0.0,0.0,0.0,0.0,0.0,0.0,0.0,0.0,3.0,2.0,2.0,2.0,0.0,0.0,0.0,0.0,0.0,0.0,14,7,14,7,0,1,0,0,0,1279.4060036277476,794.9857878801772,0.0,1.0,1.0,1,0,0.0,0.0,0.0,0.0,5.0,61.0,1,4.0,0,1,0,1,0.7510382284872291,0,7,7
2024,12,2024_12_TB_NYG,NYG,TB,0.6184298992156982,0.021151502,w12_predictions_history_2024.csv,2025-10-26 19:38:16.679147+00:00,NYG,TB,7.0,30.0,-23.0,0.0,1,0.3824555402439387,23.021151502,23.021151502,529.9734164780368,-0.9634606947200988,True,NYG,TB,,,,,,,13.0,50.0,0.0,0.0,0.0,0.0,0.0,0.0,0.0,0.0,4.0,4.0,7.333333333333333,4.666666666666667,0.0,0.0,0.0,0.0,0.0,0.0,14,14,14,14,0,0,0,0,0,1621.5563482198602,1007.5880896497227,0.0,0.0,0.0,0,0,0.0,0.0,0.0,0.0,13.0,50.0,1,12.0,0,0,0,1,0.9634606947200987,1,0,0
2024,12,2024_12_SF_GB,GB,SF,0.7972521781921387,8.078296,w12_predictions_history_2024.csv,2025-10-26 19:38:16.679147+00:00,GB,SF,38.0,10.0,28.0,1.0,1,0.0411066792478322,-19.921704,19.921704,396.87429026361593,-0.2265842409638256,False,GB,SF,,,,,,,11.0,43.0,0.0,0.0,0.0,0.0,0.0,1.0,0.0,0.0,1.0,2.0,4.0,3.6666666666666665,0.3333333333333333,0.0,0.0,0.0,0.0,0.0,7,7,7,7,0,0,0,0,0,2931.6898174359662,1821.667033550004,0.0,2.0,2.0,1,0,0.0,0.0,0.0,0.0,11.0,43.0,1,9.0,0,0,0,1,0.22658424096382565,1,0,0
2024,12,2024_12_PIT_CLE,CLE,PIT,0.6153734922409058,-0.3597124,w12_predictions_history_2024.csv,2025-10-26 19:38:16.679147+00:00,CLE,PIT,24.0,19.0,5.0,1.0,1,0.1479375504709565,-5.3597124,5.3597124,28.726517010713764,-0.4855258910535857,False,CLE,PIT,,,,,,,13.0,36.0,0.0,0.0,0.0,0.0,0.0,0.0,0.0,0.0,2.0,0.0,2.6666666666666665,0.3333333333333333,0.0,0.0,0.0,0.0,0.0,0.0,4,4,4,4,0,0,0,0,0,183.98510450821584,114.32300837337459,0.0,0.0,0.0,0,0,0.0,0.0,0.0,0.0,13.0,36.0,1,3.0,1,0,0,1,0.4855258910535857,0,0,0
2024,12,2024_12_PHI_LA,LA,PHI,0.5007030963897705,-1.9120283,w12_predictions_history_2024.csv,2025-10-26 19:38:16.679147+00:00,LA,PHI,20.0,37.0,-17.0,0.0,1,0.2507035907343038,15.0879717,15.0879717,227.6468900200009,-0.6945543629563898,True,LA,PHI,,,,,,,,,0.0,0.0,0.0,0.0,0.0,0.0,0.0,0.0,1.0,0.0,2.0,0.3333333333333333,0.0,0.0,0.0,0.0,0.0,0.0,7,10,7,10,0,0,1,1,0,0.0,0.0,,0.0,0.0,0,0,0.0,0.0,0.0,0.0,0.0,0.0,1,2.3333333333333335,0,0,1,0,0.6945543629563898,0,-3,-3
2024,12,2024_12_NE_MIA,MIA,NE,0.785673975944519,4.4546247,w12_predictions_history_2024.csv,2025-10-26 19:38:16.679147+00:00,MIA,NE,34.0,15.0,19.0,1.0,1,0.0459356445874306,-14.5453753,14.5453753,211.5679426178501,-0.241213361476289,False,MIA,NE,,,,,,,6.0,77.0,0.0,0.0,0.0,0.0,0.0,0.0,0.0,0.0,3.0,9.0,3.3333333333333335,6.0,0.0,0.0,0.0,0.0,0.0,0.0,7,7,7,7,0,0,0,0,0,1972.5474708363204,1225.6837945010352,0.0,0.0,0.0,0,0,0.0,0.0,0.0,0.0,6.0,77.0,1,9.333333333333334,0,0,0,1,0.241213361476289,0,0,0
2024,12,2024_12_DEN_LV,LV,DEN,0.5152015686035156,-0.43474343,w12_predictions_history_2024.csv,2025-10-26 19:38:16.679147+00:00,LV,DEN,19.0,29.0,-10.0,0.0,1,0.265432656291523,9.56525657,9.56525657,91.49413324992818,-0.7240220798005746,True,LV,DEN,,,,,,,,,0.0,0.0,0.0,0.0,0.0,0.0,0.0,0.0,4.0,1.0,1.6666666666666667,1.0,0.0,0.0,0.0,0.0,0.0,0.0,7,7,7,7,0,0,1,1,0,978.8951704373621,608.2570709498342,0.0,-1.0,1.0,0,1,0.0,0.0,0.0,0.0,0.0,0.0,1,2.666666666666667,0,0,1,0,0.7240220798005746,0,0,0
2024,12,2024_12_MIN_CHI,CHI,MIN,0.5691990256309509,-0.14452009,w12_predictions_history_2024.csv,2025-10-26 19:38:16.679147+00:00,CHI,MIN,27.0,30.0,-3.0,0.0,1,0.3239875307792239,2.85547991,2.85547991,8.153765516413609,-0.8421090719358665,True,CHI,MIN,,,,,,,5.0,47.0,0.0,0.0,0.0,0.0,0.0,0.0,0.0,0.0,2.0,0.0,1.0,0.3333333333333333,0.0,0.0,0.0,0.0,0.0,0.0,7,7,7,7,0,1,0,0,1,571.9881299076998,355.4168362688773,0.0,0.0,0.0,0,0,0.0,0.0,0.0,0.0,5.0,47.0,1,1.3333333333333333,0,1,1,0,0.8421090719358665,0,0,0
2024,12,2024_12_DET_IND,IND,DET,0.5647903680801392,0.3336663,w12_predictions_history_2024.csv,2025-10-26 19:38:16.679147+00:00,IND,DET,6.0,24.0,-18.0,0.0,1,0.3189881598760991,18.3336663,18.3336663,336.1233199997557,-0.8319274515165191,True,IND,DET,,,,,,,,,0.0,0.0,0.0,0.0,0.0,0.0,0.0,0.0,0.0,0.0,0.0,0.0,0.0,0.0,0.0,0.0,0.0,0.0,7,7,7,7,0,0,1,1,1,388.10637712650237,241.1580476614719,0.0,0.0,0.0,0,0,0.0,0.0,0.0,0.0,0.0,0.0,0,0.0,0,0,1,0,0.8319274515165191,1,0,0
2024,12,2024_12_ARI_SEA,SEA,ARI,0.7759652733802795,3.581757,w12_predictions_history_2024.csv,2025-10-26 19:38:16.679147+00:00,SEA,ARI,16.0,6.0,10.0,1.0,1,0.0501915587315728,-6.418243,6.418243,41.19384320704901,-0.253647510598874,False,SEA,ARI,,,,,,,5.0,45.0,0.0,0.0,0.0,0.0,0.0,0.0,0.0,0.0,1.0,3.0,1.6666666666666667,2.3333333333333335,0.0,0.0,0.0,0.0,0.0,0.0,7,14,7,14,0,0,0,0,1,1777.0604520662819,1104.2138301608777,0.0,-1.0,1.0,0,1,0.0,0.0,0.0,0.0,5.0,45.0,1,4.0,0,0,1,0,0.253647510598874,0,-7,-7
2024,13,2024_13_ARI_MIN,MIN,ARI,0.774963915348053,7.162557,w13_predictions_history_2024.csv,2025-10-26 19:38:16.680652+00:00,MIN,ARI,23.0,22.0,1.0,1.0,1,0.0506412393954782,6.162557,6.162557,37.977108778249,-0.2549388115540016,False,MIN,ARI,,,,,,,,,0.0,0.0,0.0,0.0,0.0,0.0,0.0,0.0,0.0,4.0,0.0,2.6666666666666665,0.0,0.0,0.0,0.0,0.0,0.0,7,7,7,7,0,1,1,1,1,2064.170171080531,1282.6154833744806,0.0,1.0,1.0,1,0,0.0,0.0,0.0,0.0,0.0,0.0,1,2.6666666666666665,0,1,1,0,0.2549388115540016,0,0,0
2024,13,2024_13_CHI_DET,DET,CHI,0.7825270891189575,5.1401987,w13_predictions_history_2024.csv,2025-10-26 19:38:16.680652+00:00,DET,CHI,23.0,20.0,3.0,1.0,1,0.0472944669670738,2.1401987,2.1401987,4.58045047548169,-0.2452267384846677,False,DET,CHI,,,,,,,,,0.0,0.0,0.0,0.0,0.0,0.0,0.0,0.0,0.0,0.0,0.0,0.6666666666666666,0.0,0.0,0.0,0.0,0.0,0.0,4,4,4,4,0,0,1,1,0,380.8011147087137,236.61876944766817,0.0,1.0,1.0,1,0,0.0,0.0,0.0,0.0,0.0,0.0,1,0.6666666666666666,1,0,1,0,0.2452267384846677,0,0,0
2024,13,2024_13_TB_CAR,CAR,TB,0.5317342281341553,0.5917565,w13_predictions_history_2024.csv,2025-10-26 19:38:16.680652+00:00,CAR,TB,23.0,26.0,-3.0,0.0,1,0.2827412893694259,3.5917565,3.5917565,12.900714755292247,-0.7587192556499687,True,CAR,TB,,,,,,,7.0,51.0,0.0,0.0,0.0,0.0,0.0,0.0,0.0,0.0,3.0,4.0,2.3333333333333335,5.0,0.0,0.0,0.0,0.0,0.0,0.0,7,7,7,7,0,1,0,0,0,821.0424088253201,510.171942614198,0.0,0.0,0.0,0,0,0.0,0.0,0.0,0.0,7.0,51.0,1,7.333333333333334,0,1,0,1,0.7587192556499687,0,0,0
2024,13,2024_13_CLE_DEN,DEN,CLE,0.7569721341133118,4.5074472,w13_predictions_history_2024.csv,2025-10-26 19:38:16.680652+00:00,DEN,CLE,41.0,32.0,9.0,1.0,1,0.0590625435974381,-4.4925528,4.4925528,20.183030660787843,-0.2784288371689758,False,DEN,CLE,,,,,,,4.0,48.0,0.0,0.0,0.0,0.0,0.0,0.0,0.0,0.0,0.0,2.0,0.6666666666666666,1.3333333333333333,0.0,0.0,0.0,0.0,0.0,0.0,8,11,8,11,0,0,0,0,0,1971.8552433254629,1225.2536644003862,0.0,-2.0,2.0,0,1,0.0,0.0,0.0,0.0,4.0,48.0,1,2.0,0,0,0,1,0.2784288371689758,0,-3,-3
2024,13,2024_13_HOU_JAX,JAX,HOU,0.5850303769111633,-0.2179306,w13_predictions_history_2024.csv,2025-10-26 19:38:16.680652+00:00,JAX,HOU,20.0,23.0,-3.0,0.0,1,0.3422605419088178,2.7820694,2.7820694,7.739910146416361,-0.8795499588067947,True,JAX,HOU,,,,,,,,,1.0,0.0,0.0,0.0,0.0,0.0,0.0,0.0,2.0,5.0,7.0,2.0,0.6666666666666666,0.0,0.0,0.0,0.0,0.0,14,7,14,7,0,0,0,0,1,1327.3673175220954,824.787557456022,0.0,1.0,1.0,1,0,0.0,0.0,0.0,0.0,0.0,0.0,1,10.666666666666668,0,0,1,0,0.8795499588067947,0,7,7
2024,13,2024_13_IND_NE,NE,IND,0.6275587677955627,-0.48598054,w13_predictions_history_2024.csv,2025-10-26 19:38:16.680652+00:00,NE,IND,24.0,25.0,-1.0,0.0,1,0.393830007037085,0.51401946,0.51401946,0.2642160052586916,-0.9876760195029988,True,NE,IND,,,,,,,9.0,36.0,0.0,0.0,0.0,0.0,0.0,0.0,0.0,0.0,11.0,0.0,8.666666666666666,0.0,0.0,0.0,0.0,0.0,0.0,0.0,7,7,7,7,0,0,0,0,1,1276.5704724187033,793.2238710172821,0.0,0.0,0.0,0,0,0.0,0.0,0.0,0.0,9.0,36.0,1,8.666666666666666,0,0,1,0,0.9876760195029988,0,0,0
2024,13,2024_13_LAC_ATL,ATL,LAC,0.6194312572479248,2.170558,w13_predictions_history_2024.csv,2025-10-26 19:38:16.680652+00:00,ATL,LAC,13.0,17.0,-4.0,0.0,1,0.3836950824557448,6.170558,6.170558,38.075786031364,-0.9660884537352096,True,ATL,LAC,,,,,,,,,0.0,0.0,0.0,0.0,0.0,0.0,0.0,0.0,4.0,0.0,2.3333333333333335,2.0,0.0,0.0,0.0,0.0,0.0,0.0,14,6,14,6,0,0,1,1,1,3119.4593339875264,1938.3415658191632,0.0,3.0,3.0,1,0,0.0,0.0,0.0,0.0,0.0,0.0,1,4.333333333333334,1,0,1,0,0.9660884537352095,0,8,8
2024,13,2024_13_LA_NO,NO,LA,0.7116296291351318,1.1289909,w13_predictions_history_2024.csv,2025-10-26 19:38:16.680652+00:00,NO,LA,14.0,21.0,-7.0,0.0,1,0.5064167290630053,8.1289909,8.1289909,66.0804930522828,-1.243509615101264,True,NO,LA,,,,,,,,,0.0,0.0,0.0,0.0,0.0,0.0,0.0,0.0,1.0,1.0,2.6666666666666665,1.3333333333333333,0.0,0.0,0.0,0.0,0.0,0.0,14,7,14,7,0,0,1,1,1,0.0,0.0,0.0,0.0,0.0,0,0,0.0,0.0,0.0,0.0,0.0,0.0,1,4.0,0,0,1,0,1.2435096151012641,1,7,7
2024,13,2024_13_TEN_WAS,WAS,TEN,0.7381009459495544,4.575326,w13_predictions_history_2024.csv,2025-10-26 19:38:16.680652+00:00,WAS,TEN,42.0,19.0,23.0,1.0,1,0.0685911145125182,-18.424674,18.424674,339.468612006276,-0.3036746806061463,False,WAS,TEN,,,,,,,6.0,42.0,0.0,0.0,0.0,0.0,0.0,0.0,0.0,0.0,3.0,1.0,2.3333333333333335,2.3333333333333335,0.0,0.0,0.0,0.0,0.0,0.0,7,7,7,7,0,1,0,0,0,924.5655352974303,574.4982112332996,0.0,1.0,1.0,1,0,0.0,0.0,0.0,0.0,6.0,42.0,1,4.666666666666667,0,1,0,1,0.3036746806061463,1,0,0
2024,13,2024_13_LV_KC,KC,LV,0.8006471395492554,4.22256,w13_predictions_history_2024.csv,2025-10-26 19:38:16.680652+00:00,KC,LV,19.0,17.0,2.0,1.0,1,0.039741562969894,2.22256,2.2225599999999996,4.939772953599999,-0.2223349538806773,False,KC,LV,,,,,,,5.0,37.0,0.0,0.0,0.0,0.0,0.0,0.0,0.0,0.0,0.0,2.0,1.6666666666666667,2.0,0.0,0.0,0.0,0.0,0.0,0.0,5,5,5,5,0,0,0,0,1,1849.495136728068,1149.2226426038565,0.0,2.0,2.0,1,0,0.0,0.0,0.0,0.0,5.0,37.0,1,3.666666666666667,1,0,1,0,0.2223349538806773,0,0,0
2024,13,2024_13_SEA_NYJ,NYJ,SEA,0.6385049819946289,1.520775,w13_predictions_history_2024.csv,2025-10-26 19:38:16.680652+00:00,NYJ,SEA,21.0,26.0,-5.0,0.0,1,0.4076886120319614,6.520775,6.520775,42.520506600625005,-1.0175070189295383,True,NYJ,SEA,,,,,,,12.0,37.0,0.0,0.0,0.0,0.0,0.0,0.0,0.0,0.0,3.0,0.0,1.6666666666666667,1.0,0.0,0.0,0.0,0.0,0.0,0.0,14,7,14,7,0,0,0,0,0,3855.3031038027907,2395.573544913044,0.0,3.0,3.0,1,0,0.0,0.0,0.0,0.0,12.0,37.0,1,2.666666666666667,0,0,0,1,1.0175070189295383,1,7,7
2024,13,2024_13_SF_BUF,BUF,SF,0.8029194474220276,6.8571334,w13_predictions_history_2024.csv,2025-10-26 19:38:16.680652+00:00,BUF,SF,35.0,10.0,25.0,1.0,1,0.0388407442044389,-18.1428666,18.142866599999998,329.1636084653955,-0.2195008846101452,False,BUF,SF,,,,,,,11.0,28.0,0.0,1.0,0.0,0.0,0.0,0.0,0.0,0.0,1.0,5.0,3.0,3.6666666666666665,0.0,0.3333333333333333,0.0,0.0,0.0,0.0,14,7,14,7,0,1,0,0,0,3680.9343472062224,2287.2258562578777,0.0,3.0,3.0,1,0,0.0,0.0,0.0,0.0,11.0,28.0,1,8.0,0,1,0,1,0.2195008846101452,1,7,7
2024,13,2024_13_PIT_CIN,CIN,PIT,0.6973575353622437,1.5011184,w13_predictions_history_2024.csv,2025-10-26 19:38:16.680652+00:00,CIN,PIT,38.0,44.0,-6.0,0.0,1,0.4863075321265029,7.5011184,7.5011184,56.26677725081856,-1.1952031548967217,True,CIN,PIT,,,,,,,9.0,32.0,0.0,0.0,0.0,0.0,0.0,0.0,0.0,0.0,1.0,3.0,2.0,1.3333333333333333,0.0,0.0,0.0,0.0,0.0,0.0,14,10,14,10,0,1,0,0,0,412.86006782260256,256.5392732029984,0.0,0.0,0.0,0,0,0.0,0.0,0.0,0.0,9.0,32.0,1,3.333333333333333,0,1,0,1,1.1952031548967215,1,4,4
2024,13,2024_13_PHI_BAL,BAL,PHI,0.7060235738754272,2.8952363,w13_predictions_history_2024.csv,2025-10-26 19:38:16.680652+00:00,BAL,PHI,19.0,24.0,-5.0,0.0,1,0.4984692868678309,7.8952363,7.8952363000000005,62.3347562328377,-1.2242556981080566,True,BAL,PHI,,,,,,,7.0,41.0,0.0,0.0,0.0,0.0,0.0,0.0,0.0,0.0,1.0,4.0,1.3333333333333333,1.6666666666666667,0.0,0.0,0.0,0.0,0.0,0.0,6,7,6,7,0,1,0,0,0,142.63335756636633,88.62823202437062,0.0,0.0,0.0,0,0,0.0,0.0,0.0,0.0,7.0,41.0,1,3.0,1,1,0,1,1.2242556981080566,1,-1,-1
2024,13,2024_13_NYG_DAL,DAL,NYG,0.7817244529724121,3.8783374,w13_predictions_history_2024.csv,2025-10-26 19:38:16.680652+00:00,DAL,NYG,27.0,20.0,7.0,1.0,1,0.0476442144301927,-3.1216626,3.1216626,9.74477738823876,-0.2462529624587386,False,DAL,NYG,,,,,,,,,0.0,1.0,0.0,0.0,0.0,0.0,0.0,0.0,2.0,6.0,3.0,6.333333333333333,0.0,0.3333333333333333,0.0,0.0,0.0,0.0,4,4,4,4,0,0,1,0,0,2229.039273710148,1385.0603625445483,0.0,-1.0,1.0,0,1,0.0,0.0,0.0,0.0,0.0,0.0,1,10.666666666666666,1,0,1,0,0.24625296245873865,0,0,0
2024,13,2024_13_MIA_GB,GB,MIA,0.7850978970527649,4.73256,w13_predictions_history_2024.csv,2025-10-26 19:38:16.680652+00:00,GB,MIA,30.0,17.0,13.0,1.0,1,0.046182913851144,-8.26744,8.26744,68.3505641536,-0.2419468593539704,False,GB,MIA,,,,,,,10.0,27.0,0.0,0.0,0.0,0.0,0.0,0.0,0.0,0.0,2.0,1.0,2.0,3.0,0.0,0.0,0.0,0.0,0.0,0.0,4,4,4,4,0,0,0,0,0,2178.3288863684156,1353.5503984516288,0.0,-1.0,1.0,0,1,0.0,0.0,0.0,0.0,10.0,27.0,1,5.0,1,0,0,1,0.24194685935397045,0,0,0
2024,14,2024_14_ATL_MIN,MIN,ATL,0.8024643063545227,7.357904,w14_predictions_history_2024.csv,2025-10-26 19:38:16.682657+00:00,MIN,ATL,42.0,21.0,21.0,1.0,1,0.0390203502639998,-13.642096,13.642095999999999,186.106783273216,-0.2200679030300445,False,MIN,ATL,,,,,,,,,0.0,0.0,0.0,0.0,0.0,0.0,0.0,0.0,3.0,7.0,1.0,4.333333333333333,0.0,0.0,0.0,0.0,0.0,0.0,7,7,7,7,0,0,1,1,1,1459.4990087472638,906.8903585642961,0.0,-1.0,1.0,0,1,0.0,0.0,0.0,0.0,0.0,0.0,1,5.333333333333333,0,0,1,0,0.22006790303004456,0,0,0
2024,14,2024_14_SEA_ARI,ARI,SEA,0.6704461574554443,2.0428414,w14_predictions_history_2024.csv,2025-10-26 19:38:16.682657+00:00,ARI,SEA,18.0,30.0,-12.0,0.0,1,0.4494980500467704,14.0428414,14.0428414,197.201394585554,-1.110015531577009,True,ARI,SEA,,,,,,,,,0.0,0.0,0.0,0.0,0.0,0.0,0.0,0.0,4.0,4.0,3.6666666666666665,1.6666666666666667,0.0,0.0,0.0,0.0,0.0,0.0,7,7,7,7,0,1,1,1,0,1777.0604520662819,1104.2138301608777,0.0,1.0,1.0,1,0,0.0,0.0,0.0,0.0,0.0,0.0,1,5.333333333333333,0,1,1,0,1.110015531577009,1,0,0
2024,14,2024_14_NYJ_MIA,MIA,NYJ,0.7946820259094238,2.6818624,w14_predictions_history_2024.csv,2025-10-26 19:38:16.682657+00:00,MIA,NYJ,32.0,26.0,6.0,1.0,1,0.0421554704846585,-3.3181376,3.3181376,11.01003713253376,-0.2298132117456338,False,MIA,NYJ,,,,,,,12.0,77.0,0.0,0.0,0.0,0.0,0.0,0.0,0.0,0.0,4.0,4.0,2.6666666666666665,2.6666666666666665,0.0,0.0,0.0,0.0,0.0,0.0,10,7,10,7,0,0,0,0,0,1746.9720204594903,1085.517751324934,0.0,0.0,0.0,0,0,0.0,0.0,0.0,0.0,12.0,77.0,1,5.333333333333333,0,0,0,1,0.2298132117456338,0,3,3
2024,14,2024_14_BUF_LA,LA,BUF,0.5886913537979126,-0.20334439,w14_predictions_history_2024.csv,2025-10-26 19:38:16.682657+00:00,LA,BUF,44.0,42.0,2.0,1.0,1,0.1691748024405939,-2.20334439,2.20334439,4.854726500944471,-0.5298532499966409,False,LA,BUF,,,,,,,,,0.0,0.0,0.0,0.0,0.0,0.0,0.0,0.0,2.0,3.0,1.3333333333333333,2.3333333333333335,0.0,0.0,0.0,0.0,0.0,0.0,7,7,7,7,0,0,1,1,0,0.0,0.0,,0.0,0.0,0,0,0.0,0.0,0.0,0.0,0.0,0.0,1,3.666666666666667,0,0,1,0,0.5298532499966409,0,0,0
2024,14,2024_14_LV_TB,TB,LV,0.784927248954773,4.2690353,w14_predictions_history_2024.csv,2025-10-26 19:38:16.682657+00:00,TB,LV,28.0,13.0,15.0,1.0,1,0.0462562882421622,-10.7309647,10.730964700000001,115.15360339264612,-0.242164241985195,False,TB,LV,,,,,,,4.0,71.0,0.0,0.0,0.0,0.0,0.0,0.0,0.0,0.0,6.0,2.0,4.666666666666667,2.6666666666666665,0.0,0.0,0.0,0.0,0.0,0.0,7,9,7,9,0,1,0,0,1,3192.9966183452393,1984.0355017377997,0.0,3.0,3.0,1,0,0.0,0.0,0.0,0.0,4.0,71.0,1,7.333333333333334,0,1,1,0,0.24216424198519504,0,-2,-2
2024,14,2024_14_LAC_KC,KC,LAC,0.7361853122711182,4.513144,w14_predictions_history_2024.csv,2025-10-26 19:38:16.682657+00:00,KC,LAC,19.0,17.0,2.0,1.0,1,0.0695981894614874,2.513144,2.5131439999999996,6.315892764735998,-0.3062734089682123,False,KC,LAC,,,,,,,10.0,50.0,0.0,0.0,0.0,0.0,0.0,0.0,0.0,0.0,0.0,2.0,0.6666666666666666,2.3333333333333335,0.0,0.0,0.0,0.0,0.0,0.0,9,7,9,7,0,1,0,0,1,2199.118387404246,1366.4683914997636,0.0,2.0,2.0,1,0,0.0,0.0,0.0,0.0,10.0,50.0,1,3.0,0,1,1,0,0.3062734089682123,0,2,2
2024,14,2024_14_JAX_TEN,TEN,JAX,0.7987319231033325,4.172815,w14_predictions_history_2024.csv,2025-10-26 19:38:16.682657+00:00,TEN,JAX,6.0,10.0,-4.0,0.0,1,0.6379726849843479,8.172815,8.172815,66.794905024225,-1.6031175436282854,True,TEN,JAX,,,,,,,9.0,53.0,0.0,0.0,0.0,0.0,0.0,0.0,0.0,0.0,0.0,5.0,1.3333333333333333,5.666666666666667,0.0,0.3333333333333333,0.0,0.0,0.0,0.0,7,7,7,7,0,0,0,0,0,805.9221089754641,500.7766267761931,0.0,-1.0,1.0,0,1,0.0,0.0,0.0,0.0,9.0,53.0,1,7.333333333333334,0,0,0,1,1.6031175436282854,1,0,0
2024,14,2024_14_GB_DET,DET,GB,0.7542799711227417,4.525059,w14_predictions_history_2024.csv,2025-10-26 19:38:16.682657+00:00,DET,GB,34.0,31.0,3.0,1.0,1,0.0603783325914406,1.5250589999999995,1.5250589999999997,2.3258049534809992,-0.2819916654079499,False,DET,GB,,,,,,,,,0.0,0.0,0.0,0.0,0.0,0.0,0.0,0.0,0.0,4.0,0.0,2.3333333333333335,0.0,0.0,0.0,0.0,0.0,0.0,7,7,7,7,0,0,1,1,0,470.9455844183699,292.6319287356269,0.0,1.0,1.0,1,0,0.0,0.0,0.0,0.0,0.0,0.0,1,2.3333333333333335,0,0,1,0,0.2819916654079499,0,0,0
2024,14,2024_14_CLE_PIT,PIT,CLE,0.7914584279060364,4.204837,w14_predictions_history_2024.csv,2025-10-26 19:38:16.682657+00:00,PIT,CLE,27.0,14.0,13.0,1.0,1,0.0434895872914218,-8.795162999999999,8.795162999999999,77.35489219656898,-0.2338779242166622,False,PIT,CLE,,,,,,,12.0,49.0,0.0,0.0,0.0,0.0,0.0,0.0,0.0,0.0,1.0,4.0,1.3333333333333333,2.6666666666666665,0.0,0.0,0.0,0.0,0.0,0.0,7,6,7,6,0,1,0,0,0,183.98510450821584,114.32300837337459,0.0,0.0,0.0,0,0,0.0,0.0,0.0,0.0,12.0,49.0,1,4.0,1,1,0,1,0.2338779242166622,0,1,1
2024,14,2024_14_CIN_DAL,DAL,CIN,0.5981706380844116,0.043857057,w14_predictions_history_2024.csv,2025-10-26 19:38:16.682657+00:00,DAL,CIN,20.0,27.0,-7.0,0.0,1,0.3578081122663121,7.043857057,7.043857057,49.61592223944871,-0.9117277533240116,True,DAL,CIN,,,,,,,,,0.0,0.0,0.0,0.0,0.0,0.0,0.0,0.0,2.0,2.0,2.6666666666666665,1.6666666666666667,0.0,0.0,0.0,0.0,0.0,0.0,11,8,11,8,0,0,1,0,0,1332.6836432087703,828.0909680642768,0.0,-1.0,1.0,0,1,0.0,0.0,0.0,0.0,0.0,0.0,1,4.333333333333333,0,0,1,0,0.9117277533240115,0,3,3
2024,14,2024_14_CHI_SF,SF,CHI,0.6606751680374146,4.0282445,w14_predictions_history_2024.csv,2025-10-26 19:38:16.682657+00:00,SF,CHI,38.0,13.0,25.0,1.0,1,0.1151413415864368,-20.9717555,20.9717555,439.8145287517802,-0.4144929849761796,False,SF,CHI,,,,,,,4.0,65.0,0.0,0.0,0.0,0.0,0.0,0.0,0.0,0.0,3.0,2.0,3.3333333333333335,1.3333333333333333,0.3333333333333333,0.0,0.0,0.0,0.0,0.0,7,10,7,10,0,1,0,0,0,2963.1166492295733,1841.1947554484293,0.0,-2.0,2.0,0,1,0.0,0.0,0.0,0.0,4.0,65.0,1,5.0,0,1,0,1,0.4144929849761796,1,-3,-3
2024,14,2024_14_CAR_PHI,PHI,CAR,0.7950116991996765,7.5165467,w14_predictions_history_2024.csv,2025-10-26 19:38:16.682657+00:00,PHI,CAR,22.0,16.0,6.0,1.0,1,0.0420202034650039,1.5165467,1.5165467000000001,2.2999138932808902,-0.2293984484616481,False,PHI,CAR,,,,,,,16.0,55.0,0.0,0.0,0.0,0.0,0.0,0.0,0.0,0.0,1.0,1.0,1.6666666666666667,2.3333333333333335,0.0,0.0,0.0,0.0,0.0,0.0,7,7,7,7,0,0,0,0,0,721.7666471081537,448.4848632802406,0.0,0.0,0.0,0,0,0.0,0.0,0.0,0.0,16.0,55.0,1,4.0,0,0,0,1,0.22939844846164817,0,0,0
2024,14,2024_14_NO_NYG,NYG,NO,0.5810262560844421,-0.036179107,w14_predictions_history_2024.csv,2025-10-26 19:38:16.682657+00:00,NYG,NO,11.0,14.0,-3.0,0.0,1,0.3375915102595037,2.963820893,2.963820893,8.784234285783317,-0.8699470247094695,True,NYG,NO,,,,,,,13.0,54.0,0.0,0.0,0.0,0.0,0.0,0.0,0.0,0.0,6.0,1.0,5.333333333333333,1.6666666666666667,0.3333333333333333,0.0,0.0,0.0,0.0,0.0,10,7,10,7,0,0,0,0,1,1882.6121090417162,1169.8005688073602,0.0,1.0,1.0,1,0,0.0,0.0,0.0,0.0,13.0,54.0,1,7.333333333333333,0,0,1,0,0.8699470247094695,0,3,3
2024,15,2024_15_PIT_PHI,PHI,PIT,0.7936953902244568,6.8114758,w15_predictions_history_2024.csv,2025-10-26 19:38:16.683673+00:00,PHI,PIT,27.0,13.0,14.0,1.0,1,0.0425615920146391,-7.1885242,7.1885242,51.67488017398564,-0.2310555308592645,False,PHI,PIT,,,,,,,5.0,37.0,0.0,0.0,0.0,0.0,0.0,0.0,0.0,0.0,0.0,2.0,1.6666666666666667,2.0,0.0,0.0,0.0,0.0,0.0,0.0,7,7,7,7,0,0,0,0,0,416.32097860736974,258.68978279823995,0.0,0.0,0.0,0,0,0.0,0.0,0.0,0.0,5.0,37.0,1,3.666666666666667,0,0,0,1,0.23105553085926456,0,0,0
2024,15,2024_15_NYJ_JAX,JAX,NYJ,0.5696748495101929,1.548887,w15_predictions_history_2024.csv,2025-10-26 19:38:16.683673+00:00,JAX,NYJ,25.0,32.0,-7.0,0.0,1,0.3245294341644609,8.548887,8.548887,73.08346893876902,-0.8432141921126501,True,JAX,NYJ,,,,,,,,,0.0,0.0,0.0,0.0,0.0,0.0,0.0,0.0,3.0,2.0,3.3333333333333335,3.0,0.3333333333333333,0.0,0.0,0.0,0.0,0.0,7,7,7,7,0,1,0,0,0,1350.880619538051,839.3980414429783,0.0,0.0,0.0,0,0,0.0,0.0,0.0,0.0,0.0,0.0,1,6.666666666666667,0,1,0,1,0.8432141921126501,0,0,0
2024,15,2024_15_NE_ARI,ARI,NE,0.7514114379882812,4.0744796,w15_predictions_history_2024.csv,2025-10-26 19:38:16.683673+00:00,ARI,NE,30.0,17.0,13.0,1.0,1,0.0617962731630541,-8.9255204,8.9255204,79.66491441081615,-0.2858019237219248,False,ARI,NE,,,,,,,,,0.0,0.0,0.0,0.0,0.0,0.0,0.0,0.0,4.0,10.0,4.0,10.0,0.0,0.0,0.0,0.0,0.0,0.0,7,14,7,14,0,0,1,1,0,3687.4920668820732,2291.300633090581,0.0,-2.0,2.0,0,1,0.0,0.0,0.0,0.0,0.0,0.0,1,14.0,0,0,1,0,0.2858019237219248,0,-7,-7
2024,15,2024_15_MIA_HOU,HOU,MIA,0.7436069250106812,3.4910643,w15_predictions_history_2024.csv,2025-10-26 19:38:16.683673+00:00,HOU,MIA,20.0,12.0,8.0,1.0,1,0.0657374089024784,-4.5089357,4.5089357,20.33050114673449,-0.296242710361266,False,HOU,MIA,,,,,,,,,0.0,0.0,0.0,0.0,0.0,0.0,0.0,0.0,3.0,6.0,2.6666666666666665,3.6666666666666665,0.0,0.0,0.0,0.0,0.0,0.0,14,7,14,7,0,0,1,1,0,1547.10997903221,961.3292747812234,0.0,-1.0,1.0,0,1,0.0,0.0,0.0,0.0,0.0,0.0,1,6.333333333333333,0,0,1,0,0.296242710361266,0,7,7
2024,15,2024_15_LA_SF,SF,LA,0.6827350854873657,2.1505635,w15_predictions_history_2024.csv,2025-10-26 19:38:16.683673+00:00,SF,LA,6.0,12.0,-6.0,0.0,1,0.4661271969554406,8.1505635,8.1505635,66.43168536753225,-1.1480181616325076,True,SF,LA,,,,,,,4.0,53.0,0.0,0.0,0.0,0.0,0.0,0.0,0.0,0.0,3.0,4.0,3.6666666666666665,2.3333333333333335,0.3333333333333333,0.0,0.0,0.0,0.0,0.0,4,4,4,4,0,0,0,0,1,0.0,0.0,0.0,0.0,0.0,0,0,0.0,0.0,0.0,0.0,4.0,53.0,1,6.333333333333334,1,0,1,0,1.1480181616325076,1,0,0
2024,15,2024_15_KC_CLE,CLE,KC,0.6110891699790955,0.44830272,w15_predictions_history_2024.csv,2025-10-26 19:38:16.683673+00:00,CLE,KC,7.0,21.0,-14.0,0.0,1,0.3734299736657398,14.44830272,14.44830272,208.75345148875937,-0.9444051903786482,True,CLE,KC,,,,,,,18.0,40.0,0.0,0.0,0.0,0.0,0.0,0.0,0.0,0.0,3.0,2.0,3.0,0.6666666666666666,0.0,0.0,0.0,0.0,0.0,0.0,7,7,7,7,0,0,0,0,0,1117.2673466518509,694.2375284564072,0.0,1.0,1.0,1,0,0.0,0.0,0.0,0.0,18.0,40.0,1,3.6666666666666665,0,0,0,1,0.9444051903786482,0,0,0
2024,15,2024_15_IND_DEN,DEN,IND,0.807548999786377,6.3165016,w15_predictions_history_2024.csv,2025-10-26 19:38:16.683673+00:00,DEN,IND,31.0,13.0,18.0,1.0,1,0.0370373874832239,-11.6834984,11.683498400000001,136.5041348628026,-0.2137515448763313,False,DEN,IND,,,,,,,15.0,55.0,0.0,0.0,0.0,0.0,0.0,0.0,0.0,0.0,1.0,1.0,0.6666666666666666,0.3333333333333333,0.0,0.0,0.0,0.0,0.0,0.0,13,14,13,14,0,1,0,0,1,1609.0032383129478,999.7879511937547,0.0,-2.0,2.0,0,1,0.0,0.0,0.0,0.0,15.0,55.0,1,1.0,0,1,1,0,0.21375154487633133,0,-1,-1
2024,15,2024_15_CHI_MIN,MIN,CHI,0.7914705276489258,6.3134093,w15_predictions_history_2024.csv,2025-10-26 19:38:16.683673+00:00,MIN,CHI,30.0,12.0,18.0,1.0,1,0.0434845408390174,-11.6865907,11.6865907,136.5764021893265,-0.2338626364264588,False,MIN,CHI,,,,,,,,,0.0,0.0,0.0,0.0,0.0,0.0,0.0,0.0,1.0,1.0,1.3333333333333333,1.0,0.0,0.0,0.0,0.0,0.0,0.0,8,8,8,8,0,1,1,1,0,571.9881299076998,355.4168362688773,0.0,0.0,0.0,0,0,0.0,0.0,0.0,0.0,0.0,0.0,1,2.333333333333333,0,1,1,0,0.23386263642645888,0,0,0
2024,15,2024_15_DAL_CAR,CAR,DAL,0.7017503380775452,3.564646,w15_predictions_history_2024.csv,2025-10-26 19:38:16.683673+00:00,CAR,DAL,14.0,30.0,-16.0,0.0,1,0.4924535369919489,19.564646,19.564646,382.775373105316,-1.2098243515422065,True,CAR,DAL,,,,,,,7.0,45.0,0.0,0.0,0.0,0.0,0.0,0.0,0.0,0.0,2.0,3.0,2.0,2.3333333333333335,0.0,0.0,0.0,0.0,0.0,0.0,7,6,7,6,0,0,0,0,0,1520.813159475224,944.9891937162794,0.0,1.0,1.0,1,0,0.0,0.0,0.0,0.0,7.0,45.0,1,4.333333333333334,1,0,0,1,1.2098243515422065,1,1,1
2024,15,2024_15_CIN_TEN,TEN,CIN,0.651669442653656,-0.16233997,w15_predictions_history_2024.csv,2025-10-26 19:38:16.683673+00:00,TEN,CIN,27.0,37.0,-10.0,0.0,1,0.4246730624885266,9.83766003,9.83766003,96.7795548658596,-1.05460337262373,True,TEN,CIN,,,,,,,12.0,52.0,0.0,0.0,0.0,0.0,0.0,0.0,0.0,0.0,2.0,2.0,1.0,1.6666666666666667,0.0,0.0,0.0,0.0,0.0,0.0,7,6,7,6,0,1,0,0,0,381.4252935888809,237.0066161026165,0.0,-1.0,1.0,0,1,0.0,0.0,0.0,0.0,12.0,52.0,1,2.666666666666667,1,1,0,1,1.05460337262373,1,1,1
2024,15,2024_15_BUF_DET,DET,BUF,0.7192318439483643,2.1710672,w15_predictions_history_2024.csv,2025-10-26 19:38:16.683673+00:00,DET,BUF,42.0,48.0,-6.0,0.0,1,0.5172944453493642,8.1710672,8.1710672,66.76633918691583,-1.2702260176357598,True,DET,BUF,,,,,,,,,0.0,0.0,0.0,0.0,0.0,0.0,0.0,0.0,0.0,3.0,0.0,2.3333333333333335,0.0,0.0,0.0,0.0,0.0,0.0,10,7,10,7,0,1,1,1,0,352.1049373586315,218.7877970314702,0.0,0.0,0.0,0,0,0.0,0.0,0.0,0.0,0.0,0.0,1,2.3333333333333335,0,1,1,0,1.2702260176357598,1,3,3
2024,15,2024_15_BAL_NYG,NYG,BAL,0.6101515889167786,-2.6927614,w15_predictions_history_2024.csv,2025-10-26 19:38:16.683673+00:00,NYG,BAL,14.0,35.0,-21.0,0.0,1,0.3722849614576695,18.3072386,18.307238599999998,335.15498515732986,-0.941997304948002,True,NYG,BAL,,,,,,,6.0,36.0,0.0,0.0,1.0,0.0,0.0,0.0,0.0,0.0,12.0,2.0,8.0,1.6666666666666667,0.3333333333333333,0.0,0.3333333333333333,0.0,0.0,0.0,7,14,7,14,0,0,0,0,0,276.0395154896082,171.52294977929336,0.0,0.0,0.0,0,0,0.0,0.0,0.0,0.0,6.0,36.0,1,11.333333333333332,0,0,0,1,0.9419973049480019,1,-7,-7
2024,15,2024_15_ATL_LV,LV,ATL,0.6762559413909912,1.3441428,w15_predictions_history_2024.csv,2025-10-26 19:38:16.683673+00:00,LV,ATL,9.0,15.0,-6.0,0.0,1,0.4573220982666157,7.3441428,7.3441428,53.93643346679184,-1.127802017923631,True,LV,ATL,,,,,,,,,1.0,0.0,0.0,0.0,0.0,0.0,0.0,0.0,0.0,6.0,1.3333333333333333,5.666666666666667,0.3333333333333333,0.0,0.0,0.0,0.0,0.0,8,8,8,8,0,1,1,1,1,2806.7303019768174,1744.0208144696371,0.0,-3.0,3.0,0,1,0.0,0.0,0.0,0.0,0.0,0.0,1,8.333333333333334,0,1,1,0,1.127802017923631,1,0,0
2024,15,2024_15_WAS_NO,NO,WAS,0.5757284164428711,-0.17503338,w15_predictions_history_2024.csv,2025-10-26 19:38:16.683673+00:00,NO,WAS,19.0,20.0,-1.0,0.0,1,0.331463209499816,0.82496662,0.82496662,0.6805699241142243,-0.8573815015428281,True,NO,WAS,,,,,,,,,0.0,0.0,1.0,0.0,0.0,0.0,0.0,0.0,0.0,1.0,0.6666666666666666,1.6666666666666667,0.0,0.0,0.3333333333333333,0.0,0.0,0.0,7,14,7,14,0,0,1,1,0,1565.872535987211,972.9877835589093,0.0,-1.0,1.0,0,1,0.0,0.0,0.0,0.0,0.0,0.0,1,3.666666666666667,0,0,1,0,0.8573815015428281,0,-7,-7
2024,15,2024_15_GB_SEA,SEA,GB,0.5805233120918274,-0.9987622,w15_predictions_history_2024.csv,2025-10-26 19:38:16.683673+00:00,SEA,GB,13.0,30.0,-17.0,0.0,1,0.3370073158820652,16.0012378,16.0012378,256.0396111321488,-0.8687473257556655,True,SEA,GB,,,,,,,3.0,43.0,0.0,0.0,0.0,0.0,0.0,0.0,0.0,0.0,1.0,1.0,1.6666666666666667,2.3333333333333335,0.0,0.0,0.0,0.0,0.0,0.0,7,10,7,10,0,1,0,0,0,2645.109099626373,1643.594086343939,0.0,-2.0,2.0,0,1,0.0,0.0,0.0,0.0,3.0,43.0,1,4.0,0,1,0,1,0.8687473257556655,1,-3,-3
2024,15,2024_15_TB_LAC,LAC,TB,0.743470311164856,3.2632453,w15_predictions_history_2024.csv,2025-10-26 19:38:16.683673+00:00,LAC,TB,17.0,40.0,-23.0,0.0,1,0.5527481035835677,26.2632453,26.2632453,689.7580536879722,-1.3605108751233772,True,LAC,TB,,,,,,,,,0.0,0.0,0.0,0.0,0.0,0.0,0.0,0.0,2.0,6.0,1.3333333333333333,5.333333333333333,0.0,0.0,0.0,0.0,0.0,0.0,7,7,7,7,0,0,1,1,0,3462.8275009547087,2151.700587095728,0.0,-3.0,3.0,0,1,0.0,0.0,0.0,0.0,0.0,0.0,1,6.666666666666666,0,0,1,0,1.3605108751233772,1,0,0
2024,16,2024_16_PIT_BAL,BAL,PIT,0.7523059844970703,4.8716297,w16_predictions_history_2024.csv,2025-10-26 19:38:16.685658+00:00,BAL,PIT,34.0,17.0,17.0,1.0,1,0.0613523253159655,-12.1283703,12.1283703,147.0973661339221,-0.2846121435133062,False,BAL,PIT,,,,,,,15.0,35.0,0.0,0.0,0.0,0.0,0.0,1.0,0.0,0.0,2.0,3.0,1.6666666666666667,2.0,0.0,0.0,0.0,0.0,0.0,0.0,6,6,6,6,0,1,0,0,0,317.4016302758104,197.2241684061106,0.0,0.0,0.0,0,0,0.0,0.0,0.0,0.0,15.0,35.0,1,4.666666666666667,1,1,0,1,0.28461214351330627,0,0,0
2024,16,2024_16_DEN_LAC,LAC,DEN,0.7674947381019592,2.3904076,w16_predictions_history_2024.csv,2025-10-26 19:38:16.685658+00:00,LAC,DEN,34.0,27.0,7.0,1.0,1,0.0540586968102765,-4.6095924,4.6095924,21.24834209413776,-0.2646236554374993,False,LAC,DEN,,,,,,,,,0.0,0.0,0.0,0.0,0.0,0.0,0.0,0.0,1.0,1.0,1.6666666666666667,0.6666666666666666,0.0,0.0,0.0,0.0,0.0,0.0,4,4,4,4,0,0,1,1,0,1346.7017716684152,836.8014265633748,0.0,-1.0,1.0,0,1,0.0,0.0,0.0,0.0,0.0,0.0,1,2.3333333333333335,1,0,1,0,0.2646236554374993,0,0,0
2024,16,2024_16_CLE_CIN,CIN,CLE,0.726983904838562,4.7497826,w16_predictions_history_2024.csv,2025-10-26 19:38:16.685658+00:00,CIN,CLE,24.0,6.0,18.0,1.0,1,0.0745377882171993,-13.2502174,13.2502174,175.56826114726277,-0.3188509408428504,False,CIN,CLE,,,,,,,6.0,33.0,0.0,1.0,0.0,0.0,0.0,0.0,0.0,0.0,4.0,5.0,2.6666666666666665,4.0,0.0,0.3333333333333333,0.0,0.0,0.0,0.0,7,7,7,7,0,0,0,0,0,358.98874273433165,223.0651940615744,0.0,0.0,0.0,0,0,0.0,0.0,0.0,0.0,6.0,33.0,1,8.0,0,0,0,1,0.3188509408428504,0,0,0
2024,16,2024_16_DET_CHI,CHI,DET,0.5879136919975281,-0.054228824,w16_predictions_history_2024.csv,2025-10-26 19:38:16.685658+00:00,CHI,DET,17.0,34.0,-17.0,0.0,1,0.3456425092381643,16.945771176,16.945771176,287.15916074935245,-0.8865224661287292,True,CHI,DET,,,,,,,7.0,29.0,0.0,0.0,0.0,0.0,0.0,0.0,0.0,0.0,3.0,3.0,2.0,1.0,0.0,0.0,0.0,0.0,0.0,0.0,6,7,6,7,0,0,0,0,1,380.8011147087137,236.61876944766817,0.0,-1.0,1.0,0,1,0.0,0.0,0.0,0.0,7.0,29.0,1,3.0,1,0,1,0,0.8865224661287292,1,-1,-1
2024,16,2024_16_HOU_KC,KC,HOU,0.7470890283584595,4.396652,w16_predictions_history_2024.csv,2025-10-26 19:38:16.685658+00:00,KC,HOU,27.0,19.0,8.0,1.0,1,0.0639639595766681,-3.603348,3.6033480000000004,12.984116809104004,-0.2915709197480781,False,KC,HOU,,,,,,,5.0,30.0,0.0,0.0,0.0,0.0,0.0,0.0,0.0,0.0,0.0,1.0,0.6666666666666666,3.0,0.0,0.0,0.0,0.0,0.0,0.0,6,6,6,6,0,0,0,0,1,1044.7012200515062,649.1470418046245,0.0,0.0,0.0,0,0,0.0,0.0,0.0,0.0,5.0,30.0,1,3.6666666666666665,1,0,1,0,0.2915709197480781,0,0,0
2024,16,2024_16_JAX_LV,LV,JAX,0.7506588101387024,4.28926,w16_predictions_history_2024.csv,2025-10-26 19:38:16.685658+00:00,LV,JAX,19.0,14.0,5.0,1.0,1,0.0621710289614476,-0.7107400000000004,0.7107400000000004,0.5051513476000006,-0.2868040445128834,False,LV,JAX,,,,,,,,,0.0,0.0,0.0,0.0,0.0,0.0,0.0,0.0,0.0,4.0,0.6666666666666666,4.0,0.3333333333333333,0.0,0.0,0.0,0.0,0.0,6,7,6,7,0,0,1,1,0,3169.773717862395,1969.6054648418744,0.0,-3.0,3.0,0,1,0.0,0.0,0.0,0.0,0.0,0.0,1,5.0,1,0,1,0,0.2868040445128834,0,-1,-1
2024,16,2024_16_LA_NYJ,NYJ,LA,0.6127335429191589,-0.6678644,w16_predictions_history_2024.csv,2025-10-26 19:38:16.685658+00:00,NYJ,LA,9.0,19.0,-10.0,0.0,1,0.3754423946182648,9.3321356,9.3321356,87.08875485678738,-0.9486423032844872,True,NYJ,LA,,,,,,,8.0,23.0,0.0,0.0,0.0,0.0,0.0,0.0,0.0,0.0,0.0,0.0,2.0,2.0,0.0,0.0,0.0,0.0,0.0,0.0,7,10,7,10,0,1,0,0,1,0.0,0.0,0.0,0.0,0.0,0,0,0.0,0.0,0.0,0.0,8.0,23.0,1,4.0,0,1,1,0,0.9486423032844872,0,-3,-3
2024,16,2024_16_MIN_SEA,SEA,MIN,0.6121065616607666,0.2763345,w16_predictions_history_2024.csv,2025-10-26 19:38:16.685658+00:00,SEA,MIN,24.0,27.0,-3.0,0.0,1,0.3746744428281658,3.2763345,3.2763345,10.734367755890249,-0.9470246205358682,True,SEA,MIN,,,,,,,5.0,48.0,0.0,0.0,0.0,0.0,0.0,0.0,0.0,0.0,0.0,2.0,1.6666666666666667,2.0,0.0,0.0,0.0,0.0,0.0,0.0,7,6,7,6,0,0,0,0,1,2239.5725046873995,1391.6054068101141,0.0,-2.0,2.0,0,1,0.0,0.0,0.0,0.0,5.0,48.0,1,3.666666666666667,1,0,1,0,0.9470246205358682,0,1,1
2024,16,2024_16_NE_BUF,BUF,NE,0.7900111079216003,3.9471264,w16_predictions_history_2024.csv,2025-10-26 19:38:16.685658+00:00,BUF,NE,24.0,21.0,3.0,1.0,1,0.0440953347963137,0.9471264,0.9471264000000001,0.8970484175769603,-0.2357082729596664,False,BUF,NE,,,,,,,2.0,14.0,0.0,0.0,0.0,0.0,0.0,0.0,0.0,0.0,7.0,7.0,4.333333333333333,9.333333333333334,0.0,0.0,0.0,0.0,0.0,0.0,7,7,7,7,0,1,0,0,0,621.8117441942087,386.37578530169964,0.0,0.0,0.0,0,0,0.0,0.0,0.0,0.0,2.0,14.0,1,13.666666666666668,0,1,0,1,0.23570827295966643,0,0,0
2024,16,2024_16_NO_GB,GB,NO,0.7862545251846313,5.982759,w16_predictions_history_2024.csv,2025-10-26 19:38:16.685658+00:00,GB,NO,34.0,0.0,34.0,1.0,1,0.0456871280040473,-28.017241,28.017241,784.965793252081,-0.2404747155822921,False,GB,NO,,,,,,,12.0,34.0,0.0,0.0,0.0,0.0,0.0,1.0,0.0,0.0,2.0,1.0,2.3333333333333335,0.6666666666666666,0.0,0.0,0.0,0.3333333333333333,0.0,0.0,8,8,8,8,0,0,0,0,1,1627.629192217841,1011.3615787975921,0.0,0.0,0.0,0,0,0.0,0.0,0.0,0.0,12.0,34.0,1,4.333333333333334,0,0,1,0,0.24047471558229216,1,0,0
2024,16,2024_16_ARI_CAR,CAR,ARI,0.5868250131607056,1.1657096,w16_predictions_history_2024.csv,2025-10-26 19:38:16.685658+00:00,CAR,ARI,36.0,30.0,6.0,1.0,1,0.1707135697496511,-4.8342904,4.8342904,23.370363671532164,-0.5330286072402183,False,CAR,ARI,,,,,,,10.0,37.0,0.0,0.0,0.0,0.0,0.0,0.0,0.0,0.0,1.0,5.0,1.3333333333333333,4.333333333333333,0.0,0.0,0.0,0.0,0.0,0.0,7,7,7,7,0,0,0,0,1,2876.8455216494444,1787.588378632837,0.0,2.0,2.0,1,0,0.0,0.0,0.0,0.0,10.0,37.0,1,5.666666666666666,0,0,1,0,0.5330286072402183,0,0,0
2024,16,2024_16_NYG_ATL,ATL,NYG,0.7603335380554199,5.3037195,w16_predictions_history_2024.csv,2025-10-26 19:38:16.685658+00:00,ATL,NYG,34.0,7.0,27.0,1.0,1,0.0574400129810328,-21.6962805,21.6962805,470.7285875346803,-0.2739980761128218,False,ATL,NYG,,,,,,,,,0.0,0.0,0.0,0.0,0.0,0.0,0.0,0.0,9.0,7.0,7.333333333333333,8.333333333333334,0.0,0.0,0.0,0.3333333333333333,0.0,0.0,6,7,6,7,0,0,1,1,0,1202.9077459665154,747.4519890189597,0.0,0.0,0.0,0,0,0.0,0.0,0.0,0.0,0.0,0.0,1,16.0,1,0,1,0,0.27399807611282184,1,-1,-1
2024,16,2024_16_SF_MIA,MIA,SF,0.7661728262901306,4.0511117,w16_predictions_history_2024.csv,2025-10-26 19:38:16.685658+00:00,MIA,SF,29.0,17.0,12.0,1.0,1,0.0546751471651454,-7.9488883,7.9488883,63.18482520587689,-0.2663475129016314,False,MIA,SF,,,,,,,12.0,73.0,0.0,0.0,0.0,0.0,0.0,0.0,0.0,0.0,3.0,3.0,4.333333333333333,3.0,0.0,0.0,0.0,0.0,0.0,0.0,7,10,7,10,0,0,0,0,0,4111.452852167304,2554.73757020405,0.0,3.0,3.0,1,0,0.0,0.0,0.0,0.0,12.0,73.0,1,7.333333333333333,0,0,0,1,0.26634751290163144,0,-3,-3
2024,16,2024_16_TB_DAL,DAL,TB,0.5352471470832825,-0.10464601,w16_predictions_history_2024.csv,2025-10-26 19:38:16.685658+00:00,DAL,TB,26.0,24.0,2.0,1.0,1,0.215995214294228,-2.10464601,2.10464601,4.429534827408921,-0.6250266815904778,False,DAL,TB,,,,,,,,,0.0,0.0,0.0,0.0,0.0,0.0,0.0,0.0,4.0,6.0,3.0,6.0,0.0,0.0,0.0,0.0,0.0,0.0,7,7,7,7,0,1,1,0,0,1495.422939628514,929.2124474199094,0.0,-1.0,1.0,0,1,0.0,0.0,0.0,0.0,0.0,0.0,1,9.0,0,1,1,0,0.6250266815904778,0,0,0
2024,16,2024_16_TEN_IND,IND,TEN,0.7845365405082703,4.4340096,w16_predictions_history_2024.csv,2025-10-26 19:38:16.685658+00:00,IND,TEN,38.0,30.0,8.0,1.0,1,0.0464245023761442,-3.5659904,3.5659903999999996,12.716287532892157,-0.2426621298080259,False,IND,TEN,,,,,,,,,0.0,1.0,0.0,0.0,0.0,0.0,0.0,0.0,2.0,4.0,1.0,2.0,0.0,0.3333333333333333,0.0,0.0,0.0,0.0,7,7,7,7,0,0,1,1,0,403.11912155342907,250.48653167877578,0.0,1.0,1.0,1,0,0.0,0.0,0.0,0.0,0.0,0.0,1,4.333333333333333,0,0,1,0,0.2426621298080259,0,0,0
2024,16,2024_16_PHI_WAS,WAS,PHI,0.5474914908409119,-1.297287,w16_predictions_history_2024.csv,2025-10-26 19:38:16.685658+00:00,WAS,PHI,36.0,33.0,3.0,1.0,1,0.2047639508613805,-4.297287,4.297287,18.466675560369,-0.6024083592553402,False,WAS,PHI,,,,,,,8.0,32.0,0.0,0.0,0.0,0.0,0.0,0.0,0.0,0.0,5.0,3.0,3.0,1.3333333333333333,0.0,0.0,0.0,0.0,0.0,0.0,7,7,7,7,0,0,0,0,0,182.89590253639992,113.64620985494535,0.0,0.0,0.0,0,0,0.0,0.0,0.0,0.0,8.0,32.0,1,4.333333333333333,0,0,0,1,0.6024083592553402,0,0,0
2024,17,2024_17_IND_NYG,NYG,IND,0.5431511402130127,-0.058353703,w17_predictions_history_2024.csv,2025-10-26 19:38:16.687658+00:00,NYG,IND,45.0,33.0,12.0,1.0,1,0.2087108806886703,-12.058353703,12.058353703,145.4038940266538,-0.6103676548446842,False,NYG,IND,,,,,,,0.0,54.0,0.0,1.0,0.0,0.0,0.0,0.0,0.0,0.0,5.0,1.0,8.0,1.3333333333333333,0.0,0.3333333333333333,0.3333333333333333,0.0,0.0,0.0,7,7,7,7,0,0,0,0,1,1031.2797152945259,640.8073079722749,0.0,0.0,0.0,0,0,0.0,0.0,0.0,0.0,0.0,54.0,1,11.0,0,0,1,0,0.6103676548446842,0,0,0
2024,17,2024_17_BAL_HOU,HOU,BAL,0.6169206500053406,0.139852,w17_predictions_history_2024.csv,2025-10-26 19:38:16.687658+00:00,HOU,BAL,2.0,31.0,-29.0,0.0,1,0.3805910884030119,29.139852,29.139852,849.1309745819041,-0.959513131117619,True,HOU,BAL,,,,,,,,,0.0,0.0,0.0,0.0,0.0,0.0,0.0,0.0,1.0,2.0,1.6666666666666667,2.0,0.0,0.0,0.0,0.0,0.0,0.0,4,4,4,4,0,0,1,1,0,2019.4449970190258,1254.824557242709,0.0,-1.0,1.0,0,1,0.0,0.0,0.0,0.0,0.0,0.0,1,3.666666666666667,1,0,1,0,0.959513131117619,1,0,0
2024,17,2024_17_CAR_TB,TB,CAR,0.7833975553512573,8.523425,w17_predictions_history_2024.csv,2025-10-26 19:38:16.687658+00:00,TB,CAR,48.0,14.0,34.0,1.0,1,0.0469166190278116,-25.476575,25.476575,649.055873730625,-0.2441149783178774,False,TB,CAR,,,,,,,8.0,76.0,0.0,0.0,0.0,0.0,0.0,0.0,0.0,0.0,4.0,9.0,5.333333333333333,4.0,0.0,0.0,0.0,0.0,0.0,0.0,7,7,7,7,0,0,0,0,0,821.0424088253201,510.171942614198,0.0,0.0,0.0,0,0,0.0,0.0,0.0,0.0,8.0,76.0,1,9.333333333333332,0,0,0,1,0.24411497831787743,1,0,0
2024,17,2024_17_DAL_PHI,PHI,DAL,0.8159295916557312,8.5651655,w17_predictions_history_2024.csv,2025-10-26 19:38:16.687658+00:00,PHI,DAL,41.0,7.0,34.0,1.0,1,0.0338819152280258,-25.4348345,25.4348345,646.9308060423903,-0.2034272124763955,False,PHI,DAL,,,,,,,10.0,62.0,0.0,0.0,0.0,0.0,1.0,0.0,0.0,0.0,2.0,6.0,1.6666666666666667,4.333333333333333,0.0,0.0,0.0,0.0,0.0,0.0,7,7,7,7,0,0,0,0,0,2112.2733926656533,1312.5054302740498,0.0,1.0,1.0,1,0,0.0,0.0,0.0,0.0,10.0,62.0,1,7.0,0,0,0,1,0.20342721247639553,1,0,0
2024,17,2024_17_DEN_CIN,CIN,DEN,0.6659857034683228,1.476691,w17_predictions_history_2024.csv,2025-10-26 19:38:16.687658+00:00,CIN,DEN,30.0,24.0,6.0,1.0,1,0.1115655502875512,-4.523309,4.523309,20.460324309481003,-0.4064870749359311,False,CIN,DEN,,,,,,,8.0,60.0,0.0,0.0,0.0,0.0,0.0,0.0,0.0,0.0,3.0,0.0,3.0,0.6666666666666666,0.0,0.0,0.0,0.0,0.0,0.0,6,9,6,9,0,1,0,0,0,1758.9328786113927,1092.9498817156398,0.0,2.0,2.0,1,0,0.0,0.0,0.0,0.0,8.0,60.0,1,3.6666666666666665,1,1,0,1,0.4064870749359311,0,-3,-3
2024,17,2024_17_DET_SF,SF,DET,0.5500511527061462,-0.97650677,w17_predictions_history_2024.csv,2025-10-26 19:38:16.687658+00:00,SF,DET,34.0,40.0,-6.0,0.0,1,0.3025562705933602,5.02349323,5.02349323,25.23548423185583,-0.7986213753593253,True,SF,DET,,,,,,,,,0.0,0.0,0.0,0.0,0.0,0.0,0.0,0.0,0.0,0.0,2.0,1.0,0.0,0.0,0.0,0.0,0.0,0.0,8,8,8,8,0,1,0,0,1,3337.160388619714,2073.6146878370205,0.0,-3.0,3.0,0,1,0.0,0.0,0.0,0.0,0.0,0.0,1,3.0,0,1,1,0,0.7986213753593253,0,0,0
2024,17,2024_17_GB_MIN,MIN,GB,0.7545510530471802,4.018965,w17_predictions_history_2024.csv,2025-10-26 19:38:16.687658+00:00,MIN,GB,27.0,25.0,2.0,1.0,1,0.0602451855602481,2.018965,2.0189649999999997,4.076219671224998,-0.281632338322262,False,MIN,GB,,,,,,,,,0.0,0.0,0.0,0.0,0.0,0.0,0.0,0.0,0.0,4.0,1.0,2.3333333333333335,0.0,0.0,0.0,0.0,0.0,0.0,7,6,7,6,0,0,1,1,0,413.7987253409999,257.1225277638625,0.0,0.0,0.0,0,0,0.0,0.0,0.0,0.0,0.0,0.0,1,3.3333333333333335,1,0,1,0,0.281632338322262,0,1,1
2024,17,2024_17_TEN_JAX,JAX,TEN,0.6854673027992249,3.2123182,w17_predictions_history_2024.csv,2025-10-26 19:38:16.687658+00:00,JAX,TEN,20.0,13.0,7.0,1.0,1,0.0989308176083945,-3.7876818,3.7876818,14.34653341805124,-0.3776544794408923,False,JAX,TEN,,,,,,,16.0,72.0,0.0,0.0,0.0,0.0,0.0,0.0,0.0,0.0,0.0,1.0,2.3333333333333335,2.3333333333333335,0.0,0.3333333333333333,0.0,0.0,0.0,0.0,7,7,7,7,0,1,0,0,0,805.9221089754641,500.7766267761931,0.0,1.0,1.0,1,0,0.0,0.0,0.0,0.0,16.0,72.0,1,5.0,0,1,0,1,0.37765447944089237,0,0,0
2024,17,2024_17_SEA_CHI,CHI,SEA,0.6118017435073853,0.6692602,w17_predictions_history_2024.csv,2025-10-26 19:38:16.687658+00:00,CHI,SEA,3.0,6.0,-3.0,0.0,1,0.3743013733586764,3.6692602,3.6692602,13.46347041530404,-0.9462390995179653,True,CHI,SEA,,,,,,,5.0,47.0,0.0,0.0,0.0,0.0,0.0,0.0,0.0,0.0,3.0,0.0,2.3333333333333335,0.3333333333333333,0.0,0.0,0.0,0.0,0.0,0.0,4,4,4,4,0,0,0,0,0,2790.5417477822048,1733.9617163611763,0.0,2.0,2.0,1,0,0.0,0.0,0.0,0.0,5.0,47.0,1,2.666666666666667,1,0,0,1,0.9462390995179653,0,0,0
2024,17,2024_17_NYJ_BUF,BUF,NYJ,0.8072400689125061,5.3940706,w17_predictions_history_2024.csv,2025-10-26 19:38:16.687658+00:00,BUF,NYJ,40.0,14.0,26.0,1.0,1,0.0371563910328553,-20.6059294,20.6059294,424.6043264377844,-0.2141341717885742,False,BUF,NYJ,,,,,,,15.0,54.0,0.0,0.0,0.0,0.0,0.0,0.0,0.0,0.0,4.0,6.0,4.666666666666667,2.6666666666666665,0.0,0.0,0.0,0.0,0.0,0.0,7,7,7,7,0,0,0,0,0,447.2561433688814,277.9119970612652,0.0,0.0,0.0,0,0,0.0,0.0,0.0,0.0,15.0,54.0,1,7.333333333333334,0,0,0,1,0.2141341717885742,1,0,0
2024,17,2024_17_MIA_CLE,CLE,MIA,0.6513681411743164,2.9202197,w17_predictions_history_2024.csv,2025-10-26 19:38:16.687658+00:00,CLE,MIA,3.0,20.0,-17.0,0.0,1,0.4242804553368842,19.9202197,19.9202197,396.8151528962681,-1.0537387592927432,True,CLE,MIA,,,,,,,15.0,54.0,1.0,1.0,0.0,0.0,0.0,0.0,0.0,0.0,4.0,7.0,4.0,5.333333333333333,0.6666666666666666,0.3333333333333333,0.0,0.0,0.0,0.0,7,7,7,7,0,0,0,0,0,1734.0620824909877,1077.4958902595074,0.0,0.0,0.0,0,0,0.0,0.0,0.0,0.0,15.0,54.0,1,12.333333333333332,0,0,0,1,1.0537387592927432,1,0,0
2024,17,2024_17_LV_NO,NO,LV,0.7353398203849792,2.786186,w17_predictions_history_2024.csv,2025-10-26 19:38:16.687658+00:00,NO,LV,10.0,25.0,-15.0,0.0,1,0.5407246514438135,17.786186,17.786186,316.34841242659604,-1.329308616974195,True,NO,LV,,,,,,,,,0.0,0.0,0.0,0.0,1.0,0.0,0.0,0.0,1.0,2.0,0.6666666666666666,0.6666666666666666,0.0,0.3333333333333333,0.3333333333333333,0.0,0.0,0.0,6,7,6,7,0,0,1,1,1,2430.0496350011117,1509.962371750276,0.0,2.0,2.0,1,0,0.0,0.0,0.0,0.0,0.0,0.0,1,3.0,1,0,1,0,1.329308616974195,1,-1,-1
2024,17,2024_17_LAC_NE,NE,LAC,0.4890844225883484,-1.7878957,w17_predictions_history_2024.csv,2025-10-26 19:38:16.687658+00:00,NE,LAC,7.0,40.0,-33.0,0.0,0,0.2392035724185781,31.2121043,31.2121043,974.1954548340784,-0.671550912971911,False,NE,LAC,,,,,,,4.0,40.0,0.0,0.0,0.0,0.0,0.0,0.0,0.0,0.0,9.0,2.0,8.666666666666666,1.6666666666666667,0.0,0.0,0.0,0.0,0.0,0.0,6,9,6,9,0,0,0,0,1,4167.256279511999,2589.4122016566507,0.0,3.0,3.0,1,0,0.0,0.0,0.0,0.0,4.0,40.0,1,10.333333333333332,1,0,1,0,0.671550912971911,1,-3,-3
2024,17,2024_17_KC_PIT,PIT,KC,0.6599944829940796,0.07023044,w17_predictions_history_2024.csv,2025-10-26 19:38:16.687658+00:00,PIT,KC,10.0,29.0,-19.0,0.0,1,0.4355927175826224,19.07023044,19.07023044,363.6736890347026,-1.0787934350155768,True,PIT,KC,,,,,,,2.0,39.0,1.0,0.0,0.0,0.0,0.0,0.0,0.0,0.0,1.0,2.0,2.0,1.3333333333333333,0.3333333333333333,0.0,0.0,0.0,0.0,0.0,4,4,4,4,0,0,0,0,0,1245.240845659655,773.7565495083854,0.0,1.0,1.0,1,0,0.0,0.0,0.0,0.0,2.0,39.0,1,4.666666666666667,1,0,0,1,1.0787934350155768,1,0,0
2024,17,2024_17_ARI_LA,LA,ARI,0.7668716311454773,4.4376445,w17_predictions_history_2024.csv,2025-10-26 19:38:16.687658+00:00,LA,ARI,13.0,9.0,4.0,1.0,1,0.0543488363647703,0.4376445000000002,0.4376445000000002,0.1915327083802502,-0.265435856490943,False,LA,ARI,,,,,,,,,0.0,0.0,0.0,0.0,0.0,0.0,0.0,0.0,0.0,6.0,1.3333333333333333,5.0,0.0,0.0,0.0,0.0,0.0,0.0,6,6,6,6,0,1,1,1,1,0.0,0.0,,0.0,0.0,0,0,0.0,0.0,0.0,0.0,0.0,0.0,1,6.333333333333333,1,1,1,0,0.26543585649094303,0,0,0
2024,17,2024_17_ATL_WAS,WAS,ATL,0.7972311973571777,4.1332254,w17_predictions_history_2024.csv,2025-10-26 19:38:16.687658+00:00,WAS,ATL,30.0,24.0,6.0,1.0,1,0.0411151873252038,-1.8667746000000005,1.8667746000000003,3.484847407205161,-0.226610557744902,False,WAS,ATL,,,,,,,10.0,58.0,1.0,0.0,0.0,0.0,0.0,0.0,0.0,0.0,1.0,3.0,2.3333333333333335,6.0,0.3333333333333333,0.0,0.0,0.0,0.0,0.0,7,7,7,7,0,0,0,0,1,884.8824179718281,549.8402729375728,0.0,0.0,0.0,0,0,0.0,0.0,0.0,0.0,10.0,58.0,1,9.666666666666668,0,0,1,0,0.22661055774490205,0,0,0
2024,18,2024_18_SF_ARI,ARI,SF,0.7768827080726624,5.059869,w18_predictions_history_2024.csv,2025-10-26 19:38:16.689165+00:00,ARI,SF,47.0,24.0,23.0,1.0,1,0.0497813259569888,-17.940131,17.940131,321.848300297161,-0.2524658948707599,False,ARI,SF,,,,,,,,,0.0,0.0,0.0,0.0,0.0,1.0,0.0,0.0,7.0,4.0,6.0,2.3333333333333335,0.0,0.0,0.0,0.0,0.0,0.0,8,6,8,6,0,0,1,1,0,978.3858210191008,607.9405759924597,0.0,1.0,1.0,1,0,0.0,0.0,0.0,0.0,0.0,0.0,1,9.333333333333334,1,0,1,0,0.2524658948707599,1,2,2
2024,18,2024_18_WAS_DAL,DAL,WAS,0.5827176570892334,0.72922415,w18_predictions_history_2024.csv,2025-10-26 19:38:16.689165+00:00,DAL,WAS,19.0,23.0,-4.0,0.0,1,0.3395598678835654,4.72922415,4.72922415,22.365561060943225,-0.8739922049786956,True,DAL,WAS,,,,,,,,,0.0,0.0,0.0,0.0,0.0,0.0,0.0,0.0,5.0,2.0,5.0,2.6666666666666665,0.0,0.3333333333333333,0.0,0.0,0.0,0.0,7,7,7,7,0,0,1,0,0,1943.0528737124052,1207.3567071915509,0.0,-1.0,1.0,0,1,0.0,0.0,0.0,0.0,0.0,0.0,1,8.0,0,0,1,0,0.8739922049786956,0,0,0
2024,18,2024_18_NO_TB,TB,NO,0.7978101372718811,4.464917,w18_predictions_history_2024.csv,2025-10-26 19:38:16.689165+00:00,TB,NO,27.0,19.0,8.0,1.0,1,0.0408807405900155,-3.535083,3.535083,12.496811816889002,-0.2258846330587414,False,TB,NO,,,,,,,6.0,68.0,0.0,0.0,0.0,0.0,0.0,1.0,0.0,0.0,5.0,3.0,5.0,1.6666666666666667,0.0,0.0,0.0,0.0,0.0,0.0,7,7,7,7,0,0,0,0,1,769.0307632936804,477.85341441855746,0.0,1.0,1.0,1,0,0.0,0.0,0.0,0.0,6.0,68.0,1,7.666666666666667,0,0,1,0,0.22588463305874149,0,0,0
2024,18,2024_18_SEA_LA,LA,SEA,0.5618318319320679,-0.071719214,w18_predictions_history_2024.csv,2025-10-26 19:38:16.689165+00:00,LA,SEA,25.0,30.0,-5.0,0.0,1,0.3156550073721433,4.928280786,4.928280786,24.28795150565678,-0.8251524969332743,True,LA,SEA,,,,,,,,,0.0,0.0,1.0,0.0,0.0,0.0,0.0,0.0,0.0,2.0,0.0,0.6666666666666666,0.0,0.0,0.3333333333333333,0.0,0.0,0.0,8,10,8,10,0,1,1,1,0,0.0,0.0,,0.0,0.0,0,0,0.0,0.0,0.0,0.0,0.0,0.0,1,2.0,0,1,1,0,0.8251524969332743,0,-2,-2
2024,18,2024_18_BUF_NE,NE,BUF,0.5643242597579956,0.34196278,w18_predictions_history_2024.csv,2025-10-26 19:38:16.689165+00:00,NE,BUF,23.0,16.0,7.0,1.0,1,0.1898133506354185,-6.65803722,6.65803722,44.329459622905325,-0.5721262640433066,False,NE,BUF,,,,,,,14.0,33.0,1.0,0.0,0.0,0.0,0.0,0.0,0.0,0.0,9.0,5.0,8.333333333333334,5.333333333333333,0.3333333333333333,0.0,0.0,0.0,0.0,0.0,8,7,8,7,0,0,0,0,0,621.8117441942087,386.37578530169964,0.0,0.0,0.0,0,0,0.0,0.0,0.0,0.0,14.0,33.0,1,15.0,0,0,0,1,0.5721262640433066,0,1,1
2024,18,2024_18_CAR_ATL,ATL,CAR,0.7785592079162598,4.1376553,w18_predictions_history_2024.csv,2025-10-26 19:38:16.689165+00:00,ATL,CAR,38.0,44.0,-6.0,0.0,1,0.6061544402311938,10.1376553,10.137655299999999,102.77205498161808,-1.507600029591472,True,ATL,CAR,,,,,,,,,0.0,0.0,0.0,0.0,0.0,0.0,0.0,0.0,4.0,3.0,5.333333333333333,4.333333333333333,0.0,0.0,0.0,0.0,0.0,0.0,7,7,7,7,0,1,1,1,0,363.9477516045314,226.14657836225928,0.0,0.0,0.0,0,0,0.0,0.0,0.0,0.0,0.0,0.0,1,9.666666666666666,0,1,1,0,1.507600029591472,1,0,0
2024,18,2024_18_MIA_NYJ,NYJ,MIA,0.7208201289176941,3.6440184,w18_predictions_history_2024.csv,2025-10-26 19:38:16.689165+00:00,NYJ,MIA,32.0,20.0,12.0,1.0,1,0.0779414004175329,-8.3559816,8.3559816,69.82242849953856,-0.3273656472764644,False,NYJ,MIA,,,,,,,10.0,34.0,0.0,0.0,0.0,1.0,0.0,0.0,0.0,0.0,2.0,6.0,2.6666666666666665,5.333333333333333,0.0,0.3333333333333333,0.0,0.3333333333333333,0.0,0.0,7,7,7,7,0,1,0,0,0,1746.9720204594903,1085.517751324934,0.0,0.0,0.0,0,0,0.0,0.0,0.0,0.0,10.0,34.0,1,9.666666666666666,0,1,0,1,0.32736564727646444,0,0,0
2024,18,2024_18_CIN_PIT,PIT,CIN,0.7276996970176697,3.5371046,w18_predictions_history_2024.csv,2025-10-26 19:38:16.689165+00:00,PIT,CIN,17.0,19.0,-2.0,0.0,1,0.5295468490396082,5.5371046,5.5371046,30.65952735134116,-1.3008497666246348,True,PIT,CIN,,,,,,,10.0,19.0,0.0,0.0,0.0,0.0,0.0,0.0,0.0,0.0,3.0,3.0,2.3333333333333335,3.3333333333333335,0.3333333333333333,0.0,0.0,0.0,0.0,0.0,10,7,10,7,0,0,0,0,0,412.86006782260256,256.5392732029984,0.0,0.0,0.0,0,0,0.0,0.0,0.0,0.0,10.0,19.0,1,6.0,0,0,0,1,1.3008497666246348,1,3,3
2024,18,2024_18_CLE_BAL,BAL,CLE,0.7494282126426697,6.145276,w18_predictions_history_2024.csv,2025-10-26 19:38:16.689165+00:00,BAL,CLE,35.0,10.0,25.0,1.0,1,0.0627862206194471,-18.854724,18.854724,355.50061711617604,-0.2884447463567071,False,BAL,CLE,,,,,,,16.0,31.0,0.0,1.0,0.0,0.0,0.0,0.0,0.0,0.0,2.0,7.0,2.0,5.333333333333333,0.0,1.0,0.0,0.0,0.0,0.0,10,6,10,6,0,0,0,0,0,496.0989291668332,308.26148771532434,0.0,0.0,0.0,0,0,0.0,0.0,0.0,0.0,16.0,31.0,1,9.333333333333332,1,0,0,1,0.28844474635670714,1,4,4
2024,18,2024_18_HOU_TEN,TEN,HOU,0.6730796694755554,0.68926305,w18_predictions_history_2024.csv,2025-10-26 19:38:16.689165+00:00,TEN,HOU,14.0,23.0,-9.0,0.0,1,0.4530362414613229,9.68926305,9.68926305,93.88181845209527,-1.1180387753092556,True,TEN,HOU,,,,,,,10.0,35.0,0.0,0.0,0.0,0.0,0.0,0.0,0.0,0.0,1.0,5.0,2.0,2.3333333333333335,0.3333333333333333,0.0,0.0,0.0,0.0,0.0,7,11,7,11,0,0,0,0,1,1080.6227627179926,671.4676466928418,0.0,0.0,0.0,0,0,0.0,0.0,0.0,0.0,10.0,35.0,1,4.666666666666667,0,0,1,0,1.1180387753092556,1,-4,-4
2024,18,2024_18_JAX_IND,IND,JAX,0.7738974690437317,4.254916,w18_predictions_history_2024.csv,2025-10-26 19:38:16.689165+00:00,IND,JAX,26.0,23.0,3.0,1.0,1,0.0511223545048302,1.2549159999999997,1.2549159999999997,1.5748141670559992,-0.2563158831029415,False,IND,JAX,,,,,,,,,0.0,0.0,0.0,0.0,1.0,0.0,0.0,0.0,0.0,3.0,1.0,2.3333333333333335,0.3333333333333333,0.0,0.0,0.0,0.0,0.0,7,7,7,7,0,0,1,1,0,1126.8435245076093,700.1878876668177,0.0,0.0,0.0,0,0,0.0,0.0,0.0,0.0,0.0,0.0,1,4.666666666666667,0,0,1,0,0.2563158831029415,0,0,0
2024,18,2024_18_KC_DEN,DEN,KC,0.768059253692627,5.9624996,w18_predictions_history_2024.csv,2025-10-26 19:38:16.689165+00:00,DEN,KC,38.0,0.0,38.0,1.0,1,0.0537965097976211,-32.0375004,32.0375004,1026.40143188,-0.2638883955650154,False,DEN,KC,,,,,,,5.0,28.0,0.0,0.0,0.0,1.0,0.0,0.0,0.0,0.0,0.0,4.0,0.3333333333333333,2.0,0.0,0.0,0.0,0.3333333333333333,0.0,0.0,8,11,8,11,0,1,0,0,0,908.1138044158948,564.2755827637089,0.0,-1.0,1.0,0,1,0.0,0.0,0.0,0.0,5.0,28.0,1,3.6666666666666665,0,1,0,1,0.2638883955650154,1,-3,-3
2024,18,2024_18_LAC_LV,LV,LAC,0.5072999596595764,-0.6240998,w18_predictions_history_2024.csv,2025-10-26 19:38:16.689165+00:00,LV,LAC,20.0,34.0,-14.0,0.0,1,0.2573532490706078,13.3759002,13.3759002,178.91470616036003,-0.7078547275559828,True,LV,LAC,,,,,,,,,0.0,0.0,0.0,0.0,0.0,0.0,0.0,0.0,5.0,1.0,2.3333333333333335,1.3333333333333333,0.0,0.0,0.0,0.0,0.0,0.0,7,8,7,8,0,1,1,1,1,372.8906400783848,231.70342991614606,0.0,0.0,0.0,0,0,0.0,0.0,0.0,0.0,0.0,0.0,1,3.666666666666667,0,1,1,0,0.7078547275559828,0,-1,-1
2024,18,2024_18_NYG_PHI,PHI,NYG,0.7977140545845032,5.8262553,w18_predictions_history_2024.csv,2025-10-26 19:38:16.689165+00:00,PHI,NYG,20.0,13.0,7.0,1.0,1,0.0409196037126413,-1.1737447000000003,1.1737447000000003,1.3776766207780906,-0.2260050733353408,False,PHI,NYG,,,,,,,19.0,31.0,1.0,0.0,0.0,0.0,1.0,0.0,0.0,0.0,15.0,3.0,6.666666666666667,5.0,0.3333333333333333,0.0,0.0,0.0,0.0,0.0,7,7,7,7,0,0,0,0,0,137.4047976907053,85.37935654587125,0.0,0.0,0.0,0,0,0.0,0.0,0.0,0.0,19.0,31.0,1,14.0,0,0,0,1,0.22600507333534084,0,0,0
2024,18,2024_18_MIN_DET,DET,MIN,0.7005403637886047,2.25693,w18_predictions_history_2024.csv,2025-10-26 19:38:16.689165+00:00,DET,MIN,31.0,9.0,22.0,1.0,1,0.0896760737198612,-19.74307,19.74307,389.7888130249,-0.3559032934681154,False,DET,MIN,,,,,,,,,0.0,0.0,0.0,0.0,0.0,0.0,0.0,0.0,0.0,1.0,1.0,1.0,0.0,0.0,0.0,0.0,0.0,0.0,6,7,6,7,0,0,1,1,1,871.5898329172895,541.5806460696491,0.0,1.0,1.0,1,0,0.0,0.0,0.0,0.0,0.0,0.0,1,2.0,1,0,1,0,0.3559032934681154,1,-1,-1
2024,18,2024_18_CHI_GB,GB,CHI,0.8061850070953369,6.0688486,w18_predictions_history_2024.csv,2025-10-26 19:38:16.689165+00:00,GB,CHI,22.0,24.0,-2.0,0.0,1,0.6499342656653084,8.068848599999999,8.068848599999999,65.10631772972195,-1.6408512197486564,True,GB,CHI,,,,,,,13.0,16.0,0.0,0.0,0.0,0.0,0.0,0.0,0.0,0.0,2.0,0.0,2.6666666666666665,2.0,0.0,0.0,0.0,0.0,0.0,0.0,7,10,7,10,0,0,0,0,0,295.6568731907761,183.71260695142573,0.0,0.0,0.0,0,0,0.0,0.0,0.0,0.0,13.0,16.0,1,4.666666666666666,0,0,0,1,1.6408512197486564,1,-3,-3
2024,19,2024_19_GB_PHI,PHI,GB,0.8042715191841125,4.539179,w19_predictions_history_2024.csv,2025-10-26 19:38:16.690164+00:00,PHI,GB,22.0,10.0,12.0,1.0,1,0.0383096382024952,-7.460821,7.460821,55.663849994041,-0.2178183563865014,False,PHI,GB,,,,,,,6.0,40.0,0.0,0.0,0.0,0.0,0.0,0.0,0.0,0.0,2.0,6.0,6.333333333333333,4.0,0.3333333333333333,0.0,0.0,0.0,0.0,0.0,7,7,7,7,0,0,0,0,0,1177.1273474875238,731.4327970356702,0.0,1.0,1.0,1,0,0.0,0.0,0.0,0.0,6.0,40.0,1,10.666666666666666,0,0,0,1,0.2178183563865014,0,0,0
2024,19,2024_19_LAC_HOU,HOU,LAC,0.6613758206367493,1.935728,w19_predictions_history_2024.csv,2025-10-26 19:38:16.690164+00:00,HOU,LAC,32.0,12.0,20.0,1.0,1,0.114666334849435,-18.064272,18.064272,326.31792288998395,-0.4134330369546053,False,HOU,LAC,,,,,,,,,0.0,0.0,0.0,0.0,0.0,0.0,0.0,0.0,0.0,4.0,2.0,2.3333333333333335,0.0,0.0,0.0,0.0,0.0,0.0,6,6,6,6,0,1,1,1,1,2212.7359055261945,1374.929922352717,0.0,2.0,2.0,1,0,0.0,0.0,0.0,0.0,0.0,0.0,1,4.333333333333334,1,1,1,0,0.41343303695460537,1,0,0
2024,19,2024_19_MIN_LA,LA,MIN,0.6300030946731567,3.19358,w19_predictions_history_2024.csv,2025-10-26 19:38:16.690164+00:00,LA,MIN,27.0,9.0,18.0,1.0,1,0.136897709951441,-14.80642,14.80642,219.2300732164,-0.4620305474290095,False,LA,MIN,,,,,,,,,0.0,0.0,0.0,0.0,0.0,0.0,0.0,0.0,0.0,0.0,0.0,0.3333333333333333,0.0,0.0,0.3333333333333333,0.0,0.0,0.0,8,8,8,8,0,1,1,1,1,0.0,0.0,,0.0,0.0,0,0,0.0,0.0,0.0,0.0,0.0,0.0,1,0.6666666666666666,0,1,1,0,0.4620305474290095,0,0,0
2024,19,2024_19_DEN_BUF,BUF,DEN,0.7201803922653198,4.666352,w19_predictions_history_2024.csv,2025-10-26 19:38:16.690164+00:00,BUF,DEN,31.0,7.0,24.0,1.0,1,0.0782990128727902,-19.333648,19.333648,373.789944987904,-0.328253553540202,False,BUF,DEN,,,,,,,10.0,32.0,0.0,0.0,0.0,0.0,0.0,0.0,0.0,0.0,1.0,0.0,3.3333333333333335,0.0,0.0,0.0,0.0,0.0,0.0,0.0,7,7,7,7,0,0,0,0,0,2209.3973269456583,1372.8554264415507,0.0,2.0,2.0,1,0,0.0,0.0,0.0,0.0,10.0,32.0,1,3.3333333333333335,0,0,0,1,0.328253553540202,1,0,0
2024,19,2024_19_WAS_TB,TB,WAS,0.7421834468841553,2.863848,w19_predictions_history_2024.csv,2025-10-26 19:38:16.690164+00:00,TB,WAS,20.0,23.0,-3.0,0.0,1,0.5508362688288457,5.863848,5.863848,34.384713367104,-1.3555069814001035,True,TB,WAS,,,,,,,2.0,58.0,0.0,0.0,0.0,0.0,0.0,0.0,0.0,0.0,3.0,4.0,4.0,2.3333333333333335,0.0,0.3333333333333333,0.0,0.0,0.0,0.0,7,7,7,7,0,1,0,0,0,1322.619725253957,821.8375413007766,0.0,0.0,0.0,0,0,0.0,0.0,0.0,0.0,2.0,58.0,1,6.666666666666666,0,1,0,1,1.3555069814001035,1,0,0
2024,19,2024_19_PIT_BAL,BAL,PIT,0.7339506149291992,6.0092673,w19_predictions_history_2024.csv,2025-10-26 19:38:16.690164+00:00,BAL,PIT,28.0,14.0,14.0,1.0,1,0.0707822752965512,-7.9907327,7.9907327,63.851809082849286,-0.3093135347439719,False,BAL,PIT,,,,,,,12.0,32.0,0.0,0.0,0.0,0.0,0.0,0.0,0.0,0.0,0.0,1.0,1.3333333333333333,1.6666666666666667,0.0,0.3333333333333333,0.0,0.0,0.0,0.0,7,7,7,7,0,0,0,0,0,317.4016302758104,197.2241684061106,0.0,0.0,0.0,0,0,0.0,0.0,0.0,0.0,12.0,32.0,1,3.333333333333333,0,0,0,1,0.30931353474397194,0,0,0
2024,20,2024_20_BAL_BUF,BUF,BAL,0.7535582184791565,3.7590356,w20_predictions_history_2024.csv,2025-10-26 19:38:16.692167+00:00,BUF,BAL,27.0,25.0,2.0,1.0,1,0.0607335516791671,1.7590355999999998,1.7590355999999998,3.0942062420673597,-0.2829489998271012,False,BUF,BAL,,,,,,,4.0,19.0,0.0,0.0,0.0,0.0,0.0,0.0,0.0,0.0,1.0,0.0,2.3333333333333335,0.6666666666666666,0.0,0.0,0.0,0.0,0.0,0.0,7,8,7,8,0,0,0,0,0,428.9767136158515,266.5536895161953,0.0,0.0,0.0,0,0,0.0,0.0,0.0,0.0,4.0,19.0,1,3.0,0,0,0,1,0.28294899982710126,0,-1,-1
2024,20,2024_20_HOU_KC,KC,HOU,0.729186475276947,4.6621637,w20_predictions_history_2024.csv,2025-10-26 19:38:16.692167+00:00,KC,HOU,23.0,14.0,9.0,1.0,1,0.0733399651729236,-4.3378363,4.3378363,18.816823765597693,-0.3158257836933701,False,KC,HOU,,,,,,,17.0,23.0,0.0,0.0,0.0,0.0,0.0,0.0,0.0,0.0,1.0,2.0,2.3333333333333335,2.3333333333333335,0.0,0.0,0.3333333333333333,0.0,0.0,0.0,13,7,13,7,0,0,0,0,1,1044.7012200515062,649.1470418046245,0.0,0.0,0.0,0,0,0.0,0.0,0.0,0.0,17.0,23.0,1,5.0,0,0,1,0,0.3158257836933701,0,6,6
2024,20,2024_20_LA_PHI,PHI,LA,0.812699019908905,6.585206,w20_predictions_history_2024.csv,2025-10-26 19:38:16.692167+00:00,PHI,LA,28.0,22.0,6.0,1.0,1,0.0350816571430847,0.5852060000000003,0.5852060000000003,0.3424660624360004,-0.2073944471928142,False,PHI,LA,,,,,,,8.0,34.0,0.0,0.0,0.0,0.0,0.0,0.0,0.0,0.0,1.0,1.0,6.0,0.3333333333333333,0.3333333333333333,0.0,0.0,0.3333333333333333,0.0,0.0,7,6,7,6,0,0,0,0,1,0.0,0.0,0.0,0.0,0.0,0,0,0.0,0.0,0.0,0.0,8.0,34.0,1,7.0,1,0,1,0,0.20739444719281422,0,1,1
2024,20,2024_20_WAS_DET,DET,WAS,0.7631562948226929,3.0367362,w20_predictions_history_2024.csv,2025-10-26 19:38:16.692167+00:00,DET,WAS,31.0,45.0,-14.0,0.0,1,0.5824075303275009,17.0367362,17.0367362,290.2503803483904,-1.440354827219908,True,DET,WAS,,,,,,,,,0.0,0.0,0.0,0.0,0.0,0.0,0.0,0.0,1.0,6.0,0.3333333333333333,4.0,0.0,0.0,0.0,0.0,0.0,0.0,13,6,13,6,0,1,1,1,0,646.0825378188686,401.45695260704815,0.0,0.0,0.0,0,0,0.0,0.0,0.0,0.0,0.0,0.0,1,4.333333333333333,1,1,1,0,1.440354827219908,1,7,7
2024,21,2024_21_BUF_KC,KC,BUF,0.7435933947563171,3.560701,w21_predictions_history_2024.csv,2025-10-26 19:38:16.694165+00:00,KC,BUF,32.0,29.0,3.0,1.0,1,0.0657443472125898,0.5607009999999999,0.5607009999999999,0.3143856114009998,-0.2962609059656974,False,KC,BUF,,,,,,,8.0,31.0,0.0,0.0,0.0,0.0,0.0,0.0,0.0,0.0,0.0,0.0,1.6666666666666667,0.6666666666666666,0.0,0.0,0.3333333333333333,0.0,0.0,0.0,8,7,8,7,0,0,0,0,0,1380.159977791053,857.5913855600045,0.0,-1.0,1.0,0,1,0.0,0.0,0.0,0.0,8.0,31.0,1,2.6666666666666665,0,0,0,1,0.2962609059656974,0,1,1
2024,21,2024_21_WAS_PHI,PHI,WAS,0.8132620453834534,7.8494015,w21_predictions_history_2024.csv,2025-10-26 19:38:16.694165+00:00,PHI,WAS,55.0,23.0,32.0,1.0,1,0.0348710636943714,-24.1505985,24.1505985,583.2514079082023,-0.2067019023231125,False,PHI,WAS,,,,,,,11.0,40.0,0.0,1.0,0.0,0.0,0.0,0.0,0.0,0.0,2.0,7.0,1.6666666666666667,5.666666666666667,0.0,0.3333333333333333,0.0,0.0,0.0,0.0,7,8,7,8,0,1,0,0,0,182.89590253639992,113.64620985494535,0.0,0.0,0.0,0,0,0.0,0.0,0.0,0.0,11.0,40.0,1,8.666666666666668,0,1,0,1,0.20670190232311253,1,-1,-1
2024,22,2024_22_KC_PHI,PHI,KC,0.7687554359436035,4.469874,w22_predictions_history_2024.csv,2025-10-26 19:38:16.695165+00:00,PHI,KC,40.0,22.0,18.0,1.0,1,0.0534740484056328,-13.530126,13.530126,183.064309575876,-0.2629823887402589,False,PHI,KC,,,,,,,,,0.0,0.0,0.0,0.0,0.0,0.0,0.0,0.0,2.0,1.0,1.6666666666666667,0.6666666666666666,0.0,0.0,0.0,0.0,0.0,0.0,14,14,14,14,0,0,1,0,0,1657.4389983193887,1029.884527824717,0.0,1.0,1.0,1,0,0.0,0.0,0.0,0.0,0.0,0.0,1,2.3333333333333335,0,0,1,0,0.2629823887402589,0,0,0
2025,1,2025_01_TB_ATL,ATL,TB,0.6812518239021301,3.4446816,w01_predictions_history_2025.csv,2025-10-26 19:38:16.696165+00:00,ATL,TB,20.0,23.0,-3.0,0.0,1,0.4641040475699789,6.4446816,6.4446816,41.53392092537856,-1.1433539045717709,True,ATL,TB,,,,,,,,,,,,,,,,,,,,,,,,,,,7,7,7,7,0,0,1,1,0,667.5888998463652,414.8203822864358,0.0,0.0,0.0,0,0,0.0,0.0,0.0,0.0,0.0,0.0,0,0.0,0,0,1,0,1.1433539045717707,1,0,0
2025,1,2025_01_ARI_NO,NO,ARI,0.6029942035675049,0.30674145,w01_predictions_history_2025.csv,2025-10-26 19:38:16.696165+00:00,NO,ARI,13.0,20.0,-7.0,0.0,1,0.3636020095360095,7.30674145,7.30674145,53.388470617148094,-0.9238043978159042,True,NO,ARI,,,,,,,,,,,,,,,,,,,,,,,,,,,7,7,7,7,0,0,1,1,1,2130.670382648121,1323.9367863364457,0.0,1.0,1.0,1,0,0.0,0.0,0.0,0.0,0.0,0.0,0,0.0,0,0,1,0,0.9238043978159042,0,0,0
2025,1,2025_01_BAL_BUF,BUF,BAL,0.6674781441688538,2.8200052,w01_predictions_history_2025.csv,2025-10-26 19:38:16.696165+00:00,BUF,BAL,41.0,40.0,1.0,1.0,1,0.1105707846053896,1.8200052,1.8200052000000002,3.3124189280270406,-0.4042486320619868,False,BUF,BAL,,,,,,,8.0,58.0,,,,,,,,,,,,,,,,,,,7,7,7,7,0,0,0,0,0,428.9767136158515,266.5536895161953,0.0,0.0,0.0,0,0,0.0,0.0,0.0,0.0,8.0,58.0,0,0.0,0,0,0,1,0.40424863206198686,0,0,0
2025,1,2025_01_CAR_JAX,JAX,CAR,0.7683246731758118,4.0518456,w01_predictions_history_2025.csv,2025-10-26 19:38:16.696165+00:00,JAX,CAR,26.0,10.0,16.0,1.0,1,0.0536734570590944,-11.9481544,11.9481544,142.75839356623936,-0.2635428836377119,False,JAX,CAR,,,,,,,3.0,85.0,,,,,,,,,,,,,,,,,,,7,7,7,7,0,0,0,0,0,549.8989523162954,341.69126189972883,0.0,0.0,0.0,0,0,0.0,0.0,0.0,0.0,3.0,85.0,0,0.0,0,0,0,1,0.2635428836377119,0,0,0
2025,1,2025_01_CIN_CLE,CLE,CIN,0.594375729560852,1.0853121,w01_predictions_history_2025.csv,2025-10-26 19:38:16.696165+00:00,CLE,CIN,16.0,17.0,-1.0,0.0,1,0.3532825078909951,2.0853121,2.0853121,4.348526554406409,-0.9023279901345884,True,CLE,CIN,,,,,,,10.0,63.0,,,,,,,,,,,,,,,,,,,7,7,7,7,0,0,0,0,0,358.98874273433165,223.0651940615744,0.0,0.0,0.0,0,0,0.0,0.0,0.0,0.0,10.0,63.0,0,0.0,0,0,0,1,0.9023279901345885,0,0,0
2025,1,2025_01_DAL_PHI,PHI,DAL,0.754685640335083,3.9900227,w01_predictions_history_2025.csv,2025-10-26 19:38:16.696165+00:00,PHI,DAL,24.0,20.0,4.0,1.0,1,0.0601791350578082,-0.0099773,0.009977300000000078,9.954651529000156e-05,-0.2814539868564518,False,PHI,DAL,,,,,,,11.0,75.0,,,,,,,,,,,,,,,,,,,7,7,7,7,0,0,0,0,0,2112.2733926656533,1312.5054302740498,0.0,1.0,1.0,1,0,0.0,0.0,0.0,0.0,11.0,75.0,0,0.0,0,0,0,1,0.28145398685645184,0,0,0
2025,1,2025_01_DET_GB,GB,DET,0.7175469994544983,3.8634706,w01_predictions_history_2025.csv,2025-10-26 19:38:16.696165+00:00,GB,DET,27.0,13.0,14.0,1.0,1,0.0797796975171571,-10.1365294,10.1365294,102.74922827706438,-0.331916829027485,False,GB,DET,,,,,,,5.0,60.0,,,,,,,,,,,,,,,,,,,7,7,7,7,0,0,0,0,1,470.9455844183699,292.6319287356269,0.0,-1.0,1.0,0,1,0.0,0.0,0.0,0.0,5.0,60.0,0,0.0,0,0,1,0,0.33191682902748504,0,0,0
2025,1,2025_01_HOU_LA,LA,HOU,0.7309787273406982,2.9081864,w01_predictions_history_2025.csv,2025-10-26 19:38:16.696165+00:00,LA,HOU,14.0,9.0,5.0,1.0,1,0.0723724451432303,-2.0918136,2.0918136,4.37568413714496,-0.3133709204209127,False,LA,HOU,,,,,,,,,,,,,,,,,,,,,,,,,,,7,7,7,7,0,0,1,1,1,0.0,0.0,,0.0,0.0,0,0,0.0,0.0,0.0,0.0,0.0,0.0,0,0.0,0,0,1,0,0.3133709204209127,0,0,0
2025,1,2025_01_KC_LAC,LAC,KC,0.5675904154777527,0.0066713877,w01_predictions_history_2025.csv,2025-10-26 19:38:16.696165+00:00,LAC,KC,27.0,21.0,6.0,1.0,1,0.1869780487867025,-5.9933286123,5.9933286123,35.919987855013844,-0.5663552198892914,False,LAC,KC,,,,,,,,,,,,,,,,,,,,,,,,,,,7,7,7,7,0,0,1,1,0,2199.118387404246,1366.4683914997636,0.0,-2.0,2.0,0,1,0.0,0.0,0.0,0.0,0.0,0.0,0,0.0,0,0,1,0,0.5663552198892914,0,0,0
2025,1,2025_01_LV_NE,NE,LV,0.7484328746795654,4.1284,w01_predictions_history_2025.csv,2025-10-26 19:38:16.696165+00:00,NE,LV,13.0,20.0,-7.0,0.0,1,0.5601517679011181,11.1284,11.1284,123.84128656,-1.3800454251713368,True,NE,LV,,,,,,,4.0,62.0,,,,,,,,,,,,,,,,,,,7,7,7,7,0,0,0,0,1,3805.9299271119994,2364.89448473951,0.0,3.0,3.0,1,0,0.0,0.0,0.0,0.0,4.0,62.0,0,0.0,0,0,1,0,1.3800454251713368,1,0,0
2025,1,2025_01_TEN_DEN,DEN,TEN,0.7328104972839355,4.80303,w01_predictions_history_2025.csv,2025-10-26 19:38:16.696165+00:00,DEN,TEN,20.0,12.0,8.0,1.0,1,0.0713902303616578,-3.1969700000000003,3.1969700000000003,10.2206171809,-0.3108681408286166,False,DEN,TEN,,,,,,,6.0,84.0,,,,,,,,,,,,,,,,,,,7,7,7,7,0,0,0,0,0,1645.4834972867563,1022.455726192569,0.0,-1.0,1.0,0,1,0.0,0.0,0.0,0.0,6.0,84.0,0,0.0,0,0,0,1,0.31086814082861663,0,0,0
2025,1,2025_01_SF_SEA,SEA,SF,0.638373851776123,4.0962677,w01_predictions_history_2025.csv,2025-10-26 19:38:16.696165+00:00,SEA,SF,13.0,17.0,-4.0,0.0,1,0.4075211746314835,8.0962677,8.0962677,65.5495506700633,-1.0171443405125118,True,SEA,SF,,,,,,,6.0,67.0,,,,,,,,,,,,,,,,,,,7,7,7,7,0,0,0,0,0,1133.7049805847575,704.4513974909314,0.0,0.0,0.0,0,0,0.0,0.0,0.0,0.0,6.0,67.0,0,0.0,0,0,0,1,1.0171443405125118,0,0,0
2025,1,2025_01_MIA_IND,IND,MIA,0.6626412868499756,3.8864732,w01_predictions_history_2025.csv,2025-10-26 19:38:16.696165+00:00,IND,MIA,33.0,8.0,25.0,1.0,1,0.1138109013382404,-21.1135268,21.1135268,445.7810139343182,-0.4115214806893424,False,IND,MIA,,,,,,,,,,,,,,,,,,,,,,,,,,,7,7,7,7,0,0,1,1,0,1630.4068037079178,1013.0875060267925,0.0,0.0,0.0,0,0,0.0,0.0,0.0,0.0,0.0,0.0,0,0.0,0,0,1,0,0.41152148068934247,1,0,0
2025,1,2025_01_PIT_NYJ,NYJ,PIT,0.5971079468727112,0.5982856,w01_predictions_history_2025.csv,2025-10-26 19:38:16.696165+00:00,NYJ,PIT,32.0,34.0,-2.0,0.0,1,0.3565379002185445,2.5982856,2.5982856,6.75108805916736,-0.909086611160822,True,NYJ,PIT,,,,,,,3.0,67.0,,,,,,,,,,,,,,,,,,,7,7,7,7,0,0,0,0,0,502.9470361176347,312.5167027794508,0.0,0.0,0.0,0,0,0.0,0.0,0.0,0.0,3.0,67.0,0,0.0,0,0,0,1,0.909086611160822,0,0,0
2025,1,2025_01_NYG_WAS,WAS,NYG,0.7628231644630432,5.5708137,w01_predictions_history_2025.csv,2025-10-26 19:38:16.696165+00:00,WAS,NYG,21.0,6.0,15.0,1.0,1,0.0562528513153246,-9.4291863,9.4291863,88.90955428010768,-0.2707290380412363,False,WAS,NYG,,,,,,,5.0,68.0,,,,,,,,,,,,,,,,,,,7,7,7,7,0,0,0,0,0,318.7560616426511,198.06577277895576,0.0,0.0,0.0,0,0,0.0,0.0,0.0,0.0,5.0,68.0,0,0.0,0,0,0,1,0.2707290380412363,0,0,0
2025,1,2025_01_MIN_CHI,CHI,MIN,0.6982138752937317,2.1673765,w01_predictions_history_2025.csv,2025-10-26 19:38:16.696165+00:00,CHI,MIN,24.0,27.0,-3.0,0.0,1,0.4875026156526907,5.1673765,5.1673765,26.70177989275225,-1.1980367088336128,True,CHI,MIN,,,,,,,6.0,68.0,,,,,,,,,,,,,,,,,,,7,7,7,7,0,0,0,0,1,571.9881299076998,355.4168362688773,0.0,0.0,0.0,0,0,0.0,0.0,0.0,0.0,6.0,68.0,0,0.0,0,0,1,0,1.1980367088336128,1,0,0
2025,2,2025_02_JAX_CIN,CIN,JAX,0.7638390064239502,3.3228877,w02_predictions_history_2025.csv,2025-10-26 19:38:16.698675+00:00,CIN,JAX,31.0,27.0,4.0,1.0,1,0.055772014886827,-0.6771123000000001,0.6771123000000001,0.4584810668112901,-0.269398236597141,False,CIN,JAX,,,,,,,3.0,85.0,,,,,,,,,,,,,,,,,,,7,7,7,7,0,0,0,0,0,1010.0497990036748,627.6156536567124,0.0,0.0,0.0,0,0,0.0,0.0,0.0,0.0,3.0,85.0,0,0.0,0,0,0,1,0.269398236597141,0,0,0
2025,2,2025_02_BUF_NYJ,NYJ,BUF,0.5629310607910156,0.45497605,w02_predictions_history_2025.csv,2025-10-26 19:38:16.698675+00:00,NYJ,BUF,10.0,30.0,-20.0,0.0,1,0.3168913792032981,20.45497605,20.45497605,418.4060452060736,-0.8276643407016908,True,NYJ,BUF,,,,,,,3.0,80.0,,,,,,,,,,,,,,,,,,,7,7,7,7,0,0,0,0,0,447.2561433688814,277.9119970612652,0.0,0.0,0.0,0,0,0.0,0.0,0.0,0.0,3.0,80.0,0,0.0,0,0,0,1,0.8276643407016908,1,0,0
2025,2,2025_02_CLE_BAL,BAL,CLE,0.7371301054954529,6.4457493,w02_predictions_history_2025.csv,2025-10-26 19:38:16.698675+00:00,BAL,CLE,41.0,17.0,24.0,1.0,1,0.0691005814368317,-17.5542507,17.5542507,308.1517176384505,-0.3049908684579456,False,BAL,CLE,,,,,,,3.0,82.0,,,,,,,,,,,,,,,,,,,7,7,7,7,0,0,0,0,0,496.0989291668332,308.26148771532434,0.0,0.0,0.0,0,0,0.0,0.0,0.0,0.0,3.0,82.0,0,0.0,0,0,0,1,0.30499086845794565,1,0,0
2025,2,2025_02_CHI_DET,DET,CHI,0.7006918787956238,2.8058844,w02_predictions_history_2025.csv,2025-10-26 19:38:16.698675+00:00,DET,CHI,52.0,21.0,31.0,1.0,1,0.0895853514188935,-28.1941156,28.1941156,794.9081544661634,-0.355687033803222,False,DET,CHI,,,,,,,,,,,,,,,,,,,,,,,,,,,7,6,7,6,0,0,1,1,0,380.8011147087137,236.61876944766817,0.0,1.0,1.0,1,0,0.0,0.0,0.0,0.0,0.0,0.0,0,0.0,1,0,1,0,0.355687033803222,1,1,1
2025,2,2025_02_CAR_ARI,ARI,CAR,0.682785153388977,3.356741,w02_predictions_history_2025.csv,2025-10-26 19:38:16.698675+00:00,ARI,CAR,27.0,22.0,5.0,1.0,1,0.1006252589104548,-1.643259,1.643259,2.700300141081,-0.3815750320167952,False,ARI,CAR,,,,,,,,,,,,,,,,,,,,,,,,,,,7,7,7,7,0,1,1,1,0,2876.8455216494444,1787.588378632837,0.0,-2.0,2.0,0,1,0.0,0.0,0.0,0.0,0.0,0.0,0,0.0,0,1,1,0,0.3815750320167952,0,0,0
2025,2,2025_02_ATL_MIN,MIN,ATL,0.7372824549674988,2.997498,w02_predictions_history_2025.csv,2025-10-26 19:38:16.698675+00:00,MIN,ATL,6.0,22.0,-16.0,0.0,1,0.5435854184029019,18.997498,18.997498,360.904930260004,-1.3366757971873526,True,MIN,ATL,,,,,,,,,,,,,,,,,,,,,,,,,,,6,7,6,7,0,0,1,1,1,1459.4990087472638,906.8903585642961,0.0,-1.0,1.0,0,1,0.0,0.0,0.0,0.0,0.0,0.0,0,0.0,1,0,1,0,1.3366757971873526,1,-1,-1
2025,2,2025_02_DEN_IND,IND,DEN,0.7037641406059265,4.6842546,w02_predictions_history_2025.csv,2025-10-26 19:38:16.698675+00:00,IND,DEN,29.0,28.0,1.0,1.0,1,0.0877556843909452,3.6842546,3.6842546,13.57373195762116,-0.3513120065067616,False,IND,DEN,,,,,,,,,,,,,,,,,,,,,,,,,,,7,7,7,7,0,0,1,1,0,1609.0032383129478,999.7879511937547,0.0,2.0,2.0,1,0,0.0,0.0,0.0,0.0,0.0,0.0,0,0.0,0,0,1,0,0.35131200650676164,0,0,0
2025,2,2025_02_LAC_LV,LV,LAC,0.6283698678016663,0.3648183,w02_predictions_history_2025.csv,2025-10-26 19:38:16.698675+00:00,LV,LAC,9.0,20.0,-11.0,0.0,1,0.3948486907610835,11.3648183,11.3648183,129.15909499201487,-0.9898561876056288,True,LV,LAC,,,,,,,,,,,,,,,,,,,,,,,,,,,8,10,8,10,0,0,1,1,1,372.8906400783848,231.70342991614606,0.0,0.0,0.0,0,0,0.0,0.0,0.0,0.0,0.0,0.0,0,0.0,0,0,1,0,0.9898561876056289,0,-2,-2
2025,2,2025_02_LA_TEN,TEN,LA,0.6000769138336182,0.3596401,w02_predictions_history_2025.csv,2025-10-26 19:38:16.698675+00:00,TEN,LA,19.0,33.0,-14.0,0.0,1,0.3600923025160796,14.3596401,14.3596401,206.199263801528,-0.9164830349472513,True,TEN,LA,,,,,,,3.0,83.0,,,,,,,,,,,,,,,,,,,7,7,7,7,0,0,0,0,1,0.0,0.0,0.0,0.0,0.0,0,0,0.0,0.0,0.0,0.0,3.0,83.0,0,0.0,0,0,1,0,0.9164830349472513,0,0,0
2025,2,2025_02_NE_MIA,MIA,NE,0.7369906902313232,2.3794398,w02_predictions_history_2025.csv,2025-10-26 19:38:16.698675+00:00,MIA,NE,27.0,33.0,-6.0,0.0,1,0.5431552774876423,8.3794398,8.3794398,70.21501136182404,-1.335565849070892,True,MIA,NE,,,,,,,4.0,89.0,,,,,,,,,,,,,,,,,,,7,7,7,7,0,0,0,0,0,1972.5474708363204,1225.6837945010352,0.0,0.0,0.0,0,0,0.0,0.0,0.0,0.0,4.0,89.0,0,0.0,0,0,0,1,1.335565849070892,1,0,0
2025,2,2025_02_PHI_KC,KC,PHI,0.6747875809669495,2.477149,w02_predictions_history_2025.csv,2025-10-26 19:38:16.698675+00:00,KC,PHI,17.0,20.0,-3.0,0.0,1,0.4553382794272274,5.477149,5.477149,29.999161168201,-1.12327671312914,True,KC,PHI,,,,,,,12.0,88.0,,,,,,,,,,,,,,,,,,,9,10,9,10,0,0,0,0,0,1657.4389983193887,1029.884527824717,0.0,-1.0,1.0,0,1,0.0,0.0,0.0,0.0,12.0,88.0,0,0.0,0,0,0,1,1.12327671312914,1,-1,-1
2025,2,2025_02_TB_HOU,HOU,TB,0.6611476540565491,3.1493316,w02_predictions_history_2025.csv,2025-10-26 19:38:16.698675+00:00,HOU,TB,19.0,20.0,-1.0,0.0,1,0.4371162204644783,4.1493316,4.1493316,17.21695272675856,-1.0821908241734246,True,HOU,TB,,,,,,,,,,,,,,,,,,,,,,,,,,,8,8,8,8,0,1,1,1,0,1270.9048620766243,789.7034250534142,0.0,-1.0,1.0,0,1,0.0,0.0,0.0,0.0,0.0,0.0,0,0.0,0,1,1,0,1.0821908241734246,1,0,0
2025,2,2025_02_WAS_GB,GB,WAS,0.76828533411026,4.170961,w02_predictions_history_2025.csv,2025-10-26 19:38:16.698675+00:00,GB,WAS,27.0,18.0,9.0,1.0,1,0.0536916863883938,-4.829039,4.829039,23.319617663521,-0.2635940860447948,False,GB,WAS,,,,,,,7.0,65.0,,,,,,,,,,,,,,,,,,,4,4,4,4,0,0,0,0,0,1116.8989407477775,694.0086117113873,0.0,-1.0,1.0,0,1,0.0,0.0,0.0,0.0,7.0,65.0,0,0.0,1,0,0,1,0.2635940860447948,0,0,0
2025,2,2025_02_SEA_PIT,PIT,SEA,0.7485933899879456,2.954526,w02_predictions_history_2025.csv,2025-10-26 19:38:16.698675+00:00,PIT,SEA,17.0,31.0,-14.0,0.0,1,0.5603920635336443,16.954526,16.954526,287.45595188467604,-1.3806836903631496,True,PIT,SEA,,,,,,,5.0,79.0,,,,,,,,,,,,,,,,,,,7,7,7,7,0,0,0,0,0,3430.380441040567,2131.538925029818,0.0,3.0,3.0,1,0,0.0,0.0,0.0,0.0,5.0,79.0,0,0.0,0,0,0,1,1.3806836903631496,1,0,0
2025,2,2025_02_SF_NO,NO,SF,0.6191557049751282,1.2508109,w02_predictions_history_2025.csv,2025-10-26 19:38:16.698675+00:00,NO,SF,21.0,26.0,-5.0,0.0,1,0.3833537870032479,6.2508109,6.2508109,39.07263690755882,-0.96536466186101,True,NO,SF,,,,,,,,,,,,,,,,,,,,,,,,,,,7,7,7,7,0,1,1,1,0,3048.7351193187847,1894.3955898262325,0.0,2.0,2.0,1,0,0.0,0.0,0.0,0.0,0.0,0.0,0,0.0,0,1,1,0,0.9653646618610101,0,0,0
2025,2,2025_02_NYG_DAL,DAL,NYG,0.732945442199707,4.9981256,w02_predictions_history_2025.csv,2025-10-26 19:38:16.698675+00:00,DAL,NYG,40.0,37.0,3.0,1.0,1,0.07131813684191,1.9981256,1.9981255999999998,3.9925059133753593,-0.3106840106981935,False,DAL,NYG,,,,,,,,,,,,,,,,,,,,,,,,,,,10,7,10,7,0,1,1,0,0,2229.039273710148,1385.0603625445483,0.0,-1.0,1.0,0,1,0.0,0.0,0.0,0.0,0.0,0.0,0,0.0,0,1,1,0,0.31068401069819357,0,3,3
2025,3,2025_03_GB_CLE,CLE,GB,0.6000275015830994,-0.56471425,w03_predictions_history_2025.csv,2025-10-26 19:38:16.699678+00:00,CLE,GB,13.0,10.0,3.0,1.0,1,0.1599779994898575,-3.56471425,3.5647142499999998,12.70718768415306,-0.5107797888445945,False,CLE,GB,,,,,,,10.0,79.0,,,,,,,,,,,,,,,,,,,7,10,7,10,0,0,0,0,0,615.0441046094869,382.17057032530147,0.0,1.0,1.0,1,0,0.0,0.0,0.0,0.0,10.0,79.0,0,0.0,0,0,0,1,0.5107797888445945,0,-3,-3
2025,3,2025_03_HOU_JAX,JAX,HOU,0.7219648361206055,1.9600348,w03_predictions_history_2025.csv,2025-10-26 19:38:16.699678+00:00,JAX,HOU,17.0,10.0,7.0,1.0,1,0.0773035523534417,-5.0399652,5.0399652,25.40124921721104,-0.325778844709426,False,JAX,HOU,,,,,,,11.0,85.0,,,,,,,,,,,,,,,,,,,7,6,7,6,0,0,0,0,1,1327.3673175220954,824.787557456022,0.0,1.0,1.0,1,0,0.0,0.0,0.0,0.0,11.0,85.0,0,0.0,1,0,1,0,0.32577884470942603,0,1,1
2025,3,2025_03_IND_TEN,TEN,IND,0.6296371221542358,-0.103644654,w03_predictions_history_2025.csv,2025-10-26 19:38:16.699678+00:00,TEN,IND,20.0,41.0,-21.0,0.0,1,0.3964429055946681,20.896355346,20.896355346,436.6576667463028,-0.9932720030313456,True,TEN,IND,,,,,,,8.0,84.0,,,,,,,,,,,,,,,,,,,7,7,7,7,0,0,0,0,1,403.11912155342907,250.48653167877578,0.0,-1.0,1.0,0,1,0.0,0.0,0.0,0.0,8.0,84.0,0,0.0,0,0,1,0,0.9932720030313457,1,0,0
2025,3,2025_03_KC_NYG,NYG,KC,0.5968297719955444,-0.26486805,w03_predictions_history_2025.csv,2025-10-26 19:38:16.699678+00:00,NYG,KC,9.0,22.0,-13.0,0.0,1,0.3562057767402535,12.73513195,12.73513195,162.1835857839108,-0.9083964042258954,True,NYG,KC,,,,,,,5.0,65.0,,,,,,,,,,,,,,,,,,,7,7,7,7,0,0,0,0,0,1747.2670645640812,1085.7010831752477,0.0,1.0,1.0,1,0,0.0,0.0,0.0,0.0,5.0,65.0,0,0.0,0,0,0,1,0.9083964042258954,0,0,0
2025,3,2025_03_DEN_LAC,LAC,DEN,0.6914578080177307,2.3390324,w03_predictions_history_2025.csv,2025-10-26 19:38:16.699678+00:00,LAC,DEN,23.0,20.0,3.0,1.0,1,0.0951982842332235,-0.6609676000000002,0.6609676000000002,0.4368781682497603,-0.3689531448975655,False,LAC,DEN,,,,,,,,,,,,,,,,,,,,,,,,,,,6,7,6,7,0,1,1,1,0,1346.7017716684152,836.8014265633748,0.0,-1.0,1.0,0,1,0.0,0.0,0.0,0.0,0.0,0.0,0,0.0,1,1,1,0,0.3689531448975655,0,-1,-1
2025,3,2025_03_LV_WAS,WAS,LV,0.7339619398117065,4.915684,w03_predictions_history_2025.csv,2025-10-26 19:38:16.699678+00:00,WAS,LV,41.0,24.0,17.0,1.0,1,0.07077624946875,-12.084316,12.084316000000001,146.03069318785603,-0.3092981048296068,False,WAS,LV,,,,,,,6.0,72.0,,,,,,,,,,,,,,,,,,,10,6,10,6,0,0,0,0,1,3370.0424260457266,2094.046632314459,0.0,3.0,3.0,1,0,0.0,0.0,0.0,0.0,6.0,72.0,0,0.0,1,0,1,0,0.30929810482960685,0,4,4
2025,3,2025_03_MIA_BUF,BUF,MIA,0.7416843771934509,4.8485665,w03_predictions_history_2025.csv,2025-10-26 19:38:16.699678+00:00,BUF,MIA,31.0,21.0,10.0,1.0,1,0.0667269609859353,-5.1514335,5.1514335,26.53726710492225,-0.2988314939730572,False,BUF,MIA,,,,,,,7.0,68.0,,,,,,,,,,,,,,,,,,,4,4,4,4,0,0,0,0,0,1874.493622740377,1164.7559768558108,0.0,0.0,0.0,0,0,0.0,0.0,0.0,0.0,7.0,68.0,0,0.0,1,0,0,1,0.29883149397305725,0,0,0
2025,3,2025_03_NO_SEA,SEA,NO,0.7420112490653992,6.398466,w03_predictions_history_2025.csv,2025-10-26 19:38:16.699678+00:00,SEA,NO,44.0,13.0,31.0,1.0,1,0.0665581956087955,-24.601534,24.601534,605.235475153156,-0.2983908754641777,False,SEA,NO,,,,,,,3.0,63.0,,,,,,,,,,,,,,,,,,,7,7,7,7,0,0,0,0,1,3376.576967835025,2098.107007080617,0.0,-2.0,2.0,0,1,0.0,0.0,0.0,0.0,3.0,63.0,0,0.0,0,0,1,0,0.29839087546417775,1,0,0
2025,3,2025_03_NYJ_TB,TB,NYJ,0.7485747337341309,3.4044273,w03_predictions_history_2025.csv,2025-10-26 19:38:16.699678+00:00,TB,NYJ,29.0,27.0,2.0,1.0,1,0.0632146645168632,1.4044273,1.4044273,1.9724160409852904,-0.2895842354384236,False,TB,NYJ,,,,,,,5.0,88.0,,,,,,,,,,,,,,,,,,,6,7,6,7,0,0,0,0,0,1621.5563482198602,1007.5880896497227,0.0,0.0,0.0,0,0,0.0,0.0,0.0,0.0,5.0,88.0,0,0.0,1,0,0,1,0.28958423543842365,0,-1,-1
2025,3,2025_03_PIT_NE,NE,PIT,0.6794657111167908,3.898437,w03_predictions_history_2025.csv,2025-10-26 19:38:16.699678+00:00,NE,PIT,14.0,21.0,-7.0,0.0,1,0.4616736525834461,10.898437,10.898437,118.77592904296898,-1.1377660227489264,True,NE,PIT,,,,,,,5.0,66.0,,,,,,,,,,,,,,,,,,,7,7,7,7,0,0,0,0,0,753.5408308481846,468.2284196049673,0.0,0.0,0.0,0,0,0.0,0.0,0.0,0.0,5.0,66.0,0,0.0,0,0,0,1,1.1377660227489264,1,0,0
2025,3,2025_03_ARI_SF,SF,ARI,0.7112794518470764,1.7730476,w03_predictions_history_2025.csv,2025-10-26 19:38:16.699678+00:00,SF,ARI,16.0,15.0,1.0,1.0,1,0.0833595549257246,0.7730476,0.7730476,0.5976025918657599,-0.3406898858265682,False,SF,ARI,,,,,,,7.0,72.0,,,,,,,,,,,,,,,,,,,7,7,7,7,0,0,0,0,1,978.3858210191008,607.9405759924597,0.0,-1.0,1.0,0,1,0.0,0.0,0.0,0.0,7.0,72.0,0,0.0,0,0,1,0,0.34068988582656823,0,0,0
2025,3,2025_03_DAL_CHI,CHI,DAL,0.6930217146873474,4.0608344,w03_predictions_history_2025.csv,2025-10-26 19:38:16.699678+00:00,CHI,DAL,31.0,14.0,17.0,1.0,1,0.0942356676534963,-12.9391656,12.939165599999999,167.42200642422333,-0.3666939459579669,False,CHI,DAL,,,,,,,4.0,82.0,,,,,,,,,,,,,,,,,,,7,7,7,7,0,0,0,0,0,1313.516396853622,816.1809970293319,0.0,0.0,0.0,0,0,0.0,0.0,0.0,0.0,4.0,82.0,0,0.0,0,0,0,1,0.3666939459579669,0,0,0
2025,3,2025_03_CIN_MIN,MIN,CIN,0.7377921342849731,6.2408447,w03_predictions_history_2025.csv,2025-10-26 19:38:16.699678+00:00,MIN,CIN,48.0,10.0,38.0,1.0,1,0.0687529648428295,-31.7591553,31.7591553,1008.643945369518,-0.3040931549160046,False,MIN,CIN,,,,,,,,,,,,,,,,,,,,,,,,,,,7,7,7,7,0,0,1,1,0,972.9954841874447,604.5911770050367,0.0,-1.0,1.0,0,1,0.0,0.0,0.0,0.0,0.0,0.0,0,0.0,0,0,1,0,0.3040931549160046,1,0,0
2025,3,2025_03_DET_BAL,BAL,DET,0.7388583421707153,3.746516,w03_predictions_history_2025.csv,2025-10-26 19:38:16.699678+00:00,BAL,DET,30.0,38.0,-8.0,0.0,1,0.5459116497952579,11.746516,11.746516,137.98063813825598,-1.3426922685913447,True,BAL,DET,,,,,,,7.0,74.0,,,,,,,,,,,,,,,,,,,8,8,8,8,0,0,0,0,1,638.5793889070094,396.7947134645373,0.0,0.0,0.0,0,0,0.0,0.0,0.0,0.0,7.0,74.0,0,0.0,0,0,1,0,1.3426922685913447,1,0,0
2025,3,2025_03_LA_PHI,PHI,LA,0.7499638795852661,3.1524456,w03_predictions_history_2025.csv,2025-10-26 19:38:16.699678+00:00,PHI,LA,33.0,26.0,7.0,1.0,1,0.0625180615120513,-3.8475544,3.8475544,14.80367486095936,-0.2877302341645161,False,PHI,LA,,,,,,,9.0,73.0,,,,,,,,,,,,,,,,,,,7,7,7,7,0,1,0,0,1,0.0,0.0,0.0,0.0,0.0,0,0,0.0,0.0,0.0,0.0,9.0,73.0,0,0.0,0,1,1,0,0.2877302341645161,0,0,0
2025,3,2025_03_ATL_CAR,CAR,ATL,0.5904890298843384,0.1636786,w03_predictions_history_2025.csv,2025-10-26 19:38:16.699678+00:00,CAR,ATL,30.0,0.0,30.0,1.0,1,0.1676992346450703,-29.8363214,29.8363214,890.2060746840979,-0.5268042211898725,False,CAR,ATL,,,,,,,5.0,83.0,,,,,,,,,,,,,,,,,,,7,7,7,7,0,1,0,0,1,363.9477516045314,226.14657836225928,0.0,0.0,0.0,0,0,0.0,0.0,0.0,0.0,5.0,83.0,0,0.0,0,1,1,0,0.5268042211898725,1,0,0
2025,4,2025_04_SEA_ARI,ARI,SEA,0.6513745784759521,1.1782919,w04_predictions_history_2025.csv,2025-10-26 19:38:16.701678+00:00,ARI,SEA,20.0,23.0,-3.0,0.0,1,0.4242888414847243,4.1782919,4.1782919,17.458123201605606,-1.0537572239307391,True,ARI,SEA,,,,,,,,,,,,,,,,,,,,,,,,,,,4,4,4,4,0,0,1,1,0,1777.0604520662819,1104.2138301608777,0.0,1.0,1.0,1,0,0.0,0.0,0.0,0.0,0.0,0.0,0,0.0,1,0,1,0,1.0537572239307393,1,0,0
2025,4,2025_04_WAS_ATL,ATL,WAS,0.711529016494751,3.151476,w04_predictions_history_2025.csv,2025-10-26 19:38:16.701678+00:00,ATL,WAS,34.0,27.0,7.0,1.0,1,0.0832155083244856,-3.848524,3.848524,14.811136978575998,-0.3403390801407899,False,ATL,WAS,,,,,,,,,,,,,,,,,,,,,,,,,,,7,7,7,7,0,0,1,1,0,884.8824179718281,549.8402729375728,0.0,0.0,0.0,0,0,0.0,0.0,0.0,0.0,0.0,0.0,0,0.0,0,0,1,0,0.3403390801407899,0,0,0
2025,4,2025_04_BAL_KC,KC,BAL,0.6567302346229553,0.97209066,w04_predictions_history_2025.csv,2025-10-26 19:38:16.701678+00:00,KC,BAL,37.0,20.0,17.0,1.0,1,0.1178341318220113,-16.02790934,16.02790934,256.89387781125924,-0.4204819466090686,False,KC,BAL,,,,,,,10.0,89.0,,,,,,,,,,,,,,,,,,,7,6,7,6,0,0,0,0,0,1537.614493076069,955.4290551771701,0.0,-1.0,1.0,0,1,0.0,0.0,0.0,0.0,10.0,89.0,0,0.0,1,0,0,1,0.4204819466090686,1,1,1
2025,4,2025_04_CAR_NE,NE,CAR,0.741840660572052,6.327738,w04_predictions_history_2025.csv,2025-10-26 19:38:16.701678+00:00,NE,CAR,42.0,13.0,29.0,1.0,1,0.0666462445338744,-22.672262,22.672262,514.031464196644,-0.2986208020397218,False,NE,CAR,,,,,,,7.0,76.0,,,,,,,,,,,,,,,,,,,7,7,7,7,0,0,0,0,0,1128.2482273446008,701.060729273342,0.0,0.0,0.0,0,0,0.0,0.0,0.0,0.0,7.0,76.0,0,0.0,0,0,0,1,0.2986208020397218,1,0,0
2025,4,2025_04_CHI_LV,LV,CHI,0.6532605886459351,1.9802356,w04_predictions_history_2025.csv,2025-10-26 19:38:16.701678+00:00,LV,CHI,24.0,25.0,-1.0,0.0,1,0.4267493966780336,2.9802356000000003,2.9802356000000003,8.881804231507362,-1.0591817570838369,True,LV,CHI,,,,,,,,,,,,,,,,,,,,,,,,,,,7,7,7,7,0,0,1,1,0,2456.036109562928,1526.109613435226,0.0,-2.0,2.0,0,1,0.0,0.0,0.0,0.0,0.0,0.0,0,0.0,0,0,1,0,1.0591817570838369,1,0,0
2025,4,2025_04_TEN_HOU,HOU,TEN,0.7459642291069031,6.9205647,w04_predictions_history_2025.csv,2025-10-26 19:38:16.701678+00:00,HOU,TEN,26.0,0.0,26.0,1.0,1,0.06453417289325,-19.0794353,19.0794353,364.0248513668861,-0.2930776301868696,False,HOU,TEN,,,,,,,,,,,,,,,,,,,,,,,,,,,7,7,7,7,0,0,1,1,0,1080.6227627179926,671.4676466928418,0.0,0.0,0.0,0,0,0.0,0.0,0.0,0.0,0.0,0.0,0,0.0,0,0,1,0,0.29307763018686966,1,0,0
2025,4,2025_04_CLE_DET,DET,CLE,0.7322151064872742,6.5881453,w04_predictions_history_2025.csv,2025-10-26 19:38:16.701678+00:00,DET,CLE,34.0,10.0,24.0,1.0,1,0.0717087491936219,-17.4118547,17.4118547,303.17268409391204,-0.3116809468681939,False,DET,CLE,,,,,,,,,,,,,,,,,,,,,,,,,,,6,7,6,7,0,0,1,1,0,144.91316715310063,90.0448395870893,0.0,0.0,0.0,0,0,0.0,0.0,0.0,0.0,0.0,0.0,0,0.0,1,0,1,0,0.3116809468681939,1,-1,-1
2025,4,2025_04_CIN_DEN,DEN,CIN,0.7242816686630249,4.9545717,w04_predictions_history_2025.csv,2025-10-26 19:38:16.701678+00:00,DEN,CIN,28.0,3.0,25.0,1.0,1,0.0760205982352459,-20.0454283,20.0454283,401.8191957304409,-0.3225749171401736,False,DEN,CIN,,,,,,,12.0,66.0,,,,,,,,,,,,,,,,,,,8,8,8,8,0,1,0,0,0,1758.9328786113927,1092.9498817156398,0.0,-2.0,2.0,0,1,0.0,0.0,0.0,0.0,12.0,66.0,0,0.0,0,1,0,1,0.32257491714017367,1,0,0
2025,4,2025_04_JAX_SF,SF,JAX,0.7044262886047363,1.9637129,w04_predictions_history_2025.csv,2025-10-26 19:38:16.701678+00:00,SF,JAX,21.0,26.0,-5.0,0.0,1,0.4962163960774433,6.9637129,6.9637129,48.49329735362641,-1.2188370268964812,True,SF,JAX,,,,,,,7.0,72.0,,,,,,,,,,,,,,,,,,,7,7,7,7,0,0,0,0,0,3776.6518723708095,2346.7019505869225,0.0,-3.0,3.0,0,1,0.0,0.0,0.0,0.0,7.0,72.0,0,0.0,0,0,0,1,1.2188370268964812,1,0,0
2025,4,2025_04_LAC_NYG,NYG,LAC,0.6110070943832397,-0.132767,w04_predictions_history_2025.csv,2025-10-26 19:38:16.701678+00:00,NYG,LAC,21.0,18.0,3.0,1.0,1,0.1513154806201697,-3.132767,3.132767,9.814229076289,-0.4926467087760847,False,NYG,LAC,,,,,,,4.0,81.0,,,,,,,,,,,,,,,,,,,7,7,7,7,0,0,0,0,1,3941.8270293974165,2449.3370030837023,0.0,3.0,3.0,1,0,0.0,0.0,0.0,0.0,4.0,81.0,0,0.0,0,0,1,0,0.4926467087760847,0,0,0
2025,4,2025_04_MIN_PIT,PIT,MIN,0.6467099785804749,2.0335708,w04_predictions_history_2025.csv,2025-10-26 19:38:16.701678+00:00,PIT,MIN,24.0,21.0,3.0,1.0,1,0.1248138392346085,-0.9664292,0.9664291999999999,0.9339853986126396,-0.4358573406494432,False,PIT,MIN,,,,,,,5.0,61.0,,,,,,,,,,,,,,,,,,,7,7,7,7,0,0,0,0,1,1191.5336365065343,740.3844472497018,0.0,1.0,1.0,1,0,0.0,0.0,0.0,0.0,5.0,61.0,0,0.0,0,0,1,0,0.4358573406494432,0,0,0
2025,4,2025_04_NO_BUF,BUF,NO,0.756811797618866,7.1388144,w04_predictions_history_2025.csv,2025-10-26 19:38:16.701678+00:00,BUF,NO,31.0,19.0,12.0,1.0,1,0.0591405017773674,-4.8611856,4.8611856,23.63112543764736,-0.2786406725461183,False,BUF,NO,,,,,,,7.0,73.0,,,,,,,,,,,,,,,,,,,10,7,10,7,0,1,0,0,1,1744.5289491721846,1083.9996976760694,0.0,1.0,1.0,1,0,0.0,0.0,0.0,0.0,7.0,73.0,0,0.0,0,1,1,0,0.2786406725461183,0,3,3
2025,4,2025_04_NYJ_MIA,MIA,NYJ,0.7392635345458984,2.9600642,w04_predictions_history_2025.csv,2025-10-26 19:38:16.701678+00:00,MIA,NYJ,27.0,21.0,6.0,1.0,1,0.0679835044174979,-3.0399358,3.0399358,9.24120966812164,-0.3021008119343641,False,MIA,NYJ,,,,,,,17.0,88.0,,,,,,,,,,,,,,,,,,,11,8,11,8,0,1,0,0,0,1746.9720204594903,1085.517751324934,0.0,0.0,0.0,0,0,0.0,0.0,0.0,0.0,17.0,88.0,0,0.0,0,1,0,1,0.30210081193436417,0,3,3
2025,4,2025_04_PHI_TB,TB,PHI,0.6052759885787964,0.81428856,w04_predictions_history_2025.csv,2025-10-26 19:38:16.701678+00:00,TB,PHI,25.0,31.0,-6.0,0.0,1,0.3663590223500392,6.81428856,6.81428856,46.43452857894687,-0.9295684635520728,True,TB,PHI,,,,,,,6.0,88.0,,,,,,,,,,,,,,,,,,,7,7,7,7,0,0,0,0,0,1487.3128204251716,924.1730545404093,0.0,0.0,0.0,0,0,0.0,0.0,0.0,0.0,6.0,88.0,0,0.0,0,0,0,1,0.9295684635520727,0,0,0
2025,4,2025_04_IND_LA,LA,IND,0.7514293193817139,2.9037855,w04_predictions_history_2025.csv,2025-10-26 19:38:16.701678+00:00,LA,IND,27.0,20.0,7.0,1.0,1,0.061787383263038,-4.0962145,4.0962145,16.77897323001025,-0.2857781269312858,False,LA,IND,,,,,,,,,,,,,,,,,,,,,,,,,,,7,7,7,7,0,1,1,1,1,0.0,0.0,,0.0,0.0,0,0,0.0,0.0,0.0,0.0,0.0,0.0,0,0.0,0,1,1,0,0.2857781269312858,0,0,0
2025,5,2025_05_SF_LA,LA,SF,0.7156582474708557,2.9786193,w05_predictions_history_2025.csv,2025-10-26 19:38:16.703683+00:00,LA,SF,23.0,26.0,-3.0,0.0,1,0.5121667271730566,5.9786193,5.9786193,35.743888734332494,-1.2575784102951468,True,LA,SF,,,,,,,,,,,,,,,,,,,,,,,,,,,4,4,4,4,0,0,1,1,0,0.0,0.0,,0.0,0.0,0,0,0.0,0.0,0.0,0.0,0.0,0.0,0,0.0,1,0,1,0,1.2575784102951468,1,0,0
2025,5,2025_05_NYG_NO,NO,NYG,0.6867654919624329,1.7502781,w05_predictions_history_2025.csv,2025-10-26 19:38:16.703683+00:00,NO,NYG,26.0,14.0,12.0,1.0,1,0.0981158570255367,-10.2497219,10.2497219,105.05679902733962,-0.3757623958885175,False,NO,NYG,,,,,,,,,,,,,,,,,,,,,,,,,,,7,7,7,7,0,0,1,1,0,1882.6121090417162,1169.8005688073602,0.0,-1.0,1.0,0,1,0.0,0.0,0.0,0.0,0.0,0.0,0,0.0,0,0,1,0,0.37576239588851756,0,0,0
2025,5,2025_05_NE_BUF,BUF,NE,0.7458377480506897,3.046293,w05_predictions_history_2025.csv,2025-10-26 19:38:16.703683+00:00,BUF,NE,20.0,23.0,-3.0,0.0,1,0.5562739464173241,6.046293,6.046293,36.55765904184901,-1.369782428699292,True,BUF,NE,,,,,,,3.0,66.0,,,,,,,,,,,,,,,,,,,7,7,7,7,0,0,0,0,0,621.8117441942087,386.37578530169964,0.0,0.0,0.0,0,0,0.0,0.0,0.0,0.0,3.0,66.0,0,0.0,0,0,0,1,1.3697824286992921,1,0,0
2025,5,2025_05_MIN_CLE,CLE,MIN,0.602820098400116,0.7076618,w05_predictions_history_2025.csv,2025-10-26 19:38:16.703683+00:00,CLE,MIN,17.0,21.0,-4.0,0.0,1,0.3633920710351255,4.7076618,4.7076618,22.16207962317924,-0.9233659482930549,True,CLE,MIN,,,,,,,14.0,61.0,,,,,,,,,,,,,,,,,,,7,7,7,7,0,1,0,0,1,1011.5341830316587,628.5380068445648,0.0,1.0,1.0,1,0,0.0,0.0,0.0,0.0,14.0,61.0,0,0.0,0,1,1,0,0.9233659482930547,0,0,0
2025,5,2025_05_MIA_CAR,CAR,MIA,0.6584293842315674,2.4591324,w05_predictions_history_2025.csv,2025-10-26 19:38:16.703683+00:00,CAR,MIA,27.0,24.0,3.0,1.0,1,0.1166704855564262,-0.5408675999999999,0.5408675999999999,0.2925377607297599,-0.4178980008588254,False,CAR,MIA,,,,,,,8.0,77.0,,,,,,,,,,,,,,,,,,,7,6,7,6,0,0,0,0,0,1032.1200129039848,641.329444538162,0.0,0.0,0.0,0,0,0.0,0.0,0.0,0.0,8.0,77.0,0,0.0,1,0,0,1,0.4178980008588254,0,1,1
2025,5,2025_05_LV_IND,IND,LV,0.7653324007987976,6.420866,w05_predictions_history_2025.csv,2025-10-26 19:38:16.703683+00:00,IND,LV,40.0,6.0,34.0,1.0,1,0.0550688821148561,-27.579134,27.579134,760.608632189956,-0.2674450286800021,False,IND,LV,,,,,,,,,,,,,,,,,,,,,,,,,,,7,7,7,7,0,0,1,1,1,2566.2937413034447,1594.6205083274626,0.0,3.0,3.0,1,0,0.0,0.0,0.0,0.0,0.0,0.0,0,0.0,0,0,1,0,0.2674450286800021,1,0,0
2025,5,2025_05_WAS_LAC,LAC,WAS,0.683210015296936,0.75785154,w05_predictions_history_2025.csv,2025-10-26 19:38:16.703683+00:00,LAC,WAS,10.0,27.0,-17.0,0.0,1,0.4667759250020395,17.75785154,17.75785154,315.3412913166804,-1.1495162334839462,True,LAC,WAS,,,,,,,,,,,,,,,,,,,,,,,,,,,7,7,7,7,0,1,1,1,0,3718.9680994652304,2310.8589269328095,0.0,-3.0,3.0,0,1,0.0,0.0,0.0,0.0,0.0,0.0,0,0.0,0,1,1,0,1.1495162334839462,1,0,0
2025,5,2025_05_TEN_ARI,ARI,TEN,0.7122401595115662,3.6443138,w05_predictions_history_2025.csv,2025-10-26 19:38:16.703683+00:00,ARI,TEN,21.0,22.0,-1.0,0.0,1,0.5072860448210612,4.6443138,4.6443138,21.56965067287044,-1.2456290339164615,True,ARI,TEN,,,,,,,,,,,,,,,,,,,,,,,,,,,10,7,10,7,0,1,1,1,0,2337.8613884288397,1452.6792687894167,0.0,-1.0,1.0,0,1,0.0,0.0,0.0,0.0,0.0,0.0,0,0.0,0,1,1,0,1.2456290339164615,1,3,3
2025,5,2025_05_DAL_NYJ,NYJ,DAL,0.7125768065452576,3.0557666,w05_predictions_history_2025.csv,2025-10-26 19:38:16.703683+00:00,NYJ,DAL,22.0,37.0,-15.0,0.0,1,0.5077657052262374,18.0557666,18.0557666,326.0107075136755,-1.246799607637401,True,NYJ,DAL,,,,,,,3.0,82.0,,,,,,,,,,,,,,,,,,,6,7,6,7,0,0,0,0,0,2229.039273710148,1385.0603625445483,0.0,1.0,1.0,1,0,0.0,0.0,0.0,0.0,3.0,82.0,0,0.0,1,0,0,1,1.246799607637401,1,-1,-1
2025,5,2025_05_DEN_PHI,PHI,DEN,0.7415086030960083,4.034088,w05_predictions_history_2025.csv,2025-10-26 19:38:16.703683+00:00,PHI,DEN,17.0,21.0,-4.0,0.0,1,0.5498350084653936,8.034088,8.034088,64.54656999174401,-1.3528928664230946,True,PHI,DEN,,,,,,,6.0,80.0,,,,,,,,,,,,,,,,,,,7,6,7,6,0,0,0,0,0,2537.5115764196566,1576.7361057514586,0.0,2.0,2.0,1,0,0.0,0.0,0.0,0.0,6.0,80.0,0,0.0,1,0,0,1,1.3528928664230946,1,1,1
2025,5,2025_05_DET_CIN,CIN,DET,0.6144929528236389,-0.09270196,w05_predictions_history_2025.csv,2025-10-26 19:38:16.703683+00:00,CIN,DET,24.0,37.0,-13.0,0.0,1,0.3776015890699149,12.90729804,12.90729804,166.59834269338785,-0.9531958055327128,True,CIN,DET,,,,,,,7.0,84.0,,,,,,,,,,,,,,,,,,,6,7,6,7,0,0,0,0,1,381.4547015862279,237.024889379336,0.0,0.0,0.0,0,0,0.0,0.0,0.0,0.0,7.0,84.0,0,0.0,1,0,1,0,0.9531958055327127,0,-1,-1
2025,5,2025_05_TB_SEA,SEA,TB,0.7507176399230957,4.453492,w05_predictions_history_2025.csv,2025-10-26 19:38:16.703683+00:00,SEA,TB,35.0,38.0,-3.0,0.0,1,0.5635769748917028,7.453492,7.453492,55.55454299406399,-1.38916904877034,True,SEA,TB,,,,,,,8.0,61.0,,,,,,,,,,,,,,,,,,,10,7,10,7,0,0,0,0,0,4059.6945744497543,2522.5764774204185,0.0,-3.0,3.0,0,1,0.0,0.0,0.0,0.0,8.0,61.0,0,0.0,0,0,0,1,1.3891690487703399,1,3,3
2025,5,2025_05_KC_JAX,JAX,KC,0.5896517038345337,-0.3345292,w05_predictions_history_2025.csv,2025-10-26 19:38:16.703683+00:00,JAX,KC,31.0,28.0,3.0,1.0,1,0.1683857241659012,-3.3345292,3.3345292,11.11908498565264,-0.5282232488810397,False,JAX,KC,,,,,,,12.0,80.0,,,,,,,,,,,,,,,,,,,8,8,8,8,0,0,0,0,0,1520.7087764454202,944.9243331286672,0.0,1.0,1.0,1,0,0.0,0.0,0.0,0.0,12.0,80.0,0,0.0,0,0,0,1,0.5282232488810397,0,0,0
2025,5,2025_05_HOU_BAL,BAL,HOU,0.5970725417137146,1.3100655,w05_predictions_history_2025.csv,2025-10-26 19:38:16.703683+00:00,BAL,HOU,10.0,44.0,-34.0,0.0,1,0.3564956200684754,35.3100655,35.3100655,1246.8007256142905,-0.9089987374905576,True,BAL,HOU,,,,,,,2.0,78.0,,,,,,,,,,,,,,,,,,,7,7,7,7,0,0,0,0,1,2019.4449970190258,1254.824557242709,0.0,1.0,1.0,1,0,0.0,0.0,0.0,0.0,2.0,78.0,0,0.0,0,0,1,0,0.9089987374905575,1,0,0
2025,6,2025_06_CLE_PIT,PIT,CLE,0.7120036482810974,5.5225496,w06_predictions_history_2025.csv,2025-10-26 19:38:16.705680+00:00,PIT,CLE,23.0,9.0,14.0,1.0,1,0.0829418986033978,-8.4774504,8.4774504,71.86716528446017,-0.3396722435929835,False,PIT,CLE,,,,,,,8.0,64.0,,,,,,,,,,,,,,,,,,,14,7,14,7,0,0,0,0,0,183.98510450821584,114.32300837337459,0.0,0.0,0.0,0,0,0.0,0.0,0.0,0.0,8.0,64.0,0,0.0,0,0,0,1,0.33967224359298354,0,7,7
2025,6,2025_06_SF_TB,TB,SF,0.7265230417251587,3.7636526,w06_predictions_history_2025.csv,2025-10-26 19:38:16.705680+00:00,TB,SF,30.0,19.0,11.0,1.0,1,0.0747896467072593,-7.2363474,7.2363474,52.36472369348675,-0.3194850804043254,False,TB,SF,,,,,,,10.0,82.0,,,,,,,,,,,,,,,,,,,7,10,7,10,0,1,0,0,0,3809.0197587502116,2366.8144165143776,0.0,3.0,3.0,1,0,0.0,0.0,0.0,0.0,10.0,82.0,0,0.0,0,1,0,1,0.3194850804043254,0,-3,-3
2025,6,2025_06_ARI_IND,IND,ARI,0.7509233355522156,5.825412,w06_predictions_history_2025.csv,2025-10-26 19:38:16.705680+00:00,IND,ARI,31.0,27.0,4.0,1.0,1,0.0620391847724342,1.825412,1.825412,3.332128969744,-0.2864517155816841,False,IND,ARI,,,,,,,,,,,,,,,,,,,,,,,,,,,7,7,7,7,0,0,1,1,1,2419.5321330861475,1503.4271010678726,0.0,2.0,2.0,1,0,0.0,0.0,0.0,0.0,0.0,0.0,0,0.0,0,0,1,0,0.2864517155816841,0,0,0
2025,6,2025_06_BUF_ATL,ATL,BUF,0.5797786712646484,0.99775225,w06_predictions_history_2025.csv,2025-10-26 19:38:16.705680+00:00,ATL,BUF,24.0,14.0,10.0,1.0,1,0.1765859651241044,-9.00224775,9.00224775,81.04046455238007,-0.5451088495378116,False,ATL,BUF,,,,,,,,,,,,,,,,,,,,,,,,,,,15,8,15,8,0,0,1,1,0,1115.5491576553115,693.1698956414386,0.0,0.0,0.0,0,0,0.0,0.0,0.0,0.0,0.0,0.0,0,0.0,0,0,1,0,0.5451088495378116,0,7,7
2025,6,2025_06_CHI_WAS,WAS,CHI,0.731631875038147,2.0484161,w06_predictions_history_2025.csv,2025-10-26 19:38:16.705680+00:00,WAS,CHI,24.0,25.0,-1.0,0.0,1,0.5352852005718347,3.0484161,3.0484161,9.292840718739209,-1.3153956403936564,True,WAS,CHI,,,,,,,12.0,59.0,,,,,,,,,,,,,,,,,,,8,15,8,15,0,1,0,0,0,967.3092690092653,601.0579277935562,0.0,1.0,1.0,1,0,0.0,0.0,0.0,0.0,12.0,59.0,0,0.0,0,1,0,1,1.3153956403936564,1,-7,-7
2025,6,2025_06_CIN_GB,GB,CIN,0.7644203901290894,7.105923,w06_predictions_history_2025.csv,2025-10-26 19:38:16.705680+00:00,GB,CIN,27.0,18.0,9.0,1.0,1,0.0554977525869304,-1.894077,1.8940770000000002,3.587527681929001,-0.2686373922869452,False,GB,CIN,,,,,,,14.0,64.0,,,,,,,,,,,,,,,,,,,14,7,14,7,0,0,0,0,0,668.9662175386263,415.67620755819377,0.0,-1.0,1.0,0,1,0.0,0.0,0.0,0.0,14.0,64.0,0,0.0,0,0,0,1,0.2686373922869452,0,7,7
2025,6,2025_06_DAL_CAR,CAR,DAL,0.6161885857582092,0.372606,w06_predictions_history_2025.csv,2025-10-26 19:38:16.705680+00:00,CAR,DAL,30.0,27.0,3.0,1.0,1,0.1473112017022835,-2.627394,2.627394,6.903199231235999,-0.4842022165902746,False,CAR,DAL,,,,,,,15.0,68.0,,,,,,,,,,,,,,,,,,,7,7,7,7,0,1,0,0,0,1520.813159475224,944.9891937162794,0.0,1.0,1.0,1,0,0.0,0.0,0.0,0.0,15.0,68.0,0,0.0,0,1,0,1,0.4842022165902746,0,0,0
2025,6,2025_06_DEN_NYJ,NYJ,DEN,0.6142925024032593,0.8203773,w06_predictions_history_2025.csv,2025-10-26 19:38:16.705680+00:00,NYJ,DEN,11.0,13.0,-2.0,0.0,1,0.3773552785088583,2.8203773,2.8203773,7.95452811435529,-0.9526759750231558,True,NYJ,DEN,,,,,,,6.0,59.0,,,,,,,,,,,,,,,,,,,7,7,7,7,0,1,0,0,0,2614.2122323376557,1624.3956690198816,0.0,2.0,2.0,1,0,0.0,0.0,0.0,0.0,6.0,59.0,0,0.0,0,1,0,1,0.9526759750231558,0,0,0
2025,6,2025_06_DET_KC,KC,DET,0.7252957224845886,1.4045994,w06_predictions_history_2025.csv,2025-10-26 19:38:16.705680+00:00,KC,DET,30.0,17.0,13.0,1.0,1,0.0754624400852641,-11.5954006,11.5954006,134.45331507448034,-0.3211758142110399,False,KC,DET,,,,,,,13.0,85.0,,,,,,,,,,,,,,,,,,,6,7,6,7,0,1,0,0,1,1030.410359214901,640.2671153157223,0.0,-1.0,1.0,0,1,0.0,0.0,0.0,0.0,13.0,85.0,0,0.0,1,1,1,0,0.3211758142110399,0,-1,-1
2025,6,2025_06_LAC_MIA,MIA,LAC,0.6086916923522949,0.52731913,w06_predictions_history_2025.csv,2025-10-26 19:38:16.705680+00:00,MIA,LAC,27.0,29.0,-2.0,0.0,1,0.3705055763387008,2.52731913,2.52731913,6.387341984863957,-0.9382595190999974,True,MIA,LAC,,,,,,,4.0,85.0,,,,,,,,,,,,,,,,,,,7,7,7,7,0,0,0,0,1,3753.9500976934555,2332.59572615388,0.0,3.0,3.0,1,0,0.0,0.0,0.0,0.0,4.0,85.0,0,0.0,0,0,1,0,0.9382595190999974,0,0,0
2025,6,2025_06_LA_BAL,BAL,LA,0.5769426226615906,-0.33846524,w06_predictions_history_2025.csv,2025-10-26 19:38:16.705680+00:00,BAL,LA,3.0,17.0,-14.0,0.0,1,0.3328627898436345,13.66153476,13.66153476,186.63753199868827,-0.8602474653086241,True,BAL,LA,,,,,,,15.0,64.0,,,,,,,,,,,,,,,,,,,7,10,7,10,0,0,0,0,1,0.0,0.0,0.0,0.0,0.0,0,0,0.0,0.0,0.0,0.0,15.0,64.0,0,0.0,0,0,1,0,0.8602474653086241,0,-3,-3
2025,6,2025_06_NE_NO,NO,NE,0.5470884442329407,-0.7135137,w06_predictions_history_2025.csv,2025-10-26 19:38:16.705680+00:00,NO,NE,19.0,25.0,-6.0,0.0,1,0.2993057658132194,5.2864863,5.2864863,27.94693740008769,-0.7920584136934534,True,NO,NE,,,,,,,,,,,,,,,,,,,,,,,,,,,7,7,7,7,0,1,1,1,0,2156.21992689994,1339.8125321977427,0.0,-1.0,1.0,0,1,0.0,0.0,0.0,0.0,0.0,0.0,0,0.0,0,1,1,0,0.7920584136934534,0,0,0
2025,6,2025_06_PHI_NYG,NYG,PHI,0.6102932691574097,-0.09802966,w06_predictions_history_2025.csv,2025-10-26 19:38:16.705680+00:00,NYG,PHI,34.0,17.0,17.0,1.0,1,0.1518713360640191,-17.09802966,17.09802966,292.34261825423977,-0.4938156682367131,False,NYG,PHI,,,,,,,3.0,53.0,,,,,,,,,,,,,,,,,,,4,4,4,4,0,0,0,0,0,137.4047976907053,85.37935654587125,0.0,0.0,0.0,0,0,0.0,0.0,0.0,0.0,3.0,53.0,0,0.0,1,0,0,1,0.49381566823671313,1,0,0
2025,6,2025_06_SEA_JAX,JAX,SEA,0.6410301923751831,1.4070426,w06_predictions_history_2025.csv,2025-10-26 19:38:16.705680+00:00,JAX,SEA,12.0,20.0,-8.0,0.0,1,0.4109197075365642,9.4070426,9.4070426,88.49245047821476,-1.0245169953542026,True,JAX,SEA,,,,,,,8.0,76.0,,,,,,,,,,,,,,,,,,,6,7,6,7,0,0,0,0,0,3946.956133066684,2452.5240793597786,0.0,3.0,3.0,1,0,0.0,0.0,0.0,0.0,8.0,76.0,0,0.0,1,0,0,1,1.0245169953542026,1,-1,-1
2025,6,2025_06_TEN_LV,LV,TEN,0.7167542576789856,4.305038,w06_predictions_history_2025.csv,2025-10-26 19:38:16.705680+00:00,LV,TEN,20.0,10.0,10.0,1.0,1,0.0802281505429824,-5.694962,5.694962,32.432592181444,-0.3330222339796068,False,LV,TEN,,,,,,,,,,,,,,,,,,,,,,,,,,,7,7,7,7,0,1,1,1,0,2542.4878594685615,1579.8282237258395,0.0,-2.0,2.0,0,1,0.0,0.0,0.0,0.0,0.0,0.0,0,0.0,0,1,1,0,0.33302223397960684,0,0,0
2025,7,2025_07_GB_ARI,ARI,GB,0.5607592463493347,0.6268191,w07_predictions_history_2025.csv,2025-10-26 19:38:16.707683+00:00,ARI,GB,23.0,27.0,-4.0,0.0,1,0.3144509323662738,4.6268191,4.6268191,21.407454984124808,-0.8227076024480103,True,ARI,GB,,,,,,,,,,,,,,,,,,,,,,,,,,,7,7,7,7,0,0,1,1,0,2407.2448612336416,1495.792146669609,0.0,-1.0,1.0,0,1,0.0,0.0,0.0,0.0,0.0,0.0,0,0.0,0,0,1,0,0.8227076024480103,0,0,0
2025,7,2025_07_WAS_DAL,DAL,WAS,0.6802138090133667,1.1168877,w07_predictions_history_2025.csv,2025-10-26 19:38:16.707683+00:00,DAL,WAS,44.0,22.0,22.0,1.0,1,0.1022632079457395,-20.8831123,20.8831123,436.1043793344113,-0.385348105213515,False,DAL,WAS,,,,,,,,,,,,,,,,,,,,,,,,,,,7,6,7,6,0,0,1,0,0,1943.0528737124052,1207.3567071915509,0.0,-1.0,1.0,0,1,0.0,0.0,0.0,0.0,0.0,0.0,0,0.0,1,0,1,0,0.38534810521351504,1,1,1
2025,7,2025_07_TB_DET,DET,TB,0.7408786416053772,3.4577386,w07_predictions_history_2025.csv,2025-10-26 19:38:16.707683+00:00,DET,TB,24.0,9.0,15.0,1.0,1,0.0671438783762745,-11.5422614,11.542261400000001,133.22379822592998,-0.2999184436098493,False,DET,TB,,,,,,,,,,,,,,,,,,,,,,,,,,,8,8,8,8,0,0,1,1,0,1597.9543819001638,992.9225122356867,0.0,0.0,0.0,0,0,0.0,0.0,0.0,0.0,0.0,0.0,0,0.0,0,0,1,0,0.29991844360984937,0,0,0
2025,7,2025_07_PIT_CIN,CIN,PIT,0.6049971580505371,0.5834841,w07_predictions_history_2025.csv,2025-10-26 19:38:16.707683+00:00,CIN,PIT,33.0,31.0,2.0,1.0,1,0.1560272451481523,-1.4165159,1.4165159,2.0065172949528103,-0.5025315183994573,False,CIN,PIT,,,,,,,5.0,60.0,,,,,,,,,,,,,,,,,,,4,4,4,4,0,0,0,0,0,412.86006782260256,256.5392732029984,0.0,0.0,0.0,0,0,0.0,0.0,0.0,0.0,5.0,60.0,0,0.0,1,0,0,1,0.5025315183994573,0,0,0
2025,7,2025_07_PHI_MIN,MIN,PHI,0.637719452381134,3.047816,w07_predictions_history_2025.csv,2025-10-26 19:38:16.707683+00:00,MIN,PHI,22.0,28.0,-6.0,0.0,1,0.4066860999452935,9.047816,9.047816000000001,81.86297436985602,-1.0153363738864192,True,MIN,PHI,,,,,,,,,,,,,,,,,,,,,,,,,,,14,10,14,10,0,1,1,1,0,1584.0258129378303,984.2677034109926,0.0,-1.0,1.0,0,1,0.0,0.0,0.0,0.0,0.0,0.0,0,0.0,0,1,1,0,1.0153363738864192,0,4,4
2025,7,2025_07_NYG_DEN,DEN,NYG,0.734259843826294,2.955091,w07_predictions_history_2025.csv,2025-10-26 19:38:16.707683+00:00,DEN,NYG,33.0,32.0,1.0,1.0,1,0.0706178306032256,1.955091,1.955091,3.822380818281,-0.3088923023520855,False,DEN,NYG,,,,,,,3.0,72.0,,,,,,,,,,,,,,,,,,,7,10,7,10,0,0,0,0,0,2614.2122323376557,1624.3956690198816,0.0,-2.0,2.0,0,1,0.0,0.0,0.0,0.0,3.0,72.0,0,0.0,0,0,0,1,0.30889230235208553,0,-3,-3
2025,7,2025_07_NO_CHI,CHI,NO,0.7607550024986267,5.9378834,w07_predictions_history_2025.csv,2025-10-26 19:38:16.707683+00:00,CHI,NO,26.0,14.0,12.0,1.0,1,0.0572381688294321,-6.0621166,6.0621166,36.749257671995565,-0.2734439144808644,False,CHI,NO,,,,,,,8.0,49.0,,,,,,,,,,,,,,,,,,,6,7,6,7,0,0,0,0,1,1342.7832370077824,834.3665627627628,0.0,0.0,0.0,0,0,0.0,0.0,0.0,0.0,8.0,49.0,0,0.0,1,0,1,0,0.2734439144808644,0,-1,-1
2025,7,2025_07_NE_TEN,TEN,NE,0.5794632434844971,-0.9081133,w07_predictions_history_2025.csv,2025-10-26 19:38:16.707683+00:00,TEN,NE,13.0,31.0,-18.0,0.0,1,0.3357776505495735,17.0918867,17.0918867,292.1325909656369,-0.8662233919374427,True,TEN,NE,,,,,,,18.0,60.0,,,,,,,,,,,,,,,,,,,7,7,7,7,0,1,0,0,0,1487.949277412046,924.5685304548005,0.0,-1.0,1.0,0,1,0.0,0.0,0.0,0.0,18.0,60.0,0,0.0,0,1,0,1,0.8662233919374427,1,0,0
2025,7,2025_07_MIA_CLE,CLE,MIA,0.7239399552345276,2.6171646,w07_predictions_history_2025.csv,2025-10-26 19:38:16.707683+00:00,CLE,MIA,31.0,6.0,25.0,1.0,1,0.0762091483159146,-22.3828354,22.3828354,500.9913205434932,-0.3230468247946377,False,CLE,MIA,,,,,,,17.0,65.0,,,,,,,,,,,,,,,,,,,7,7,7,7,0,0,0,0,0,1734.0620824909877,1077.4958902595074,0.0,0.0,0.0,0,0,0.0,0.0,0.0,0.0,17.0,65.0,0,0.0,0,0,0,1,0.32304682479463775,1,0,0
2025,7,2025_07_LV_KC,KC,LV,0.7321149110794067,4.3000274,w07_predictions_history_2025.csv,2025-10-26 19:38:16.707683+00:00,KC,LV,31.0,0.0,31.0,1.0,1,0.0717624208659941,-26.6999726,26.6999726,712.8885368407507,-0.3118177949923487,False,KC,LV,,,,,,,9.0,57.0,,,,,,,,,,,,,,,,,,,7,7,7,7,0,0,0,0,1,1849.495136728068,1149.2226426038565,0.0,2.0,2.0,1,0,0.0,0.0,0.0,0.0,9.0,57.0,0,0.0,0,0,1,0,0.31181779499234874,1,0,0
2025,7,2025_07_LA_JAX,JAX,LA,0.5931465029716492,0.3778381,w07_predictions_history_2025.csv,2025-10-26 19:38:16.707683+00:00,JAX,LA,7.0,35.0,-28.0,0.0,1,0.3518227739874966,28.3778381,28.3778381,805.3016952298117,-0.899302116501332,True,JAX,LA,,,,,,,9.0,59.0,,,,,,,,,,,,,,,,,,,7,7,7,7,0,1,0,0,1,0.0,0.0,0.0,0.0,0.0,0,0,0.0,0.0,0.0,0.0,9.0,59.0,0,0.0,0,1,1,0,0.899302116501332,1,0,0
2025,7,2025_07_IND_LAC,LAC,IND,0.7190567255020142,1.5448412,w07_predictions_history_2025.csv,2025-10-26 19:38:16.707683+00:00,LAC,IND,24.0,38.0,-14.0,0.0,1,0.5170425744896789,15.5448412,15.5448412,241.64208793321745,-1.2696025001408346,True,LAC,IND,,,,,,,,,,,,,,,,,,,,,,,,,,,7,7,7,7,0,0,1,1,1,2917.8899422753834,1813.0921913215973,0.0,-3.0,3.0,0,1,0.0,0.0,0.0,0.0,0.0,0.0,0,0.0,0,0,1,0,1.2696025001408346,1,0,0
2025,7,2025_07_HOU_SEA,SEA,HOU,0.7289098501205444,3.1132696,w07_predictions_history_2025.csv,2025-10-26 19:38:16.707683+00:00,SEA,HOU,27.0,19.0,8.0,1.0,1,0.0734898693616656,-4.886730399999999,4.886730399999999,23.880134002284155,-0.3162052170063866,False,SEA,HOU,,,,,,,5.0,56.0,,,,,,,,,,,,,,,,,,,8,15,8,15,0,1,0,0,1,3043.4984749233035,1891.1416908615681,0.0,-2.0,2.0,0,1,0.0,0.0,0.0,0.0,5.0,56.0,0,0.0,0,1,1,0,0.31620521700638665,0,-7,-7
2025,7,2025_07_ATL_SF,SF,ATL,0.7076870799064636,1.8812563,w07_predictions_history_2025.csv,2025-10-26 19:38:16.707683+00:00,SF,ATL,20.0,10.0,10.0,1.0,1,0.0854468432536101,-8.1187437,8.1187437,65.91399926628968,-0.3457532605225195,False,SF,ATL,,,,,,,5.0,74.0,,,,,,,,,,,,,,,,,,,7,6,7,6,0,0,0,0,1,3399.25991760229,2112.2015342604527,0.0,-3.0,3.0,0,1,0.0,0.0,0.0,0.0,5.0,74.0,0,0.0,1,0,1,0,0.3457532605225195,0,1,1
2025,7,2025_07_CAR_NYJ,NYJ,CAR,0.7242099642753601,3.4476347,w07_predictions_history_2025.csv,2025-10-26 19:38:16.707683+00:00,NYJ,CAR,6.0,13.0,-7.0,0.0,1,0.5244800723557184,10.4476347,10.4476347,109.15307082464408,-1.2881154429027115,True,NYJ,CAR,,,,,,,13.0,71.0,,,,,,,,,,,,,,,,,,,7,7,7,7,0,0,0,0,0,858.9329492960039,533.7160256370073,0.0,0.0,0.0,0,0,0.0,0.0,0.0,0.0,13.0,71.0,0,0.0,0,0,0,1,1.2881154429027117,1,0,0
2025,8,2025_08_MIN_LAC,LAC,MIN,0.7182666659355164,3.5763211,w08_predictions_history_2025.csv,2025-10-26 19:38:16.709706+00:00,LAC,MIN,37.0,10.0,27.0,1.0,1,0.0793736715230899,-23.4236789,23.4236789,548.6687332103052,-0.3309143778618051,False,LAC,MIN,,,,,,,,,,,,,,,,,,,,,,,,,,,4,4,4,4,0,0,1,1,1,2462.372304372736,1530.0467411403913,0.0,-2.0,2.0,0,1,0.0,0.0,0.0,0.0,0.0,0.0,0,0.0,1,0,1,0,0.33091437786180516,1,0,0
